ISO-10303-21;
HEADER;
/* Generated by software containing ST-Developer
 * from STEP Tools, Inc. (www.steptools.com) 
 */
/* OPTION: using custom renumber hook */

FILE_DESCRIPTION(
/* description */ ('STEP AP242 Edition 2',
'CAx-IF Rec.Pracs.---Representation and Presentation of Product Manufa
cturing Information (PMI)---4.0---2014-10-13',
'CAx-IF Rec.Pracs.---3D Tessellated Geometry---0.4---2014-09-14','2;1',
'CAx-IF Rec.Pracs.---User Defined Attributes---1.5---2016-08-15'),
/* implementation_level */ '2;1');

FILE_NAME(
/* name */ 'Case - TopCase',
/* time_stamp */ '2026-08-21T20:40:53Z',
/* author */ (''),
/* organization */ (''),
/* preprocessor_version */ 'ST-DEVELOPER v20',
/* originating_system */ 'ONSHAPE BY PTC INC, 1.219',
/* authorisation */ '  ');

FILE_SCHEMA (('AP242_MANAGED_MODEL_BASED_3D_ENGINEERING_MIM_LF { 1 0 10303 442 3 1 4 }'));
ENDSEC;

DATA;
#10=SHAPE_REPRESENTATION_RELATIONSHIP('','',#1849,#11);
#11=ADVANCED_BREP_SHAPE_REPRESENTATION('',(#1847),#3111);
#12=ELLIPSE('',#2035,0.00424264068711928,0.003);
#13=ELLIPSE('',#2036,0.00424264068711928,0.003);
#14=ELLIPSE('',#2038,0.00424264068711928,0.003);
#15=ELLIPSE('',#2040,0.00424264068711928,0.003);
#16=CONICAL_SURFACE('',#1998,0.0016,0.785398163397448);
#17=CONICAL_SURFACE('',#1999,0.0016,0.785398163397448);
#18=CONICAL_SURFACE('',#2000,0.0016,0.785398163397448);
#19=CONICAL_SURFACE('',#2001,0.0016,0.785398163397448);
#20=CONICAL_SURFACE('',#2002,0.0016,0.785398163397448);
#21=CONICAL_SURFACE('',#2003,0.0016,0.785398163397448);
#22=CONICAL_SURFACE('',#2004,0.0016,0.785398163397448);
#23=CONICAL_SURFACE('',#2005,0.0016,0.785398163397448);
#24=CYLINDRICAL_SURFACE('',#1889,0.001);
#25=CYLINDRICAL_SURFACE('',#1894,0.001);
#26=CYLINDRICAL_SURFACE('',#1897,0.001);
#27=CYLINDRICAL_SURFACE('',#1902,0.001);
#28=CYLINDRICAL_SURFACE('',#1905,0.001);
#29=CYLINDRICAL_SURFACE('',#1910,0.001);
#30=CYLINDRICAL_SURFACE('',#1913,0.001);
#31=CYLINDRICAL_SURFACE('',#1918,0.001);
#32=CYLINDRICAL_SURFACE('',#1925,0.000999999999999959);
#33=CYLINDRICAL_SURFACE('',#1930,0.00100000000000004);
#34=CYLINDRICAL_SURFACE('',#1933,0.000999999999999959);
#35=CYLINDRICAL_SURFACE('',#1938,0.001);
#36=CYLINDRICAL_SURFACE('',#1941,0.001);
#37=CYLINDRICAL_SURFACE('',#1946,0.001);
#38=CYLINDRICAL_SURFACE('',#1949,0.001);
#39=CYLINDRICAL_SURFACE('',#1954,0.00100000000000003);
#40=CYLINDRICAL_SURFACE('',#1966,0.0016);
#41=CYLINDRICAL_SURFACE('',#1970,0.0016);
#42=CYLINDRICAL_SURFACE('',#1974,0.0016);
#43=CYLINDRICAL_SURFACE('',#1978,0.0016);
#44=CYLINDRICAL_SURFACE('',#1982,0.0016);
#45=CYLINDRICAL_SURFACE('',#1986,0.0016);
#46=CYLINDRICAL_SURFACE('',#1990,0.0016);
#47=CYLINDRICAL_SURFACE('',#1994,0.0016);
#48=CYLINDRICAL_SURFACE('',#2006,0.0016);
#49=CYLINDRICAL_SURFACE('',#2009,0.0016);
#50=CYLINDRICAL_SURFACE('',#2012,0.0016);
#51=CYLINDRICAL_SURFACE('',#2015,0.0016);
#52=CYLINDRICAL_SURFACE('',#2018,0.0016);
#53=CYLINDRICAL_SURFACE('',#2021,0.0016);
#54=CYLINDRICAL_SURFACE('',#2024,0.0016);
#55=CYLINDRICAL_SURFACE('',#2027,0.0016);
#56=CYLINDRICAL_SURFACE('',#2031,0.0035);
#57=CYLINDRICAL_SURFACE('',#2033,0.0035);
#58=CYLINDRICAL_SURFACE('',#2034,0.003);
#59=CYLINDRICAL_SURFACE('',#2037,0.003);
#60=CYLINDRICAL_SURFACE('',#2039,0.003);
#61=CYLINDRICAL_SURFACE('',#2041,0.003);
#62=CIRCLE('',#1857,0.0035);
#63=CIRCLE('',#1858,0.0035);
#64=CIRCLE('',#1863,0.0016);
#65=CIRCLE('',#1864,0.0016);
#66=CIRCLE('',#1865,0.0016);
#67=CIRCLE('',#1866,0.0016);
#68=CIRCLE('',#1867,0.0016);
#69=CIRCLE('',#1868,0.0016);
#70=CIRCLE('',#1869,0.0016);
#71=CIRCLE('',#1870,0.0016);
#72=CIRCLE('',#1871,0.00100000000000003);
#73=CIRCLE('',#1872,0.001);
#74=CIRCLE('',#1873,0.001);
#75=CIRCLE('',#1874,0.001);
#76=CIRCLE('',#1875,0.001);
#77=CIRCLE('',#1876,0.000999999999999959);
#78=CIRCLE('',#1877,0.00100000000000004);
#79=CIRCLE('',#1878,0.000999999999999959);
#80=CIRCLE('',#1879,0.001);
#81=CIRCLE('',#1880,0.001);
#82=CIRCLE('',#1881,0.001);
#83=CIRCLE('',#1882,0.001);
#84=CIRCLE('',#1883,0.001);
#85=CIRCLE('',#1884,0.001);
#86=CIRCLE('',#1885,0.001);
#87=CIRCLE('',#1886,0.001);
#88=CIRCLE('',#1890,0.001);
#89=CIRCLE('',#1895,0.001);
#90=CIRCLE('',#1898,0.001);
#91=CIRCLE('',#1903,0.001);
#92=CIRCLE('',#1906,0.001);
#93=CIRCLE('',#1911,0.001);
#94=CIRCLE('',#1914,0.001);
#95=CIRCLE('',#1919,0.001);
#96=CIRCLE('',#1922,0.0035);
#97=CIRCLE('',#1923,0.0035);
#98=CIRCLE('',#1926,0.000999999999999959);
#99=CIRCLE('',#1931,0.00100000000000004);
#100=CIRCLE('',#1934,0.000999999999999959);
#101=CIRCLE('',#1939,0.001);
#102=CIRCLE('',#1942,0.001);
#103=CIRCLE('',#1947,0.001);
#104=CIRCLE('',#1950,0.001);
#105=CIRCLE('',#1955,0.00100000000000003);
#106=CIRCLE('',#1958,0.0021);
#107=CIRCLE('',#1959,0.0021);
#108=CIRCLE('',#1960,0.0021);
#109=CIRCLE('',#1961,0.0021);
#110=CIRCLE('',#1962,0.0021);
#111=CIRCLE('',#1963,0.0021);
#112=CIRCLE('',#1964,0.0021);
#113=CIRCLE('',#1965,0.0021);
#114=CIRCLE('',#1967,0.0016);
#115=CIRCLE('',#1968,0.0016);
#116=CIRCLE('',#1971,0.0016);
#117=CIRCLE('',#1972,0.0016);
#118=CIRCLE('',#1975,0.0016);
#119=CIRCLE('',#1976,0.0016);
#120=CIRCLE('',#1979,0.0016);
#121=CIRCLE('',#1980,0.0016);
#122=CIRCLE('',#1983,0.0016);
#123=CIRCLE('',#1984,0.0016);
#124=CIRCLE('',#1987,0.0016);
#125=CIRCLE('',#1988,0.0016);
#126=CIRCLE('',#1991,0.0016);
#127=CIRCLE('',#1992,0.0016);
#128=CIRCLE('',#1995,0.0016);
#129=CIRCLE('',#1996,0.0016);
#130=CIRCLE('',#2007,0.0016);
#131=CIRCLE('',#2010,0.0016);
#132=CIRCLE('',#2013,0.0016);
#133=CIRCLE('',#2016,0.0016);
#134=CIRCLE('',#2019,0.0016);
#135=CIRCLE('',#2022,0.0016);
#136=CIRCLE('',#2025,0.0016);
#137=CIRCLE('',#2028,0.0016);
#138=ORIENTED_EDGE('',*,*,#618,.F.);
#139=ORIENTED_EDGE('',*,*,#619,.F.);
#140=ORIENTED_EDGE('',*,*,#620,.T.);
#141=ORIENTED_EDGE('',*,*,#621,.T.);
#142=ORIENTED_EDGE('',*,*,#619,.T.);
#143=ORIENTED_EDGE('',*,*,#622,.T.);
#144=ORIENTED_EDGE('',*,*,#623,.F.);
#145=ORIENTED_EDGE('',*,*,#624,.F.);
#146=ORIENTED_EDGE('',*,*,#623,.T.);
#147=ORIENTED_EDGE('',*,*,#625,.T.);
#148=ORIENTED_EDGE('',*,*,#626,.F.);
#149=ORIENTED_EDGE('',*,*,#627,.F.);
#150=ORIENTED_EDGE('',*,*,#628,.F.);
#151=ORIENTED_EDGE('',*,*,#629,.T.);
#152=ORIENTED_EDGE('',*,*,#630,.T.);
#153=ORIENTED_EDGE('',*,*,#631,.T.);
#154=ORIENTED_EDGE('',*,*,#632,.F.);
#155=ORIENTED_EDGE('',*,*,#633,.T.);
#156=ORIENTED_EDGE('',*,*,#628,.T.);
#157=ORIENTED_EDGE('',*,*,#634,.T.);
#158=ORIENTED_EDGE('',*,*,#635,.T.);
#159=ORIENTED_EDGE('',*,*,#636,.T.);
#160=ORIENTED_EDGE('',*,*,#637,.T.);
#161=ORIENTED_EDGE('',*,*,#638,.F.);
#162=ORIENTED_EDGE('',*,*,#639,.F.);
#163=ORIENTED_EDGE('',*,*,#640,.T.);
#164=ORIENTED_EDGE('',*,*,#632,.T.);
#165=ORIENTED_EDGE('',*,*,#641,.F.);
#166=ORIENTED_EDGE('',*,*,#630,.F.);
#167=ORIENTED_EDGE('',*,*,#642,.T.);
#168=ORIENTED_EDGE('',*,*,#639,.T.);
#169=ORIENTED_EDGE('',*,*,#643,.F.);
#170=ORIENTED_EDGE('',*,*,#644,.F.);
#171=ORIENTED_EDGE('',*,*,#621,.F.);
#172=ORIENTED_EDGE('',*,*,#645,.T.);
#173=ORIENTED_EDGE('',*,*,#626,.T.);
#174=ORIENTED_EDGE('',*,*,#646,.T.);
#175=ORIENTED_EDGE('',*,*,#647,.T.);
#176=ORIENTED_EDGE('',*,*,#648,.T.);
#177=ORIENTED_EDGE('',*,*,#649,.T.);
#178=ORIENTED_EDGE('',*,*,#620,.F.);
#179=ORIENTED_EDGE('',*,*,#624,.T.);
#180=ORIENTED_EDGE('',*,*,#627,.T.);
#181=ORIENTED_EDGE('',*,*,#645,.F.);
#182=ORIENTED_EDGE('',*,*,#650,.F.);
#183=ORIENTED_EDGE('',*,*,#651,.F.);
#184=ORIENTED_EDGE('',*,*,#652,.F.);
#185=ORIENTED_EDGE('',*,*,#653,.F.);
#186=ORIENTED_EDGE('',*,*,#654,.F.);
#187=ORIENTED_EDGE('',*,*,#655,.F.);
#188=ORIENTED_EDGE('',*,*,#656,.F.);
#189=ORIENTED_EDGE('',*,*,#657,.F.);
#190=ORIENTED_EDGE('',*,*,#658,.F.);
#191=ORIENTED_EDGE('',*,*,#659,.F.);
#192=ORIENTED_EDGE('',*,*,#660,.F.);
#193=ORIENTED_EDGE('',*,*,#661,.T.);
#194=ORIENTED_EDGE('',*,*,#662,.T.);
#195=ORIENTED_EDGE('',*,*,#663,.F.);
#196=ORIENTED_EDGE('',*,*,#664,.F.);
#197=ORIENTED_EDGE('',*,*,#665,.T.);
#198=ORIENTED_EDGE('',*,*,#666,.F.);
#199=ORIENTED_EDGE('',*,*,#667,.T.);
#200=ORIENTED_EDGE('',*,*,#668,.T.);
#201=ORIENTED_EDGE('',*,*,#669,.F.);
#202=ORIENTED_EDGE('',*,*,#670,.F.);
#203=ORIENTED_EDGE('',*,*,#671,.T.);
#204=ORIENTED_EDGE('',*,*,#672,.F.);
#205=ORIENTED_EDGE('',*,*,#673,.T.);
#206=ORIENTED_EDGE('',*,*,#674,.T.);
#207=ORIENTED_EDGE('',*,*,#675,.F.);
#208=ORIENTED_EDGE('',*,*,#676,.F.);
#209=ORIENTED_EDGE('',*,*,#677,.T.);
#210=ORIENTED_EDGE('',*,*,#678,.F.);
#211=ORIENTED_EDGE('',*,*,#679,.T.);
#212=ORIENTED_EDGE('',*,*,#680,.T.);
#213=ORIENTED_EDGE('',*,*,#681,.F.);
#214=ORIENTED_EDGE('',*,*,#682,.F.);
#215=ORIENTED_EDGE('',*,*,#683,.T.);
#216=ORIENTED_EDGE('',*,*,#684,.F.);
#217=ORIENTED_EDGE('',*,*,#685,.F.);
#218=ORIENTED_EDGE('',*,*,#686,.F.);
#219=ORIENTED_EDGE('',*,*,#687,.T.);
#220=ORIENTED_EDGE('',*,*,#688,.T.);
#221=ORIENTED_EDGE('',*,*,#689,.T.);
#222=ORIENTED_EDGE('',*,*,#690,.F.);
#223=ORIENTED_EDGE('',*,*,#691,.T.);
#224=ORIENTED_EDGE('',*,*,#692,.F.);
#225=ORIENTED_EDGE('',*,*,#693,.T.);
#226=ORIENTED_EDGE('',*,*,#694,.F.);
#227=ORIENTED_EDGE('',*,*,#695,.T.);
#228=ORIENTED_EDGE('',*,*,#696,.T.);
#229=ORIENTED_EDGE('',*,*,#697,.T.);
#230=ORIENTED_EDGE('',*,*,#698,.F.);
#231=ORIENTED_EDGE('',*,*,#699,.T.);
#232=ORIENTED_EDGE('',*,*,#700,.F.);
#233=ORIENTED_EDGE('',*,*,#701,.T.);
#234=ORIENTED_EDGE('',*,*,#702,.T.);
#235=ORIENTED_EDGE('',*,*,#703,.T.);
#236=ORIENTED_EDGE('',*,*,#704,.F.);
#237=ORIENTED_EDGE('',*,*,#705,.T.);
#238=ORIENTED_EDGE('',*,*,#706,.F.);
#239=ORIENTED_EDGE('',*,*,#707,.T.);
#240=ORIENTED_EDGE('',*,*,#708,.T.);
#241=ORIENTED_EDGE('',*,*,#709,.T.);
#242=ORIENTED_EDGE('',*,*,#631,.F.);
#243=ORIENTED_EDGE('',*,*,#643,.T.);
#244=ORIENTED_EDGE('',*,*,#641,.T.);
#245=ORIENTED_EDGE('',*,*,#634,.F.);
#246=ORIENTED_EDGE('',*,*,#710,.T.);
#247=ORIENTED_EDGE('',*,*,#659,.T.);
#248=ORIENTED_EDGE('',*,*,#711,.F.);
#249=ORIENTED_EDGE('',*,*,#712,.F.);
#250=ORIENTED_EDGE('',*,*,#711,.T.);
#251=ORIENTED_EDGE('',*,*,#658,.T.);
#252=ORIENTED_EDGE('',*,*,#713,.F.);
#253=ORIENTED_EDGE('',*,*,#714,.F.);
#254=ORIENTED_EDGE('',*,*,#715,.T.);
#255=ORIENTED_EDGE('',*,*,#713,.T.);
#256=ORIENTED_EDGE('',*,*,#709,.F.);
#257=ORIENTED_EDGE('',*,*,#716,.F.);
#258=ORIENTED_EDGE('',*,*,#717,.T.);
#259=ORIENTED_EDGE('',*,*,#716,.T.);
#260=ORIENTED_EDGE('',*,*,#708,.F.);
#261=ORIENTED_EDGE('',*,*,#718,.F.);
#262=ORIENTED_EDGE('',*,*,#719,.T.);
#263=ORIENTED_EDGE('',*,*,#718,.T.);
#264=ORIENTED_EDGE('',*,*,#707,.F.);
#265=ORIENTED_EDGE('',*,*,#720,.F.);
#266=ORIENTED_EDGE('',*,*,#720,.T.);
#267=ORIENTED_EDGE('',*,*,#706,.T.);
#268=ORIENTED_EDGE('',*,*,#721,.F.);
#269=ORIENTED_EDGE('',*,*,#722,.F.);
#270=ORIENTED_EDGE('',*,*,#723,.T.);
#271=ORIENTED_EDGE('',*,*,#721,.T.);
#272=ORIENTED_EDGE('',*,*,#705,.F.);
#273=ORIENTED_EDGE('',*,*,#724,.F.);
#274=ORIENTED_EDGE('',*,*,#724,.T.);
#275=ORIENTED_EDGE('',*,*,#704,.T.);
#276=ORIENTED_EDGE('',*,*,#725,.F.);
#277=ORIENTED_EDGE('',*,*,#726,.F.);
#278=ORIENTED_EDGE('',*,*,#727,.T.);
#279=ORIENTED_EDGE('',*,*,#725,.T.);
#280=ORIENTED_EDGE('',*,*,#703,.F.);
#281=ORIENTED_EDGE('',*,*,#728,.F.);
#282=ORIENTED_EDGE('',*,*,#729,.T.);
#283=ORIENTED_EDGE('',*,*,#728,.T.);
#284=ORIENTED_EDGE('',*,*,#702,.F.);
#285=ORIENTED_EDGE('',*,*,#730,.F.);
#286=ORIENTED_EDGE('',*,*,#731,.T.);
#287=ORIENTED_EDGE('',*,*,#730,.T.);
#288=ORIENTED_EDGE('',*,*,#701,.F.);
#289=ORIENTED_EDGE('',*,*,#732,.F.);
#290=ORIENTED_EDGE('',*,*,#732,.T.);
#291=ORIENTED_EDGE('',*,*,#700,.T.);
#292=ORIENTED_EDGE('',*,*,#733,.F.);
#293=ORIENTED_EDGE('',*,*,#734,.F.);
#294=ORIENTED_EDGE('',*,*,#735,.T.);
#295=ORIENTED_EDGE('',*,*,#733,.T.);
#296=ORIENTED_EDGE('',*,*,#699,.F.);
#297=ORIENTED_EDGE('',*,*,#736,.F.);
#298=ORIENTED_EDGE('',*,*,#736,.T.);
#299=ORIENTED_EDGE('',*,*,#698,.T.);
#300=ORIENTED_EDGE('',*,*,#737,.F.);
#301=ORIENTED_EDGE('',*,*,#738,.F.);
#302=ORIENTED_EDGE('',*,*,#739,.T.);
#303=ORIENTED_EDGE('',*,*,#737,.T.);
#304=ORIENTED_EDGE('',*,*,#697,.F.);
#305=ORIENTED_EDGE('',*,*,#740,.F.);
#306=ORIENTED_EDGE('',*,*,#741,.T.);
#307=ORIENTED_EDGE('',*,*,#740,.T.);
#308=ORIENTED_EDGE('',*,*,#696,.F.);
#309=ORIENTED_EDGE('',*,*,#742,.F.);
#310=ORIENTED_EDGE('',*,*,#743,.T.);
#311=ORIENTED_EDGE('',*,*,#742,.T.);
#312=ORIENTED_EDGE('',*,*,#695,.F.);
#313=ORIENTED_EDGE('',*,*,#744,.F.);
#314=ORIENTED_EDGE('',*,*,#744,.T.);
#315=ORIENTED_EDGE('',*,*,#694,.T.);
#316=ORIENTED_EDGE('',*,*,#745,.F.);
#317=ORIENTED_EDGE('',*,*,#746,.F.);
#318=ORIENTED_EDGE('',*,*,#747,.T.);
#319=ORIENTED_EDGE('',*,*,#745,.T.);
#320=ORIENTED_EDGE('',*,*,#693,.F.);
#321=ORIENTED_EDGE('',*,*,#748,.F.);
#322=ORIENTED_EDGE('',*,*,#748,.T.);
#323=ORIENTED_EDGE('',*,*,#692,.T.);
#324=ORIENTED_EDGE('',*,*,#749,.F.);
#325=ORIENTED_EDGE('',*,*,#750,.F.);
#326=ORIENTED_EDGE('',*,*,#751,.T.);
#327=ORIENTED_EDGE('',*,*,#749,.T.);
#328=ORIENTED_EDGE('',*,*,#691,.F.);
#329=ORIENTED_EDGE('',*,*,#752,.F.);
#330=ORIENTED_EDGE('',*,*,#752,.T.);
#331=ORIENTED_EDGE('',*,*,#690,.T.);
#332=ORIENTED_EDGE('',*,*,#753,.F.);
#333=ORIENTED_EDGE('',*,*,#754,.F.);
#334=ORIENTED_EDGE('',*,*,#755,.T.);
#335=ORIENTED_EDGE('',*,*,#753,.T.);
#336=ORIENTED_EDGE('',*,*,#689,.F.);
#337=ORIENTED_EDGE('',*,*,#756,.F.);
#338=ORIENTED_EDGE('',*,*,#757,.T.);
#339=ORIENTED_EDGE('',*,*,#756,.T.);
#340=ORIENTED_EDGE('',*,*,#688,.F.);
#341=ORIENTED_EDGE('',*,*,#758,.F.);
#342=ORIENTED_EDGE('',*,*,#759,.T.);
#343=ORIENTED_EDGE('',*,*,#758,.T.);
#344=ORIENTED_EDGE('',*,*,#687,.F.);
#345=ORIENTED_EDGE('',*,*,#760,.F.);
#346=ORIENTED_EDGE('',*,*,#760,.T.);
#347=ORIENTED_EDGE('',*,*,#686,.T.);
#348=ORIENTED_EDGE('',*,*,#761,.F.);
#349=ORIENTED_EDGE('',*,*,#762,.F.);
#350=ORIENTED_EDGE('',*,*,#763,.F.);
#351=ORIENTED_EDGE('',*,*,#764,.F.);
#352=ORIENTED_EDGE('',*,*,#765,.T.);
#353=ORIENTED_EDGE('',*,*,#766,.F.);
#354=ORIENTED_EDGE('',*,*,#761,.T.);
#355=ORIENTED_EDGE('',*,*,#685,.T.);
#356=ORIENTED_EDGE('',*,*,#767,.F.);
#357=ORIENTED_EDGE('',*,*,#768,.F.);
#358=ORIENTED_EDGE('',*,*,#767,.T.);
#359=ORIENTED_EDGE('',*,*,#684,.T.);
#360=ORIENTED_EDGE('',*,*,#769,.F.);
#361=ORIENTED_EDGE('',*,*,#770,.F.);
#362=ORIENTED_EDGE('',*,*,#771,.T.);
#363=ORIENTED_EDGE('',*,*,#769,.T.);
#364=ORIENTED_EDGE('',*,*,#683,.F.);
#365=ORIENTED_EDGE('',*,*,#772,.F.);
#366=ORIENTED_EDGE('',*,*,#772,.T.);
#367=ORIENTED_EDGE('',*,*,#682,.T.);
#368=ORIENTED_EDGE('',*,*,#773,.F.);
#369=ORIENTED_EDGE('',*,*,#774,.F.);
#370=ORIENTED_EDGE('',*,*,#773,.T.);
#371=ORIENTED_EDGE('',*,*,#681,.T.);
#372=ORIENTED_EDGE('',*,*,#775,.F.);
#373=ORIENTED_EDGE('',*,*,#776,.F.);
#374=ORIENTED_EDGE('',*,*,#777,.T.);
#375=ORIENTED_EDGE('',*,*,#775,.T.);
#376=ORIENTED_EDGE('',*,*,#680,.F.);
#377=ORIENTED_EDGE('',*,*,#778,.F.);
#378=ORIENTED_EDGE('',*,*,#779,.T.);
#379=ORIENTED_EDGE('',*,*,#778,.T.);
#380=ORIENTED_EDGE('',*,*,#679,.F.);
#381=ORIENTED_EDGE('',*,*,#780,.F.);
#382=ORIENTED_EDGE('',*,*,#780,.T.);
#383=ORIENTED_EDGE('',*,*,#678,.T.);
#384=ORIENTED_EDGE('',*,*,#781,.F.);
#385=ORIENTED_EDGE('',*,*,#782,.F.);
#386=ORIENTED_EDGE('',*,*,#783,.T.);
#387=ORIENTED_EDGE('',*,*,#781,.T.);
#388=ORIENTED_EDGE('',*,*,#677,.F.);
#389=ORIENTED_EDGE('',*,*,#784,.F.);
#390=ORIENTED_EDGE('',*,*,#784,.T.);
#391=ORIENTED_EDGE('',*,*,#676,.T.);
#392=ORIENTED_EDGE('',*,*,#785,.F.);
#393=ORIENTED_EDGE('',*,*,#786,.F.);
#394=ORIENTED_EDGE('',*,*,#785,.T.);
#395=ORIENTED_EDGE('',*,*,#675,.T.);
#396=ORIENTED_EDGE('',*,*,#787,.F.);
#397=ORIENTED_EDGE('',*,*,#788,.F.);
#398=ORIENTED_EDGE('',*,*,#789,.T.);
#399=ORIENTED_EDGE('',*,*,#787,.T.);
#400=ORIENTED_EDGE('',*,*,#674,.F.);
#401=ORIENTED_EDGE('',*,*,#790,.F.);
#402=ORIENTED_EDGE('',*,*,#791,.T.);
#403=ORIENTED_EDGE('',*,*,#790,.T.);
#404=ORIENTED_EDGE('',*,*,#673,.F.);
#405=ORIENTED_EDGE('',*,*,#792,.F.);
#406=ORIENTED_EDGE('',*,*,#792,.T.);
#407=ORIENTED_EDGE('',*,*,#672,.T.);
#408=ORIENTED_EDGE('',*,*,#793,.F.);
#409=ORIENTED_EDGE('',*,*,#794,.F.);
#410=ORIENTED_EDGE('',*,*,#795,.T.);
#411=ORIENTED_EDGE('',*,*,#793,.T.);
#412=ORIENTED_EDGE('',*,*,#671,.F.);
#413=ORIENTED_EDGE('',*,*,#796,.F.);
#414=ORIENTED_EDGE('',*,*,#796,.T.);
#415=ORIENTED_EDGE('',*,*,#670,.T.);
#416=ORIENTED_EDGE('',*,*,#797,.F.);
#417=ORIENTED_EDGE('',*,*,#798,.F.);
#418=ORIENTED_EDGE('',*,*,#797,.T.);
#419=ORIENTED_EDGE('',*,*,#669,.T.);
#420=ORIENTED_EDGE('',*,*,#799,.F.);
#421=ORIENTED_EDGE('',*,*,#800,.F.);
#422=ORIENTED_EDGE('',*,*,#801,.T.);
#423=ORIENTED_EDGE('',*,*,#799,.T.);
#424=ORIENTED_EDGE('',*,*,#668,.F.);
#425=ORIENTED_EDGE('',*,*,#802,.F.);
#426=ORIENTED_EDGE('',*,*,#803,.T.);
#427=ORIENTED_EDGE('',*,*,#802,.T.);
#428=ORIENTED_EDGE('',*,*,#667,.F.);
#429=ORIENTED_EDGE('',*,*,#804,.F.);
#430=ORIENTED_EDGE('',*,*,#804,.T.);
#431=ORIENTED_EDGE('',*,*,#666,.T.);
#432=ORIENTED_EDGE('',*,*,#805,.F.);
#433=ORIENTED_EDGE('',*,*,#806,.F.);
#434=ORIENTED_EDGE('',*,*,#807,.T.);
#435=ORIENTED_EDGE('',*,*,#805,.T.);
#436=ORIENTED_EDGE('',*,*,#665,.F.);
#437=ORIENTED_EDGE('',*,*,#808,.F.);
#438=ORIENTED_EDGE('',*,*,#808,.T.);
#439=ORIENTED_EDGE('',*,*,#664,.T.);
#440=ORIENTED_EDGE('',*,*,#809,.F.);
#441=ORIENTED_EDGE('',*,*,#810,.F.);
#442=ORIENTED_EDGE('',*,*,#809,.T.);
#443=ORIENTED_EDGE('',*,*,#663,.T.);
#444=ORIENTED_EDGE('',*,*,#811,.F.);
#445=ORIENTED_EDGE('',*,*,#812,.F.);
#446=ORIENTED_EDGE('',*,*,#813,.T.);
#447=ORIENTED_EDGE('',*,*,#811,.T.);
#448=ORIENTED_EDGE('',*,*,#662,.F.);
#449=ORIENTED_EDGE('',*,*,#814,.F.);
#450=ORIENTED_EDGE('',*,*,#815,.T.);
#451=ORIENTED_EDGE('',*,*,#814,.T.);
#452=ORIENTED_EDGE('',*,*,#661,.F.);
#453=ORIENTED_EDGE('',*,*,#816,.F.);
#454=ORIENTED_EDGE('',*,*,#816,.T.);
#455=ORIENTED_EDGE('',*,*,#660,.T.);
#456=ORIENTED_EDGE('',*,*,#710,.F.);
#457=ORIENTED_EDGE('',*,*,#817,.F.);
#458=ORIENTED_EDGE('',*,*,#818,.T.);
#459=ORIENTED_EDGE('',*,*,#819,.T.);
#460=ORIENTED_EDGE('',*,*,#820,.T.);
#461=ORIENTED_EDGE('',*,*,#821,.T.);
#462=ORIENTED_EDGE('',*,*,#822,.T.);
#463=ORIENTED_EDGE('',*,*,#823,.T.);
#464=ORIENTED_EDGE('',*,*,#824,.T.);
#465=ORIENTED_EDGE('',*,*,#825,.T.);
#466=ORIENTED_EDGE('',*,*,#618,.T.);
#467=ORIENTED_EDGE('',*,*,#644,.T.);
#468=ORIENTED_EDGE('',*,*,#625,.F.);
#469=ORIENTED_EDGE('',*,*,#622,.F.);
#470=ORIENTED_EDGE('',*,*,#712,.T.);
#471=ORIENTED_EDGE('',*,*,#714,.T.);
#472=ORIENTED_EDGE('',*,*,#715,.F.);
#473=ORIENTED_EDGE('',*,*,#717,.F.);
#474=ORIENTED_EDGE('',*,*,#719,.F.);
#475=ORIENTED_EDGE('',*,*,#722,.T.);
#476=ORIENTED_EDGE('',*,*,#723,.F.);
#477=ORIENTED_EDGE('',*,*,#726,.T.);
#478=ORIENTED_EDGE('',*,*,#727,.F.);
#479=ORIENTED_EDGE('',*,*,#729,.F.);
#480=ORIENTED_EDGE('',*,*,#731,.F.);
#481=ORIENTED_EDGE('',*,*,#734,.T.);
#482=ORIENTED_EDGE('',*,*,#735,.F.);
#483=ORIENTED_EDGE('',*,*,#738,.T.);
#484=ORIENTED_EDGE('',*,*,#739,.F.);
#485=ORIENTED_EDGE('',*,*,#741,.F.);
#486=ORIENTED_EDGE('',*,*,#743,.F.);
#487=ORIENTED_EDGE('',*,*,#746,.T.);
#488=ORIENTED_EDGE('',*,*,#747,.F.);
#489=ORIENTED_EDGE('',*,*,#750,.T.);
#490=ORIENTED_EDGE('',*,*,#751,.F.);
#491=ORIENTED_EDGE('',*,*,#754,.T.);
#492=ORIENTED_EDGE('',*,*,#755,.F.);
#493=ORIENTED_EDGE('',*,*,#757,.F.);
#494=ORIENTED_EDGE('',*,*,#759,.F.);
#495=ORIENTED_EDGE('',*,*,#762,.T.);
#496=ORIENTED_EDGE('',*,*,#768,.T.);
#497=ORIENTED_EDGE('',*,*,#770,.T.);
#498=ORIENTED_EDGE('',*,*,#771,.F.);
#499=ORIENTED_EDGE('',*,*,#774,.T.);
#500=ORIENTED_EDGE('',*,*,#776,.T.);
#501=ORIENTED_EDGE('',*,*,#777,.F.);
#502=ORIENTED_EDGE('',*,*,#779,.F.);
#503=ORIENTED_EDGE('',*,*,#782,.T.);
#504=ORIENTED_EDGE('',*,*,#783,.F.);
#505=ORIENTED_EDGE('',*,*,#786,.T.);
#506=ORIENTED_EDGE('',*,*,#788,.T.);
#507=ORIENTED_EDGE('',*,*,#789,.F.);
#508=ORIENTED_EDGE('',*,*,#791,.F.);
#509=ORIENTED_EDGE('',*,*,#794,.T.);
#510=ORIENTED_EDGE('',*,*,#795,.F.);
#511=ORIENTED_EDGE('',*,*,#798,.T.);
#512=ORIENTED_EDGE('',*,*,#800,.T.);
#513=ORIENTED_EDGE('',*,*,#801,.F.);
#514=ORIENTED_EDGE('',*,*,#803,.F.);
#515=ORIENTED_EDGE('',*,*,#806,.T.);
#516=ORIENTED_EDGE('',*,*,#807,.F.);
#517=ORIENTED_EDGE('',*,*,#810,.T.);
#518=ORIENTED_EDGE('',*,*,#812,.T.);
#519=ORIENTED_EDGE('',*,*,#813,.F.);
#520=ORIENTED_EDGE('',*,*,#815,.F.);
#521=ORIENTED_EDGE('',*,*,#817,.T.);
#522=ORIENTED_EDGE('',*,*,#826,.T.);
#523=ORIENTED_EDGE('',*,*,#827,.F.);
#524=ORIENTED_EDGE('',*,*,#827,.T.);
#525=ORIENTED_EDGE('',*,*,#828,.T.);
#526=ORIENTED_EDGE('',*,*,#829,.F.);
#527=ORIENTED_EDGE('',*,*,#829,.T.);
#528=ORIENTED_EDGE('',*,*,#830,.T.);
#529=ORIENTED_EDGE('',*,*,#831,.F.);
#530=ORIENTED_EDGE('',*,*,#831,.T.);
#531=ORIENTED_EDGE('',*,*,#832,.T.);
#532=ORIENTED_EDGE('',*,*,#833,.F.);
#533=ORIENTED_EDGE('',*,*,#833,.T.);
#534=ORIENTED_EDGE('',*,*,#834,.T.);
#535=ORIENTED_EDGE('',*,*,#835,.F.);
#536=ORIENTED_EDGE('',*,*,#835,.T.);
#537=ORIENTED_EDGE('',*,*,#836,.T.);
#538=ORIENTED_EDGE('',*,*,#837,.F.);
#539=ORIENTED_EDGE('',*,*,#837,.T.);
#540=ORIENTED_EDGE('',*,*,#838,.T.);
#541=ORIENTED_EDGE('',*,*,#839,.F.);
#542=ORIENTED_EDGE('',*,*,#839,.T.);
#543=ORIENTED_EDGE('',*,*,#840,.T.);
#544=ORIENTED_EDGE('',*,*,#841,.F.);
#545=ORIENTED_EDGE('',*,*,#841,.T.);
#546=ORIENTED_EDGE('',*,*,#818,.F.);
#547=ORIENTED_EDGE('',*,*,#828,.F.);
#548=ORIENTED_EDGE('',*,*,#819,.F.);
#549=ORIENTED_EDGE('',*,*,#830,.F.);
#550=ORIENTED_EDGE('',*,*,#820,.F.);
#551=ORIENTED_EDGE('',*,*,#832,.F.);
#552=ORIENTED_EDGE('',*,*,#821,.F.);
#553=ORIENTED_EDGE('',*,*,#834,.F.);
#554=ORIENTED_EDGE('',*,*,#822,.F.);
#555=ORIENTED_EDGE('',*,*,#836,.F.);
#556=ORIENTED_EDGE('',*,*,#823,.F.);
#557=ORIENTED_EDGE('',*,*,#838,.F.);
#558=ORIENTED_EDGE('',*,*,#824,.F.);
#559=ORIENTED_EDGE('',*,*,#840,.F.);
#560=ORIENTED_EDGE('',*,*,#825,.F.);
#561=ORIENTED_EDGE('',*,*,#826,.F.);
#562=ORIENTED_EDGE('',*,*,#842,.F.);
#563=ORIENTED_EDGE('',*,*,#657,.T.);
#564=ORIENTED_EDGE('',*,*,#842,.T.);
#565=ORIENTED_EDGE('',*,*,#843,.F.);
#566=ORIENTED_EDGE('',*,*,#656,.T.);
#567=ORIENTED_EDGE('',*,*,#843,.T.);
#568=ORIENTED_EDGE('',*,*,#844,.F.);
#569=ORIENTED_EDGE('',*,*,#655,.T.);
#570=ORIENTED_EDGE('',*,*,#844,.T.);
#571=ORIENTED_EDGE('',*,*,#845,.F.);
#572=ORIENTED_EDGE('',*,*,#654,.T.);
#573=ORIENTED_EDGE('',*,*,#845,.T.);
#574=ORIENTED_EDGE('',*,*,#846,.F.);
#575=ORIENTED_EDGE('',*,*,#653,.T.);
#576=ORIENTED_EDGE('',*,*,#846,.T.);
#577=ORIENTED_EDGE('',*,*,#847,.F.);
#578=ORIENTED_EDGE('',*,*,#652,.T.);
#579=ORIENTED_EDGE('',*,*,#847,.T.);
#580=ORIENTED_EDGE('',*,*,#848,.F.);
#581=ORIENTED_EDGE('',*,*,#651,.T.);
#582=ORIENTED_EDGE('',*,*,#848,.T.);
#583=ORIENTED_EDGE('',*,*,#849,.F.);
#584=ORIENTED_EDGE('',*,*,#650,.T.);
#585=ORIENTED_EDGE('',*,*,#849,.T.);
#586=ORIENTED_EDGE('',*,*,#763,.T.);
#587=ORIENTED_EDGE('',*,*,#850,.T.);
#588=ORIENTED_EDGE('',*,*,#636,.F.);
#589=ORIENTED_EDGE('',*,*,#851,.F.);
#590=ORIENTED_EDGE('',*,*,#764,.T.);
#591=ORIENTED_EDGE('',*,*,#851,.T.);
#592=ORIENTED_EDGE('',*,*,#635,.F.);
#593=ORIENTED_EDGE('',*,*,#852,.F.);
#594=ORIENTED_EDGE('',*,*,#852,.T.);
#595=ORIENTED_EDGE('',*,*,#638,.T.);
#596=ORIENTED_EDGE('',*,*,#853,.F.);
#597=ORIENTED_EDGE('',*,*,#765,.F.);
#598=ORIENTED_EDGE('',*,*,#766,.T.);
#599=ORIENTED_EDGE('',*,*,#853,.T.);
#600=ORIENTED_EDGE('',*,*,#637,.F.);
#601=ORIENTED_EDGE('',*,*,#850,.F.);
#602=ORIENTED_EDGE('',*,*,#854,.F.);
#603=ORIENTED_EDGE('',*,*,#640,.F.);
#604=ORIENTED_EDGE('',*,*,#855,.F.);
#605=ORIENTED_EDGE('',*,*,#649,.F.);
#606=ORIENTED_EDGE('',*,*,#855,.T.);
#607=ORIENTED_EDGE('',*,*,#642,.F.);
#608=ORIENTED_EDGE('',*,*,#856,.F.);
#609=ORIENTED_EDGE('',*,*,#646,.F.);
#610=ORIENTED_EDGE('',*,*,#854,.T.);
#611=ORIENTED_EDGE('',*,*,#648,.F.);
#612=ORIENTED_EDGE('',*,*,#857,.F.);
#613=ORIENTED_EDGE('',*,*,#633,.F.);
#614=ORIENTED_EDGE('',*,*,#856,.T.);
#615=ORIENTED_EDGE('',*,*,#629,.F.);
#616=ORIENTED_EDGE('',*,*,#857,.T.);
#617=ORIENTED_EDGE('',*,*,#647,.F.);
#618=EDGE_CURVE('',#858,#859,#1030,.T.);
#619=EDGE_CURVE('',#860,#858,#1031,.T.);
#620=EDGE_CURVE('',#860,#861,#1032,.T.);
#621=EDGE_CURVE('',#861,#859,#1033,.T.);
#622=EDGE_CURVE('',#858,#862,#1034,.T.);
#623=EDGE_CURVE('',#863,#862,#1035,.T.);
#624=EDGE_CURVE('',#860,#863,#1036,.T.);
#625=EDGE_CURVE('',#862,#864,#1037,.T.);
#626=EDGE_CURVE('',#865,#864,#1038,.T.);
#627=EDGE_CURVE('',#863,#865,#1039,.T.);
#628=EDGE_CURVE('',#866,#867,#1040,.T.);
#629=EDGE_CURVE('',#866,#868,#1041,.F.);
#630=EDGE_CURVE('',#868,#869,#1042,.T.);
#631=EDGE_CURVE('',#869,#867,#1043,.T.);
#632=EDGE_CURVE('',#870,#871,#1044,.T.);
#633=EDGE_CURVE('',#870,#866,#1045,.F.);
#634=EDGE_CURVE('',#867,#871,#1046,.T.);
#635=EDGE_CURVE('',#872,#873,#62,.T.);
#636=EDGE_CURVE('',#873,#874,#1047,.T.);
#637=EDGE_CURVE('',#874,#875,#63,.T.);
#638=EDGE_CURVE('',#872,#875,#1048,.T.);
#639=EDGE_CURVE('',#876,#877,#1049,.T.);
#640=EDGE_CURVE('',#876,#870,#1050,.T.);
#641=EDGE_CURVE('',#877,#871,#1051,.T.);
#642=EDGE_CURVE('',#868,#876,#1052,.T.);
#643=EDGE_CURVE('',#869,#877,#1053,.T.);
#644=EDGE_CURVE('',#859,#864,#1054,.T.);
#645=EDGE_CURVE('',#861,#865,#1055,.T.);
#646=EDGE_CURVE('',#878,#879,#1056,.F.);
#647=EDGE_CURVE('',#879,#880,#1057,.T.);
#648=EDGE_CURVE('',#880,#881,#1058,.T.);
#649=EDGE_CURVE('',#881,#878,#1059,.F.);
#650=EDGE_CURVE('',#882,#882,#64,.T.);
#651=EDGE_CURVE('',#883,#883,#65,.T.);
#652=EDGE_CURVE('',#884,#884,#66,.T.);
#653=EDGE_CURVE('',#885,#885,#67,.T.);
#654=EDGE_CURVE('',#886,#886,#68,.T.);
#655=EDGE_CURVE('',#887,#887,#69,.T.);
#656=EDGE_CURVE('',#888,#888,#70,.T.);
#657=EDGE_CURVE('',#889,#889,#71,.T.);
#658=EDGE_CURVE('',#890,#891,#1060,.T.);
#659=EDGE_CURVE('',#892,#890,#1061,.T.);
#660=EDGE_CURVE('',#893,#892,#1062,.T.);
#661=EDGE_CURVE('',#893,#894,#72,.T.);
#662=EDGE_CURVE('',#894,#895,#1063,.T.);
#663=EDGE_CURVE('',#896,#895,#1064,.T.);
#664=EDGE_CURVE('',#897,#896,#1065,.T.);
#665=EDGE_CURVE('',#897,#898,#73,.T.);
#666=EDGE_CURVE('',#899,#898,#1066,.T.);
#667=EDGE_CURVE('',#899,#900,#74,.T.);
#668=EDGE_CURVE('',#900,#901,#1067,.T.);
#669=EDGE_CURVE('',#902,#901,#1068,.T.);
#670=EDGE_CURVE('',#903,#902,#1069,.T.);
#671=EDGE_CURVE('',#903,#904,#75,.T.);
#672=EDGE_CURVE('',#905,#904,#1070,.T.);
#673=EDGE_CURVE('',#905,#906,#76,.T.);
#674=EDGE_CURVE('',#906,#907,#1071,.T.);
#675=EDGE_CURVE('',#908,#907,#1072,.T.);
#676=EDGE_CURVE('',#909,#908,#1073,.T.);
#677=EDGE_CURVE('',#909,#910,#77,.T.);
#678=EDGE_CURVE('',#911,#910,#1074,.T.);
#679=EDGE_CURVE('',#911,#912,#78,.T.);
#680=EDGE_CURVE('',#912,#913,#1075,.T.);
#681=EDGE_CURVE('',#914,#913,#1076,.T.);
#682=EDGE_CURVE('',#915,#914,#1077,.T.);
#683=EDGE_CURVE('',#915,#916,#79,.T.);
#684=EDGE_CURVE('',#917,#916,#1078,.T.);
#685=EDGE_CURVE('',#918,#917,#1079,.T.);
#686=EDGE_CURVE('',#919,#918,#1080,.T.);
#687=EDGE_CURVE('',#919,#920,#80,.T.);
#688=EDGE_CURVE('',#920,#921,#1081,.T.);
#689=EDGE_CURVE('',#921,#922,#1082,.T.);
#690=EDGE_CURVE('',#923,#922,#1083,.T.);
#691=EDGE_CURVE('',#923,#924,#81,.T.);
#692=EDGE_CURVE('',#925,#924,#1084,.T.);
#693=EDGE_CURVE('',#925,#926,#82,.T.);
#694=EDGE_CURVE('',#927,#926,#1085,.T.);
#695=EDGE_CURVE('',#927,#928,#1086,.T.);
#696=EDGE_CURVE('',#928,#929,#1087,.T.);
#697=EDGE_CURVE('',#929,#930,#83,.T.);
#698=EDGE_CURVE('',#931,#930,#1088,.T.);
#699=EDGE_CURVE('',#931,#932,#84,.T.);
#700=EDGE_CURVE('',#933,#932,#1089,.T.);
#701=EDGE_CURVE('',#933,#934,#1090,.T.);
#702=EDGE_CURVE('',#934,#935,#1091,.T.);
#703=EDGE_CURVE('',#935,#936,#85,.T.);
#704=EDGE_CURVE('',#937,#936,#1092,.T.);
#705=EDGE_CURVE('',#937,#938,#86,.T.);
#706=EDGE_CURVE('',#939,#938,#1093,.T.);
#707=EDGE_CURVE('',#939,#940,#1094,.T.);
#708=EDGE_CURVE('',#940,#941,#1095,.T.);
#709=EDGE_CURVE('',#941,#891,#87,.T.);
#710=EDGE_CURVE('',#942,#892,#1096,.T.);
#711=EDGE_CURVE('',#943,#890,#1097,.T.);
#712=EDGE_CURVE('',#942,#943,#1098,.T.);
#713=EDGE_CURVE('',#944,#891,#1099,.T.);
#714=EDGE_CURVE('',#943,#944,#1100,.T.);
#715=EDGE_CURVE('',#945,#944,#88,.F.);
#716=EDGE_CURVE('',#945,#941,#1101,.T.);
#717=EDGE_CURVE('',#946,#945,#1102,.T.);
#718=EDGE_CURVE('',#946,#940,#1103,.T.);
#719=EDGE_CURVE('',#947,#946,#1104,.T.);
#720=EDGE_CURVE('',#947,#939,#1105,.T.);
#721=EDGE_CURVE('',#948,#938,#1106,.T.);
#722=EDGE_CURVE('',#947,#948,#1107,.T.);
#723=EDGE_CURVE('',#949,#948,#89,.F.);
#724=EDGE_CURVE('',#949,#937,#1108,.T.);
#725=EDGE_CURVE('',#950,#936,#1109,.T.);
#726=EDGE_CURVE('',#949,#950,#1110,.T.);
#727=EDGE_CURVE('',#951,#950,#90,.F.);
#728=EDGE_CURVE('',#951,#935,#1111,.T.);
#729=EDGE_CURVE('',#952,#951,#1112,.T.);
#730=EDGE_CURVE('',#952,#934,#1113,.T.);
#731=EDGE_CURVE('',#953,#952,#1114,.T.);
#732=EDGE_CURVE('',#953,#933,#1115,.T.);
#733=EDGE_CURVE('',#954,#932,#1116,.T.);
#734=EDGE_CURVE('',#953,#954,#1117,.T.);
#735=EDGE_CURVE('',#955,#954,#91,.F.);
#736=EDGE_CURVE('',#955,#931,#1118,.T.);
#737=EDGE_CURVE('',#956,#930,#1119,.T.);
#738=EDGE_CURVE('',#955,#956,#1120,.T.);
#739=EDGE_CURVE('',#957,#956,#92,.F.);
#740=EDGE_CURVE('',#957,#929,#1121,.T.);
#741=EDGE_CURVE('',#958,#957,#1122,.T.);
#742=EDGE_CURVE('',#958,#928,#1123,.T.);
#743=EDGE_CURVE('',#959,#958,#1124,.T.);
#744=EDGE_CURVE('',#959,#927,#1125,.T.);
#745=EDGE_CURVE('',#960,#926,#1126,.T.);
#746=EDGE_CURVE('',#959,#960,#1127,.T.);
#747=EDGE_CURVE('',#961,#960,#93,.F.);
#748=EDGE_CURVE('',#961,#925,#1128,.T.);
#749=EDGE_CURVE('',#962,#924,#1129,.T.);
#750=EDGE_CURVE('',#961,#962,#1130,.T.);
#751=EDGE_CURVE('',#963,#962,#94,.F.);
#752=EDGE_CURVE('',#963,#923,#1131,.T.);
#753=EDGE_CURVE('',#964,#922,#1132,.T.);
#754=EDGE_CURVE('',#963,#964,#1133,.T.);
#755=EDGE_CURVE('',#965,#964,#1134,.T.);
#756=EDGE_CURVE('',#965,#921,#1135,.T.);
#757=EDGE_CURVE('',#966,#965,#1136,.T.);
#758=EDGE_CURVE('',#966,#920,#1137,.T.);
#759=EDGE_CURVE('',#967,#966,#95,.F.);
#760=EDGE_CURVE('',#967,#919,#1138,.T.);
#761=EDGE_CURVE('',#968,#918,#1139,.T.);
#762=EDGE_CURVE('',#967,#968,#1140,.T.);
#763=EDGE_CURVE('',#969,#970,#1141,.T.);
#764=EDGE_CURVE('',#971,#969,#96,.F.);
#765=EDGE_CURVE('',#971,#972,#1142,.T.);
#766=EDGE_CURVE('',#970,#972,#97,.F.);
#767=EDGE_CURVE('',#973,#917,#1143,.T.);
#768=EDGE_CURVE('',#968,#973,#1144,.T.);
#769=EDGE_CURVE('',#974,#916,#1145,.T.);
#770=EDGE_CURVE('',#973,#974,#1146,.T.);
#771=EDGE_CURVE('',#975,#974,#98,.F.);
#772=EDGE_CURVE('',#975,#915,#1147,.T.);
#773=EDGE_CURVE('',#976,#914,#1148,.T.);
#774=EDGE_CURVE('',#975,#976,#1149,.T.);
#775=EDGE_CURVE('',#977,#913,#1150,.T.);
#776=EDGE_CURVE('',#976,#977,#1151,.T.);
#777=EDGE_CURVE('',#978,#977,#1152,.T.);
#778=EDGE_CURVE('',#978,#912,#1153,.T.);
#779=EDGE_CURVE('',#979,#978,#99,.F.);
#780=EDGE_CURVE('',#979,#911,#1154,.T.);
#781=EDGE_CURVE('',#980,#910,#1155,.T.);
#782=EDGE_CURVE('',#979,#980,#1156,.T.);
#783=EDGE_CURVE('',#981,#980,#100,.F.);
#784=EDGE_CURVE('',#981,#909,#1157,.T.);
#785=EDGE_CURVE('',#982,#908,#1158,.T.);
#786=EDGE_CURVE('',#981,#982,#1159,.T.);
#787=EDGE_CURVE('',#983,#907,#1160,.T.);
#788=EDGE_CURVE('',#982,#983,#1161,.T.);
#789=EDGE_CURVE('',#984,#983,#1162,.T.);
#790=EDGE_CURVE('',#984,#906,#1163,.T.);
#791=EDGE_CURVE('',#985,#984,#101,.F.);
#792=EDGE_CURVE('',#985,#905,#1164,.T.);
#793=EDGE_CURVE('',#986,#904,#1165,.T.);
#794=EDGE_CURVE('',#985,#986,#1166,.T.);
#795=EDGE_CURVE('',#987,#986,#102,.F.);
#796=EDGE_CURVE('',#987,#903,#1167,.T.);
#797=EDGE_CURVE('',#988,#902,#1168,.T.);
#798=EDGE_CURVE('',#987,#988,#1169,.T.);
#799=EDGE_CURVE('',#989,#901,#1170,.T.);
#800=EDGE_CURVE('',#988,#989,#1171,.T.);
#801=EDGE_CURVE('',#990,#989,#1172,.T.);
#802=EDGE_CURVE('',#990,#900,#1173,.T.);
#803=EDGE_CURVE('',#991,#990,#103,.F.);
#804=EDGE_CURVE('',#991,#899,#1174,.T.);
#805=EDGE_CURVE('',#992,#898,#1175,.T.);
#806=EDGE_CURVE('',#991,#992,#1176,.T.);
#807=EDGE_CURVE('',#993,#992,#104,.F.);
#808=EDGE_CURVE('',#993,#897,#1177,.T.);
#809=EDGE_CURVE('',#994,#896,#1178,.T.);
#810=EDGE_CURVE('',#993,#994,#1179,.T.);
#811=EDGE_CURVE('',#995,#895,#1180,.T.);
#812=EDGE_CURVE('',#994,#995,#1181,.T.);
#813=EDGE_CURVE('',#996,#995,#1182,.T.);
#814=EDGE_CURVE('',#996,#894,#1183,.T.);
#815=EDGE_CURVE('',#997,#996,#105,.F.);
#816=EDGE_CURVE('',#997,#893,#1184,.T.);
#817=EDGE_CURVE('',#997,#942,#1185,.T.);
#818=EDGE_CURVE('',#998,#998,#106,.T.);
#819=EDGE_CURVE('',#999,#999,#107,.T.);
#820=EDGE_CURVE('',#1000,#1000,#108,.T.);
#821=EDGE_CURVE('',#1001,#1001,#109,.T.);
#822=EDGE_CURVE('',#1002,#1002,#110,.T.);
#823=EDGE_CURVE('',#1003,#1003,#111,.T.);
#824=EDGE_CURVE('',#1004,#1004,#112,.T.);
#825=EDGE_CURVE('',#1005,#1005,#113,.T.);
#826=EDGE_CURVE('',#1006,#1006,#114,.F.);
#827=EDGE_CURVE('',#1007,#1007,#115,.T.);
#828=EDGE_CURVE('',#1008,#1008,#116,.F.);
#829=EDGE_CURVE('',#1009,#1009,#117,.T.);
#830=EDGE_CURVE('',#1010,#1010,#118,.F.);
#831=EDGE_CURVE('',#1011,#1011,#119,.T.);
#832=EDGE_CURVE('',#1012,#1012,#120,.F.);
#833=EDGE_CURVE('',#1013,#1013,#121,.T.);
#834=EDGE_CURVE('',#1014,#1014,#122,.F.);
#835=EDGE_CURVE('',#1015,#1015,#123,.T.);
#836=EDGE_CURVE('',#1016,#1016,#124,.F.);
#837=EDGE_CURVE('',#1017,#1017,#125,.T.);
#838=EDGE_CURVE('',#1018,#1018,#126,.F.);
#839=EDGE_CURVE('',#1019,#1019,#127,.T.);
#840=EDGE_CURVE('',#1020,#1020,#128,.F.);
#841=EDGE_CURVE('',#1021,#1021,#129,.T.);
#842=EDGE_CURVE('',#1022,#1022,#130,.T.);
#843=EDGE_CURVE('',#1023,#1023,#131,.T.);
#844=EDGE_CURVE('',#1024,#1024,#132,.T.);
#845=EDGE_CURVE('',#1025,#1025,#133,.T.);
#846=EDGE_CURVE('',#1026,#1026,#134,.T.);
#847=EDGE_CURVE('',#1027,#1027,#135,.T.);
#848=EDGE_CURVE('',#1028,#1028,#136,.T.);
#849=EDGE_CURVE('',#1029,#1029,#137,.T.);
#850=EDGE_CURVE('',#970,#874,#1186,.T.);
#851=EDGE_CURVE('',#969,#873,#1187,.T.);
#852=EDGE_CURVE('',#971,#872,#1188,.T.);
#853=EDGE_CURVE('',#972,#875,#1189,.T.);
#854=EDGE_CURVE('',#870,#881,#12,.T.);
#855=EDGE_CURVE('',#878,#876,#13,.F.);
#856=EDGE_CURVE('',#879,#868,#14,.F.);
#857=EDGE_CURVE('',#866,#880,#15,.T.);
#858=VERTEX_POINT('',#2589);
#859=VERTEX_POINT('',#2590);
#860=VERTEX_POINT('',#2592);
#861=VERTEX_POINT('',#2594);
#862=VERTEX_POINT('',#2598);
#863=VERTEX_POINT('',#2600);
#864=VERTEX_POINT('',#2604);
#865=VERTEX_POINT('',#2606);
#866=VERTEX_POINT('',#2610);
#867=VERTEX_POINT('',#2611);
#868=VERTEX_POINT('',#2613);
#869=VERTEX_POINT('',#2615);
#870=VERTEX_POINT('',#2619);
#871=VERTEX_POINT('',#2620);
#872=VERTEX_POINT('',#2625);
#873=VERTEX_POINT('',#2626);
#874=VERTEX_POINT('',#2628);
#875=VERTEX_POINT('',#2630);
#876=VERTEX_POINT('',#2633);
#877=VERTEX_POINT('',#2634);
#878=VERTEX_POINT('',#2645);
#879=VERTEX_POINT('',#2646);
#880=VERTEX_POINT('',#2648);
#881=VERTEX_POINT('',#2650);
#882=VERTEX_POINT('',#2654);
#883=VERTEX_POINT('',#2656);
#884=VERTEX_POINT('',#2658);
#885=VERTEX_POINT('',#2660);
#886=VERTEX_POINT('',#2662);
#887=VERTEX_POINT('',#2664);
#888=VERTEX_POINT('',#2666);
#889=VERTEX_POINT('',#2668);
#890=VERTEX_POINT('',#2670);
#891=VERTEX_POINT('',#2671);
#892=VERTEX_POINT('',#2673);
#893=VERTEX_POINT('',#2675);
#894=VERTEX_POINT('',#2677);
#895=VERTEX_POINT('',#2679);
#896=VERTEX_POINT('',#2681);
#897=VERTEX_POINT('',#2683);
#898=VERTEX_POINT('',#2685);
#899=VERTEX_POINT('',#2687);
#900=VERTEX_POINT('',#2689);
#901=VERTEX_POINT('',#2691);
#902=VERTEX_POINT('',#2693);
#903=VERTEX_POINT('',#2695);
#904=VERTEX_POINT('',#2697);
#905=VERTEX_POINT('',#2699);
#906=VERTEX_POINT('',#2701);
#907=VERTEX_POINT('',#2703);
#908=VERTEX_POINT('',#2705);
#909=VERTEX_POINT('',#2707);
#910=VERTEX_POINT('',#2709);
#911=VERTEX_POINT('',#2711);
#912=VERTEX_POINT('',#2713);
#913=VERTEX_POINT('',#2715);
#914=VERTEX_POINT('',#2717);
#915=VERTEX_POINT('',#2719);
#916=VERTEX_POINT('',#2721);
#917=VERTEX_POINT('',#2723);
#918=VERTEX_POINT('',#2725);
#919=VERTEX_POINT('',#2727);
#920=VERTEX_POINT('',#2729);
#921=VERTEX_POINT('',#2731);
#922=VERTEX_POINT('',#2733);
#923=VERTEX_POINT('',#2735);
#924=VERTEX_POINT('',#2737);
#925=VERTEX_POINT('',#2739);
#926=VERTEX_POINT('',#2741);
#927=VERTEX_POINT('',#2743);
#928=VERTEX_POINT('',#2745);
#929=VERTEX_POINT('',#2747);
#930=VERTEX_POINT('',#2749);
#931=VERTEX_POINT('',#2751);
#932=VERTEX_POINT('',#2753);
#933=VERTEX_POINT('',#2755);
#934=VERTEX_POINT('',#2757);
#935=VERTEX_POINT('',#2759);
#936=VERTEX_POINT('',#2761);
#937=VERTEX_POINT('',#2763);
#938=VERTEX_POINT('',#2765);
#939=VERTEX_POINT('',#2767);
#940=VERTEX_POINT('',#2769);
#941=VERTEX_POINT('',#2771);
#942=VERTEX_POINT('',#2775);
#943=VERTEX_POINT('',#2777);
#944=VERTEX_POINT('',#2781);
#945=VERTEX_POINT('',#2785);
#946=VERTEX_POINT('',#2789);
#947=VERTEX_POINT('',#2793);
#948=VERTEX_POINT('',#2797);
#949=VERTEX_POINT('',#2801);
#950=VERTEX_POINT('',#2805);
#951=VERTEX_POINT('',#2809);
#952=VERTEX_POINT('',#2813);
#953=VERTEX_POINT('',#2817);
#954=VERTEX_POINT('',#2821);
#955=VERTEX_POINT('',#2825);
#956=VERTEX_POINT('',#2829);
#957=VERTEX_POINT('',#2833);
#958=VERTEX_POINT('',#2837);
#959=VERTEX_POINT('',#2841);
#960=VERTEX_POINT('',#2845);
#961=VERTEX_POINT('',#2849);
#962=VERTEX_POINT('',#2853);
#963=VERTEX_POINT('',#2857);
#964=VERTEX_POINT('',#2861);
#965=VERTEX_POINT('',#2865);
#966=VERTEX_POINT('',#2869);
#967=VERTEX_POINT('',#2873);
#968=VERTEX_POINT('',#2877);
#969=VERTEX_POINT('',#2881);
#970=VERTEX_POINT('',#2882);
#971=VERTEX_POINT('',#2884);
#972=VERTEX_POINT('',#2886);
#973=VERTEX_POINT('',#2889);
#974=VERTEX_POINT('',#2893);
#975=VERTEX_POINT('',#2897);
#976=VERTEX_POINT('',#2901);
#977=VERTEX_POINT('',#2905);
#978=VERTEX_POINT('',#2909);
#979=VERTEX_POINT('',#2913);
#980=VERTEX_POINT('',#2917);
#981=VERTEX_POINT('',#2921);
#982=VERTEX_POINT('',#2925);
#983=VERTEX_POINT('',#2929);
#984=VERTEX_POINT('',#2933);
#985=VERTEX_POINT('',#2937);
#986=VERTEX_POINT('',#2941);
#987=VERTEX_POINT('',#2945);
#988=VERTEX_POINT('',#2949);
#989=VERTEX_POINT('',#2953);
#990=VERTEX_POINT('',#2957);
#991=VERTEX_POINT('',#2961);
#992=VERTEX_POINT('',#2965);
#993=VERTEX_POINT('',#2969);
#994=VERTEX_POINT('',#2973);
#995=VERTEX_POINT('',#2977);
#996=VERTEX_POINT('',#2981);
#997=VERTEX_POINT('',#2985);
#998=VERTEX_POINT('',#2991);
#999=VERTEX_POINT('',#2993);
#1000=VERTEX_POINT('',#2995);
#1001=VERTEX_POINT('',#2997);
#1002=VERTEX_POINT('',#2999);
#1003=VERTEX_POINT('',#3001);
#1004=VERTEX_POINT('',#3003);
#1005=VERTEX_POINT('',#3005);
#1006=VERTEX_POINT('',#3008);
#1007=VERTEX_POINT('',#3010);
#1008=VERTEX_POINT('',#3014);
#1009=VERTEX_POINT('',#3016);
#1010=VERTEX_POINT('',#3020);
#1011=VERTEX_POINT('',#3022);
#1012=VERTEX_POINT('',#3026);
#1013=VERTEX_POINT('',#3028);
#1014=VERTEX_POINT('',#3032);
#1015=VERTEX_POINT('',#3034);
#1016=VERTEX_POINT('',#3038);
#1017=VERTEX_POINT('',#3040);
#1018=VERTEX_POINT('',#3044);
#1019=VERTEX_POINT('',#3046);
#1020=VERTEX_POINT('',#3050);
#1021=VERTEX_POINT('',#3052);
#1022=VERTEX_POINT('',#3064);
#1023=VERTEX_POINT('',#3068);
#1024=VERTEX_POINT('',#3072);
#1025=VERTEX_POINT('',#3076);
#1026=VERTEX_POINT('',#3080);
#1027=VERTEX_POINT('',#3084);
#1028=VERTEX_POINT('',#3088);
#1029=VERTEX_POINT('',#3092);
#1030=LINE('',#2588,#1190);
#1031=LINE('',#2591,#1191);
#1032=LINE('',#2593,#1192);
#1033=LINE('',#2595,#1193);
#1034=LINE('',#2597,#1194);
#1035=LINE('',#2599,#1195);
#1036=LINE('',#2601,#1196);
#1037=LINE('',#2603,#1197);
#1038=LINE('',#2605,#1198);
#1039=LINE('',#2607,#1199);
#1040=LINE('',#2609,#1200);
#1041=LINE('',#2612,#1201);
#1042=LINE('',#2614,#1202);
#1043=LINE('',#2616,#1203);
#1044=LINE('',#2618,#1204);
#1045=LINE('',#2621,#1205);
#1046=LINE('',#2622,#1206);
#1047=LINE('',#2627,#1207);
#1048=LINE('',#2631,#1208);
#1049=LINE('',#2632,#1209);
#1050=LINE('',#2635,#1210);
#1051=LINE('',#2636,#1211);
#1052=LINE('',#2638,#1212);
#1053=LINE('',#2639,#1213);
#1054=LINE('',#2641,#1214);
#1055=LINE('',#2642,#1215);
#1056=LINE('',#2644,#1216);
#1057=LINE('',#2647,#1217);
#1058=LINE('',#2649,#1218);
#1059=LINE('',#2651,#1219);
#1060=LINE('',#2669,#1220);
#1061=LINE('',#2672,#1221);
#1062=LINE('',#2674,#1222);
#1063=LINE('',#2678,#1223);
#1064=LINE('',#2680,#1224);
#1065=LINE('',#2682,#1225);
#1066=LINE('',#2686,#1226);
#1067=LINE('',#2690,#1227);
#1068=LINE('',#2692,#1228);
#1069=LINE('',#2694,#1229);
#1070=LINE('',#2698,#1230);
#1071=LINE('',#2702,#1231);
#1072=LINE('',#2704,#1232);
#1073=LINE('',#2706,#1233);
#1074=LINE('',#2710,#1234);
#1075=LINE('',#2714,#1235);
#1076=LINE('',#2716,#1236);
#1077=LINE('',#2718,#1237);
#1078=LINE('',#2722,#1238);
#1079=LINE('',#2724,#1239);
#1080=LINE('',#2726,#1240);
#1081=LINE('',#2730,#1241);
#1082=LINE('',#2732,#1242);
#1083=LINE('',#2734,#1243);
#1084=LINE('',#2738,#1244);
#1085=LINE('',#2742,#1245);
#1086=LINE('',#2744,#1246);
#1087=LINE('',#2746,#1247);
#1088=LINE('',#2750,#1248);
#1089=LINE('',#2754,#1249);
#1090=LINE('',#2756,#1250);
#1091=LINE('',#2758,#1251);
#1092=LINE('',#2762,#1252);
#1093=LINE('',#2766,#1253);
#1094=LINE('',#2768,#1254);
#1095=LINE('',#2770,#1255);
#1096=LINE('',#2774,#1256);
#1097=LINE('',#2776,#1257);
#1098=LINE('',#2778,#1258);
#1099=LINE('',#2780,#1259);
#1100=LINE('',#2782,#1260);
#1101=LINE('',#2786,#1261);
#1102=LINE('',#2788,#1262);
#1103=LINE('',#2790,#1263);
#1104=LINE('',#2792,#1264);
#1105=LINE('',#2794,#1265);
#1106=LINE('',#2796,#1266);
#1107=LINE('',#2798,#1267);
#1108=LINE('',#2802,#1268);
#1109=LINE('',#2804,#1269);
#1110=LINE('',#2806,#1270);
#1111=LINE('',#2810,#1271);
#1112=LINE('',#2812,#1272);
#1113=LINE('',#2814,#1273);
#1114=LINE('',#2816,#1274);
#1115=LINE('',#2818,#1275);
#1116=LINE('',#2820,#1276);
#1117=LINE('',#2822,#1277);
#1118=LINE('',#2826,#1278);
#1119=LINE('',#2828,#1279);
#1120=LINE('',#2830,#1280);
#1121=LINE('',#2834,#1281);
#1122=LINE('',#2836,#1282);
#1123=LINE('',#2838,#1283);
#1124=LINE('',#2840,#1284);
#1125=LINE('',#2842,#1285);
#1126=LINE('',#2844,#1286);
#1127=LINE('',#2846,#1287);
#1128=LINE('',#2850,#1288);
#1129=LINE('',#2852,#1289);
#1130=LINE('',#2854,#1290);
#1131=LINE('',#2858,#1291);
#1132=LINE('',#2860,#1292);
#1133=LINE('',#2862,#1293);
#1134=LINE('',#2864,#1294);
#1135=LINE('',#2866,#1295);
#1136=LINE('',#2868,#1296);
#1137=LINE('',#2870,#1297);
#1138=LINE('',#2874,#1298);
#1139=LINE('',#2876,#1299);
#1140=LINE('',#2878,#1300);
#1141=LINE('',#2880,#1301);
#1142=LINE('',#2885,#1302);
#1143=LINE('',#2888,#1303);
#1144=LINE('',#2890,#1304);
#1145=LINE('',#2892,#1305);
#1146=LINE('',#2894,#1306);
#1147=LINE('',#2898,#1307);
#1148=LINE('',#2900,#1308);
#1149=LINE('',#2902,#1309);
#1150=LINE('',#2904,#1310);
#1151=LINE('',#2906,#1311);
#1152=LINE('',#2908,#1312);
#1153=LINE('',#2910,#1313);
#1154=LINE('',#2914,#1314);
#1155=LINE('',#2916,#1315);
#1156=LINE('',#2918,#1316);
#1157=LINE('',#2922,#1317);
#1158=LINE('',#2924,#1318);
#1159=LINE('',#2926,#1319);
#1160=LINE('',#2928,#1320);
#1161=LINE('',#2930,#1321);
#1162=LINE('',#2932,#1322);
#1163=LINE('',#2934,#1323);
#1164=LINE('',#2938,#1324);
#1165=LINE('',#2940,#1325);
#1166=LINE('',#2942,#1326);
#1167=LINE('',#2946,#1327);
#1168=LINE('',#2948,#1328);
#1169=LINE('',#2950,#1329);
#1170=LINE('',#2952,#1330);
#1171=LINE('',#2954,#1331);
#1172=LINE('',#2956,#1332);
#1173=LINE('',#2958,#1333);
#1174=LINE('',#2962,#1334);
#1175=LINE('',#2964,#1335);
#1176=LINE('',#2966,#1336);
#1177=LINE('',#2970,#1337);
#1178=LINE('',#2972,#1338);
#1179=LINE('',#2974,#1339);
#1180=LINE('',#2976,#1340);
#1181=LINE('',#2978,#1341);
#1182=LINE('',#2980,#1342);
#1183=LINE('',#2982,#1343);
#1184=LINE('',#2986,#1344);
#1185=LINE('',#2988,#1345);
#1186=LINE('',#3095,#1346);
#1187=LINE('',#3096,#1347);
#1188=LINE('',#3098,#1348);
#1189=LINE('',#3100,#1349);
#1190=VECTOR('',#2046,1.);
#1191=VECTOR('',#2047,1.);
#1192=VECTOR('',#2048,1.);
#1193=VECTOR('',#2049,1.);
#1194=VECTOR('',#2052,1.);
#1195=VECTOR('',#2053,1.);
#1196=VECTOR('',#2054,1.);
#1197=VECTOR('',#2057,1.);
#1198=VECTOR('',#2058,1.);
#1199=VECTOR('',#2059,1.);
#1200=VECTOR('',#2062,1.);
#1201=VECTOR('',#2063,1.);
#1202=VECTOR('',#2064,1.);
#1203=VECTOR('',#2065,1.);
#1204=VECTOR('',#2068,1.);
#1205=VECTOR('',#2069,1.);
#1206=VECTOR('',#2070,1.);
#1207=VECTOR('',#2075,1.);
#1208=VECTOR('',#2078,1.);
#1209=VECTOR('',#2079,1.);
#1210=VECTOR('',#2080,1.);
#1211=VECTOR('',#2081,1.);
#1212=VECTOR('',#2084,1.);
#1213=VECTOR('',#2085,1.);
#1214=VECTOR('',#2088,1.);
#1215=VECTOR('',#2089,1.);
#1216=VECTOR('',#2092,1.);
#1217=VECTOR('',#2093,1.);
#1218=VECTOR('',#2094,1.);
#1219=VECTOR('',#2095,1.);
#1220=VECTOR('',#2114,1.);
#1221=VECTOR('',#2115,1.);
#1222=VECTOR('',#2116,1.);
#1223=VECTOR('',#2119,1.);
#1224=VECTOR('',#2120,1.);
#1225=VECTOR('',#2121,1.);
#1226=VECTOR('',#2124,1.);
#1227=VECTOR('',#2127,1.);
#1228=VECTOR('',#2128,1.);
#1229=VECTOR('',#2129,1.);
#1230=VECTOR('',#2132,1.);
#1231=VECTOR('',#2135,1.);
#1232=VECTOR('',#2136,1.);
#1233=VECTOR('',#2137,1.);
#1234=VECTOR('',#2140,1.);
#1235=VECTOR('',#2143,1.);
#1236=VECTOR('',#2144,1.);
#1237=VECTOR('',#2145,1.);
#1238=VECTOR('',#2148,1.);
#1239=VECTOR('',#2149,1.);
#1240=VECTOR('',#2150,1.);
#1241=VECTOR('',#2153,1.);
#1242=VECTOR('',#2154,1.);
#1243=VECTOR('',#2155,1.);
#1244=VECTOR('',#2158,1.);
#1245=VECTOR('',#2161,1.);
#1246=VECTOR('',#2162,1.);
#1247=VECTOR('',#2163,1.);
#1248=VECTOR('',#2166,1.);
#1249=VECTOR('',#2169,1.);
#1250=VECTOR('',#2170,1.);
#1251=VECTOR('',#2171,1.);
#1252=VECTOR('',#2174,1.);
#1253=VECTOR('',#2177,1.);
#1254=VECTOR('',#2178,1.);
#1255=VECTOR('',#2179,1.);
#1256=VECTOR('',#2184,1.);
#1257=VECTOR('',#2185,1.);
#1258=VECTOR('',#2186,1.);
#1259=VECTOR('',#2189,1.);
#1260=VECTOR('',#2190,1.);
#1261=VECTOR('',#2195,1.);
#1262=VECTOR('',#2198,1.);
#1263=VECTOR('',#2199,1.);
#1264=VECTOR('',#2202,1.);
#1265=VECTOR('',#2203,1.);
#1266=VECTOR('',#2206,1.);
#1267=VECTOR('',#2207,1.);
#1268=VECTOR('',#2212,1.);
#1269=VECTOR('',#2215,1.);
#1270=VECTOR('',#2216,1.);
#1271=VECTOR('',#2221,1.);
#1272=VECTOR('',#2224,1.);
#1273=VECTOR('',#2225,1.);
#1274=VECTOR('',#2228,1.);
#1275=VECTOR('',#2229,1.);
#1276=VECTOR('',#2232,1.);
#1277=VECTOR('',#2233,1.);
#1278=VECTOR('',#2238,1.);
#1279=VECTOR('',#2241,1.);
#1280=VECTOR('',#2242,1.);
#1281=VECTOR('',#2247,1.);
#1282=VECTOR('',#2250,1.);
#1283=VECTOR('',#2251,1.);
#1284=VECTOR('',#2254,1.);
#1285=VECTOR('',#2255,1.);
#1286=VECTOR('',#2258,1.);
#1287=VECTOR('',#2259,1.);
#1288=VECTOR('',#2264,1.);
#1289=VECTOR('',#2267,1.);
#1290=VECTOR('',#2268,1.);
#1291=VECTOR('',#2273,1.);
#1292=VECTOR('',#2276,1.);
#1293=VECTOR('',#2277,1.);
#1294=VECTOR('',#2280,1.);
#1295=VECTOR('',#2281,1.);
#1296=VECTOR('',#2284,1.);
#1297=VECTOR('',#2285,1.);
#1298=VECTOR('',#2290,1.);
#1299=VECTOR('',#2293,1.);
#1300=VECTOR('',#2294,1.);
#1301=VECTOR('',#2297,1.);
#1302=VECTOR('',#2300,1.);
#1303=VECTOR('',#2303,1.);
#1304=VECTOR('',#2304,1.);
#1305=VECTOR('',#2307,1.);
#1306=VECTOR('',#2308,1.);
#1307=VECTOR('',#2313,1.);
#1308=VECTOR('',#2316,1.);
#1309=VECTOR('',#2317,1.);
#1310=VECTOR('',#2320,1.);
#1311=VECTOR('',#2321,1.);
#1312=VECTOR('',#2324,1.);
#1313=VECTOR('',#2325,1.);
#1314=VECTOR('',#2330,1.);
#1315=VECTOR('',#2333,1.);
#1316=VECTOR('',#2334,1.);
#1317=VECTOR('',#2339,1.);
#1318=VECTOR('',#2342,1.);
#1319=VECTOR('',#2343,1.);
#1320=VECTOR('',#2346,1.);
#1321=VECTOR('',#2347,1.);
#1322=VECTOR('',#2350,1.);
#1323=VECTOR('',#2351,1.);
#1324=VECTOR('',#2356,1.);
#1325=VECTOR('',#2359,1.);
#1326=VECTOR('',#2360,1.);
#1327=VECTOR('',#2365,1.);
#1328=VECTOR('',#2368,1.);
#1329=VECTOR('',#2369,1.);
#1330=VECTOR('',#2372,1.);
#1331=VECTOR('',#2373,1.);
#1332=VECTOR('',#2376,1.);
#1333=VECTOR('',#2377,1.);
#1334=VECTOR('',#2382,1.);
#1335=VECTOR('',#2385,1.);
#1336=VECTOR('',#2386,1.);
#1337=VECTOR('',#2391,1.);
#1338=VECTOR('',#2394,1.);
#1339=VECTOR('',#2395,1.);
#1340=VECTOR('',#2398,1.);
#1341=VECTOR('',#2399,1.);
#1342=VECTOR('',#2402,1.);
#1343=VECTOR('',#2403,1.);
#1344=VECTOR('',#2408,1.);
#1345=VECTOR('',#2411,1.);
#1346=VECTOR('',#2560,1.);
#1347=VECTOR('',#2561,1.);
#1348=VECTOR('',#2564,1.);
#1349=VECTOR('',#2567,1.);
#1350=EDGE_LOOP('',(#138,#139,#140,#141));
#1351=EDGE_LOOP('',(#142,#143,#144,#145));
#1352=EDGE_LOOP('',(#146,#147,#148,#149));
#1353=EDGE_LOOP('',(#150,#151,#152,#153));
#1354=EDGE_LOOP('',(#154,#155,#156,#157));
#1355=EDGE_LOOP('',(#158,#159,#160,#161));
#1356=EDGE_LOOP('',(#162,#163,#164,#165));
#1357=EDGE_LOOP('',(#166,#167,#168,#169));
#1358=EDGE_LOOP('',(#170,#171,#172,#173));
#1359=EDGE_LOOP('',(#174,#175,#176,#177));
#1360=EDGE_LOOP('',(#178,#179,#180,#181));
#1361=EDGE_LOOP('',(#182));
#1362=EDGE_LOOP('',(#183));
#1363=EDGE_LOOP('',(#184));
#1364=EDGE_LOOP('',(#185));
#1365=EDGE_LOOP('',(#186));
#1366=EDGE_LOOP('',(#187));
#1367=EDGE_LOOP('',(#188));
#1368=EDGE_LOOP('',(#189));
#1369=EDGE_LOOP('',(#190,#191,#192,#193,#194,#195,#196,#197,#198,#199,#200,
#201,#202,#203,#204,#205,#206,#207,#208,#209,#210,#211,#212,#213,#214,#215,
#216,#217,#218,#219,#220,#221,#222,#223,#224,#225,#226,#227,#228,#229,#230,
#231,#232,#233,#234,#235,#236,#237,#238,#239,#240,#241));
#1370=EDGE_LOOP('',(#242,#243,#244,#245));
#1371=EDGE_LOOP('',(#246,#247,#248,#249));
#1372=EDGE_LOOP('',(#250,#251,#252,#253));
#1373=EDGE_LOOP('',(#254,#255,#256,#257));
#1374=EDGE_LOOP('',(#258,#259,#260,#261));
#1375=EDGE_LOOP('',(#262,#263,#264,#265));
#1376=EDGE_LOOP('',(#266,#267,#268,#269));
#1377=EDGE_LOOP('',(#270,#271,#272,#273));
#1378=EDGE_LOOP('',(#274,#275,#276,#277));
#1379=EDGE_LOOP('',(#278,#279,#280,#281));
#1380=EDGE_LOOP('',(#282,#283,#284,#285));
#1381=EDGE_LOOP('',(#286,#287,#288,#289));
#1382=EDGE_LOOP('',(#290,#291,#292,#293));
#1383=EDGE_LOOP('',(#294,#295,#296,#297));
#1384=EDGE_LOOP('',(#298,#299,#300,#301));
#1385=EDGE_LOOP('',(#302,#303,#304,#305));
#1386=EDGE_LOOP('',(#306,#307,#308,#309));
#1387=EDGE_LOOP('',(#310,#311,#312,#313));
#1388=EDGE_LOOP('',(#314,#315,#316,#317));
#1389=EDGE_LOOP('',(#318,#319,#320,#321));
#1390=EDGE_LOOP('',(#322,#323,#324,#325));
#1391=EDGE_LOOP('',(#326,#327,#328,#329));
#1392=EDGE_LOOP('',(#330,#331,#332,#333));
#1393=EDGE_LOOP('',(#334,#335,#336,#337));
#1394=EDGE_LOOP('',(#338,#339,#340,#341));
#1395=EDGE_LOOP('',(#342,#343,#344,#345));
#1396=EDGE_LOOP('',(#346,#347,#348,#349));
#1397=EDGE_LOOP('',(#350,#351,#352,#353));
#1398=EDGE_LOOP('',(#354,#355,#356,#357));
#1399=EDGE_LOOP('',(#358,#359,#360,#361));
#1400=EDGE_LOOP('',(#362,#363,#364,#365));
#1401=EDGE_LOOP('',(#366,#367,#368,#369));
#1402=EDGE_LOOP('',(#370,#371,#372,#373));
#1403=EDGE_LOOP('',(#374,#375,#376,#377));
#1404=EDGE_LOOP('',(#378,#379,#380,#381));
#1405=EDGE_LOOP('',(#382,#383,#384,#385));
#1406=EDGE_LOOP('',(#386,#387,#388,#389));
#1407=EDGE_LOOP('',(#390,#391,#392,#393));
#1408=EDGE_LOOP('',(#394,#395,#396,#397));
#1409=EDGE_LOOP('',(#398,#399,#400,#401));
#1410=EDGE_LOOP('',(#402,#403,#404,#405));
#1411=EDGE_LOOP('',(#406,#407,#408,#409));
#1412=EDGE_LOOP('',(#410,#411,#412,#413));
#1413=EDGE_LOOP('',(#414,#415,#416,#417));
#1414=EDGE_LOOP('',(#418,#419,#420,#421));
#1415=EDGE_LOOP('',(#422,#423,#424,#425));
#1416=EDGE_LOOP('',(#426,#427,#428,#429));
#1417=EDGE_LOOP('',(#430,#431,#432,#433));
#1418=EDGE_LOOP('',(#434,#435,#436,#437));
#1419=EDGE_LOOP('',(#438,#439,#440,#441));
#1420=EDGE_LOOP('',(#442,#443,#444,#445));
#1421=EDGE_LOOP('',(#446,#447,#448,#449));
#1422=EDGE_LOOP('',(#450,#451,#452,#453));
#1423=EDGE_LOOP('',(#454,#455,#456,#457));
#1424=EDGE_LOOP('',(#458));
#1425=EDGE_LOOP('',(#459));
#1426=EDGE_LOOP('',(#460));
#1427=EDGE_LOOP('',(#461));
#1428=EDGE_LOOP('',(#462));
#1429=EDGE_LOOP('',(#463));
#1430=EDGE_LOOP('',(#464));
#1431=EDGE_LOOP('',(#465));
#1432=EDGE_LOOP('',(#466,#467,#468,#469));
#1433=EDGE_LOOP('',(#470,#471,#472,#473,#474,#475,#476,#477,#478,#479,#480,
#481,#482,#483,#484,#485,#486,#487,#488,#489,#490,#491,#492,#493,#494,#495,
#496,#497,#498,#499,#500,#501,#502,#503,#504,#505,#506,#507,#508,#509,#510,
#511,#512,#513,#514,#515,#516,#517,#518,#519,#520,#521));
#1434=EDGE_LOOP('',(#522));
#1435=EDGE_LOOP('',(#523));
#1436=EDGE_LOOP('',(#524));
#1437=EDGE_LOOP('',(#525));
#1438=EDGE_LOOP('',(#526));
#1439=EDGE_LOOP('',(#527));
#1440=EDGE_LOOP('',(#528));
#1441=EDGE_LOOP('',(#529));
#1442=EDGE_LOOP('',(#530));
#1443=EDGE_LOOP('',(#531));
#1444=EDGE_LOOP('',(#532));
#1445=EDGE_LOOP('',(#533));
#1446=EDGE_LOOP('',(#534));
#1447=EDGE_LOOP('',(#535));
#1448=EDGE_LOOP('',(#536));
#1449=EDGE_LOOP('',(#537));
#1450=EDGE_LOOP('',(#538));
#1451=EDGE_LOOP('',(#539));
#1452=EDGE_LOOP('',(#540));
#1453=EDGE_LOOP('',(#541));
#1454=EDGE_LOOP('',(#542));
#1455=EDGE_LOOP('',(#543));
#1456=EDGE_LOOP('',(#544));
#1457=EDGE_LOOP('',(#545));
#1458=EDGE_LOOP('',(#546));
#1459=EDGE_LOOP('',(#547));
#1460=EDGE_LOOP('',(#548));
#1461=EDGE_LOOP('',(#549));
#1462=EDGE_LOOP('',(#550));
#1463=EDGE_LOOP('',(#551));
#1464=EDGE_LOOP('',(#552));
#1465=EDGE_LOOP('',(#553));
#1466=EDGE_LOOP('',(#554));
#1467=EDGE_LOOP('',(#555));
#1468=EDGE_LOOP('',(#556));
#1469=EDGE_LOOP('',(#557));
#1470=EDGE_LOOP('',(#558));
#1471=EDGE_LOOP('',(#559));
#1472=EDGE_LOOP('',(#560));
#1473=EDGE_LOOP('',(#561));
#1474=EDGE_LOOP('',(#562));
#1475=EDGE_LOOP('',(#563));
#1476=EDGE_LOOP('',(#564));
#1477=EDGE_LOOP('',(#565));
#1478=EDGE_LOOP('',(#566));
#1479=EDGE_LOOP('',(#567));
#1480=EDGE_LOOP('',(#568));
#1481=EDGE_LOOP('',(#569));
#1482=EDGE_LOOP('',(#570));
#1483=EDGE_LOOP('',(#571));
#1484=EDGE_LOOP('',(#572));
#1485=EDGE_LOOP('',(#573));
#1486=EDGE_LOOP('',(#574));
#1487=EDGE_LOOP('',(#575));
#1488=EDGE_LOOP('',(#576));
#1489=EDGE_LOOP('',(#577));
#1490=EDGE_LOOP('',(#578));
#1491=EDGE_LOOP('',(#579));
#1492=EDGE_LOOP('',(#580));
#1493=EDGE_LOOP('',(#581));
#1494=EDGE_LOOP('',(#582));
#1495=EDGE_LOOP('',(#583));
#1496=EDGE_LOOP('',(#584));
#1497=EDGE_LOOP('',(#585));
#1498=EDGE_LOOP('',(#586,#587,#588,#589));
#1499=EDGE_LOOP('',(#590,#591,#592,#593));
#1500=EDGE_LOOP('',(#594,#595,#596,#597));
#1501=EDGE_LOOP('',(#598,#599,#600,#601));
#1502=EDGE_LOOP('',(#602,#603,#604,#605));
#1503=EDGE_LOOP('',(#606,#607,#608,#609));
#1504=EDGE_LOOP('',(#610,#611,#612,#613));
#1505=EDGE_LOOP('',(#614,#615,#616,#617));
#1506=FACE_BOUND('',#1350,.T.);
#1507=FACE_BOUND('',#1351,.T.);
#1508=FACE_BOUND('',#1352,.T.);
#1509=FACE_BOUND('',#1353,.T.);
#1510=FACE_BOUND('',#1354,.T.);
#1511=FACE_BOUND('',#1355,.T.);
#1512=FACE_BOUND('',#1356,.T.);
#1513=FACE_BOUND('',#1357,.T.);
#1514=FACE_BOUND('',#1358,.T.);
#1515=FACE_BOUND('',#1359,.T.);
#1516=FACE_BOUND('',#1360,.T.);
#1517=FACE_BOUND('',#1361,.T.);
#1518=FACE_BOUND('',#1362,.T.);
#1519=FACE_BOUND('',#1363,.T.);
#1520=FACE_BOUND('',#1364,.T.);
#1521=FACE_BOUND('',#1365,.T.);
#1522=FACE_BOUND('',#1366,.T.);
#1523=FACE_BOUND('',#1367,.T.);
#1524=FACE_BOUND('',#1368,.T.);
#1525=FACE_BOUND('',#1369,.T.);
#1526=FACE_BOUND('',#1370,.T.);
#1527=FACE_BOUND('',#1371,.T.);
#1528=FACE_BOUND('',#1372,.T.);
#1529=FACE_BOUND('',#1373,.T.);
#1530=FACE_BOUND('',#1374,.T.);
#1531=FACE_BOUND('',#1375,.T.);
#1532=FACE_BOUND('',#1376,.T.);
#1533=FACE_BOUND('',#1377,.T.);
#1534=FACE_BOUND('',#1378,.T.);
#1535=FACE_BOUND('',#1379,.T.);
#1536=FACE_BOUND('',#1380,.T.);
#1537=FACE_BOUND('',#1381,.T.);
#1538=FACE_BOUND('',#1382,.T.);
#1539=FACE_BOUND('',#1383,.T.);
#1540=FACE_BOUND('',#1384,.T.);
#1541=FACE_BOUND('',#1385,.T.);
#1542=FACE_BOUND('',#1386,.T.);
#1543=FACE_BOUND('',#1387,.T.);
#1544=FACE_BOUND('',#1388,.T.);
#1545=FACE_BOUND('',#1389,.T.);
#1546=FACE_BOUND('',#1390,.T.);
#1547=FACE_BOUND('',#1391,.T.);
#1548=FACE_BOUND('',#1392,.T.);
#1549=FACE_BOUND('',#1393,.T.);
#1550=FACE_BOUND('',#1394,.T.);
#1551=FACE_BOUND('',#1395,.T.);
#1552=FACE_BOUND('',#1396,.T.);
#1553=FACE_BOUND('',#1397,.T.);
#1554=FACE_BOUND('',#1398,.T.);
#1555=FACE_BOUND('',#1399,.T.);
#1556=FACE_BOUND('',#1400,.T.);
#1557=FACE_BOUND('',#1401,.T.);
#1558=FACE_BOUND('',#1402,.T.);
#1559=FACE_BOUND('',#1403,.T.);
#1560=FACE_BOUND('',#1404,.T.);
#1561=FACE_BOUND('',#1405,.T.);
#1562=FACE_BOUND('',#1406,.T.);
#1563=FACE_BOUND('',#1407,.T.);
#1564=FACE_BOUND('',#1408,.T.);
#1565=FACE_BOUND('',#1409,.T.);
#1566=FACE_BOUND('',#1410,.T.);
#1567=FACE_BOUND('',#1411,.T.);
#1568=FACE_BOUND('',#1412,.T.);
#1569=FACE_BOUND('',#1413,.T.);
#1570=FACE_BOUND('',#1414,.T.);
#1571=FACE_BOUND('',#1415,.T.);
#1572=FACE_BOUND('',#1416,.T.);
#1573=FACE_BOUND('',#1417,.T.);
#1574=FACE_BOUND('',#1418,.T.);
#1575=FACE_BOUND('',#1419,.T.);
#1576=FACE_BOUND('',#1420,.T.);
#1577=FACE_BOUND('',#1421,.T.);
#1578=FACE_BOUND('',#1422,.T.);
#1579=FACE_BOUND('',#1423,.T.);
#1580=FACE_BOUND('',#1424,.T.);
#1581=FACE_BOUND('',#1425,.T.);
#1582=FACE_BOUND('',#1426,.T.);
#1583=FACE_BOUND('',#1427,.T.);
#1584=FACE_BOUND('',#1428,.T.);
#1585=FACE_BOUND('',#1429,.T.);
#1586=FACE_BOUND('',#1430,.T.);
#1587=FACE_BOUND('',#1431,.T.);
#1588=FACE_BOUND('',#1432,.T.);
#1589=FACE_BOUND('',#1433,.T.);
#1590=FACE_BOUND('',#1434,.T.);
#1591=FACE_BOUND('',#1435,.T.);
#1592=FACE_BOUND('',#1436,.T.);
#1593=FACE_BOUND('',#1437,.T.);
#1594=FACE_BOUND('',#1438,.T.);
#1595=FACE_BOUND('',#1439,.T.);
#1596=FACE_BOUND('',#1440,.T.);
#1597=FACE_BOUND('',#1441,.T.);
#1598=FACE_BOUND('',#1442,.T.);
#1599=FACE_BOUND('',#1443,.T.);
#1600=FACE_BOUND('',#1444,.T.);
#1601=FACE_BOUND('',#1445,.T.);
#1602=FACE_BOUND('',#1446,.T.);
#1603=FACE_BOUND('',#1447,.T.);
#1604=FACE_BOUND('',#1448,.T.);
#1605=FACE_BOUND('',#1449,.T.);
#1606=FACE_BOUND('',#1450,.T.);
#1607=FACE_BOUND('',#1451,.T.);
#1608=FACE_BOUND('',#1452,.T.);
#1609=FACE_BOUND('',#1453,.T.);
#1610=FACE_BOUND('',#1454,.T.);
#1611=FACE_BOUND('',#1455,.T.);
#1612=FACE_BOUND('',#1456,.T.);
#1613=FACE_BOUND('',#1457,.T.);
#1614=FACE_BOUND('',#1458,.T.);
#1615=FACE_BOUND('',#1459,.T.);
#1616=FACE_BOUND('',#1460,.T.);
#1617=FACE_BOUND('',#1461,.T.);
#1618=FACE_BOUND('',#1462,.T.);
#1619=FACE_BOUND('',#1463,.T.);
#1620=FACE_BOUND('',#1464,.T.);
#1621=FACE_BOUND('',#1465,.T.);
#1622=FACE_BOUND('',#1466,.T.);
#1623=FACE_BOUND('',#1467,.T.);
#1624=FACE_BOUND('',#1468,.T.);
#1625=FACE_BOUND('',#1469,.T.);
#1626=FACE_BOUND('',#1470,.T.);
#1627=FACE_BOUND('',#1471,.T.);
#1628=FACE_BOUND('',#1472,.T.);
#1629=FACE_BOUND('',#1473,.T.);
#1630=FACE_BOUND('',#1474,.T.);
#1631=FACE_BOUND('',#1475,.T.);
#1632=FACE_BOUND('',#1476,.T.);
#1633=FACE_BOUND('',#1477,.T.);
#1634=FACE_BOUND('',#1478,.T.);
#1635=FACE_BOUND('',#1479,.T.);
#1636=FACE_BOUND('',#1480,.T.);
#1637=FACE_BOUND('',#1481,.T.);
#1638=FACE_BOUND('',#1482,.T.);
#1639=FACE_BOUND('',#1483,.T.);
#1640=FACE_BOUND('',#1484,.T.);
#1641=FACE_BOUND('',#1485,.T.);
#1642=FACE_BOUND('',#1486,.T.);
#1643=FACE_BOUND('',#1487,.T.);
#1644=FACE_BOUND('',#1488,.T.);
#1645=FACE_BOUND('',#1489,.T.);
#1646=FACE_BOUND('',#1490,.T.);
#1647=FACE_BOUND('',#1491,.T.);
#1648=FACE_BOUND('',#1492,.T.);
#1649=FACE_BOUND('',#1493,.T.);
#1650=FACE_BOUND('',#1494,.T.);
#1651=FACE_BOUND('',#1495,.T.);
#1652=FACE_BOUND('',#1496,.T.);
#1653=FACE_BOUND('',#1497,.T.);
#1654=FACE_BOUND('',#1498,.T.);
#1655=FACE_BOUND('',#1499,.T.);
#1656=FACE_BOUND('',#1500,.T.);
#1657=FACE_BOUND('',#1501,.T.);
#1658=FACE_BOUND('',#1502,.T.);
#1659=FACE_BOUND('',#1503,.T.);
#1660=FACE_BOUND('',#1504,.T.);
#1661=FACE_BOUND('',#1505,.T.);
#1662=PLANE('',#1851);
#1663=PLANE('',#1852);
#1664=PLANE('',#1853);
#1665=PLANE('',#1854);
#1666=PLANE('',#1855);
#1667=PLANE('',#1856);
#1668=PLANE('',#1859);
#1669=PLANE('',#1860);
#1670=PLANE('',#1861);
#1671=PLANE('',#1862);
#1672=PLANE('',#1887);
#1673=PLANE('',#1888);
#1674=PLANE('',#1891);
#1675=PLANE('',#1892);
#1676=PLANE('',#1893);
#1677=PLANE('',#1896);
#1678=PLANE('',#1899);
#1679=PLANE('',#1900);
#1680=PLANE('',#1901);
#1681=PLANE('',#1904);
#1682=PLANE('',#1907);
#1683=PLANE('',#1908);
#1684=PLANE('',#1909);
#1685=PLANE('',#1912);
#1686=PLANE('',#1915);
#1687=PLANE('',#1916);
#1688=PLANE('',#1917);
#1689=PLANE('',#1920);
#1690=PLANE('',#1921);
#1691=PLANE('',#1924);
#1692=PLANE('',#1927);
#1693=PLANE('',#1928);
#1694=PLANE('',#1929);
#1695=PLANE('',#1932);
#1696=PLANE('',#1935);
#1697=PLANE('',#1936);
#1698=PLANE('',#1937);
#1699=PLANE('',#1940);
#1700=PLANE('',#1943);
#1701=PLANE('',#1944);
#1702=PLANE('',#1945);
#1703=PLANE('',#1948);
#1704=PLANE('',#1951);
#1705=PLANE('',#1952);
#1706=PLANE('',#1953);
#1707=PLANE('',#1956);
#1708=PLANE('',#1957);
#1709=PLANE('',#1969);
#1710=PLANE('',#1973);
#1711=PLANE('',#1977);
#1712=PLANE('',#1981);
#1713=PLANE('',#1985);
#1714=PLANE('',#1989);
#1715=PLANE('',#1993);
#1716=PLANE('',#1997);
#1717=PLANE('',#2008);
#1718=PLANE('',#2011);
#1719=PLANE('',#2014);
#1720=PLANE('',#2017);
#1721=PLANE('',#2020);
#1722=PLANE('',#2023);
#1723=PLANE('',#2026);
#1724=PLANE('',#2029);
#1725=PLANE('',#2030);
#1726=PLANE('',#2032);
#1727=ADVANCED_FACE('',(#1506),#1662,.T.);
#1728=ADVANCED_FACE('',(#1507),#1663,.F.);
#1729=ADVANCED_FACE('',(#1508),#1664,.F.);
#1730=ADVANCED_FACE('',(#1509),#1665,.F.);
#1731=ADVANCED_FACE('',(#1510),#1666,.F.);
#1732=ADVANCED_FACE('',(#1511,#1512),#1667,.T.);
#1733=ADVANCED_FACE('',(#1513),#1668,.T.);
#1734=ADVANCED_FACE('',(#1514),#1669,.T.);
#1735=ADVANCED_FACE('',(#1515,#1516),#1670,.T.);
#1736=ADVANCED_FACE('',(#1517,#1518,#1519,#1520,#1521,#1522,#1523,#1524,
#1525,#1526),#1671,.F.);
#1737=ADVANCED_FACE('',(#1527),#1672,.F.);
#1738=ADVANCED_FACE('',(#1528),#1673,.F.);
#1739=ADVANCED_FACE('',(#1529),#24,.T.);
#1740=ADVANCED_FACE('',(#1530),#1674,.T.);
#1741=ADVANCED_FACE('',(#1531),#1675,.T.);
#1742=ADVANCED_FACE('',(#1532),#1676,.F.);
#1743=ADVANCED_FACE('',(#1533),#25,.T.);
#1744=ADVANCED_FACE('',(#1534),#1677,.F.);
#1745=ADVANCED_FACE('',(#1535),#26,.T.);
#1746=ADVANCED_FACE('',(#1536),#1678,.T.);
#1747=ADVANCED_FACE('',(#1537),#1679,.T.);
#1748=ADVANCED_FACE('',(#1538),#1680,.F.);
#1749=ADVANCED_FACE('',(#1539),#27,.T.);
#1750=ADVANCED_FACE('',(#1540),#1681,.F.);
#1751=ADVANCED_FACE('',(#1541),#28,.T.);
#1752=ADVANCED_FACE('',(#1542),#1682,.T.);
#1753=ADVANCED_FACE('',(#1543),#1683,.T.);
#1754=ADVANCED_FACE('',(#1544),#1684,.F.);
#1755=ADVANCED_FACE('',(#1545),#29,.T.);
#1756=ADVANCED_FACE('',(#1546),#1685,.F.);
#1757=ADVANCED_FACE('',(#1547),#30,.T.);
#1758=ADVANCED_FACE('',(#1548),#1686,.F.);
#1759=ADVANCED_FACE('',(#1549),#1687,.T.);
#1760=ADVANCED_FACE('',(#1550),#1688,.T.);
#1761=ADVANCED_FACE('',(#1551),#31,.T.);
#1762=ADVANCED_FACE('',(#1552),#1689,.F.);
#1763=ADVANCED_FACE('',(#1553,#1554),#1690,.F.);
#1764=ADVANCED_FACE('',(#1555),#1691,.F.);
#1765=ADVANCED_FACE('',(#1556),#32,.T.);
#1766=ADVANCED_FACE('',(#1557),#1692,.F.);
#1767=ADVANCED_FACE('',(#1558),#1693,.F.);
#1768=ADVANCED_FACE('',(#1559),#1694,.T.);
#1769=ADVANCED_FACE('',(#1560),#33,.T.);
#1770=ADVANCED_FACE('',(#1561),#1695,.F.);
#1771=ADVANCED_FACE('',(#1562),#34,.T.);
#1772=ADVANCED_FACE('',(#1563),#1696,.F.);
#1773=ADVANCED_FACE('',(#1564),#1697,.F.);
#1774=ADVANCED_FACE('',(#1565),#1698,.T.);
#1775=ADVANCED_FACE('',(#1566),#35,.T.);
#1776=ADVANCED_FACE('',(#1567),#1699,.F.);
#1777=ADVANCED_FACE('',(#1568),#36,.T.);
#1778=ADVANCED_FACE('',(#1569),#1700,.F.);
#1779=ADVANCED_FACE('',(#1570),#1701,.F.);
#1780=ADVANCED_FACE('',(#1571),#1702,.T.);
#1781=ADVANCED_FACE('',(#1572),#37,.T.);
#1782=ADVANCED_FACE('',(#1573),#1703,.F.);
#1783=ADVANCED_FACE('',(#1574),#38,.T.);
#1784=ADVANCED_FACE('',(#1575),#1704,.F.);
#1785=ADVANCED_FACE('',(#1576),#1705,.F.);
#1786=ADVANCED_FACE('',(#1577),#1706,.T.);
#1787=ADVANCED_FACE('',(#1578),#39,.T.);
#1788=ADVANCED_FACE('',(#1579),#1707,.F.);
#1789=ADVANCED_FACE('',(#1580,#1581,#1582,#1583,#1584,#1585,#1586,#1587,
#1588,#1589),#1708,.F.);
#1790=ADVANCED_FACE('',(#1590,#1591),#40,.F.);
#1791=ADVANCED_FACE('',(#1592),#1709,.T.);
#1792=ADVANCED_FACE('',(#1593,#1594),#41,.F.);
#1793=ADVANCED_FACE('',(#1595),#1710,.T.);
#1794=ADVANCED_FACE('',(#1596,#1597),#42,.F.);
#1795=ADVANCED_FACE('',(#1598),#1711,.T.);
#1796=ADVANCED_FACE('',(#1599,#1600),#43,.F.);
#1797=ADVANCED_FACE('',(#1601),#1712,.T.);
#1798=ADVANCED_FACE('',(#1602,#1603),#44,.F.);
#1799=ADVANCED_FACE('',(#1604),#1713,.T.);
#1800=ADVANCED_FACE('',(#1605,#1606),#45,.F.);
#1801=ADVANCED_FACE('',(#1607),#1714,.T.);
#1802=ADVANCED_FACE('',(#1608,#1609),#46,.F.);
#1803=ADVANCED_FACE('',(#1610),#1715,.T.);
#1804=ADVANCED_FACE('',(#1611,#1612),#47,.F.);
#1805=ADVANCED_FACE('',(#1613),#1716,.T.);
#1806=ADVANCED_FACE('',(#1614,#1615),#16,.F.);
#1807=ADVANCED_FACE('',(#1616,#1617),#17,.F.);
#1808=ADVANCED_FACE('',(#1618,#1619),#18,.F.);
#1809=ADVANCED_FACE('',(#1620,#1621),#19,.F.);
#1810=ADVANCED_FACE('',(#1622,#1623),#20,.F.);
#1811=ADVANCED_FACE('',(#1624,#1625),#21,.F.);
#1812=ADVANCED_FACE('',(#1626,#1627),#22,.F.);
#1813=ADVANCED_FACE('',(#1628,#1629),#23,.F.);
#1814=ADVANCED_FACE('',(#1630,#1631),#48,.F.);
#1815=ADVANCED_FACE('',(#1632),#1717,.T.);
#1816=ADVANCED_FACE('',(#1633,#1634),#49,.F.);
#1817=ADVANCED_FACE('',(#1635),#1718,.T.);
#1818=ADVANCED_FACE('',(#1636,#1637),#50,.F.);
#1819=ADVANCED_FACE('',(#1638),#1719,.T.);
#1820=ADVANCED_FACE('',(#1639,#1640),#51,.F.);
#1821=ADVANCED_FACE('',(#1641),#1720,.T.);
#1822=ADVANCED_FACE('',(#1642,#1643),#52,.F.);
#1823=ADVANCED_FACE('',(#1644),#1721,.T.);
#1824=ADVANCED_FACE('',(#1645,#1646),#53,.F.);
#1825=ADVANCED_FACE('',(#1647),#1722,.T.);
#1826=ADVANCED_FACE('',(#1648,#1649),#54,.F.);
#1827=ADVANCED_FACE('',(#1650),#1723,.T.);
#1828=ADVANCED_FACE('',(#1651,#1652),#55,.F.);
#1829=ADVANCED_FACE('',(#1653),#1724,.T.);
#1830=ADVANCED_FACE('',(#1654),#1725,.T.);
#1831=ADVANCED_FACE('',(#1655),#56,.F.);
#1832=ADVANCED_FACE('',(#1656),#1726,.F.);
#1833=ADVANCED_FACE('',(#1657),#57,.F.);
#1834=ADVANCED_FACE('',(#1658),#58,.T.);
#1835=ADVANCED_FACE('',(#1659),#59,.T.);
#1836=ADVANCED_FACE('',(#1660),#60,.T.);
#1837=ADVANCED_FACE('',(#1661),#61,.T.);
#1838=CLOSED_SHELL('',(#1727,#1728,#1729,#1730,#1731,#1732,#1733,#1734,
#1735,#1736,#1737,#1738,#1739,#1740,#1741,#1742,#1743,#1744,#1745,#1746,
#1747,#1748,#1749,#1750,#1751,#1752,#1753,#1754,#1755,#1756,#1757,#1758,
#1759,#1760,#1761,#1762,#1763,#1764,#1765,#1766,#1767,#1768,#1769,#1770,
#1771,#1772,#1773,#1774,#1775,#1776,#1777,#1778,#1779,#1780,#1781,#1782,
#1783,#1784,#1785,#1786,#1787,#1788,#1789,#1790,#1791,#1792,#1793,#1794,
#1795,#1796,#1797,#1798,#1799,#1800,#1801,#1802,#1803,#1804,#1805,#1806,
#1807,#1808,#1809,#1810,#1811,#1812,#1813,#1814,#1815,#1816,#1817,#1818,
#1819,#1820,#1821,#1822,#1823,#1824,#1825,#1826,#1827,#1828,#1829,#1830,
#1831,#1832,#1833,#1834,#1835,#1836,#1837));
#1839=STYLED_ITEM('',(#1840),#1847);
#1840=PRESENTATION_STYLE_ASSIGNMENT((#1841));
#1841=SURFACE_STYLE_USAGE(.BOTH.,#1842);
#1842=SURFACE_SIDE_STYLE('',(#1843));
#1843=SURFACE_STYLE_FILL_AREA(#1844);
#1844=FILL_AREA_STYLE('',(#1845));
#1845=FILL_AREA_STYLE_COLOUR('',#1846);
#1846=COLOUR_RGB('',0.647058823529412,0.647058823529412,0.647058823529412);
#1847=MANIFOLD_SOLID_BREP('TopCase',#1838);
#1848=SHAPE_DEFINITION_REPRESENTATION(#3116,#1849);
#1849=SHAPE_REPRESENTATION('TopCase',(#1850),#3111);
#1850=AXIS2_PLACEMENT_3D('',#2586,#2042,#2043);
#1851=AXIS2_PLACEMENT_3D('',#2587,#2044,#2045);
#1852=AXIS2_PLACEMENT_3D('',#2596,#2050,#2051);
#1853=AXIS2_PLACEMENT_3D('',#2602,#2055,#2056);
#1854=AXIS2_PLACEMENT_3D('',#2608,#2060,#2061);
#1855=AXIS2_PLACEMENT_3D('',#2617,#2066,#2067);
#1856=AXIS2_PLACEMENT_3D('',#2623,#2071,#2072);
#1857=AXIS2_PLACEMENT_3D('',#2624,#2073,#2074);
#1858=AXIS2_PLACEMENT_3D('',#2629,#2076,#2077);
#1859=AXIS2_PLACEMENT_3D('',#2637,#2082,#2083);
#1860=AXIS2_PLACEMENT_3D('',#2640,#2086,#2087);
#1861=AXIS2_PLACEMENT_3D('',#2643,#2090,#2091);
#1862=AXIS2_PLACEMENT_3D('',#2652,#2096,#2097);
#1863=AXIS2_PLACEMENT_3D('',#2653,#2098,#2099);
#1864=AXIS2_PLACEMENT_3D('',#2655,#2100,#2101);
#1865=AXIS2_PLACEMENT_3D('',#2657,#2102,#2103);
#1866=AXIS2_PLACEMENT_3D('',#2659,#2104,#2105);
#1867=AXIS2_PLACEMENT_3D('',#2661,#2106,#2107);
#1868=AXIS2_PLACEMENT_3D('',#2663,#2108,#2109);
#1869=AXIS2_PLACEMENT_3D('',#2665,#2110,#2111);
#1870=AXIS2_PLACEMENT_3D('',#2667,#2112,#2113);
#1871=AXIS2_PLACEMENT_3D('',#2676,#2117,#2118);
#1872=AXIS2_PLACEMENT_3D('',#2684,#2122,#2123);
#1873=AXIS2_PLACEMENT_3D('',#2688,#2125,#2126);
#1874=AXIS2_PLACEMENT_3D('',#2696,#2130,#2131);
#1875=AXIS2_PLACEMENT_3D('',#2700,#2133,#2134);
#1876=AXIS2_PLACEMENT_3D('',#2708,#2138,#2139);
#1877=AXIS2_PLACEMENT_3D('',#2712,#2141,#2142);
#1878=AXIS2_PLACEMENT_3D('',#2720,#2146,#2147);
#1879=AXIS2_PLACEMENT_3D('',#2728,#2151,#2152);
#1880=AXIS2_PLACEMENT_3D('',#2736,#2156,#2157);
#1881=AXIS2_PLACEMENT_3D('',#2740,#2159,#2160);
#1882=AXIS2_PLACEMENT_3D('',#2748,#2164,#2165);
#1883=AXIS2_PLACEMENT_3D('',#2752,#2167,#2168);
#1884=AXIS2_PLACEMENT_3D('',#2760,#2172,#2173);
#1885=AXIS2_PLACEMENT_3D('',#2764,#2175,#2176);
#1886=AXIS2_PLACEMENT_3D('',#2772,#2180,#2181);
#1887=AXIS2_PLACEMENT_3D('',#2773,#2182,#2183);
#1888=AXIS2_PLACEMENT_3D('',#2779,#2187,#2188);
#1889=AXIS2_PLACEMENT_3D('',#2783,#2191,#2192);
#1890=AXIS2_PLACEMENT_3D('',#2784,#2193,#2194);
#1891=AXIS2_PLACEMENT_3D('',#2787,#2196,#2197);
#1892=AXIS2_PLACEMENT_3D('',#2791,#2200,#2201);
#1893=AXIS2_PLACEMENT_3D('',#2795,#2204,#2205);
#1894=AXIS2_PLACEMENT_3D('',#2799,#2208,#2209);
#1895=AXIS2_PLACEMENT_3D('',#2800,#2210,#2211);
#1896=AXIS2_PLACEMENT_3D('',#2803,#2213,#2214);
#1897=AXIS2_PLACEMENT_3D('',#2807,#2217,#2218);
#1898=AXIS2_PLACEMENT_3D('',#2808,#2219,#2220);
#1899=AXIS2_PLACEMENT_3D('',#2811,#2222,#2223);
#1900=AXIS2_PLACEMENT_3D('',#2815,#2226,#2227);
#1901=AXIS2_PLACEMENT_3D('',#2819,#2230,#2231);
#1902=AXIS2_PLACEMENT_3D('',#2823,#2234,#2235);
#1903=AXIS2_PLACEMENT_3D('',#2824,#2236,#2237);
#1904=AXIS2_PLACEMENT_3D('',#2827,#2239,#2240);
#1905=AXIS2_PLACEMENT_3D('',#2831,#2243,#2244);
#1906=AXIS2_PLACEMENT_3D('',#2832,#2245,#2246);
#1907=AXIS2_PLACEMENT_3D('',#2835,#2248,#2249);
#1908=AXIS2_PLACEMENT_3D('',#2839,#2252,#2253);
#1909=AXIS2_PLACEMENT_3D('',#2843,#2256,#2257);
#1910=AXIS2_PLACEMENT_3D('',#2847,#2260,#2261);
#1911=AXIS2_PLACEMENT_3D('',#2848,#2262,#2263);
#1912=AXIS2_PLACEMENT_3D('',#2851,#2265,#2266);
#1913=AXIS2_PLACEMENT_3D('',#2855,#2269,#2270);
#1914=AXIS2_PLACEMENT_3D('',#2856,#2271,#2272);
#1915=AXIS2_PLACEMENT_3D('',#2859,#2274,#2275);
#1916=AXIS2_PLACEMENT_3D('',#2863,#2278,#2279);
#1917=AXIS2_PLACEMENT_3D('',#2867,#2282,#2283);
#1918=AXIS2_PLACEMENT_3D('',#2871,#2286,#2287);
#1919=AXIS2_PLACEMENT_3D('',#2872,#2288,#2289);
#1920=AXIS2_PLACEMENT_3D('',#2875,#2291,#2292);
#1921=AXIS2_PLACEMENT_3D('',#2879,#2295,#2296);
#1922=AXIS2_PLACEMENT_3D('',#2883,#2298,#2299);
#1923=AXIS2_PLACEMENT_3D('',#2887,#2301,#2302);
#1924=AXIS2_PLACEMENT_3D('',#2891,#2305,#2306);
#1925=AXIS2_PLACEMENT_3D('',#2895,#2309,#2310);
#1926=AXIS2_PLACEMENT_3D('',#2896,#2311,#2312);
#1927=AXIS2_PLACEMENT_3D('',#2899,#2314,#2315);
#1928=AXIS2_PLACEMENT_3D('',#2903,#2318,#2319);
#1929=AXIS2_PLACEMENT_3D('',#2907,#2322,#2323);
#1930=AXIS2_PLACEMENT_3D('',#2911,#2326,#2327);
#1931=AXIS2_PLACEMENT_3D('',#2912,#2328,#2329);
#1932=AXIS2_PLACEMENT_3D('',#2915,#2331,#2332);
#1933=AXIS2_PLACEMENT_3D('',#2919,#2335,#2336);
#1934=AXIS2_PLACEMENT_3D('',#2920,#2337,#2338);
#1935=AXIS2_PLACEMENT_3D('',#2923,#2340,#2341);
#1936=AXIS2_PLACEMENT_3D('',#2927,#2344,#2345);
#1937=AXIS2_PLACEMENT_3D('',#2931,#2348,#2349);
#1938=AXIS2_PLACEMENT_3D('',#2935,#2352,#2353);
#1939=AXIS2_PLACEMENT_3D('',#2936,#2354,#2355);
#1940=AXIS2_PLACEMENT_3D('',#2939,#2357,#2358);
#1941=AXIS2_PLACEMENT_3D('',#2943,#2361,#2362);
#1942=AXIS2_PLACEMENT_3D('',#2944,#2363,#2364);
#1943=AXIS2_PLACEMENT_3D('',#2947,#2366,#2367);
#1944=AXIS2_PLACEMENT_3D('',#2951,#2370,#2371);
#1945=AXIS2_PLACEMENT_3D('',#2955,#2374,#2375);
#1946=AXIS2_PLACEMENT_3D('',#2959,#2378,#2379);
#1947=AXIS2_PLACEMENT_3D('',#2960,#2380,#2381);
#1948=AXIS2_PLACEMENT_3D('',#2963,#2383,#2384);
#1949=AXIS2_PLACEMENT_3D('',#2967,#2387,#2388);
#1950=AXIS2_PLACEMENT_3D('',#2968,#2389,#2390);
#1951=AXIS2_PLACEMENT_3D('',#2971,#2392,#2393);
#1952=AXIS2_PLACEMENT_3D('',#2975,#2396,#2397);
#1953=AXIS2_PLACEMENT_3D('',#2979,#2400,#2401);
#1954=AXIS2_PLACEMENT_3D('',#2983,#2404,#2405);
#1955=AXIS2_PLACEMENT_3D('',#2984,#2406,#2407);
#1956=AXIS2_PLACEMENT_3D('',#2987,#2409,#2410);
#1957=AXIS2_PLACEMENT_3D('',#2989,#2412,#2413);
#1958=AXIS2_PLACEMENT_3D('',#2990,#2414,#2415);
#1959=AXIS2_PLACEMENT_3D('',#2992,#2416,#2417);
#1960=AXIS2_PLACEMENT_3D('',#2994,#2418,#2419);
#1961=AXIS2_PLACEMENT_3D('',#2996,#2420,#2421);
#1962=AXIS2_PLACEMENT_3D('',#2998,#2422,#2423);
#1963=AXIS2_PLACEMENT_3D('',#3000,#2424,#2425);
#1964=AXIS2_PLACEMENT_3D('',#3002,#2426,#2427);
#1965=AXIS2_PLACEMENT_3D('',#3004,#2428,#2429);
#1966=AXIS2_PLACEMENT_3D('',#3006,#2430,#2431);
#1967=AXIS2_PLACEMENT_3D('',#3007,#2432,#2433);
#1968=AXIS2_PLACEMENT_3D('',#3009,#2434,#2435);
#1969=AXIS2_PLACEMENT_3D('',#3011,#2436,#2437);
#1970=AXIS2_PLACEMENT_3D('',#3012,#2438,#2439);
#1971=AXIS2_PLACEMENT_3D('',#3013,#2440,#2441);
#1972=AXIS2_PLACEMENT_3D('',#3015,#2442,#2443);
#1973=AXIS2_PLACEMENT_3D('',#3017,#2444,#2445);
#1974=AXIS2_PLACEMENT_3D('',#3018,#2446,#2447);
#1975=AXIS2_PLACEMENT_3D('',#3019,#2448,#2449);
#1976=AXIS2_PLACEMENT_3D('',#3021,#2450,#2451);
#1977=AXIS2_PLACEMENT_3D('',#3023,#2452,#2453);
#1978=AXIS2_PLACEMENT_3D('',#3024,#2454,#2455);
#1979=AXIS2_PLACEMENT_3D('',#3025,#2456,#2457);
#1980=AXIS2_PLACEMENT_3D('',#3027,#2458,#2459);
#1981=AXIS2_PLACEMENT_3D('',#3029,#2460,#2461);
#1982=AXIS2_PLACEMENT_3D('',#3030,#2462,#2463);
#1983=AXIS2_PLACEMENT_3D('',#3031,#2464,#2465);
#1984=AXIS2_PLACEMENT_3D('',#3033,#2466,#2467);
#1985=AXIS2_PLACEMENT_3D('',#3035,#2468,#2469);
#1986=AXIS2_PLACEMENT_3D('',#3036,#2470,#2471);
#1987=AXIS2_PLACEMENT_3D('',#3037,#2472,#2473);
#1988=AXIS2_PLACEMENT_3D('',#3039,#2474,#2475);
#1989=AXIS2_PLACEMENT_3D('',#3041,#2476,#2477);
#1990=AXIS2_PLACEMENT_3D('',#3042,#2478,#2479);
#1991=AXIS2_PLACEMENT_3D('',#3043,#2480,#2481);
#1992=AXIS2_PLACEMENT_3D('',#3045,#2482,#2483);
#1993=AXIS2_PLACEMENT_3D('',#3047,#2484,#2485);
#1994=AXIS2_PLACEMENT_3D('',#3048,#2486,#2487);
#1995=AXIS2_PLACEMENT_3D('',#3049,#2488,#2489);
#1996=AXIS2_PLACEMENT_3D('',#3051,#2490,#2491);
#1997=AXIS2_PLACEMENT_3D('',#3053,#2492,#2493);
#1998=AXIS2_PLACEMENT_3D('',#3054,#2494,#2495);
#1999=AXIS2_PLACEMENT_3D('',#3055,#2496,#2497);
#2000=AXIS2_PLACEMENT_3D('',#3056,#2498,#2499);
#2001=AXIS2_PLACEMENT_3D('',#3057,#2500,#2501);
#2002=AXIS2_PLACEMENT_3D('',#3058,#2502,#2503);
#2003=AXIS2_PLACEMENT_3D('',#3059,#2504,#2505);
#2004=AXIS2_PLACEMENT_3D('',#3060,#2506,#2507);
#2005=AXIS2_PLACEMENT_3D('',#3061,#2508,#2509);
#2006=AXIS2_PLACEMENT_3D('',#3062,#2510,#2511);
#2007=AXIS2_PLACEMENT_3D('',#3063,#2512,#2513);
#2008=AXIS2_PLACEMENT_3D('',#3065,#2514,#2515);
#2009=AXIS2_PLACEMENT_3D('',#3066,#2516,#2517);
#2010=AXIS2_PLACEMENT_3D('',#3067,#2518,#2519);
#2011=AXIS2_PLACEMENT_3D('',#3069,#2520,#2521);
#2012=AXIS2_PLACEMENT_3D('',#3070,#2522,#2523);
#2013=AXIS2_PLACEMENT_3D('',#3071,#2524,#2525);
#2014=AXIS2_PLACEMENT_3D('',#3073,#2526,#2527);
#2015=AXIS2_PLACEMENT_3D('',#3074,#2528,#2529);
#2016=AXIS2_PLACEMENT_3D('',#3075,#2530,#2531);
#2017=AXIS2_PLACEMENT_3D('',#3077,#2532,#2533);
#2018=AXIS2_PLACEMENT_3D('',#3078,#2534,#2535);
#2019=AXIS2_PLACEMENT_3D('',#3079,#2536,#2537);
#2020=AXIS2_PLACEMENT_3D('',#3081,#2538,#2539);
#2021=AXIS2_PLACEMENT_3D('',#3082,#2540,#2541);
#2022=AXIS2_PLACEMENT_3D('',#3083,#2542,#2543);
#2023=AXIS2_PLACEMENT_3D('',#3085,#2544,#2545);
#2024=AXIS2_PLACEMENT_3D('',#3086,#2546,#2547);
#2025=AXIS2_PLACEMENT_3D('',#3087,#2548,#2549);
#2026=AXIS2_PLACEMENT_3D('',#3089,#2550,#2551);
#2027=AXIS2_PLACEMENT_3D('',#3090,#2552,#2553);
#2028=AXIS2_PLACEMENT_3D('',#3091,#2554,#2555);
#2029=AXIS2_PLACEMENT_3D('',#3093,#2556,#2557);
#2030=AXIS2_PLACEMENT_3D('',#3094,#2558,#2559);
#2031=AXIS2_PLACEMENT_3D('',#3097,#2562,#2563);
#2032=AXIS2_PLACEMENT_3D('',#3099,#2565,#2566);
#2033=AXIS2_PLACEMENT_3D('',#3101,#2568,#2569);
#2034=AXIS2_PLACEMENT_3D('',#3102,#2570,#2571);
#2035=AXIS2_PLACEMENT_3D('',#3103,#2572,#2573);
#2036=AXIS2_PLACEMENT_3D('',#3104,#2574,#2575);
#2037=AXIS2_PLACEMENT_3D('',#3105,#2576,#2577);
#2038=AXIS2_PLACEMENT_3D('',#3106,#2578,#2579);
#2039=AXIS2_PLACEMENT_3D('',#3107,#2580,#2581);
#2040=AXIS2_PLACEMENT_3D('',#3108,#2582,#2583);
#2041=AXIS2_PLACEMENT_3D('',#3109,#2584,#2585);
#2042=DIRECTION('',(0.,0.,1.));
#2043=DIRECTION('',(1.,0.,0.));
#2044=DIRECTION('',(1.,0.,0.));
#2045=DIRECTION('',(0.,0.,-1.));
#2046=DIRECTION('',(0.,-1.,0.));
#2047=DIRECTION('',(0.,0.,-1.));
#2048=DIRECTION('',(0.,-1.,0.));
#2049=DIRECTION('',(0.,0.,-1.));
#2050=DIRECTION('',(-1.2892330309762E-16,1.,0.));
#2051=DIRECTION('',(-1.,-1.2892330309762E-16,0.));
#2052=DIRECTION('',(1.,1.2892330309762E-16,0.));
#2053=DIRECTION('',(0.,0.,-1.));
#2054=DIRECTION('',(1.,1.2892330309762E-16,0.));
#2055=DIRECTION('',(1.,0.,0.));
#2056=DIRECTION('',(0.,0.,-1.));
#2057=DIRECTION('',(0.,-1.,0.));
#2058=DIRECTION('',(0.,0.,-1.));
#2059=DIRECTION('',(0.,-1.,0.));
#2060=DIRECTION('',(1.,1.85315143486088E-16,0.));
#2061=DIRECTION('',(-1.85315143486088E-16,1.,0.));
#2062=DIRECTION('',(0.,0.,-1.));
#2063=DIRECTION('',(1.85315143486088E-16,-1.,0.));
#2064=DIRECTION('',(0.,0.,-1.));
#2065=DIRECTION('',(1.85315143486088E-16,-1.,0.));
#2066=DIRECTION('',(-1.22116595130084E-16,1.,0.));
#2067=DIRECTION('',(-1.,-1.22116595130084E-16,0.));
#2068=DIRECTION('',(0.,0.,-1.));
#2069=DIRECTION('',(1.,1.22116595130084E-16,0.));
#2070=DIRECTION('',(1.,1.22116595130084E-16,0.));
#2071=DIRECTION('',(1.,0.,0.));
#2072=DIRECTION('',(0.,0.,-1.));
#2073=DIRECTION('',(-1.,0.,0.));
#2074=DIRECTION('',(0.,0.,-1.));
#2075=DIRECTION('',(0.,1.,0.));
#2076=DIRECTION('',(-1.,0.,0.));
#2077=DIRECTION('',(0.,0.,-1.));
#2078=DIRECTION('',(0.,1.,0.));
#2079=DIRECTION('',(0.,0.,-1.));
#2080=DIRECTION('',(0.,-1.,0.));
#2081=DIRECTION('',(0.,-1.,0.));
#2082=DIRECTION('',(-1.22116595130084E-16,1.,0.));
#2083=DIRECTION('',(-1.,-1.22116595130084E-16,0.));
#2084=DIRECTION('',(1.,1.22116595130084E-16,0.));
#2085=DIRECTION('',(1.,1.22116595130084E-16,0.));
#2086=DIRECTION('',(-1.2892330309762E-16,1.,0.));
#2087=DIRECTION('',(-1.,-1.2892330309762E-16,0.));
#2088=DIRECTION('',(1.,1.2892330309762E-16,0.));
#2089=DIRECTION('',(1.,1.2892330309762E-16,0.));
#2090=DIRECTION('',(0.,0.,1.));
#2091=DIRECTION('',(1.,0.,0.));
#2092=DIRECTION('',(1.,1.22116595130084E-16,0.));
#2093=DIRECTION('',(1.85315143486088E-16,-1.,0.));
#2094=DIRECTION('',(1.,1.22116595130084E-16,0.));
#2095=DIRECTION('',(0.,-1.,0.));
#2096=DIRECTION('',(0.,0.,1.));
#2097=DIRECTION('',(1.,0.,0.));
#2098=DIRECTION('',(0.,0.,-1.));
#2099=DIRECTION('',(-1.,0.,0.));
#2100=DIRECTION('',(0.,0.,-1.));
#2101=DIRECTION('',(-1.,0.,0.));
#2102=DIRECTION('',(0.,0.,-1.));
#2103=DIRECTION('',(-1.,0.,0.));
#2104=DIRECTION('',(0.,0.,-1.));
#2105=DIRECTION('',(-1.,0.,0.));
#2106=DIRECTION('',(0.,0.,-1.));
#2107=DIRECTION('',(-1.,0.,0.));
#2108=DIRECTION('',(0.,0.,-1.));
#2109=DIRECTION('',(-1.,0.,0.));
#2110=DIRECTION('',(0.,0.,-1.));
#2111=DIRECTION('',(-1.,0.,0.));
#2112=DIRECTION('',(0.,0.,-1.));
#2113=DIRECTION('',(-1.,0.,0.));
#2114=DIRECTION('',(1.,0.,0.));
#2115=DIRECTION('',(0.,1.,0.));
#2116=DIRECTION('',(-1.,0.,0.));
#2117=DIRECTION('',(0.,0.,-1.));
#2118=DIRECTION('',(-1.,0.,0.));
#2119=DIRECTION('',(0.,-1.,0.));
#2120=DIRECTION('',(-1.,0.,0.));
#2121=DIRECTION('',(0.,-1.,0.));
#2122=DIRECTION('',(0.,0.,-1.));
#2123=DIRECTION('',(-1.,0.,0.));
#2124=DIRECTION('',(-1.,0.,0.));
#2125=DIRECTION('',(0.,0.,-1.));
#2126=DIRECTION('',(-1.,0.,0.));
#2127=DIRECTION('',(0.,-1.,0.));
#2128=DIRECTION('',(-1.,0.,0.));
#2129=DIRECTION('',(0.,-1.,0.));
#2130=DIRECTION('',(0.,0.,-1.));
#2131=DIRECTION('',(-1.,0.,0.));
#2132=DIRECTION('',(-1.,0.,0.));
#2133=DIRECTION('',(0.,0.,-1.));
#2134=DIRECTION('',(-1.,0.,0.));
#2135=DIRECTION('',(0.,-1.,0.));
#2136=DIRECTION('',(-1.,0.,0.));
#2137=DIRECTION('',(0.,-1.,0.));
#2138=DIRECTION('',(0.,0.,-1.));
#2139=DIRECTION('',(-1.,0.,0.));
#2140=DIRECTION('',(-1.,0.,0.));
#2141=DIRECTION('',(0.,0.,-1.));
#2142=DIRECTION('',(-1.,0.,0.));
#2143=DIRECTION('',(0.,-1.,0.));
#2144=DIRECTION('',(-1.,0.,0.));
#2145=DIRECTION('',(0.,-1.,0.));
#2146=DIRECTION('',(0.,0.,-1.));
#2147=DIRECTION('',(-1.,0.,0.));
#2148=DIRECTION('',(-1.,0.,0.));
#2149=DIRECTION('',(0.,-1.,0.));
#2150=DIRECTION('',(1.,0.,0.));
#2151=DIRECTION('',(0.,0.,-1.));
#2152=DIRECTION('',(-1.,0.,0.));
#2153=DIRECTION('',(0.,1.,0.));
#2154=DIRECTION('',(-1.,0.,0.));
#2155=DIRECTION('',(0.,1.,0.));
#2156=DIRECTION('',(0.,0.,-1.));
#2157=DIRECTION('',(-1.,0.,0.));
#2158=DIRECTION('',(1.,0.,0.));
#2159=DIRECTION('',(0.,0.,-1.));
#2160=DIRECTION('',(-1.,0.,0.));
#2161=DIRECTION('',(0.,-1.,0.));
#2162=DIRECTION('',(-1.,0.,0.));
#2163=DIRECTION('',(0.,-1.,0.));
#2164=DIRECTION('',(0.,0.,-1.));
#2165=DIRECTION('',(-1.,0.,0.));
#2166=DIRECTION('',(1.,0.,0.));
#2167=DIRECTION('',(0.,0.,-1.));
#2168=DIRECTION('',(-1.,0.,0.));
#2169=DIRECTION('',(0.,-1.,0.));
#2170=DIRECTION('',(-1.,0.,0.));
#2171=DIRECTION('',(0.,-1.,0.));
#2172=DIRECTION('',(0.,0.,-1.));
#2173=DIRECTION('',(-1.,0.,0.));
#2174=DIRECTION('',(1.,0.,0.));
#2175=DIRECTION('',(0.,0.,-1.));
#2176=DIRECTION('',(-1.,0.,0.));
#2177=DIRECTION('',(0.,-1.,0.));
#2178=DIRECTION('',(-1.,0.,0.));
#2179=DIRECTION('',(0.,-1.,0.));
#2180=DIRECTION('',(0.,0.,-1.));
#2181=DIRECTION('',(-1.,0.,0.));
#2182=DIRECTION('',(-1.,0.,0.));
#2183=DIRECTION('',(0.,0.,1.));
#2184=DIRECTION('',(0.,0.,-1.));
#2185=DIRECTION('',(0.,0.,-1.));
#2186=DIRECTION('',(0.,1.,0.));
#2187=DIRECTION('',(0.,1.,0.));
#2188=DIRECTION('',(0.,0.,1.));
#2189=DIRECTION('',(0.,0.,-1.));
#2190=DIRECTION('',(1.,0.,0.));
#2191=DIRECTION('',(0.,0.,-1.));
#2192=DIRECTION('',(-1.,0.,0.));
#2193=DIRECTION('',(0.,0.,1.));
#2194=DIRECTION('',(1.,0.,0.));
#2195=DIRECTION('',(0.,0.,-1.));
#2196=DIRECTION('',(1.,0.,0.));
#2197=DIRECTION('',(0.,0.,-1.));
#2198=DIRECTION('',(0.,-1.,0.));
#2199=DIRECTION('',(0.,0.,-1.));
#2200=DIRECTION('',(0.,-1.,0.));
#2201=DIRECTION('',(0.,0.,-1.));
#2202=DIRECTION('',(-1.,0.,0.));
#2203=DIRECTION('',(0.,0.,-1.));
#2204=DIRECTION('',(1.,0.,0.));
#2205=DIRECTION('',(0.,0.,-1.));
#2206=DIRECTION('',(0.,0.,-1.));
#2207=DIRECTION('',(0.,-1.,0.));
#2208=DIRECTION('',(0.,0.,-1.));
#2209=DIRECTION('',(-1.,0.,0.));
#2210=DIRECTION('',(0.,0.,1.));
#2211=DIRECTION('',(1.,0.,0.));
#2212=DIRECTION('',(0.,0.,-1.));
#2213=DIRECTION('',(0.,1.,0.));
#2214=DIRECTION('',(0.,0.,1.));
#2215=DIRECTION('',(0.,0.,-1.));
#2216=DIRECTION('',(1.,0.,0.));
#2217=DIRECTION('',(0.,0.,-1.));
#2218=DIRECTION('',(-1.,0.,0.));
#2219=DIRECTION('',(0.,0.,1.));
#2220=DIRECTION('',(1.,0.,0.));
#2221=DIRECTION('',(0.,0.,-1.));
#2222=DIRECTION('',(1.,0.,0.));
#2223=DIRECTION('',(0.,0.,-1.));
#2224=DIRECTION('',(0.,-1.,0.));
#2225=DIRECTION('',(0.,0.,-1.));
#2226=DIRECTION('',(0.,-1.,0.));
#2227=DIRECTION('',(0.,0.,-1.));
#2228=DIRECTION('',(-1.,0.,0.));
#2229=DIRECTION('',(0.,0.,-1.));
#2230=DIRECTION('',(1.,0.,0.));
#2231=DIRECTION('',(0.,0.,-1.));
#2232=DIRECTION('',(0.,0.,-1.));
#2233=DIRECTION('',(0.,-1.,0.));
#2234=DIRECTION('',(0.,0.,-1.));
#2235=DIRECTION('',(-1.,0.,0.));
#2236=DIRECTION('',(0.,0.,1.));
#2237=DIRECTION('',(1.,0.,0.));
#2238=DIRECTION('',(0.,0.,-1.));
#2239=DIRECTION('',(0.,1.,0.));
#2240=DIRECTION('',(0.,0.,1.));
#2241=DIRECTION('',(0.,0.,-1.));
#2242=DIRECTION('',(1.,0.,0.));
#2243=DIRECTION('',(0.,0.,-1.));
#2244=DIRECTION('',(-1.,0.,0.));
#2245=DIRECTION('',(0.,0.,1.));
#2246=DIRECTION('',(1.,0.,0.));
#2247=DIRECTION('',(0.,0.,-1.));
#2248=DIRECTION('',(1.,0.,0.));
#2249=DIRECTION('',(0.,0.,-1.));
#2250=DIRECTION('',(0.,-1.,0.));
#2251=DIRECTION('',(0.,0.,-1.));
#2252=DIRECTION('',(0.,-1.,0.));
#2253=DIRECTION('',(0.,0.,-1.));
#2254=DIRECTION('',(-1.,0.,0.));
#2255=DIRECTION('',(0.,0.,-1.));
#2256=DIRECTION('',(1.,0.,0.));
#2257=DIRECTION('',(0.,0.,-1.));
#2258=DIRECTION('',(0.,0.,-1.));
#2259=DIRECTION('',(0.,-1.,0.));
#2260=DIRECTION('',(0.,0.,-1.));
#2261=DIRECTION('',(-1.,0.,0.));
#2262=DIRECTION('',(0.,0.,1.));
#2263=DIRECTION('',(1.,0.,0.));
#2264=DIRECTION('',(0.,0.,-1.));
#2265=DIRECTION('',(0.,1.,0.));
#2266=DIRECTION('',(0.,0.,1.));
#2267=DIRECTION('',(0.,0.,-1.));
#2268=DIRECTION('',(1.,0.,0.));
#2269=DIRECTION('',(0.,0.,-1.));
#2270=DIRECTION('',(-1.,0.,0.));
#2271=DIRECTION('',(0.,0.,1.));
#2272=DIRECTION('',(1.,0.,0.));
#2273=DIRECTION('',(0.,0.,-1.));
#2274=DIRECTION('',(-1.,0.,0.));
#2275=DIRECTION('',(0.,0.,1.));
#2276=DIRECTION('',(0.,0.,-1.));
#2277=DIRECTION('',(0.,1.,0.));
#2278=DIRECTION('',(0.,-1.,0.));
#2279=DIRECTION('',(0.,0.,-1.));
#2280=DIRECTION('',(-1.,0.,0.));
#2281=DIRECTION('',(0.,0.,-1.));
#2282=DIRECTION('',(-1.,0.,0.));
#2283=DIRECTION('',(0.,0.,1.));
#2284=DIRECTION('',(0.,1.,0.));
#2285=DIRECTION('',(0.,0.,-1.));
#2286=DIRECTION('',(0.,0.,-1.));
#2287=DIRECTION('',(-1.,0.,0.));
#2288=DIRECTION('',(0.,0.,1.));
#2289=DIRECTION('',(1.,0.,0.));
#2290=DIRECTION('',(0.,0.,-1.));
#2291=DIRECTION('',(0.,1.,0.));
#2292=DIRECTION('',(0.,0.,1.));
#2293=DIRECTION('',(0.,0.,-1.));
#2294=DIRECTION('',(1.,0.,0.));
#2295=DIRECTION('',(1.,0.,0.));
#2296=DIRECTION('',(0.,0.,-1.));
#2297=DIRECTION('',(0.,1.,0.));
#2298=DIRECTION('',(1.,0.,0.));
#2299=DIRECTION('',(0.,0.,-1.));
#2300=DIRECTION('',(0.,1.,0.));
#2301=DIRECTION('',(1.,0.,0.));
#2302=DIRECTION('',(0.,0.,-1.));
#2303=DIRECTION('',(0.,0.,-1.));
#2304=DIRECTION('',(0.,-1.,0.));
#2305=DIRECTION('',(0.,-1.,0.));
#2306=DIRECTION('',(0.,0.,-1.));
#2307=DIRECTION('',(0.,0.,-1.));
#2308=DIRECTION('',(-1.,0.,0.));
#2309=DIRECTION('',(0.,0.,-1.));
#2310=DIRECTION('',(-1.,0.,0.));
#2311=DIRECTION('',(0.,0.,1.));
#2312=DIRECTION('',(1.,0.,0.));
#2313=DIRECTION('',(0.,0.,-1.));
#2314=DIRECTION('',(1.,0.,0.));
#2315=DIRECTION('',(0.,0.,-1.));
#2316=DIRECTION('',(0.,0.,-1.));
#2317=DIRECTION('',(0.,-1.,0.));
#2318=DIRECTION('',(0.,-1.,0.));
#2319=DIRECTION('',(0.,0.,-1.));
#2320=DIRECTION('',(0.,0.,-1.));
#2321=DIRECTION('',(-1.,0.,0.));
#2322=DIRECTION('',(1.,0.,0.));
#2323=DIRECTION('',(0.,0.,-1.));
#2324=DIRECTION('',(0.,-1.,0.));
#2325=DIRECTION('',(0.,0.,-1.));
#2326=DIRECTION('',(0.,0.,-1.));
#2327=DIRECTION('',(-1.,0.,0.));
#2328=DIRECTION('',(0.,0.,1.));
#2329=DIRECTION('',(1.,0.,0.));
#2330=DIRECTION('',(0.,0.,-1.));
#2331=DIRECTION('',(0.,-1.,0.));
#2332=DIRECTION('',(0.,0.,-1.));
#2333=DIRECTION('',(0.,0.,-1.));
#2334=DIRECTION('',(-1.,0.,0.));
#2335=DIRECTION('',(0.,0.,-1.));
#2336=DIRECTION('',(-1.,0.,0.));
#2337=DIRECTION('',(0.,0.,1.));
#2338=DIRECTION('',(1.,0.,0.));
#2339=DIRECTION('',(0.,0.,-1.));
#2340=DIRECTION('',(1.,0.,0.));
#2341=DIRECTION('',(0.,0.,-1.));
#2342=DIRECTION('',(0.,0.,-1.));
#2343=DIRECTION('',(0.,-1.,0.));
#2344=DIRECTION('',(0.,-1.,0.));
#2345=DIRECTION('',(0.,0.,-1.));
#2346=DIRECTION('',(0.,0.,-1.));
#2347=DIRECTION('',(-1.,0.,0.));
#2348=DIRECTION('',(1.,0.,0.));
#2349=DIRECTION('',(0.,0.,-1.));
#2350=DIRECTION('',(0.,-1.,0.));
#2351=DIRECTION('',(0.,0.,-1.));
#2352=DIRECTION('',(0.,0.,-1.));
#2353=DIRECTION('',(-1.,0.,0.));
#2354=DIRECTION('',(0.,0.,1.));
#2355=DIRECTION('',(1.,0.,0.));
#2356=DIRECTION('',(0.,0.,-1.));
#2357=DIRECTION('',(0.,-1.,0.));
#2358=DIRECTION('',(0.,0.,-1.));
#2359=DIRECTION('',(0.,0.,-1.));
#2360=DIRECTION('',(-1.,0.,0.));
#2361=DIRECTION('',(0.,0.,-1.));
#2362=DIRECTION('',(-1.,0.,0.));
#2363=DIRECTION('',(0.,0.,1.));
#2364=DIRECTION('',(1.,0.,0.));
#2365=DIRECTION('',(0.,0.,-1.));
#2366=DIRECTION('',(1.,0.,0.));
#2367=DIRECTION('',(0.,0.,-1.));
#2368=DIRECTION('',(0.,0.,-1.));
#2369=DIRECTION('',(0.,-1.,0.));
#2370=DIRECTION('',(0.,-1.,0.));
#2371=DIRECTION('',(0.,0.,-1.));
#2372=DIRECTION('',(0.,0.,-1.));
#2373=DIRECTION('',(-1.,0.,0.));
#2374=DIRECTION('',(1.,0.,0.));
#2375=DIRECTION('',(0.,0.,-1.));
#2376=DIRECTION('',(0.,-1.,0.));
#2377=DIRECTION('',(0.,0.,-1.));
#2378=DIRECTION('',(0.,0.,-1.));
#2379=DIRECTION('',(-1.,0.,0.));
#2380=DIRECTION('',(0.,0.,1.));
#2381=DIRECTION('',(1.,0.,0.));
#2382=DIRECTION('',(0.,0.,-1.));
#2383=DIRECTION('',(0.,-1.,0.));
#2384=DIRECTION('',(0.,0.,-1.));
#2385=DIRECTION('',(0.,0.,-1.));
#2386=DIRECTION('',(-1.,0.,0.));
#2387=DIRECTION('',(0.,0.,-1.));
#2388=DIRECTION('',(-1.,0.,0.));
#2389=DIRECTION('',(0.,0.,1.));
#2390=DIRECTION('',(1.,0.,0.));
#2391=DIRECTION('',(0.,0.,-1.));
#2392=DIRECTION('',(1.,0.,0.));
#2393=DIRECTION('',(0.,0.,-1.));
#2394=DIRECTION('',(0.,0.,-1.));
#2395=DIRECTION('',(0.,-1.,0.));
#2396=DIRECTION('',(0.,-1.,0.));
#2397=DIRECTION('',(0.,0.,-1.));
#2398=DIRECTION('',(0.,0.,-1.));
#2399=DIRECTION('',(-1.,0.,0.));
#2400=DIRECTION('',(1.,0.,0.));
#2401=DIRECTION('',(0.,0.,-1.));
#2402=DIRECTION('',(0.,-1.,0.));
#2403=DIRECTION('',(0.,0.,-1.));
#2404=DIRECTION('',(0.,0.,-1.));
#2405=DIRECTION('',(-1.,0.,0.));
#2406=DIRECTION('',(0.,0.,1.));
#2407=DIRECTION('',(1.,0.,0.));
#2408=DIRECTION('',(0.,0.,-1.));
#2409=DIRECTION('',(0.,-1.,0.));
#2410=DIRECTION('',(0.,0.,-1.));
#2411=DIRECTION('',(-1.,0.,0.));
#2412=DIRECTION('',(0.,0.,1.));
#2413=DIRECTION('',(1.,0.,0.));
#2414=DIRECTION('',(0.,0.,1.));
#2415=DIRECTION('',(1.,0.,0.));
#2416=DIRECTION('',(0.,0.,1.));
#2417=DIRECTION('',(1.,0.,0.));
#2418=DIRECTION('',(0.,0.,1.));
#2419=DIRECTION('',(1.,0.,0.));
#2420=DIRECTION('',(0.,0.,1.));
#2421=DIRECTION('',(1.,0.,0.));
#2422=DIRECTION('',(0.,0.,1.));
#2423=DIRECTION('',(1.,0.,0.));
#2424=DIRECTION('',(0.,0.,1.));
#2425=DIRECTION('',(1.,0.,0.));
#2426=DIRECTION('',(0.,0.,1.));
#2427=DIRECTION('',(1.,0.,0.));
#2428=DIRECTION('',(0.,0.,1.));
#2429=DIRECTION('',(1.,0.,0.));
#2430=DIRECTION('',(0.,0.,-1.));
#2431=DIRECTION('',(-1.,0.,0.));
#2432=DIRECTION('',(0.,0.,1.));
#2433=DIRECTION('',(1.,0.,0.));
#2434=DIRECTION('',(0.,0.,-1.));
#2435=DIRECTION('',(-1.,0.,0.));
#2436=DIRECTION('',(0.,0.,-1.));
#2437=DIRECTION('',(1.,0.,0.));
#2438=DIRECTION('',(0.,0.,-1.));
#2439=DIRECTION('',(-1.,0.,0.));
#2440=DIRECTION('',(0.,0.,1.));
#2441=DIRECTION('',(1.,0.,0.));
#2442=DIRECTION('',(0.,0.,-1.));
#2443=DIRECTION('',(-1.,0.,0.));
#2444=DIRECTION('',(0.,0.,-1.));
#2445=DIRECTION('',(1.,0.,0.));
#2446=DIRECTION('',(0.,0.,-1.));
#2447=DIRECTION('',(-1.,0.,0.));
#2448=DIRECTION('',(0.,0.,1.));
#2449=DIRECTION('',(1.,0.,0.));
#2450=DIRECTION('',(0.,0.,-1.));
#2451=DIRECTION('',(-1.,0.,0.));
#2452=DIRECTION('',(0.,0.,-1.));
#2453=DIRECTION('',(1.,0.,0.));
#2454=DIRECTION('',(0.,0.,-1.));
#2455=DIRECTION('',(-1.,0.,0.));
#2456=DIRECTION('',(0.,0.,1.));
#2457=DIRECTION('',(1.,0.,0.));
#2458=DIRECTION('',(0.,0.,-1.));
#2459=DIRECTION('',(-1.,0.,0.));
#2460=DIRECTION('',(0.,0.,-1.));
#2461=DIRECTION('',(1.,0.,0.));
#2462=DIRECTION('',(0.,0.,-1.));
#2463=DIRECTION('',(-1.,0.,0.));
#2464=DIRECTION('',(0.,0.,1.));
#2465=DIRECTION('',(1.,0.,0.));
#2466=DIRECTION('',(0.,0.,-1.));
#2467=DIRECTION('',(-1.,0.,0.));
#2468=DIRECTION('',(0.,0.,-1.));
#2469=DIRECTION('',(1.,0.,0.));
#2470=DIRECTION('',(0.,0.,-1.));
#2471=DIRECTION('',(-1.,0.,0.));
#2472=DIRECTION('',(0.,0.,1.));
#2473=DIRECTION('',(1.,0.,0.));
#2474=DIRECTION('',(0.,0.,-1.));
#2475=DIRECTION('',(-1.,0.,0.));
#2476=DIRECTION('',(0.,0.,-1.));
#2477=DIRECTION('',(1.,0.,0.));
#2478=DIRECTION('',(0.,0.,-1.));
#2479=DIRECTION('',(-1.,0.,0.));
#2480=DIRECTION('',(0.,0.,1.));
#2481=DIRECTION('',(1.,0.,0.));
#2482=DIRECTION('',(0.,0.,-1.));
#2483=DIRECTION('',(-1.,0.,0.));
#2484=DIRECTION('',(0.,0.,-1.));
#2485=DIRECTION('',(1.,0.,0.));
#2486=DIRECTION('',(0.,0.,-1.));
#2487=DIRECTION('',(-1.,0.,0.));
#2488=DIRECTION('',(0.,0.,1.));
#2489=DIRECTION('',(1.,0.,0.));
#2490=DIRECTION('',(0.,0.,-1.));
#2491=DIRECTION('',(-1.,0.,0.));
#2492=DIRECTION('',(0.,0.,-1.));
#2493=DIRECTION('',(1.,0.,0.));
#2494=DIRECTION('',(0.,0.,-1.));
#2495=DIRECTION('',(-1.,0.,0.));
#2496=DIRECTION('',(0.,0.,-1.));
#2497=DIRECTION('',(-1.,0.,0.));
#2498=DIRECTION('',(0.,0.,-1.));
#2499=DIRECTION('',(-1.,0.,0.));
#2500=DIRECTION('',(0.,0.,-1.));
#2501=DIRECTION('',(-1.,0.,0.));
#2502=DIRECTION('',(0.,0.,-1.));
#2503=DIRECTION('',(-1.,0.,0.));
#2504=DIRECTION('',(0.,0.,-1.));
#2505=DIRECTION('',(-1.,0.,0.));
#2506=DIRECTION('',(0.,0.,-1.));
#2507=DIRECTION('',(-1.,0.,0.));
#2508=DIRECTION('',(0.,0.,-1.));
#2509=DIRECTION('',(-1.,0.,0.));
#2510=DIRECTION('',(0.,0.,-1.));
#2511=DIRECTION('',(-1.,0.,0.));
#2512=DIRECTION('',(0.,0.,-1.));
#2513=DIRECTION('',(-1.,0.,0.));
#2514=DIRECTION('',(0.,0.,-1.));
#2515=DIRECTION('',(1.,0.,0.));
#2516=DIRECTION('',(0.,0.,-1.));
#2517=DIRECTION('',(-1.,0.,0.));
#2518=DIRECTION('',(0.,0.,-1.));
#2519=DIRECTION('',(-1.,0.,0.));
#2520=DIRECTION('',(0.,0.,-1.));
#2521=DIRECTION('',(1.,0.,0.));
#2522=DIRECTION('',(0.,0.,-1.));
#2523=DIRECTION('',(-1.,0.,0.));
#2524=DIRECTION('',(0.,0.,-1.));
#2525=DIRECTION('',(-1.,0.,0.));
#2526=DIRECTION('',(0.,0.,-1.));
#2527=DIRECTION('',(1.,0.,0.));
#2528=DIRECTION('',(0.,0.,-1.));
#2529=DIRECTION('',(-1.,0.,0.));
#2530=DIRECTION('',(0.,0.,-1.));
#2531=DIRECTION('',(-1.,0.,0.));
#2532=DIRECTION('',(0.,0.,-1.));
#2533=DIRECTION('',(1.,0.,0.));
#2534=DIRECTION('',(0.,0.,-1.));
#2535=DIRECTION('',(-1.,0.,0.));
#2536=DIRECTION('',(0.,0.,-1.));
#2537=DIRECTION('',(-1.,0.,0.));
#2538=DIRECTION('',(0.,0.,-1.));
#2539=DIRECTION('',(1.,0.,0.));
#2540=DIRECTION('',(0.,0.,-1.));
#2541=DIRECTION('',(-1.,0.,0.));
#2542=DIRECTION('',(0.,0.,-1.));
#2543=DIRECTION('',(-1.,0.,0.));
#2544=DIRECTION('',(0.,0.,-1.));
#2545=DIRECTION('',(1.,0.,0.));
#2546=DIRECTION('',(0.,0.,-1.));
#2547=DIRECTION('',(-1.,0.,0.));
#2548=DIRECTION('',(0.,0.,-1.));
#2549=DIRECTION('',(-1.,0.,0.));
#2550=DIRECTION('',(0.,0.,-1.));
#2551=DIRECTION('',(1.,0.,0.));
#2552=DIRECTION('',(0.,0.,-1.));
#2553=DIRECTION('',(-1.,0.,0.));
#2554=DIRECTION('',(0.,0.,-1.));
#2555=DIRECTION('',(-1.,0.,0.));
#2556=DIRECTION('',(0.,0.,-1.));
#2557=DIRECTION('',(1.,0.,0.));
#2558=DIRECTION('',(0.,0.,-1.));
#2559=DIRECTION('',(-1.,0.,0.));
#2560=DIRECTION('',(1.,0.,0.));
#2561=DIRECTION('',(1.,0.,0.));
#2562=DIRECTION('',(1.,0.,0.));
#2563=DIRECTION('',(0.,0.,-1.));
#2564=DIRECTION('',(1.,0.,0.));
#2565=DIRECTION('',(0.,0.,-1.));
#2566=DIRECTION('',(-1.,0.,0.));
#2567=DIRECTION('',(1.,0.,0.));
#2568=DIRECTION('',(1.,0.,0.));
#2569=DIRECTION('',(0.,0.,-1.));
#2570=DIRECTION('',(0.,-1.,0.));
#2571=DIRECTION('',(0.,0.,-1.));
#2572=DIRECTION('',(-0.707106781186548,-0.707106781186548,0.));
#2573=DIRECTION('',(-0.707106781186548,0.707106781186548,0.));
#2574=DIRECTION('',(0.707106781186548,-0.707106781186548,0.));
#2575=DIRECTION('',(-0.707106781186548,-0.707106781186548,0.));
#2576=DIRECTION('',(1.,1.22116595130084E-16,0.));
#2577=DIRECTION('',(-1.22116595130084E-16,1.,0.));
#2578=DIRECTION('',(0.707106781186547,0.707106781186548,0.));
#2579=DIRECTION('',(0.707106781186548,-0.707106781186547,0.));
#2580=DIRECTION('',(-1.,-1.22116595130084E-16,0.));
#2581=DIRECTION('',(1.22116595130084E-16,-1.,0.));
#2582=DIRECTION('',(-0.707106781186548,0.707106781186547,0.));
#2583=DIRECTION('',(-0.707106781186547,-0.707106781186548,0.));
#2584=DIRECTION('',(-1.85315143486088E-16,1.,0.));
#2585=DIRECTION('',(-1.,-1.85315143486088E-16,0.));
#2586=CARTESIAN_POINT('',(0.,0.,0.));
#2587=CARTESIAN_POINT('',(0.0276,-0.0904875,0.01351));
#2588=CARTESIAN_POINT('',(0.0276,-0.0904875,0.00651));
#2589=CARTESIAN_POINT('',(0.0276,-0.0276,0.00651));
#2590=CARTESIAN_POINT('',(0.0276,-0.153375,0.00651));
#2591=CARTESIAN_POINT('',(0.0276,-0.0276,0.01351));
#2592=CARTESIAN_POINT('',(0.0276,-0.0276,0.01351));
#2593=CARTESIAN_POINT('',(0.0276,-0.0904875,0.01351));
#2594=CARTESIAN_POINT('',(0.0276,-0.153375,0.01351));
#2595=CARTESIAN_POINT('',(0.0276,-0.153375,0.01351));
#2596=CARTESIAN_POINT('',(0.2428875,-0.0276,0.01351));
#2597=CARTESIAN_POINT('',(0.2428875,-0.0276,0.00651));
#2598=CARTESIAN_POINT('',(0.458175,-0.0276,0.00651));
#2599=CARTESIAN_POINT('',(0.458175,-0.0276,0.01351));
#2600=CARTESIAN_POINT('',(0.458175,-0.0276,0.01351));
#2601=CARTESIAN_POINT('',(0.2428875,-0.0276,0.01351));
#2602=CARTESIAN_POINT('',(0.458175,-0.0904875,0.01351));
#2603=CARTESIAN_POINT('',(0.458175,-0.0904875,0.00651));
#2604=CARTESIAN_POINT('',(0.458175,-0.153375,0.00651));
#2605=CARTESIAN_POINT('',(0.458175,-0.153375,0.01351));
#2606=CARTESIAN_POINT('',(0.458175,-0.153375,0.01351));
#2607=CARTESIAN_POINT('',(0.458175,-0.0904875,0.01351));
#2608=CARTESIAN_POINT('',(0.0156,-0.0904875,0.01351));
#2609=CARTESIAN_POINT('',(0.0156,-0.165375,0.01351));
#2610=CARTESIAN_POINT('',(0.0156,-0.165375,0.01051));
#2611=CARTESIAN_POINT('',(0.0156,-0.165375,-0.00749));
#2612=CARTESIAN_POINT('',(0.0156,-0.0156,0.01051));
#2613=CARTESIAN_POINT('',(0.0156,-0.0156,0.01051));
#2614=CARTESIAN_POINT('',(0.0156,-0.0156,0.01351));
#2615=CARTESIAN_POINT('',(0.0156,-0.0156,-0.00749));
#2616=CARTESIAN_POINT('',(0.0156,-0.0904875,-0.00749));
#2617=CARTESIAN_POINT('',(0.2428875,-0.165375,0.01351));
#2618=CARTESIAN_POINT('',(0.470175,-0.165375,0.01351));
#2619=CARTESIAN_POINT('',(0.470175,-0.165375,0.01051));
#2620=CARTESIAN_POINT('',(0.470175,-0.165375,-0.00749));
#2621=CARTESIAN_POINT('',(0.0156,-0.165375,0.01051));
#2622=CARTESIAN_POINT('',(0.2428875,-0.165375,-0.00749));
#2623=CARTESIAN_POINT('',(0.470175,-0.0904875,0.01351));
#2624=CARTESIAN_POINT('',(0.470175,-0.0411,-0.002435));
#2625=CARTESIAN_POINT('',(0.470175,-0.0411,-0.005935));
#2626=CARTESIAN_POINT('',(0.470175,-0.0411,0.00106499999999998));
#2627=CARTESIAN_POINT('',(0.470175,-0.0381,0.00106499999999999));
#2628=CARTESIAN_POINT('',(0.470175,-0.0351,0.00106499999999998));
#2629=CARTESIAN_POINT('',(0.470175,-0.0351,-0.002435));
#2630=CARTESIAN_POINT('',(0.470175,-0.0351,-0.005935));
#2631=CARTESIAN_POINT('',(0.470175,-0.0381,-0.005935));
#2632=CARTESIAN_POINT('',(0.470175,-0.0156,0.01351));
#2633=CARTESIAN_POINT('',(0.470175,-0.0156,0.01051));
#2634=CARTESIAN_POINT('',(0.470175,-0.0156,-0.00749));
#2635=CARTESIAN_POINT('',(0.470175,-0.0904875,0.01051));
#2636=CARTESIAN_POINT('',(0.470175,-0.0904875,-0.00749));
#2637=CARTESIAN_POINT('',(0.2428875,-0.0156,0.01351));
#2638=CARTESIAN_POINT('',(0.2428875,-0.0156,0.01051));
#2639=CARTESIAN_POINT('',(0.2428875,-0.0156,-0.00749));
#2640=CARTESIAN_POINT('',(0.2428875,-0.153375,0.01351));
#2641=CARTESIAN_POINT('',(0.2428875,-0.153375,0.00651));
#2642=CARTESIAN_POINT('',(0.2428875,-0.153375,0.01351));
#2643=CARTESIAN_POINT('',(0.2428875,-0.0904875,0.01351));
#2644=CARTESIAN_POINT('',(0.2428875,-0.0186,0.01351));
#2645=CARTESIAN_POINT('',(0.467175,-0.0186,0.01351));
#2646=CARTESIAN_POINT('',(0.0186,-0.0186,0.01351));
#2647=CARTESIAN_POINT('',(0.0186,-0.165375,0.01351));
#2648=CARTESIAN_POINT('',(0.0186,-0.162375,0.01351));
#2649=CARTESIAN_POINT('',(0.470175,-0.162375,0.01351));
#2650=CARTESIAN_POINT('',(0.467175,-0.162375,0.01351));
#2651=CARTESIAN_POINT('',(0.467175,-0.0904875,0.01351));
#2652=CARTESIAN_POINT('',(0.2428875,-0.0904875,-0.00749));
#2653=CARTESIAN_POINT('',(0.1678,-0.1616875,-0.00749));
#2654=CARTESIAN_POINT('',(0.1662,-0.1616875,-0.00749));
#2655=CARTESIAN_POINT('',(0.2978,-0.1616875,-0.00749));
#2656=CARTESIAN_POINT('',(0.2962,-0.1616875,-0.00749));
#2657=CARTESIAN_POINT('',(0.4665875,-0.1616875,-0.00749));
#2658=CARTESIAN_POINT('',(0.4649875,-0.1616875,-0.00749));
#2659=CARTESIAN_POINT('',(0.4665875,-0.0188,-0.00749));
#2660=CARTESIAN_POINT('',(0.4649875,-0.0188,-0.00749));
#2661=CARTESIAN_POINT('',(0.2978,-0.0188,-0.00749));
#2662=CARTESIAN_POINT('',(0.2962,-0.0188,-0.00749));
#2663=CARTESIAN_POINT('',(0.1678,-0.0188,-0.00749));
#2664=CARTESIAN_POINT('',(0.1662,-0.0188,-0.00749));
#2665=CARTESIAN_POINT('',(0.0188,-0.0188,-0.00749));
#2666=CARTESIAN_POINT('',(0.0172,-0.0188,-0.00749));
#2667=CARTESIAN_POINT('',(0.0188,-0.1616875,-0.00749));
#2668=CARTESIAN_POINT('',(0.0172,-0.1616875,-0.00749));
#2669=CARTESIAN_POINT('',(0.035575,-0.022,-0.00749));
#2670=CARTESIAN_POINT('',(0.022,-0.022,-0.00749));
#2671=CARTESIAN_POINT('',(0.04915,-0.022,-0.00749));
#2672=CARTESIAN_POINT('',(0.022,-0.09,-0.00749));
#2673=CARTESIAN_POINT('',(0.022,-0.158,-0.00749));
#2674=CARTESIAN_POINT('',(0.034384375,-0.158,-0.00749));
#2675=CARTESIAN_POINT('',(0.04676875,-0.158,-0.00749));
#2676=CARTESIAN_POINT('',(0.04676875,-0.159,-0.00749));
#2677=CARTESIAN_POINT('',(0.04776875,-0.159,-0.00749));
#2678=CARTESIAN_POINT('',(0.04776875,-0.1615,-0.00749));
#2679=CARTESIAN_POINT('',(0.04776875,-0.164,-0.00749));
#2680=CARTESIAN_POINT('',(0.05476875,-0.164,-0.00749));
#2681=CARTESIAN_POINT('',(0.06176875,-0.164,-0.00749));
#2682=CARTESIAN_POINT('',(0.06176875,-0.1615,-0.00749));
#2683=CARTESIAN_POINT('',(0.06176875,-0.159,-0.00749));
#2684=CARTESIAN_POINT('',(0.06276875,-0.159,-0.00749));
#2685=CARTESIAN_POINT('',(0.06276875,-0.158,-0.00749));
#2686=CARTESIAN_POINT('',(0.148828125,-0.158,-0.00749));
#2687=CARTESIAN_POINT('',(0.2348875,-0.158,-0.00749));
#2688=CARTESIAN_POINT('',(0.2348875,-0.159,-0.00749));
#2689=CARTESIAN_POINT('',(0.2358875,-0.159,-0.00749));
#2690=CARTESIAN_POINT('',(0.2358875,-0.1615,-0.00749));
#2691=CARTESIAN_POINT('',(0.2358875,-0.164,-0.00749));
#2692=CARTESIAN_POINT('',(0.2428875,-0.164,-0.00749));
#2693=CARTESIAN_POINT('',(0.2498875,-0.164,-0.00749));
#2694=CARTESIAN_POINT('',(0.2498875,-0.1615,-0.00749));
#2695=CARTESIAN_POINT('',(0.2498875,-0.159,-0.00749));
#2696=CARTESIAN_POINT('',(0.2508875,-0.159,-0.00749));
#2697=CARTESIAN_POINT('',(0.2508875,-0.158,-0.00749));
#2698=CARTESIAN_POINT('',(0.2792015625,-0.158,-0.00749));
#2699=CARTESIAN_POINT('',(0.307515625,-0.158,-0.00749));
#2700=CARTESIAN_POINT('',(0.307515625,-0.159,-0.00749));
#2701=CARTESIAN_POINT('',(0.308515625,-0.159,-0.00749));
#2702=CARTESIAN_POINT('',(0.308515625,-0.1615,-0.00749));
#2703=CARTESIAN_POINT('',(0.308515625,-0.164,-0.00749));
#2704=CARTESIAN_POINT('',(0.315515625,-0.164,-0.00749));
#2705=CARTESIAN_POINT('',(0.322515625,-0.164,-0.00749));
#2706=CARTESIAN_POINT('',(0.322515625,-0.1615,-0.00749));
#2707=CARTESIAN_POINT('',(0.322515625,-0.159,-0.00749));
#2708=CARTESIAN_POINT('',(0.323515625,-0.159,-0.00749));
#2709=CARTESIAN_POINT('',(0.323515625,-0.158,-0.00749));
#2710=CARTESIAN_POINT('',(0.3768328125,-0.158,-0.00749));
#2711=CARTESIAN_POINT('',(0.43015,-0.158,-0.00749));
#2712=CARTESIAN_POINT('',(0.43015,-0.159,-0.00749));
#2713=CARTESIAN_POINT('',(0.43115,-0.159,-0.00749));
#2714=CARTESIAN_POINT('',(0.43115,-0.1615,-0.00749));
#2715=CARTESIAN_POINT('',(0.43115,-0.164,-0.00749));
#2716=CARTESIAN_POINT('',(0.43815,-0.164,-0.00749));
#2717=CARTESIAN_POINT('',(0.44515,-0.164,-0.00749));
#2718=CARTESIAN_POINT('',(0.44515,-0.1615,-0.00749));
#2719=CARTESIAN_POINT('',(0.44515,-0.159,-0.00749));
#2720=CARTESIAN_POINT('',(0.44615,-0.159,-0.00749));
#2721=CARTESIAN_POINT('',(0.44615,-0.158,-0.00749));
#2722=CARTESIAN_POINT('',(0.454575,-0.158,-0.00749));
#2723=CARTESIAN_POINT('',(0.463,-0.158,-0.00749));
#2724=CARTESIAN_POINT('',(0.463,-0.09,-0.00749));
#2725=CARTESIAN_POINT('',(0.463,-0.022,-0.00749));
#2726=CARTESIAN_POINT('',(0.44505,-0.022,-0.00749));
#2727=CARTESIAN_POINT('',(0.4271,-0.022,-0.00749));
#2728=CARTESIAN_POINT('',(0.4271,-0.021,-0.00749));
#2729=CARTESIAN_POINT('',(0.4261,-0.021,-0.00749));
#2730=CARTESIAN_POINT('',(0.4261,-0.0185,-0.00749));
#2731=CARTESIAN_POINT('',(0.4261,-0.016,-0.00749));
#2732=CARTESIAN_POINT('',(0.4191,-0.016,-0.00749));
#2733=CARTESIAN_POINT('',(0.4121,-0.016,-0.00749));
#2734=CARTESIAN_POINT('',(0.4121,-0.0185,-0.00749));
#2735=CARTESIAN_POINT('',(0.4121,-0.021,-0.00749));
#2736=CARTESIAN_POINT('',(0.4111,-0.021,-0.00749));
#2737=CARTESIAN_POINT('',(0.4111,-0.022,-0.00749));
#2738=CARTESIAN_POINT('',(0.367903125,-0.022,-0.00749));
#2739=CARTESIAN_POINT('',(0.32470625,-0.022,-0.00749));
#2740=CARTESIAN_POINT('',(0.32470625,-0.021,-0.00749));
#2741=CARTESIAN_POINT('',(0.32370625,-0.021,-0.00749));
#2742=CARTESIAN_POINT('',(0.32370625,-0.0185,-0.00749));
#2743=CARTESIAN_POINT('',(0.32370625,-0.016,-0.00749));
#2744=CARTESIAN_POINT('',(0.31670625,-0.016,-0.00749));
#2745=CARTESIAN_POINT('',(0.30970625,-0.016,-0.00749));
#2746=CARTESIAN_POINT('',(0.30970625,-0.0185,-0.00749));
#2747=CARTESIAN_POINT('',(0.30970625,-0.021,-0.00749));
#2748=CARTESIAN_POINT('',(0.30870625,-0.021,-0.00749));
#2749=CARTESIAN_POINT('',(0.30870625,-0.022,-0.00749));
#2750=CARTESIAN_POINT('',(0.2320925,-0.022,-0.00749));
#2751=CARTESIAN_POINT('',(0.15547875,-0.022,-0.00749));
#2752=CARTESIAN_POINT('',(0.15547875,-0.021,-0.00749));
#2753=CARTESIAN_POINT('',(0.15447875,-0.021,-0.00749));
#2754=CARTESIAN_POINT('',(0.15447875,-0.0185,-0.00749));
#2755=CARTESIAN_POINT('',(0.15447875,-0.016,-0.00749));
#2756=CARTESIAN_POINT('',(0.14747875,-0.016,-0.00749));
#2757=CARTESIAN_POINT('',(0.14047875,-0.016,-0.00749));
#2758=CARTESIAN_POINT('',(0.14047875,-0.0185,-0.00749));
#2759=CARTESIAN_POINT('',(0.14047875,-0.021,-0.00749));
#2760=CARTESIAN_POINT('',(0.13947875,-0.021,-0.00749));
#2761=CARTESIAN_POINT('',(0.13947875,-0.022,-0.00749));
#2762=CARTESIAN_POINT('',(0.102314375,-0.022,-0.00749));
#2763=CARTESIAN_POINT('',(0.06515,-0.022,-0.00749));
#2764=CARTESIAN_POINT('',(0.06515,-0.021,-0.00749));
#2765=CARTESIAN_POINT('',(0.06415,-0.021,-0.00749));
#2766=CARTESIAN_POINT('',(0.06415,-0.0185,-0.00749));
#2767=CARTESIAN_POINT('',(0.06415,-0.016,-0.00749));
#2768=CARTESIAN_POINT('',(0.05715,-0.016,-0.00749));
#2769=CARTESIAN_POINT('',(0.05015,-0.016,-0.00749));
#2770=CARTESIAN_POINT('',(0.05015,-0.0185,-0.00749));
#2771=CARTESIAN_POINT('',(0.05015,-0.021,-0.00749));
#2772=CARTESIAN_POINT('',(0.04915,-0.021,-0.00749));
#2773=CARTESIAN_POINT('',(0.022,-0.09,0.006512));
#2774=CARTESIAN_POINT('',(0.022,-0.158,0.006512));
#2775=CARTESIAN_POINT('',(0.022,-0.158,0.00651));
#2776=CARTESIAN_POINT('',(0.022,-0.022,0.006512));
#2777=CARTESIAN_POINT('',(0.022,-0.022,0.00651));
#2778=CARTESIAN_POINT('',(0.022,-0.09,0.00651));
#2779=CARTESIAN_POINT('',(0.035575,-0.022,0.006512));
#2780=CARTESIAN_POINT('',(0.04915,-0.022,0.006512));
#2781=CARTESIAN_POINT('',(0.04915,-0.022,0.00651));
#2782=CARTESIAN_POINT('',(0.035575,-0.022,0.00651));
#2783=CARTESIAN_POINT('',(0.04915,-0.021,0.006512));
#2784=CARTESIAN_POINT('',(0.04915,-0.021,0.00651));
#2785=CARTESIAN_POINT('',(0.05015,-0.021,0.00651));
#2786=CARTESIAN_POINT('',(0.05015,-0.021,0.006512));
#2787=CARTESIAN_POINT('',(0.05015,-0.0185,0.006512));
#2788=CARTESIAN_POINT('',(0.05015,-0.0185,0.00651));
#2789=CARTESIAN_POINT('',(0.05015,-0.016,0.00651));
#2790=CARTESIAN_POINT('',(0.05015,-0.016,0.006512));
#2791=CARTESIAN_POINT('',(0.05715,-0.016,0.006512));
#2792=CARTESIAN_POINT('',(0.05715,-0.016,0.00651));
#2793=CARTESIAN_POINT('',(0.06415,-0.016,0.00651));
#2794=CARTESIAN_POINT('',(0.06415,-0.016,0.006512));
#2795=CARTESIAN_POINT('',(0.06415,-0.0185,0.006512));
#2796=CARTESIAN_POINT('',(0.06415,-0.021,0.006512));
#2797=CARTESIAN_POINT('',(0.06415,-0.021,0.00651));
#2798=CARTESIAN_POINT('',(0.06415,-0.0185,0.00651));
#2799=CARTESIAN_POINT('',(0.06515,-0.021,0.006512));
#2800=CARTESIAN_POINT('',(0.06515,-0.021,0.00651));
#2801=CARTESIAN_POINT('',(0.06515,-0.022,0.00651));
#2802=CARTESIAN_POINT('',(0.06515,-0.022,0.006512));
#2803=CARTESIAN_POINT('',(0.102314375,-0.022,0.006512));
#2804=CARTESIAN_POINT('',(0.13947875,-0.022,0.006512));
#2805=CARTESIAN_POINT('',(0.13947875,-0.022,0.00651));
#2806=CARTESIAN_POINT('',(0.102314375,-0.022,0.00651));
#2807=CARTESIAN_POINT('',(0.13947875,-0.021,0.006512));
#2808=CARTESIAN_POINT('',(0.13947875,-0.021,0.00651));
#2809=CARTESIAN_POINT('',(0.14047875,-0.021,0.00651));
#2810=CARTESIAN_POINT('',(0.14047875,-0.021,0.006512));
#2811=CARTESIAN_POINT('',(0.14047875,-0.0185,0.006512));
#2812=CARTESIAN_POINT('',(0.14047875,-0.0185,0.00651));
#2813=CARTESIAN_POINT('',(0.14047875,-0.016,0.00651));
#2814=CARTESIAN_POINT('',(0.14047875,-0.016,0.006512));
#2815=CARTESIAN_POINT('',(0.14747875,-0.016,0.006512));
#2816=CARTESIAN_POINT('',(0.14747875,-0.016,0.00651));
#2817=CARTESIAN_POINT('',(0.15447875,-0.016,0.00651));
#2818=CARTESIAN_POINT('',(0.15447875,-0.016,0.006512));
#2819=CARTESIAN_POINT('',(0.15447875,-0.0185,0.006512));
#2820=CARTESIAN_POINT('',(0.15447875,-0.021,0.006512));
#2821=CARTESIAN_POINT('',(0.15447875,-0.021,0.00651));
#2822=CARTESIAN_POINT('',(0.15447875,-0.0185,0.00651));
#2823=CARTESIAN_POINT('',(0.15547875,-0.021,0.006512));
#2824=CARTESIAN_POINT('',(0.15547875,-0.021,0.00651));
#2825=CARTESIAN_POINT('',(0.15547875,-0.022,0.00651));
#2826=CARTESIAN_POINT('',(0.15547875,-0.022,0.006512));
#2827=CARTESIAN_POINT('',(0.2320925,-0.022,0.006512));
#2828=CARTESIAN_POINT('',(0.30870625,-0.022,0.006512));
#2829=CARTESIAN_POINT('',(0.30870625,-0.022,0.00651));
#2830=CARTESIAN_POINT('',(0.2320925,-0.022,0.00651));
#2831=CARTESIAN_POINT('',(0.30870625,-0.021,0.006512));
#2832=CARTESIAN_POINT('',(0.30870625,-0.021,0.00651));
#2833=CARTESIAN_POINT('',(0.30970625,-0.021,0.00651));
#2834=CARTESIAN_POINT('',(0.30970625,-0.021,0.006512));
#2835=CARTESIAN_POINT('',(0.30970625,-0.0185,0.006512));
#2836=CARTESIAN_POINT('',(0.30970625,-0.0185,0.00651));
#2837=CARTESIAN_POINT('',(0.30970625,-0.016,0.00651));
#2838=CARTESIAN_POINT('',(0.30970625,-0.016,0.006512));
#2839=CARTESIAN_POINT('',(0.31670625,-0.016,0.006512));
#2840=CARTESIAN_POINT('',(0.31670625,-0.016,0.00651));
#2841=CARTESIAN_POINT('',(0.32370625,-0.016,0.00651));
#2842=CARTESIAN_POINT('',(0.32370625,-0.016,0.006512));
#2843=CARTESIAN_POINT('',(0.32370625,-0.0185,0.006512));
#2844=CARTESIAN_POINT('',(0.32370625,-0.021,0.006512));
#2845=CARTESIAN_POINT('',(0.32370625,-0.021,0.00651));
#2846=CARTESIAN_POINT('',(0.32370625,-0.0185,0.00651));
#2847=CARTESIAN_POINT('',(0.32470625,-0.021,0.006512));
#2848=CARTESIAN_POINT('',(0.32470625,-0.021,0.00651));
#2849=CARTESIAN_POINT('',(0.32470625,-0.022,0.00651));
#2850=CARTESIAN_POINT('',(0.32470625,-0.022,0.006512));
#2851=CARTESIAN_POINT('',(0.367903125,-0.022,0.006512));
#2852=CARTESIAN_POINT('',(0.4111,-0.022,0.006512));
#2853=CARTESIAN_POINT('',(0.4111,-0.022,0.00651));
#2854=CARTESIAN_POINT('',(0.367903125,-0.022,0.00651));
#2855=CARTESIAN_POINT('',(0.4111,-0.021,0.006512));
#2856=CARTESIAN_POINT('',(0.4111,-0.021,0.00651));
#2857=CARTESIAN_POINT('',(0.4121,-0.021,0.00651));
#2858=CARTESIAN_POINT('',(0.4121,-0.021,0.006512));
#2859=CARTESIAN_POINT('',(0.4121,-0.0185,0.006512));
#2860=CARTESIAN_POINT('',(0.4121,-0.016,0.006512));
#2861=CARTESIAN_POINT('',(0.4121,-0.016,0.00651));
#2862=CARTESIAN_POINT('',(0.4121,-0.0185,0.00651));
#2863=CARTESIAN_POINT('',(0.4191,-0.016,0.006512));
#2864=CARTESIAN_POINT('',(0.4191,-0.016,0.00651));
#2865=CARTESIAN_POINT('',(0.4261,-0.016,0.00651));
#2866=CARTESIAN_POINT('',(0.4261,-0.016,0.006512));
#2867=CARTESIAN_POINT('',(0.4261,-0.0185,0.006512));
#2868=CARTESIAN_POINT('',(0.4261,-0.0185,0.00651));
#2869=CARTESIAN_POINT('',(0.4261,-0.021,0.00651));
#2870=CARTESIAN_POINT('',(0.4261,-0.021,0.006512));
#2871=CARTESIAN_POINT('',(0.4271,-0.021,0.006512));
#2872=CARTESIAN_POINT('',(0.4271,-0.021,0.00651));
#2873=CARTESIAN_POINT('',(0.4271,-0.022,0.00651));
#2874=CARTESIAN_POINT('',(0.4271,-0.022,0.006512));
#2875=CARTESIAN_POINT('',(0.44505,-0.022,0.006512));
#2876=CARTESIAN_POINT('',(0.463,-0.022,0.006512));
#2877=CARTESIAN_POINT('',(0.463,-0.022,0.00651));
#2878=CARTESIAN_POINT('',(0.44505,-0.022,0.00651));
#2879=CARTESIAN_POINT('',(0.463,-0.09,0.006512));
#2880=CARTESIAN_POINT('',(0.463,-0.09,0.00106499999999999));
#2881=CARTESIAN_POINT('',(0.463,-0.0411,0.00106499999999998));
#2882=CARTESIAN_POINT('',(0.463,-0.0351,0.00106499999999998));
#2883=CARTESIAN_POINT('',(0.463,-0.0411,-0.002435));
#2884=CARTESIAN_POINT('',(0.463,-0.0411,-0.005935));
#2885=CARTESIAN_POINT('',(0.463,-0.09,-0.005935));
#2886=CARTESIAN_POINT('',(0.463,-0.0351,-0.005935));
#2887=CARTESIAN_POINT('',(0.463,-0.0351,-0.002435));
#2888=CARTESIAN_POINT('',(0.463,-0.158,0.006512));
#2889=CARTESIAN_POINT('',(0.463,-0.158,0.00651));
#2890=CARTESIAN_POINT('',(0.463,-0.09,0.00651));
#2891=CARTESIAN_POINT('',(0.454575,-0.158,0.006512));
#2892=CARTESIAN_POINT('',(0.44615,-0.158,0.006512));
#2893=CARTESIAN_POINT('',(0.44615,-0.158,0.00651));
#2894=CARTESIAN_POINT('',(0.454575,-0.158,0.00651));
#2895=CARTESIAN_POINT('',(0.44615,-0.159,0.006512));
#2896=CARTESIAN_POINT('',(0.44615,-0.159,0.00651));
#2897=CARTESIAN_POINT('',(0.44515,-0.159,0.00651));
#2898=CARTESIAN_POINT('',(0.44515,-0.159,0.006512));
#2899=CARTESIAN_POINT('',(0.44515,-0.1615,0.006512));
#2900=CARTESIAN_POINT('',(0.44515,-0.164,0.006512));
#2901=CARTESIAN_POINT('',(0.44515,-0.164,0.00651));
#2902=CARTESIAN_POINT('',(0.44515,-0.1615,0.00651));
#2903=CARTESIAN_POINT('',(0.43815,-0.164,0.006512));
#2904=CARTESIAN_POINT('',(0.43115,-0.164,0.006512));
#2905=CARTESIAN_POINT('',(0.43115,-0.164,0.00651));
#2906=CARTESIAN_POINT('',(0.43815,-0.164,0.00651));
#2907=CARTESIAN_POINT('',(0.43115,-0.1615,0.006512));
#2908=CARTESIAN_POINT('',(0.43115,-0.1615,0.00651));
#2909=CARTESIAN_POINT('',(0.43115,-0.159,0.00651));
#2910=CARTESIAN_POINT('',(0.43115,-0.159,0.006512));
#2911=CARTESIAN_POINT('',(0.43015,-0.159,0.006512));
#2912=CARTESIAN_POINT('',(0.43015,-0.159,0.00651));
#2913=CARTESIAN_POINT('',(0.43015,-0.158,0.00651));
#2914=CARTESIAN_POINT('',(0.43015,-0.158,0.006512));
#2915=CARTESIAN_POINT('',(0.3768328125,-0.158,0.006512));
#2916=CARTESIAN_POINT('',(0.323515625,-0.158,0.006512));
#2917=CARTESIAN_POINT('',(0.323515625,-0.158,0.00651));
#2918=CARTESIAN_POINT('',(0.3768328125,-0.158,0.00651));
#2919=CARTESIAN_POINT('',(0.323515625,-0.159,0.006512));
#2920=CARTESIAN_POINT('',(0.323515625,-0.159,0.00651));
#2921=CARTESIAN_POINT('',(0.322515625,-0.159,0.00651));
#2922=CARTESIAN_POINT('',(0.322515625,-0.159,0.006512));
#2923=CARTESIAN_POINT('',(0.322515625,-0.1615,0.006512));
#2924=CARTESIAN_POINT('',(0.322515625,-0.164,0.006512));
#2925=CARTESIAN_POINT('',(0.322515625,-0.164,0.00651));
#2926=CARTESIAN_POINT('',(0.322515625,-0.1615,0.00651));
#2927=CARTESIAN_POINT('',(0.315515625,-0.164,0.006512));
#2928=CARTESIAN_POINT('',(0.308515625,-0.164,0.006512));
#2929=CARTESIAN_POINT('',(0.308515625,-0.164,0.00651));
#2930=CARTESIAN_POINT('',(0.315515625,-0.164,0.00651));
#2931=CARTESIAN_POINT('',(0.308515625,-0.1615,0.006512));
#2932=CARTESIAN_POINT('',(0.308515625,-0.1615,0.00651));
#2933=CARTESIAN_POINT('',(0.308515625,-0.159,0.00651));
#2934=CARTESIAN_POINT('',(0.308515625,-0.159,0.006512));
#2935=CARTESIAN_POINT('',(0.307515625,-0.159,0.006512));
#2936=CARTESIAN_POINT('',(0.307515625,-0.159,0.00651));
#2937=CARTESIAN_POINT('',(0.307515625,-0.158,0.00651));
#2938=CARTESIAN_POINT('',(0.307515625,-0.158,0.006512));
#2939=CARTESIAN_POINT('',(0.2792015625,-0.158,0.006512));
#2940=CARTESIAN_POINT('',(0.2508875,-0.158,0.006512));
#2941=CARTESIAN_POINT('',(0.2508875,-0.158,0.00651));
#2942=CARTESIAN_POINT('',(0.2792015625,-0.158,0.00651));
#2943=CARTESIAN_POINT('',(0.2508875,-0.159,0.006512));
#2944=CARTESIAN_POINT('',(0.2508875,-0.159,0.00651));
#2945=CARTESIAN_POINT('',(0.2498875,-0.159,0.00651));
#2946=CARTESIAN_POINT('',(0.2498875,-0.159,0.006512));
#2947=CARTESIAN_POINT('',(0.2498875,-0.1615,0.006512));
#2948=CARTESIAN_POINT('',(0.2498875,-0.164,0.006512));
#2949=CARTESIAN_POINT('',(0.2498875,-0.164,0.00651));
#2950=CARTESIAN_POINT('',(0.2498875,-0.1615,0.00651));
#2951=CARTESIAN_POINT('',(0.2428875,-0.164,0.006512));
#2952=CARTESIAN_POINT('',(0.2358875,-0.164,0.006512));
#2953=CARTESIAN_POINT('',(0.2358875,-0.164,0.00651));
#2954=CARTESIAN_POINT('',(0.2428875,-0.164,0.00651));
#2955=CARTESIAN_POINT('',(0.2358875,-0.1615,0.006512));
#2956=CARTESIAN_POINT('',(0.2358875,-0.1615,0.00651));
#2957=CARTESIAN_POINT('',(0.2358875,-0.159,0.00651));
#2958=CARTESIAN_POINT('',(0.2358875,-0.159,0.006512));
#2959=CARTESIAN_POINT('',(0.2348875,-0.159,0.006512));
#2960=CARTESIAN_POINT('',(0.2348875,-0.159,0.00651));
#2961=CARTESIAN_POINT('',(0.2348875,-0.158,0.00651));
#2962=CARTESIAN_POINT('',(0.2348875,-0.158,0.006512));
#2963=CARTESIAN_POINT('',(0.148828125,-0.158,0.006512));
#2964=CARTESIAN_POINT('',(0.06276875,-0.158,0.006512));
#2965=CARTESIAN_POINT('',(0.06276875,-0.158,0.00651));
#2966=CARTESIAN_POINT('',(0.148828125,-0.158,0.00651));
#2967=CARTESIAN_POINT('',(0.06276875,-0.159,0.006512));
#2968=CARTESIAN_POINT('',(0.06276875,-0.159,0.00651));
#2969=CARTESIAN_POINT('',(0.06176875,-0.159,0.00651));
#2970=CARTESIAN_POINT('',(0.06176875,-0.159,0.006512));
#2971=CARTESIAN_POINT('',(0.06176875,-0.1615,0.006512));
#2972=CARTESIAN_POINT('',(0.06176875,-0.164,0.006512));
#2973=CARTESIAN_POINT('',(0.06176875,-0.164,0.00651));
#2974=CARTESIAN_POINT('',(0.06176875,-0.1615,0.00651));
#2975=CARTESIAN_POINT('',(0.05476875,-0.164,0.006512));
#2976=CARTESIAN_POINT('',(0.04776875,-0.164,0.006512));
#2977=CARTESIAN_POINT('',(0.04776875,-0.164,0.00651));
#2978=CARTESIAN_POINT('',(0.05476875,-0.164,0.00651));
#2979=CARTESIAN_POINT('',(0.04776875,-0.1615,0.006512));
#2980=CARTESIAN_POINT('',(0.04776875,-0.1615,0.00651));
#2981=CARTESIAN_POINT('',(0.04776875,-0.159,0.00651));
#2982=CARTESIAN_POINT('',(0.04776875,-0.159,0.006512));
#2983=CARTESIAN_POINT('',(0.04676875,-0.159,0.006512));
#2984=CARTESIAN_POINT('',(0.04676875,-0.159,0.00651));
#2985=CARTESIAN_POINT('',(0.04676875,-0.158,0.00651));
#2986=CARTESIAN_POINT('',(0.04676875,-0.158,0.006512));
#2987=CARTESIAN_POINT('',(0.034384375,-0.158,0.006512));
#2988=CARTESIAN_POINT('',(0.034384375,-0.158,0.00651));
#2989=CARTESIAN_POINT('',(0.2425,-0.09,0.00651));
#2990=CARTESIAN_POINT('',(0.05715,-0.02,0.00651));
#2991=CARTESIAN_POINT('',(0.05925,-0.02,0.00651));
#2992=CARTESIAN_POINT('',(0.14747875,-0.02,0.00651));
#2993=CARTESIAN_POINT('',(0.14957875,-0.02,0.00651));
#2994=CARTESIAN_POINT('',(0.31670625,-0.02,0.00651));
#2995=CARTESIAN_POINT('',(0.31880625,-0.02,0.00651));
#2996=CARTESIAN_POINT('',(0.4191,-0.02,0.00651));
#2997=CARTESIAN_POINT('',(0.4212,-0.02,0.00651));
#2998=CARTESIAN_POINT('',(0.43815,-0.16,0.00651));
#2999=CARTESIAN_POINT('',(0.44025,-0.16,0.00651));
#3000=CARTESIAN_POINT('',(0.315515625,-0.16,0.00651));
#3001=CARTESIAN_POINT('',(0.317615625,-0.16,0.00651));
#3002=CARTESIAN_POINT('',(0.2428875,-0.16,0.00651));
#3003=CARTESIAN_POINT('',(0.2449875,-0.16,0.00651));
#3004=CARTESIAN_POINT('',(0.05476875,-0.16,0.00651));
#3005=CARTESIAN_POINT('',(0.05686875,-0.16,0.00651));
#3006=CARTESIAN_POINT('',(0.05476875,-0.16,0.01151));
#3007=CARTESIAN_POINT('',(0.05476875,-0.16,0.00701));
#3008=CARTESIAN_POINT('',(0.05636875,-0.16,0.00701));
#3009=CARTESIAN_POINT('',(0.05476875,-0.16,0.01151));
#3010=CARTESIAN_POINT('',(0.05316875,-0.16,0.01151));
#3011=CARTESIAN_POINT('',(0.2425,-0.09,0.01151));
#3012=CARTESIAN_POINT('',(0.05715,-0.02,0.01151));
#3013=CARTESIAN_POINT('',(0.05715,-0.02,0.00701));
#3014=CARTESIAN_POINT('',(0.05875,-0.02,0.00701));
#3015=CARTESIAN_POINT('',(0.05715,-0.02,0.01151));
#3016=CARTESIAN_POINT('',(0.05555,-0.02,0.01151));
#3017=CARTESIAN_POINT('',(0.2425,-0.09,0.01151));
#3018=CARTESIAN_POINT('',(0.14747875,-0.02,0.01151));
#3019=CARTESIAN_POINT('',(0.14747875,-0.02,0.00701));
#3020=CARTESIAN_POINT('',(0.14907875,-0.02,0.00701));
#3021=CARTESIAN_POINT('',(0.14747875,-0.02,0.01151));
#3022=CARTESIAN_POINT('',(0.14587875,-0.02,0.01151));
#3023=CARTESIAN_POINT('',(0.2425,-0.09,0.01151));
#3024=CARTESIAN_POINT('',(0.31670625,-0.02,0.01151));
#3025=CARTESIAN_POINT('',(0.31670625,-0.02,0.00701));
#3026=CARTESIAN_POINT('',(0.31830625,-0.02,0.00701));
#3027=CARTESIAN_POINT('',(0.31670625,-0.02,0.01151));
#3028=CARTESIAN_POINT('',(0.31510625,-0.02,0.01151));
#3029=CARTESIAN_POINT('',(0.2425,-0.09,0.01151));
#3030=CARTESIAN_POINT('',(0.4191,-0.02,0.01151));
#3031=CARTESIAN_POINT('',(0.4191,-0.02,0.00701));
#3032=CARTESIAN_POINT('',(0.4207,-0.02,0.00701));
#3033=CARTESIAN_POINT('',(0.4191,-0.02,0.01151));
#3034=CARTESIAN_POINT('',(0.4175,-0.02,0.01151));
#3035=CARTESIAN_POINT('',(0.2425,-0.09,0.01151));
#3036=CARTESIAN_POINT('',(0.43815,-0.16,0.01151));
#3037=CARTESIAN_POINT('',(0.43815,-0.16,0.00701));
#3038=CARTESIAN_POINT('',(0.43975,-0.16,0.00701));
#3039=CARTESIAN_POINT('',(0.43815,-0.16,0.01151));
#3040=CARTESIAN_POINT('',(0.43655,-0.16,0.01151));
#3041=CARTESIAN_POINT('',(0.2425,-0.09,0.01151));
#3042=CARTESIAN_POINT('',(0.315515625,-0.16,0.01151));
#3043=CARTESIAN_POINT('',(0.315515625,-0.16,0.00701));
#3044=CARTESIAN_POINT('',(0.317115625,-0.16,0.00701));
#3045=CARTESIAN_POINT('',(0.315515625,-0.16,0.01151));
#3046=CARTESIAN_POINT('',(0.313915625,-0.16,0.01151));
#3047=CARTESIAN_POINT('',(0.2425,-0.09,0.01151));
#3048=CARTESIAN_POINT('',(0.2428875,-0.16,0.01151));
#3049=CARTESIAN_POINT('',(0.2428875,-0.16,0.00701));
#3050=CARTESIAN_POINT('',(0.2444875,-0.16,0.00701));
#3051=CARTESIAN_POINT('',(0.2428875,-0.16,0.01151));
#3052=CARTESIAN_POINT('',(0.2412875,-0.16,0.01151));
#3053=CARTESIAN_POINT('',(0.2425,-0.09,0.01151));
#3054=CARTESIAN_POINT('',(0.05715,-0.02,0.00701));
#3055=CARTESIAN_POINT('',(0.14747875,-0.02,0.00701));
#3056=CARTESIAN_POINT('',(0.31670625,-0.02,0.00701));
#3057=CARTESIAN_POINT('',(0.4191,-0.02,0.00701));
#3058=CARTESIAN_POINT('',(0.43815,-0.16,0.00701));
#3059=CARTESIAN_POINT('',(0.315515625,-0.16,0.00701));
#3060=CARTESIAN_POINT('',(0.2428875,-0.16,0.00701));
#3061=CARTESIAN_POINT('',(0.05476875,-0.16,0.00701));
#3062=CARTESIAN_POINT('',(0.0188,-0.1616875,-0.00249));
#3063=CARTESIAN_POINT('',(0.0188,-0.1616875,-0.00249));
#3064=CARTESIAN_POINT('',(0.0172,-0.1616875,-0.00249));
#3065=CARTESIAN_POINT('',(0.2428875,-0.0904875,-0.00249));
#3066=CARTESIAN_POINT('',(0.0188,-0.0188,-0.00249));
#3067=CARTESIAN_POINT('',(0.0188,-0.0188,-0.00249));
#3068=CARTESIAN_POINT('',(0.0172,-0.0188,-0.00249));
#3069=CARTESIAN_POINT('',(0.2428875,-0.0904875,-0.00249));
#3070=CARTESIAN_POINT('',(0.1678,-0.0188,-0.00249));
#3071=CARTESIAN_POINT('',(0.1678,-0.0188,-0.00249));
#3072=CARTESIAN_POINT('',(0.1662,-0.0188,-0.00249));
#3073=CARTESIAN_POINT('',(0.2428875,-0.0904875,-0.00249));
#3074=CARTESIAN_POINT('',(0.2978,-0.0188,-0.00249));
#3075=CARTESIAN_POINT('',(0.2978,-0.0188,-0.00249));
#3076=CARTESIAN_POINT('',(0.2962,-0.0188,-0.00249));
#3077=CARTESIAN_POINT('',(0.2428875,-0.0904875,-0.00249));
#3078=CARTESIAN_POINT('',(0.4665875,-0.0188,-0.00249));
#3079=CARTESIAN_POINT('',(0.4665875,-0.0188,-0.00249));
#3080=CARTESIAN_POINT('',(0.4649875,-0.0188,-0.00249));
#3081=CARTESIAN_POINT('',(0.2428875,-0.0904875,-0.00249));
#3082=CARTESIAN_POINT('',(0.4665875,-0.1616875,-0.00249));
#3083=CARTESIAN_POINT('',(0.4665875,-0.1616875,-0.00249));
#3084=CARTESIAN_POINT('',(0.4649875,-0.1616875,-0.00249));
#3085=CARTESIAN_POINT('',(0.2428875,-0.0904875,-0.00249));
#3086=CARTESIAN_POINT('',(0.2978,-0.1616875,-0.00249));
#3087=CARTESIAN_POINT('',(0.2978,-0.1616875,-0.00249));
#3088=CARTESIAN_POINT('',(0.2962,-0.1616875,-0.00249));
#3089=CARTESIAN_POINT('',(0.2428875,-0.0904875,-0.00249));
#3090=CARTESIAN_POINT('',(0.1678,-0.1616875,-0.00249));
#3091=CARTESIAN_POINT('',(0.1678,-0.1616875,-0.00249));
#3092=CARTESIAN_POINT('',(0.1662,-0.1616875,-0.00249));
#3093=CARTESIAN_POINT('',(0.2428875,-0.0904875,-0.00249));
#3094=CARTESIAN_POINT('',(0.445175,-0.0381,0.00106499999999999));
#3095=CARTESIAN_POINT('',(0.445175,-0.0351,0.00106499999999998));
#3096=CARTESIAN_POINT('',(0.445175,-0.0411,0.00106499999999998));
#3097=CARTESIAN_POINT('',(0.445175,-0.0411,-0.002435));
#3098=CARTESIAN_POINT('',(0.445175,-0.0411,-0.005935));
#3099=CARTESIAN_POINT('',(0.445175,-0.0381,-0.005935));
#3100=CARTESIAN_POINT('',(0.445175,-0.0351,-0.005935));
#3101=CARTESIAN_POINT('',(0.445175,-0.0351,-0.002435));
#3102=CARTESIAN_POINT('',(0.467175,-0.0904875,0.01051));
#3103=CARTESIAN_POINT('',(0.467175,-0.162375,0.01051));
#3104=CARTESIAN_POINT('',(0.467175,-0.0186,0.01051));
#3105=CARTESIAN_POINT('',(0.2428875,-0.0186,0.01051));
#3106=CARTESIAN_POINT('',(0.0186,-0.0186,0.01051));
#3107=CARTESIAN_POINT('',(0.2428875,-0.162375,0.01051));
#3108=CARTESIAN_POINT('',(0.0186,-0.162375,0.01051));
#3109=CARTESIAN_POINT('',(0.0186,-0.0904875,0.01051));
#3110=MECHANICAL_DESIGN_GEOMETRIC_PRESENTATION_REPRESENTATION('',(#1839),
#3111);
#3111=(
GEOMETRIC_REPRESENTATION_CONTEXT(3)
GLOBAL_UNCERTAINTY_ASSIGNED_CONTEXT((#3112))
GLOBAL_UNIT_ASSIGNED_CONTEXT((#3115,#3114,#3113))
REPRESENTATION_CONTEXT('TopCase','TOP_LEVEL_ASSEMBLY_PART')
);
#3112=UNCERTAINTY_MEASURE_WITH_UNIT(LENGTH_MEASURE(1.E-8),#3115,
'DISTANCE_ACCURACY_VALUE','Maximum Tolerance applied to model');
#3113=(
NAMED_UNIT(*)
SI_UNIT($,.STERADIAN.)
SOLID_ANGLE_UNIT()
);
#3114=(
NAMED_UNIT(*)
PLANE_ANGLE_UNIT()
SI_UNIT($,.RADIAN.)
);
#3115=(
LENGTH_UNIT()
NAMED_UNIT(*)
SI_UNIT($,.METRE.)
);
#3116=PRODUCT_DEFINITION_SHAPE('','',#3117);
#3117=PRODUCT_DEFINITION('','',#3119,#3118);
#3118=PRODUCT_DEFINITION_CONTEXT('',#3125,'design');
#3119=PRODUCT_DEFINITION_FORMATION_WITH_SPECIFIED_SOURCE('','',#3121,
 .NOT_KNOWN.);
#3120=PRODUCT_RELATED_PRODUCT_CATEGORY('','',(#3121));
#3121=PRODUCT('TopCase','TopCase','TopCase',(#3123));
#3122=PRODUCT_CATEGORY('','');
#3123=PRODUCT_CONTEXT('',#3125,'mechanical');
#3124=APPLICATION_PROTOCOL_DEFINITION('international standard',
'ap242_managed_model_based_3d_engineering',2020,#3125);
#3125=APPLICATION_CONTEXT('managed model based 3d engineering');
ENDSEC;
END-ISO-10303-21;
