ISO-10303-21;
HEADER;
/* Generated by software containing ST-Developer
 * from STEP Tools, Inc. (www.steptools.com) 
 */
/* OPTION: using custom renumber hook */

FILE_DESCRIPTION(
/* description */ ('STEP AP242 Edition 2',
'CAx-IF Rec.Pracs.---Representation and Presentation of Product Manufa
cturing Information (PMI)---4.0---2014-10-13',
'CAx-IF Rec.Pracs.---3D Tessellated Geometry---0.4---2014-09-14','2;1',
'CAx-IF Rec.Pracs.---User Defined Attributes---1.5---2016-08-15'),
/* implementation_level */ '2;1');

FILE_NAME(
/* name */ 'Case - PlateMiddle',
/* time_stamp */ '2026-10-05T22:06:20Z',
/* author */ (''),
/* organization */ (''),
/* preprocessor_version */ 'ST-DEVELOPER v20',
/* originating_system */ 'ONSHAPE BY PTC INC, 1.221',
/* authorisation */ '  ');

FILE_SCHEMA (('AP242_MANAGED_MODEL_BASED_3D_ENGINEERING_MIM_LF { 1 0 10303 442 3 1 4 }'));
ENDSEC;

DATA;
#10=SHAPE_REPRESENTATION_RELATIONSHIP('','',#6757,#11);
#11=ADVANCED_BREP_SHAPE_REPRESENTATION('',(#6755),#10841);
#12=PLANE('',#6762);
#13=PLANE('',#6763);
#14=PLANE('',#6764);
#15=PLANE('',#6768);
#16=PLANE('',#6772);
#17=PLANE('',#6773);
#18=PLANE('',#6774);
#19=PLANE('',#6781);
#20=PLANE('',#6782);
#21=PLANE('',#6783);
#22=PLANE('',#6787);
#23=PLANE('',#6791);
#24=PLANE('',#6792);
#25=PLANE('',#6793);
#26=PLANE('',#6803);
#27=PLANE('',#6804);
#28=PLANE('',#6805);
#29=PLANE('',#6806);
#30=PLANE('',#6807);
#31=PLANE('',#6808);
#32=PLANE('',#6809);
#33=PLANE('',#6810);
#34=PLANE('',#6811);
#35=PLANE('',#6812);
#36=PLANE('',#6813);
#37=PLANE('',#6814);
#38=PLANE('',#6815);
#39=PLANE('',#6816);
#40=PLANE('',#6817);
#41=PLANE('',#6818);
#42=PLANE('',#6819);
#43=PLANE('',#6820);
#44=PLANE('',#6821);
#45=PLANE('',#6822);
#46=PLANE('',#6823);
#47=PLANE('',#6824);
#48=PLANE('',#6825);
#49=PLANE('',#6826);
#50=PLANE('',#6827);
#51=PLANE('',#6828);
#52=PLANE('',#6829);
#53=PLANE('',#6830);
#54=PLANE('',#6831);
#55=PLANE('',#6832);
#56=PLANE('',#6833);
#57=PLANE('',#6834);
#58=PLANE('',#6835);
#59=PLANE('',#6836);
#60=PLANE('',#6837);
#61=PLANE('',#6838);
#62=PLANE('',#6839);
#63=PLANE('',#6840);
#64=PLANE('',#6841);
#65=PLANE('',#6842);
#66=PLANE('',#6843);
#67=PLANE('',#6844);
#68=PLANE('',#6845);
#69=PLANE('',#6846);
#70=PLANE('',#6847);
#71=PLANE('',#6848);
#72=PLANE('',#6849);
#73=PLANE('',#6850);
#74=PLANE('',#6851);
#75=PLANE('',#6852);
#76=PLANE('',#6853);
#77=PLANE('',#6854);
#78=PLANE('',#6855);
#79=PLANE('',#6856);
#80=PLANE('',#6857);
#81=PLANE('',#6858);
#82=PLANE('',#6859);
#83=PLANE('',#6860);
#84=PLANE('',#6861);
#85=PLANE('',#6862);
#86=PLANE('',#6863);
#87=PLANE('',#6864);
#88=PLANE('',#6865);
#89=PLANE('',#6866);
#90=PLANE('',#6867);
#91=PLANE('',#6868);
#92=PLANE('',#6869);
#93=PLANE('',#6870);
#94=PLANE('',#6871);
#95=PLANE('',#6872);
#96=PLANE('',#6873);
#97=PLANE('',#6874);
#98=PLANE('',#6875);
#99=PLANE('',#6876);
#100=PLANE('',#6877);
#101=PLANE('',#6878);
#102=PLANE('',#6882);
#103=PLANE('',#6883);
#104=PLANE('',#6884);
#105=PLANE('',#6888);
#106=PLANE('',#6892);
#107=PLANE('',#6896);
#108=PLANE('',#6900);
#109=PLANE('',#6901);
#110=PLANE('',#6902);
#111=PLANE('',#6906);
#112=PLANE('',#6907);
#113=PLANE('',#6908);
#114=PLANE('',#6909);
#115=PLANE('',#6910);
#116=PLANE('',#6911);
#117=PLANE('',#6912);
#118=PLANE('',#6913);
#119=PLANE('',#6917);
#120=PLANE('',#6918);
#121=PLANE('',#6919);
#122=PLANE('',#6923);
#123=PLANE('',#6927);
#124=PLANE('',#6928);
#125=PLANE('',#6929);
#126=PLANE('',#6933);
#127=PLANE('',#6934);
#128=PLANE('',#6935);
#129=PLANE('',#6936);
#130=PLANE('',#6937);
#131=PLANE('',#6938);
#132=PLANE('',#7149);
#133=PLANE('',#7150);
#134=PLANE('',#7151);
#135=PLANE('',#7152);
#136=PLANE('',#7153);
#137=PLANE('',#7154);
#138=PLANE('',#7155);
#139=PLANE('',#7156);
#140=PLANE('',#7160);
#141=PLANE('',#7161);
#142=PLANE('',#7162);
#143=PLANE('',#7166);
#144=PLANE('',#7170);
#145=PLANE('',#7174);
#146=PLANE('',#7178);
#147=PLANE('',#7179);
#148=PLANE('',#7180);
#149=PLANE('',#7184);
#150=PLANE('',#7185);
#151=PLANE('',#7186);
#152=PLANE('',#7187);
#153=PLANE('',#7188);
#154=PLANE('',#7189);
#155=PLANE('',#7190);
#156=PLANE('',#7191);
#157=PLANE('',#7192);
#158=PLANE('',#7193);
#159=PLANE('',#7194);
#160=PLANE('',#7195);
#161=PLANE('',#7196);
#162=PLANE('',#7197);
#163=PLANE('',#7198);
#164=PLANE('',#7199);
#165=PLANE('',#7200);
#166=PLANE('',#7201);
#167=PLANE('',#7202);
#168=PLANE('',#7203);
#169=PLANE('',#7204);
#170=PLANE('',#7205);
#171=PLANE('',#7206);
#172=PLANE('',#7207);
#173=PLANE('',#7208);
#174=PLANE('',#7209);
#175=PLANE('',#7210);
#176=PLANE('',#7211);
#177=PLANE('',#7212);
#178=PLANE('',#7213);
#179=PLANE('',#7214);
#180=PLANE('',#7215);
#181=PLANE('',#7216);
#182=PLANE('',#7217);
#183=PLANE('',#7218);
#184=PLANE('',#7219);
#185=PLANE('',#7220);
#186=PLANE('',#7221);
#187=PLANE('',#7222);
#188=PLANE('',#7223);
#189=PLANE('',#7224);
#190=PLANE('',#7225);
#191=PLANE('',#7226);
#192=PLANE('',#7227);
#193=PLANE('',#7228);
#194=PLANE('',#7229);
#195=PLANE('',#7230);
#196=PLANE('',#7231);
#197=PLANE('',#7232);
#198=PLANE('',#7233);
#199=PLANE('',#7234);
#200=PLANE('',#7235);
#201=PLANE('',#7236);
#202=PLANE('',#7237);
#203=PLANE('',#7238);
#204=PLANE('',#7239);
#205=PLANE('',#7240);
#206=PLANE('',#7241);
#207=PLANE('',#7242);
#208=PLANE('',#7243);
#209=PLANE('',#7244);
#210=PLANE('',#7245);
#211=PLANE('',#7246);
#212=PLANE('',#7247);
#213=PLANE('',#7248);
#214=PLANE('',#7249);
#215=PLANE('',#7253);
#216=PLANE('',#7254);
#217=PLANE('',#7255);
#218=PLANE('',#7256);
#219=PLANE('',#7257);
#220=PLANE('',#7258);
#221=PLANE('',#7259);
#222=PLANE('',#7260);
#223=PLANE('',#7261);
#224=PLANE('',#7262);
#225=PLANE('',#7263);
#226=PLANE('',#7264);
#227=PLANE('',#7265);
#228=PLANE('',#7266);
#229=PLANE('',#7267);
#230=PLANE('',#7268);
#231=PLANE('',#7269);
#232=PLANE('',#7270);
#233=PLANE('',#7271);
#234=PLANE('',#7272);
#235=PLANE('',#7273);
#236=LINE('',#9001,#926);
#237=LINE('',#9005,#927);
#238=LINE('',#9007,#928);
#239=LINE('',#9009,#929);
#240=LINE('',#9011,#930);
#241=LINE('',#9013,#931);
#242=LINE('',#9015,#932);
#243=LINE('',#9017,#933);
#244=LINE('',#9019,#934);
#245=LINE('',#9021,#935);
#246=LINE('',#9023,#936);
#247=LINE('',#9029,#937);
#248=LINE('',#9031,#938);
#249=LINE('',#9033,#939);
#250=LINE('',#9035,#940);
#251=LINE('',#9041,#941);
#252=LINE('',#9043,#942);
#253=LINE('',#9045,#943);
#254=LINE('',#9047,#944);
#255=LINE('',#9049,#945);
#256=LINE('',#9051,#946);
#257=LINE('',#9053,#947);
#258=LINE('',#9055,#948);
#259=LINE('',#9057,#949);
#260=LINE('',#9059,#950);
#261=LINE('',#9065,#951);
#262=LINE('',#9070,#952);
#263=LINE('',#9074,#953);
#264=LINE('',#9076,#954);
#265=LINE('',#9078,#955);
#266=LINE('',#9080,#956);
#267=LINE('',#9082,#957);
#268=LINE('',#9084,#958);
#269=LINE('',#9086,#959);
#270=LINE('',#9088,#960);
#271=LINE('',#9090,#961);
#272=LINE('',#9092,#962);
#273=LINE('',#9098,#963);
#274=LINE('',#9100,#964);
#275=LINE('',#9103,#965);
#276=LINE('',#9105,#966);
#277=LINE('',#9107,#967);
#278=LINE('',#9111,#968);
#279=LINE('',#9115,#969);
#280=LINE('',#9117,#970);
#281=LINE('',#9119,#971);
#282=LINE('',#9121,#972);
#283=LINE('',#9123,#973);
#284=LINE('',#9125,#974);
#285=LINE('',#9127,#975);
#286=LINE('',#9129,#976);
#287=LINE('',#9131,#977);
#288=LINE('',#9148,#978);
#289=LINE('',#9151,#979);
#290=LINE('',#9153,#980);
#291=LINE('',#9155,#981);
#292=LINE('',#9157,#982);
#293=LINE('',#9159,#983);
#294=LINE('',#9161,#984);
#295=LINE('',#9163,#985);
#296=LINE('',#9165,#986);
#297=LINE('',#9167,#987);
#298=LINE('',#9169,#988);
#299=LINE('',#9170,#989);
#300=LINE('',#9172,#990);
#301=LINE('',#9175,#991);
#302=LINE('',#9177,#992);
#303=LINE('',#9179,#993);
#304=LINE('',#9181,#994);
#305=LINE('',#9183,#995);
#306=LINE('',#9185,#996);
#307=LINE('',#9187,#997);
#308=LINE('',#9189,#998);
#309=LINE('',#9191,#999);
#310=LINE('',#9193,#1000);
#311=LINE('',#9194,#1001);
#312=LINE('',#9196,#1002);
#313=LINE('',#9199,#1003);
#314=LINE('',#9201,#1004);
#315=LINE('',#9203,#1005);
#316=LINE('',#9205,#1006);
#317=LINE('',#9207,#1007);
#318=LINE('',#9209,#1008);
#319=LINE('',#9211,#1009);
#320=LINE('',#9213,#1010);
#321=LINE('',#9215,#1011);
#322=LINE('',#9217,#1012);
#323=LINE('',#9218,#1013);
#324=LINE('',#9220,#1014);
#325=LINE('',#9223,#1015);
#326=LINE('',#9225,#1016);
#327=LINE('',#9227,#1017);
#328=LINE('',#9229,#1018);
#329=LINE('',#9231,#1019);
#330=LINE('',#9233,#1020);
#331=LINE('',#9235,#1021);
#332=LINE('',#9237,#1022);
#333=LINE('',#9239,#1023);
#334=LINE('',#9241,#1024);
#335=LINE('',#9242,#1025);
#336=LINE('',#9244,#1026);
#337=LINE('',#9247,#1027);
#338=LINE('',#9249,#1028);
#339=LINE('',#9251,#1029);
#340=LINE('',#9253,#1030);
#341=LINE('',#9255,#1031);
#342=LINE('',#9257,#1032);
#343=LINE('',#9259,#1033);
#344=LINE('',#9261,#1034);
#345=LINE('',#9263,#1035);
#346=LINE('',#9265,#1036);
#347=LINE('',#9266,#1037);
#348=LINE('',#9268,#1038);
#349=LINE('',#9271,#1039);
#350=LINE('',#9273,#1040);
#351=LINE('',#9275,#1041);
#352=LINE('',#9277,#1042);
#353=LINE('',#9279,#1043);
#354=LINE('',#9281,#1044);
#355=LINE('',#9283,#1045);
#356=LINE('',#9285,#1046);
#357=LINE('',#9287,#1047);
#358=LINE('',#9289,#1048);
#359=LINE('',#9290,#1049);
#360=LINE('',#9292,#1050);
#361=LINE('',#9295,#1051);
#362=LINE('',#9297,#1052);
#363=LINE('',#9299,#1053);
#364=LINE('',#9301,#1054);
#365=LINE('',#9303,#1055);
#366=LINE('',#9305,#1056);
#367=LINE('',#9307,#1057);
#368=LINE('',#9309,#1058);
#369=LINE('',#9311,#1059);
#370=LINE('',#9313,#1060);
#371=LINE('',#9314,#1061);
#372=LINE('',#9316,#1062);
#373=LINE('',#9319,#1063);
#374=LINE('',#9321,#1064);
#375=LINE('',#9323,#1065);
#376=LINE('',#9325,#1066);
#377=LINE('',#9327,#1067);
#378=LINE('',#9329,#1068);
#379=LINE('',#9331,#1069);
#380=LINE('',#9333,#1070);
#381=LINE('',#9335,#1071);
#382=LINE('',#9337,#1072);
#383=LINE('',#9338,#1073);
#384=LINE('',#9340,#1074);
#385=LINE('',#9343,#1075);
#386=LINE('',#9345,#1076);
#387=LINE('',#9347,#1077);
#388=LINE('',#9349,#1078);
#389=LINE('',#9351,#1079);
#390=LINE('',#9353,#1080);
#391=LINE('',#9355,#1081);
#392=LINE('',#9357,#1082);
#393=LINE('',#9359,#1083);
#394=LINE('',#9361,#1084);
#395=LINE('',#9362,#1085);
#396=LINE('',#9364,#1086);
#397=LINE('',#9367,#1087);
#398=LINE('',#9369,#1088);
#399=LINE('',#9371,#1089);
#400=LINE('',#9373,#1090);
#401=LINE('',#9375,#1091);
#402=LINE('',#9377,#1092);
#403=LINE('',#9379,#1093);
#404=LINE('',#9381,#1094);
#405=LINE('',#9383,#1095);
#406=LINE('',#9385,#1096);
#407=LINE('',#9386,#1097);
#408=LINE('',#9388,#1098);
#409=LINE('',#9391,#1099);
#410=LINE('',#9393,#1100);
#411=LINE('',#9395,#1101);
#412=LINE('',#9397,#1102);
#413=LINE('',#9399,#1103);
#414=LINE('',#9401,#1104);
#415=LINE('',#9403,#1105);
#416=LINE('',#9405,#1106);
#417=LINE('',#9407,#1107);
#418=LINE('',#9409,#1108);
#419=LINE('',#9410,#1109);
#420=LINE('',#9412,#1110);
#421=LINE('',#9415,#1111);
#422=LINE('',#9417,#1112);
#423=LINE('',#9419,#1113);
#424=LINE('',#9421,#1114);
#425=LINE('',#9423,#1115);
#426=LINE('',#9425,#1116);
#427=LINE('',#9427,#1117);
#428=LINE('',#9429,#1118);
#429=LINE('',#9431,#1119);
#430=LINE('',#9433,#1120);
#431=LINE('',#9434,#1121);
#432=LINE('',#9436,#1122);
#433=LINE('',#9439,#1123);
#434=LINE('',#9441,#1124);
#435=LINE('',#9443,#1125);
#436=LINE('',#9445,#1126);
#437=LINE('',#9447,#1127);
#438=LINE('',#9449,#1128);
#439=LINE('',#9451,#1129);
#440=LINE('',#9453,#1130);
#441=LINE('',#9455,#1131);
#442=LINE('',#9457,#1132);
#443=LINE('',#9458,#1133);
#444=LINE('',#9460,#1134);
#445=LINE('',#9463,#1135);
#446=LINE('',#9465,#1136);
#447=LINE('',#9467,#1137);
#448=LINE('',#9469,#1138);
#449=LINE('',#9471,#1139);
#450=LINE('',#9473,#1140);
#451=LINE('',#9475,#1141);
#452=LINE('',#9477,#1142);
#453=LINE('',#9479,#1143);
#454=LINE('',#9481,#1144);
#455=LINE('',#9482,#1145);
#456=LINE('',#9484,#1146);
#457=LINE('',#9487,#1147);
#458=LINE('',#9489,#1148);
#459=LINE('',#9491,#1149);
#460=LINE('',#9493,#1150);
#461=LINE('',#9495,#1151);
#462=LINE('',#9497,#1152);
#463=LINE('',#9499,#1153);
#464=LINE('',#9501,#1154);
#465=LINE('',#9503,#1155);
#466=LINE('',#9505,#1156);
#467=LINE('',#9506,#1157);
#468=LINE('',#9508,#1158);
#469=LINE('',#9511,#1159);
#470=LINE('',#9513,#1160);
#471=LINE('',#9515,#1161);
#472=LINE('',#9517,#1162);
#473=LINE('',#9519,#1163);
#474=LINE('',#9521,#1164);
#475=LINE('',#9523,#1165);
#476=LINE('',#9525,#1166);
#477=LINE('',#9527,#1167);
#478=LINE('',#9529,#1168);
#479=LINE('',#9530,#1169);
#480=LINE('',#9532,#1170);
#481=LINE('',#9535,#1171);
#482=LINE('',#9537,#1172);
#483=LINE('',#9539,#1173);
#484=LINE('',#9541,#1174);
#485=LINE('',#9543,#1175);
#486=LINE('',#9545,#1176);
#487=LINE('',#9547,#1177);
#488=LINE('',#9549,#1178);
#489=LINE('',#9551,#1179);
#490=LINE('',#9553,#1180);
#491=LINE('',#9554,#1181);
#492=LINE('',#9556,#1182);
#493=LINE('',#9559,#1183);
#494=LINE('',#9561,#1184);
#495=LINE('',#9563,#1185);
#496=LINE('',#9565,#1186);
#497=LINE('',#9567,#1187);
#498=LINE('',#9569,#1188);
#499=LINE('',#9571,#1189);
#500=LINE('',#9573,#1190);
#501=LINE('',#9575,#1191);
#502=LINE('',#9577,#1192);
#503=LINE('',#9578,#1193);
#504=LINE('',#9580,#1194);
#505=LINE('',#9583,#1195);
#506=LINE('',#9585,#1196);
#507=LINE('',#9587,#1197);
#508=LINE('',#9589,#1198);
#509=LINE('',#9591,#1199);
#510=LINE('',#9593,#1200);
#511=LINE('',#9595,#1201);
#512=LINE('',#9597,#1202);
#513=LINE('',#9599,#1203);
#514=LINE('',#9601,#1204);
#515=LINE('',#9603,#1205);
#516=LINE('',#9605,#1206);
#517=LINE('',#9609,#1207);
#518=LINE('',#9613,#1208);
#519=LINE('',#9615,#1209);
#520=LINE('',#9617,#1210);
#521=LINE('',#9619,#1211);
#522=LINE('',#9621,#1212);
#523=LINE('',#9623,#1213);
#524=LINE('',#9625,#1214);
#525=LINE('',#9627,#1215);
#526=LINE('',#9629,#1216);
#527=LINE('',#9633,#1217);
#528=LINE('',#9637,#1218);
#529=LINE('',#9639,#1219);
#530=LINE('',#9641,#1220);
#531=LINE('',#9645,#1221);
#532=LINE('',#9649,#1222);
#533=LINE('',#9651,#1223);
#534=LINE('',#9653,#1224);
#535=LINE('',#9657,#1225);
#536=LINE('',#9661,#1226);
#537=LINE('',#9663,#1227);
#538=LINE('',#9665,#1228);
#539=LINE('',#9669,#1229);
#540=LINE('',#9673,#1230);
#541=LINE('',#9675,#1231);
#542=LINE('',#9677,#1232);
#543=LINE('',#9679,#1233);
#544=LINE('',#9681,#1234);
#545=LINE('',#9683,#1235);
#546=LINE('',#9685,#1236);
#547=LINE('',#9687,#1237);
#548=LINE('',#9689,#1238);
#549=LINE('',#9693,#1239);
#550=LINE('',#9697,#1240);
#551=LINE('',#9699,#1241);
#552=LINE('',#9701,#1242);
#553=LINE('',#9703,#1243);
#554=LINE('',#9705,#1244);
#555=LINE('',#9707,#1245);
#556=LINE('',#9709,#1246);
#557=LINE('',#9711,#1247);
#558=LINE('',#9713,#1248);
#559=LINE('',#9715,#1249);
#560=LINE('',#9717,#1250);
#561=LINE('',#9719,#1251);
#562=LINE('',#9721,#1252);
#563=LINE('',#9722,#1253);
#564=LINE('',#9724,#1254);
#565=LINE('',#9727,#1255);
#566=LINE('',#9729,#1256);
#567=LINE('',#9731,#1257);
#568=LINE('',#9733,#1258);
#569=LINE('',#9735,#1259);
#570=LINE('',#9737,#1260);
#571=LINE('',#9739,#1261);
#572=LINE('',#9741,#1262);
#573=LINE('',#9743,#1263);
#574=LINE('',#9747,#1264);
#575=LINE('',#9751,#1265);
#576=LINE('',#9753,#1266);
#577=LINE('',#9755,#1267);
#578=LINE('',#9757,#1268);
#579=LINE('',#9759,#1269);
#580=LINE('',#9761,#1270);
#581=LINE('',#9763,#1271);
#582=LINE('',#9765,#1272);
#583=LINE('',#9767,#1273);
#584=LINE('',#9771,#1274);
#585=LINE('',#9775,#1275);
#586=LINE('',#9777,#1276);
#587=LINE('',#9779,#1277);
#588=LINE('',#9783,#1278);
#589=LINE('',#9787,#1279);
#590=LINE('',#9789,#1280);
#591=LINE('',#9791,#1281);
#592=LINE('',#9793,#1282);
#593=LINE('',#9795,#1283);
#594=LINE('',#9797,#1284);
#595=LINE('',#9799,#1285);
#596=LINE('',#9801,#1286);
#597=LINE('',#9803,#1287);
#598=LINE('',#9807,#1288);
#599=LINE('',#9811,#1289);
#600=LINE('',#9813,#1290);
#601=LINE('',#9815,#1291);
#602=LINE('',#9817,#1292);
#603=LINE('',#9819,#1293);
#604=LINE('',#9821,#1294);
#605=LINE('',#9823,#1295);
#606=LINE('',#9825,#1296);
#607=LINE('',#9827,#1297);
#608=LINE('',#9829,#1298);
#609=LINE('',#9831,#1299);
#610=LINE('',#9833,#1300);
#611=LINE('',#9835,#1301);
#612=LINE('',#9837,#1302);
#613=LINE('',#9839,#1303);
#614=LINE('',#9841,#1304);
#615=LINE('',#9842,#1305);
#616=LINE('',#10194,#1306);
#617=LINE('',#10197,#1307);
#618=LINE('',#10199,#1308);
#619=LINE('',#10201,#1309);
#620=LINE('',#10203,#1310);
#621=LINE('',#10205,#1311);
#622=LINE('',#10207,#1312);
#623=LINE('',#10209,#1313);
#624=LINE('',#10211,#1314);
#625=LINE('',#10213,#1315);
#626=LINE('',#10215,#1316);
#627=LINE('',#10216,#1317);
#628=LINE('',#10218,#1318);
#629=LINE('',#10221,#1319);
#630=LINE('',#10223,#1320);
#631=LINE('',#10225,#1321);
#632=LINE('',#10227,#1322);
#633=LINE('',#10229,#1323);
#634=LINE('',#10231,#1324);
#635=LINE('',#10233,#1325);
#636=LINE('',#10235,#1326);
#637=LINE('',#10237,#1327);
#638=LINE('',#10239,#1328);
#639=LINE('',#10241,#1329);
#640=LINE('',#10243,#1330);
#641=LINE('',#10247,#1331);
#642=LINE('',#10251,#1332);
#643=LINE('',#10253,#1333);
#644=LINE('',#10255,#1334);
#645=LINE('',#10257,#1335);
#646=LINE('',#10259,#1336);
#647=LINE('',#10261,#1337);
#648=LINE('',#10263,#1338);
#649=LINE('',#10265,#1339);
#650=LINE('',#10267,#1340);
#651=LINE('',#10271,#1341);
#652=LINE('',#10275,#1342);
#653=LINE('',#10277,#1343);
#654=LINE('',#10279,#1344);
#655=LINE('',#10283,#1345);
#656=LINE('',#10287,#1346);
#657=LINE('',#10289,#1347);
#658=LINE('',#10291,#1348);
#659=LINE('',#10295,#1349);
#660=LINE('',#10299,#1350);
#661=LINE('',#10301,#1351);
#662=LINE('',#10303,#1352);
#663=LINE('',#10307,#1353);
#664=LINE('',#10311,#1354);
#665=LINE('',#10313,#1355);
#666=LINE('',#10315,#1356);
#667=LINE('',#10317,#1357);
#668=LINE('',#10319,#1358);
#669=LINE('',#10321,#1359);
#670=LINE('',#10323,#1360);
#671=LINE('',#10325,#1361);
#672=LINE('',#10327,#1362);
#673=LINE('',#10331,#1363);
#674=LINE('',#10335,#1364);
#675=LINE('',#10337,#1365);
#676=LINE('',#10339,#1366);
#677=LINE('',#10341,#1367);
#678=LINE('',#10343,#1368);
#679=LINE('',#10345,#1369);
#680=LINE('',#10347,#1370);
#681=LINE('',#10349,#1371);
#682=LINE('',#10351,#1372);
#683=LINE('',#10353,#1373);
#684=LINE('',#10355,#1374);
#685=LINE('',#10357,#1375);
#686=LINE('',#10359,#1376);
#687=LINE('',#10360,#1377);
#688=LINE('',#10362,#1378);
#689=LINE('',#10365,#1379);
#690=LINE('',#10367,#1380);
#691=LINE('',#10369,#1381);
#692=LINE('',#10371,#1382);
#693=LINE('',#10373,#1383);
#694=LINE('',#10375,#1384);
#695=LINE('',#10377,#1385);
#696=LINE('',#10379,#1386);
#697=LINE('',#10381,#1387);
#698=LINE('',#10383,#1388);
#699=LINE('',#10384,#1389);
#700=LINE('',#10386,#1390);
#701=LINE('',#10389,#1391);
#702=LINE('',#10391,#1392);
#703=LINE('',#10393,#1393);
#704=LINE('',#10395,#1394);
#705=LINE('',#10397,#1395);
#706=LINE('',#10399,#1396);
#707=LINE('',#10401,#1397);
#708=LINE('',#10403,#1398);
#709=LINE('',#10405,#1399);
#710=LINE('',#10407,#1400);
#711=LINE('',#10408,#1401);
#712=LINE('',#10410,#1402);
#713=LINE('',#10413,#1403);
#714=LINE('',#10415,#1404);
#715=LINE('',#10417,#1405);
#716=LINE('',#10419,#1406);
#717=LINE('',#10421,#1407);
#718=LINE('',#10423,#1408);
#719=LINE('',#10425,#1409);
#720=LINE('',#10427,#1410);
#721=LINE('',#10429,#1411);
#722=LINE('',#10431,#1412);
#723=LINE('',#10432,#1413);
#724=LINE('',#10434,#1414);
#725=LINE('',#10437,#1415);
#726=LINE('',#10439,#1416);
#727=LINE('',#10441,#1417);
#728=LINE('',#10443,#1418);
#729=LINE('',#10445,#1419);
#730=LINE('',#10447,#1420);
#731=LINE('',#10449,#1421);
#732=LINE('',#10451,#1422);
#733=LINE('',#10453,#1423);
#734=LINE('',#10455,#1424);
#735=LINE('',#10456,#1425);
#736=LINE('',#10458,#1426);
#737=LINE('',#10461,#1427);
#738=LINE('',#10463,#1428);
#739=LINE('',#10465,#1429);
#740=LINE('',#10467,#1430);
#741=LINE('',#10469,#1431);
#742=LINE('',#10471,#1432);
#743=LINE('',#10473,#1433);
#744=LINE('',#10475,#1434);
#745=LINE('',#10477,#1435);
#746=LINE('',#10479,#1436);
#747=LINE('',#10480,#1437);
#748=LINE('',#10482,#1438);
#749=LINE('',#10485,#1439);
#750=LINE('',#10487,#1440);
#751=LINE('',#10489,#1441);
#752=LINE('',#10491,#1442);
#753=LINE('',#10493,#1443);
#754=LINE('',#10495,#1444);
#755=LINE('',#10497,#1445);
#756=LINE('',#10499,#1446);
#757=LINE('',#10501,#1447);
#758=LINE('',#10503,#1448);
#759=LINE('',#10504,#1449);
#760=LINE('',#10506,#1450);
#761=LINE('',#10509,#1451);
#762=LINE('',#10511,#1452);
#763=LINE('',#10513,#1453);
#764=LINE('',#10515,#1454);
#765=LINE('',#10517,#1455);
#766=LINE('',#10519,#1456);
#767=LINE('',#10521,#1457);
#768=LINE('',#10523,#1458);
#769=LINE('',#10525,#1459);
#770=LINE('',#10527,#1460);
#771=LINE('',#10528,#1461);
#772=LINE('',#10530,#1462);
#773=LINE('',#10533,#1463);
#774=LINE('',#10535,#1464);
#775=LINE('',#10537,#1465);
#776=LINE('',#10539,#1466);
#777=LINE('',#10541,#1467);
#778=LINE('',#10543,#1468);
#779=LINE('',#10545,#1469);
#780=LINE('',#10547,#1470);
#781=LINE('',#10549,#1471);
#782=LINE('',#10551,#1472);
#783=LINE('',#10552,#1473);
#784=LINE('',#10554,#1474);
#785=LINE('',#10557,#1475);
#786=LINE('',#10559,#1476);
#787=LINE('',#10561,#1477);
#788=LINE('',#10563,#1478);
#789=LINE('',#10565,#1479);
#790=LINE('',#10567,#1480);
#791=LINE('',#10569,#1481);
#792=LINE('',#10571,#1482);
#793=LINE('',#10573,#1483);
#794=LINE('',#10575,#1484);
#795=LINE('',#10576,#1485);
#796=LINE('',#10578,#1486);
#797=LINE('',#10581,#1487);
#798=LINE('',#10583,#1488);
#799=LINE('',#10585,#1489);
#800=LINE('',#10587,#1490);
#801=LINE('',#10589,#1491);
#802=LINE('',#10591,#1492);
#803=LINE('',#10593,#1493);
#804=LINE('',#10595,#1494);
#805=LINE('',#10597,#1495);
#806=LINE('',#10599,#1496);
#807=LINE('',#10600,#1497);
#808=LINE('',#10602,#1498);
#809=LINE('',#10605,#1499);
#810=LINE('',#10607,#1500);
#811=LINE('',#10609,#1501);
#812=LINE('',#10611,#1502);
#813=LINE('',#10613,#1503);
#814=LINE('',#10615,#1504);
#815=LINE('',#10617,#1505);
#816=LINE('',#10619,#1506);
#817=LINE('',#10621,#1507);
#818=LINE('',#10623,#1508);
#819=LINE('',#10624,#1509);
#820=LINE('',#10626,#1510);
#821=LINE('',#10629,#1511);
#822=LINE('',#10631,#1512);
#823=LINE('',#10633,#1513);
#824=LINE('',#10635,#1514);
#825=LINE('',#10637,#1515);
#826=LINE('',#10639,#1516);
#827=LINE('',#10641,#1517);
#828=LINE('',#10643,#1518);
#829=LINE('',#10645,#1519);
#830=LINE('',#10647,#1520);
#831=LINE('',#10648,#1521);
#832=LINE('',#10650,#1522);
#833=LINE('',#10653,#1523);
#834=LINE('',#10655,#1524);
#835=LINE('',#10657,#1525);
#836=LINE('',#10659,#1526);
#837=LINE('',#10661,#1527);
#838=LINE('',#10663,#1528);
#839=LINE('',#10665,#1529);
#840=LINE('',#10667,#1530);
#841=LINE('',#10669,#1531);
#842=LINE('',#10671,#1532);
#843=LINE('',#10672,#1533);
#844=LINE('',#10674,#1534);
#845=LINE('',#10677,#1535);
#846=LINE('',#10679,#1536);
#847=LINE('',#10681,#1537);
#848=LINE('',#10683,#1538);
#849=LINE('',#10685,#1539);
#850=LINE('',#10687,#1540);
#851=LINE('',#10689,#1541);
#852=LINE('',#10691,#1542);
#853=LINE('',#10693,#1543);
#854=LINE('',#10695,#1544);
#855=LINE('',#10696,#1545);
#856=LINE('',#10698,#1546);
#857=LINE('',#10701,#1547);
#858=LINE('',#10703,#1548);
#859=LINE('',#10705,#1549);
#860=LINE('',#10707,#1550);
#861=LINE('',#10709,#1551);
#862=LINE('',#10711,#1552);
#863=LINE('',#10713,#1553);
#864=LINE('',#10715,#1554);
#865=LINE('',#10717,#1555);
#866=LINE('',#10719,#1556);
#867=LINE('',#10720,#1557);
#868=LINE('',#10722,#1558);
#869=LINE('',#10724,#1559);
#870=LINE('',#10726,#1560);
#871=LINE('',#10730,#1561);
#872=LINE('',#10734,#1562);
#873=LINE('',#10736,#1563);
#874=LINE('',#10738,#1564);
#875=LINE('',#10740,#1565);
#876=LINE('',#10743,#1566);
#877=LINE('',#10744,#1567);
#878=LINE('',#10746,#1568);
#879=LINE('',#10748,#1569);
#880=LINE('',#10749,#1570);
#881=LINE('',#10751,#1571);
#882=LINE('',#10753,#1572);
#883=LINE('',#10755,#1573);
#884=LINE('',#10757,#1574);
#885=LINE('',#10759,#1575);
#886=LINE('',#10761,#1576);
#887=LINE('',#10763,#1577);
#888=LINE('',#10765,#1578);
#889=LINE('',#10767,#1579);
#890=LINE('',#10769,#1580);
#891=LINE('',#10771,#1581);
#892=LINE('',#10772,#1582);
#893=LINE('',#10774,#1583);
#894=LINE('',#10776,#1584);
#895=LINE('',#10778,#1585);
#896=LINE('',#10780,#1586);
#897=LINE('',#10781,#1587);
#898=LINE('',#10783,#1588);
#899=LINE('',#10785,#1589);
#900=LINE('',#10786,#1590);
#901=LINE('',#10788,#1591);
#902=LINE('',#10790,#1592);
#903=LINE('',#10792,#1593);
#904=LINE('',#10794,#1594);
#905=LINE('',#10796,#1595);
#906=LINE('',#10798,#1596);
#907=LINE('',#10800,#1597);
#908=LINE('',#10802,#1598);
#909=LINE('',#10804,#1599);
#910=LINE('',#10806,#1600);
#911=LINE('',#10808,#1601);
#912=LINE('',#10810,#1602);
#913=LINE('',#10812,#1603);
#914=LINE('',#10814,#1604);
#915=LINE('',#10816,#1605);
#916=LINE('',#10819,#1606);
#917=LINE('',#10820,#1607);
#918=LINE('',#10822,#1608);
#919=LINE('',#10824,#1609);
#920=LINE('',#10826,#1610);
#921=LINE('',#10828,#1611);
#922=LINE('',#10830,#1612);
#923=LINE('',#10832,#1613);
#924=LINE('',#10834,#1614);
#925=LINE('',#10836,#1615);
#926=VECTOR('',#7280,1.);
#927=VECTOR('',#7283,1.);
#928=VECTOR('',#7286,1.);
#929=VECTOR('',#7287,1.);
#930=VECTOR('',#7288,1.);
#931=VECTOR('',#7291,1.);
#932=VECTOR('',#7292,1.);
#933=VECTOR('',#7293,1.);
#934=VECTOR('',#7296,1.);
#935=VECTOR('',#7297,1.);
#936=VECTOR('',#7298,1.);
#937=VECTOR('',#7305,1.);
#938=VECTOR('',#7308,1.);
#939=VECTOR('',#7309,1.);
#940=VECTOR('',#7310,1.);
#941=VECTOR('',#7317,1.);
#942=VECTOR('',#7320,1.);
#943=VECTOR('',#7321,1.);
#944=VECTOR('',#7322,1.);
#945=VECTOR('',#7325,1.);
#946=VECTOR('',#7326,1.);
#947=VECTOR('',#7327,1.);
#948=VECTOR('',#7330,1.);
#949=VECTOR('',#7331,1.);
#950=VECTOR('',#7332,1.);
#951=VECTOR('',#7339,1.);
#952=VECTOR('',#7344,1.);
#953=VECTOR('',#7347,1.);
#954=VECTOR('',#7350,1.);
#955=VECTOR('',#7351,1.);
#956=VECTOR('',#7352,1.);
#957=VECTOR('',#7355,1.);
#958=VECTOR('',#7356,1.);
#959=VECTOR('',#7357,1.);
#960=VECTOR('',#7360,1.);
#961=VECTOR('',#7361,1.);
#962=VECTOR('',#7362,1.);
#963=VECTOR('',#7369,1.);
#964=VECTOR('',#7372,1.);
#965=VECTOR('',#7373,1.);
#966=VECTOR('',#7374,1.);
#967=VECTOR('',#7375,1.);
#968=VECTOR('',#7380,1.);
#969=VECTOR('',#7385,1.);
#970=VECTOR('',#7386,1.);
#971=VECTOR('',#7387,1.);
#972=VECTOR('',#7390,1.);
#973=VECTOR('',#7391,1.);
#974=VECTOR('',#7392,1.);
#975=VECTOR('',#7395,1.);
#976=VECTOR('',#7396,1.);
#977=VECTOR('',#7397,1.);
#978=VECTOR('',#7418,1.);
#979=VECTOR('',#7419,1.);
#980=VECTOR('',#7420,1.);
#981=VECTOR('',#7421,1.);
#982=VECTOR('',#7424,1.);
#983=VECTOR('',#7425,1.);
#984=VECTOR('',#7426,1.);
#985=VECTOR('',#7429,1.);
#986=VECTOR('',#7430,1.);
#987=VECTOR('',#7431,1.);
#988=VECTOR('',#7434,1.);
#989=VECTOR('',#7435,1.);
#990=VECTOR('',#7438,1.);
#991=VECTOR('',#7439,1.);
#992=VECTOR('',#7440,1.);
#993=VECTOR('',#7441,1.);
#994=VECTOR('',#7444,1.);
#995=VECTOR('',#7445,1.);
#996=VECTOR('',#7446,1.);
#997=VECTOR('',#7449,1.);
#998=VECTOR('',#7450,1.);
#999=VECTOR('',#7451,1.);
#1000=VECTOR('',#7454,1.);
#1001=VECTOR('',#7455,1.);
#1002=VECTOR('',#7458,1.);
#1003=VECTOR('',#7459,1.);
#1004=VECTOR('',#7460,1.);
#1005=VECTOR('',#7461,1.);
#1006=VECTOR('',#7464,1.);
#1007=VECTOR('',#7465,1.);
#1008=VECTOR('',#7466,1.);
#1009=VECTOR('',#7469,1.);
#1010=VECTOR('',#7470,1.);
#1011=VECTOR('',#7471,1.);
#1012=VECTOR('',#7474,1.);
#1013=VECTOR('',#7475,1.);
#1014=VECTOR('',#7478,1.);
#1015=VECTOR('',#7479,1.);
#1016=VECTOR('',#7480,1.);
#1017=VECTOR('',#7481,1.);
#1018=VECTOR('',#7484,1.);
#1019=VECTOR('',#7485,1.);
#1020=VECTOR('',#7486,1.);
#1021=VECTOR('',#7489,1.);
#1022=VECTOR('',#7490,1.);
#1023=VECTOR('',#7491,1.);
#1024=VECTOR('',#7494,1.);
#1025=VECTOR('',#7495,1.);
#1026=VECTOR('',#7498,1.);
#1027=VECTOR('',#7499,1.);
#1028=VECTOR('',#7500,1.);
#1029=VECTOR('',#7501,1.);
#1030=VECTOR('',#7504,1.);
#1031=VECTOR('',#7505,1.);
#1032=VECTOR('',#7506,1.);
#1033=VECTOR('',#7509,1.);
#1034=VECTOR('',#7510,1.);
#1035=VECTOR('',#7511,1.);
#1036=VECTOR('',#7514,1.);
#1037=VECTOR('',#7515,1.);
#1038=VECTOR('',#7518,1.);
#1039=VECTOR('',#7519,1.);
#1040=VECTOR('',#7520,1.);
#1041=VECTOR('',#7521,1.);
#1042=VECTOR('',#7524,1.);
#1043=VECTOR('',#7525,1.);
#1044=VECTOR('',#7526,1.);
#1045=VECTOR('',#7529,1.);
#1046=VECTOR('',#7530,1.);
#1047=VECTOR('',#7531,1.);
#1048=VECTOR('',#7534,1.);
#1049=VECTOR('',#7535,1.);
#1050=VECTOR('',#7538,1.);
#1051=VECTOR('',#7539,1.);
#1052=VECTOR('',#7540,1.);
#1053=VECTOR('',#7541,1.);
#1054=VECTOR('',#7544,1.);
#1055=VECTOR('',#7545,1.);
#1056=VECTOR('',#7546,1.);
#1057=VECTOR('',#7549,1.);
#1058=VECTOR('',#7550,1.);
#1059=VECTOR('',#7551,1.);
#1060=VECTOR('',#7554,1.);
#1061=VECTOR('',#7555,1.);
#1062=VECTOR('',#7558,1.);
#1063=VECTOR('',#7559,1.);
#1064=VECTOR('',#7560,1.);
#1065=VECTOR('',#7561,1.);
#1066=VECTOR('',#7564,1.);
#1067=VECTOR('',#7565,1.);
#1068=VECTOR('',#7566,1.);
#1069=VECTOR('',#7569,1.);
#1070=VECTOR('',#7570,1.);
#1071=VECTOR('',#7571,1.);
#1072=VECTOR('',#7574,1.);
#1073=VECTOR('',#7575,1.);
#1074=VECTOR('',#7578,1.);
#1075=VECTOR('',#7579,1.);
#1076=VECTOR('',#7580,1.);
#1077=VECTOR('',#7581,1.);
#1078=VECTOR('',#7584,1.);
#1079=VECTOR('',#7585,1.);
#1080=VECTOR('',#7586,1.);
#1081=VECTOR('',#7589,1.);
#1082=VECTOR('',#7590,1.);
#1083=VECTOR('',#7591,1.);
#1084=VECTOR('',#7594,1.);
#1085=VECTOR('',#7595,1.);
#1086=VECTOR('',#7598,1.);
#1087=VECTOR('',#7599,1.);
#1088=VECTOR('',#7600,1.);
#1089=VECTOR('',#7601,1.);
#1090=VECTOR('',#7604,1.);
#1091=VECTOR('',#7605,1.);
#1092=VECTOR('',#7606,1.);
#1093=VECTOR('',#7609,1.);
#1094=VECTOR('',#7610,1.);
#1095=VECTOR('',#7611,1.);
#1096=VECTOR('',#7614,1.);
#1097=VECTOR('',#7615,1.);
#1098=VECTOR('',#7618,1.);
#1099=VECTOR('',#7619,1.);
#1100=VECTOR('',#7620,1.);
#1101=VECTOR('',#7621,1.);
#1102=VECTOR('',#7624,1.);
#1103=VECTOR('',#7625,1.);
#1104=VECTOR('',#7626,1.);
#1105=VECTOR('',#7629,1.);
#1106=VECTOR('',#7630,1.);
#1107=VECTOR('',#7631,1.);
#1108=VECTOR('',#7634,1.);
#1109=VECTOR('',#7635,1.);
#1110=VECTOR('',#7638,1.);
#1111=VECTOR('',#7639,1.);
#1112=VECTOR('',#7640,1.);
#1113=VECTOR('',#7641,1.);
#1114=VECTOR('',#7644,1.);
#1115=VECTOR('',#7645,1.);
#1116=VECTOR('',#7646,1.);
#1117=VECTOR('',#7649,1.);
#1118=VECTOR('',#7650,1.);
#1119=VECTOR('',#7651,1.);
#1120=VECTOR('',#7654,1.);
#1121=VECTOR('',#7655,1.);
#1122=VECTOR('',#7658,1.);
#1123=VECTOR('',#7659,1.);
#1124=VECTOR('',#7660,1.);
#1125=VECTOR('',#7661,1.);
#1126=VECTOR('',#7664,1.);
#1127=VECTOR('',#7665,1.);
#1128=VECTOR('',#7666,1.);
#1129=VECTOR('',#7669,1.);
#1130=VECTOR('',#7670,1.);
#1131=VECTOR('',#7671,1.);
#1132=VECTOR('',#7674,1.);
#1133=VECTOR('',#7675,1.);
#1134=VECTOR('',#7678,1.);
#1135=VECTOR('',#7679,1.);
#1136=VECTOR('',#7680,1.);
#1137=VECTOR('',#7681,1.);
#1138=VECTOR('',#7684,1.);
#1139=VECTOR('',#7685,1.);
#1140=VECTOR('',#7686,1.);
#1141=VECTOR('',#7689,1.);
#1142=VECTOR('',#7690,1.);
#1143=VECTOR('',#7691,1.);
#1144=VECTOR('',#7694,1.);
#1145=VECTOR('',#7695,1.);
#1146=VECTOR('',#7698,1.);
#1147=VECTOR('',#7699,1.);
#1148=VECTOR('',#7700,1.);
#1149=VECTOR('',#7701,1.);
#1150=VECTOR('',#7704,1.);
#1151=VECTOR('',#7705,1.);
#1152=VECTOR('',#7706,1.);
#1153=VECTOR('',#7709,1.);
#1154=VECTOR('',#7710,1.);
#1155=VECTOR('',#7711,1.);
#1156=VECTOR('',#7714,1.);
#1157=VECTOR('',#7715,1.);
#1158=VECTOR('',#7718,1.);
#1159=VECTOR('',#7719,1.);
#1160=VECTOR('',#7720,1.);
#1161=VECTOR('',#7721,1.);
#1162=VECTOR('',#7724,1.);
#1163=VECTOR('',#7725,1.);
#1164=VECTOR('',#7726,1.);
#1165=VECTOR('',#7729,1.);
#1166=VECTOR('',#7730,1.);
#1167=VECTOR('',#7731,1.);
#1168=VECTOR('',#7734,1.);
#1169=VECTOR('',#7735,1.);
#1170=VECTOR('',#7738,1.);
#1171=VECTOR('',#7739,1.);
#1172=VECTOR('',#7740,1.);
#1173=VECTOR('',#7741,1.);
#1174=VECTOR('',#7744,1.);
#1175=VECTOR('',#7745,1.);
#1176=VECTOR('',#7746,1.);
#1177=VECTOR('',#7749,1.);
#1178=VECTOR('',#7750,1.);
#1179=VECTOR('',#7751,1.);
#1180=VECTOR('',#7754,1.);
#1181=VECTOR('',#7755,1.);
#1182=VECTOR('',#7758,1.);
#1183=VECTOR('',#7759,1.);
#1184=VECTOR('',#7760,1.);
#1185=VECTOR('',#7761,1.);
#1186=VECTOR('',#7764,1.);
#1187=VECTOR('',#7765,1.);
#1188=VECTOR('',#7766,1.);
#1189=VECTOR('',#7769,1.);
#1190=VECTOR('',#7770,1.);
#1191=VECTOR('',#7771,1.);
#1192=VECTOR('',#7774,1.);
#1193=VECTOR('',#7775,1.);
#1194=VECTOR('',#7778,1.);
#1195=VECTOR('',#7779,1.);
#1196=VECTOR('',#7780,1.);
#1197=VECTOR('',#7781,1.);
#1198=VECTOR('',#7784,1.);
#1199=VECTOR('',#7785,1.);
#1200=VECTOR('',#7786,1.);
#1201=VECTOR('',#7789,1.);
#1202=VECTOR('',#7790,1.);
#1203=VECTOR('',#7791,1.);
#1204=VECTOR('',#7794,1.);
#1205=VECTOR('',#7795,1.);
#1206=VECTOR('',#7796,1.);
#1207=VECTOR('',#7801,1.);
#1208=VECTOR('',#7806,1.);
#1209=VECTOR('',#7807,1.);
#1210=VECTOR('',#7808,1.);
#1211=VECTOR('',#7811,1.);
#1212=VECTOR('',#7812,1.);
#1213=VECTOR('',#7813,1.);
#1214=VECTOR('',#7816,1.);
#1215=VECTOR('',#7817,1.);
#1216=VECTOR('',#7818,1.);
#1217=VECTOR('',#7823,1.);
#1218=VECTOR('',#7828,1.);
#1219=VECTOR('',#7829,1.);
#1220=VECTOR('',#7830,1.);
#1221=VECTOR('',#7835,1.);
#1222=VECTOR('',#7840,1.);
#1223=VECTOR('',#7841,1.);
#1224=VECTOR('',#7842,1.);
#1225=VECTOR('',#7847,1.);
#1226=VECTOR('',#7852,1.);
#1227=VECTOR('',#7853,1.);
#1228=VECTOR('',#7854,1.);
#1229=VECTOR('',#7859,1.);
#1230=VECTOR('',#7864,1.);
#1231=VECTOR('',#7865,1.);
#1232=VECTOR('',#7866,1.);
#1233=VECTOR('',#7869,1.);
#1234=VECTOR('',#7870,1.);
#1235=VECTOR('',#7871,1.);
#1236=VECTOR('',#7874,1.);
#1237=VECTOR('',#7875,1.);
#1238=VECTOR('',#7876,1.);
#1239=VECTOR('',#7881,1.);
#1240=VECTOR('',#7886,1.);
#1241=VECTOR('',#7887,1.);
#1242=VECTOR('',#7888,1.);
#1243=VECTOR('',#7891,1.);
#1244=VECTOR('',#7892,1.);
#1245=VECTOR('',#7893,1.);
#1246=VECTOR('',#7896,1.);
#1247=VECTOR('',#7897,1.);
#1248=VECTOR('',#7898,1.);
#1249=VECTOR('',#7901,1.);
#1250=VECTOR('',#7902,1.);
#1251=VECTOR('',#7903,1.);
#1252=VECTOR('',#7906,1.);
#1253=VECTOR('',#7907,1.);
#1254=VECTOR('',#7910,1.);
#1255=VECTOR('',#7911,1.);
#1256=VECTOR('',#7912,1.);
#1257=VECTOR('',#7913,1.);
#1258=VECTOR('',#7916,1.);
#1259=VECTOR('',#7917,1.);
#1260=VECTOR('',#7918,1.);
#1261=VECTOR('',#7921,1.);
#1262=VECTOR('',#7922,1.);
#1263=VECTOR('',#7923,1.);
#1264=VECTOR('',#7928,1.);
#1265=VECTOR('',#7933,1.);
#1266=VECTOR('',#7934,1.);
#1267=VECTOR('',#7935,1.);
#1268=VECTOR('',#7938,1.);
#1269=VECTOR('',#7939,1.);
#1270=VECTOR('',#7940,1.);
#1271=VECTOR('',#7943,1.);
#1272=VECTOR('',#7944,1.);
#1273=VECTOR('',#7945,1.);
#1274=VECTOR('',#7950,1.);
#1275=VECTOR('',#7955,1.);
#1276=VECTOR('',#7956,1.);
#1277=VECTOR('',#7957,1.);
#1278=VECTOR('',#7962,1.);
#1279=VECTOR('',#7967,1.);
#1280=VECTOR('',#7968,1.);
#1281=VECTOR('',#7969,1.);
#1282=VECTOR('',#7972,1.);
#1283=VECTOR('',#7973,1.);
#1284=VECTOR('',#7974,1.);
#1285=VECTOR('',#7977,1.);
#1286=VECTOR('',#7978,1.);
#1287=VECTOR('',#7979,1.);
#1288=VECTOR('',#7984,1.);
#1289=VECTOR('',#7989,1.);
#1290=VECTOR('',#7990,1.);
#1291=VECTOR('',#7991,1.);
#1292=VECTOR('',#7994,1.);
#1293=VECTOR('',#7995,1.);
#1294=VECTOR('',#7996,1.);
#1295=VECTOR('',#7999,1.);
#1296=VECTOR('',#8000,1.);
#1297=VECTOR('',#8001,1.);
#1298=VECTOR('',#8004,1.);
#1299=VECTOR('',#8005,1.);
#1300=VECTOR('',#8006,1.);
#1301=VECTOR('',#8009,1.);
#1302=VECTOR('',#8010,1.);
#1303=VECTOR('',#8011,1.);
#1304=VECTOR('',#8014,1.);
#1305=VECTOR('',#8015,1.);
#1306=VECTOR('',#8438,1.);
#1307=VECTOR('',#8439,1.);
#1308=VECTOR('',#8440,1.);
#1309=VECTOR('',#8441,1.);
#1310=VECTOR('',#8444,1.);
#1311=VECTOR('',#8445,1.);
#1312=VECTOR('',#8446,1.);
#1313=VECTOR('',#8449,1.);
#1314=VECTOR('',#8450,1.);
#1315=VECTOR('',#8451,1.);
#1316=VECTOR('',#8454,1.);
#1317=VECTOR('',#8455,1.);
#1318=VECTOR('',#8458,1.);
#1319=VECTOR('',#8459,1.);
#1320=VECTOR('',#8460,1.);
#1321=VECTOR('',#8461,1.);
#1322=VECTOR('',#8464,1.);
#1323=VECTOR('',#8465,1.);
#1324=VECTOR('',#8466,1.);
#1325=VECTOR('',#8469,1.);
#1326=VECTOR('',#8470,1.);
#1327=VECTOR('',#8471,1.);
#1328=VECTOR('',#8474,1.);
#1329=VECTOR('',#8475,1.);
#1330=VECTOR('',#8476,1.);
#1331=VECTOR('',#8481,1.);
#1332=VECTOR('',#8486,1.);
#1333=VECTOR('',#8487,1.);
#1334=VECTOR('',#8488,1.);
#1335=VECTOR('',#8491,1.);
#1336=VECTOR('',#8492,1.);
#1337=VECTOR('',#8493,1.);
#1338=VECTOR('',#8496,1.);
#1339=VECTOR('',#8497,1.);
#1340=VECTOR('',#8498,1.);
#1341=VECTOR('',#8503,1.);
#1342=VECTOR('',#8508,1.);
#1343=VECTOR('',#8509,1.);
#1344=VECTOR('',#8510,1.);
#1345=VECTOR('',#8515,1.);
#1346=VECTOR('',#8520,1.);
#1347=VECTOR('',#8521,1.);
#1348=VECTOR('',#8522,1.);
#1349=VECTOR('',#8527,1.);
#1350=VECTOR('',#8532,1.);
#1351=VECTOR('',#8533,1.);
#1352=VECTOR('',#8534,1.);
#1353=VECTOR('',#8539,1.);
#1354=VECTOR('',#8544,1.);
#1355=VECTOR('',#8545,1.);
#1356=VECTOR('',#8546,1.);
#1357=VECTOR('',#8549,1.);
#1358=VECTOR('',#8550,1.);
#1359=VECTOR('',#8551,1.);
#1360=VECTOR('',#8554,1.);
#1361=VECTOR('',#8555,1.);
#1362=VECTOR('',#8556,1.);
#1363=VECTOR('',#8561,1.);
#1364=VECTOR('',#8566,1.);
#1365=VECTOR('',#8567,1.);
#1366=VECTOR('',#8568,1.);
#1367=VECTOR('',#8571,1.);
#1368=VECTOR('',#8572,1.);
#1369=VECTOR('',#8573,1.);
#1370=VECTOR('',#8576,1.);
#1371=VECTOR('',#8577,1.);
#1372=VECTOR('',#8578,1.);
#1373=VECTOR('',#8581,1.);
#1374=VECTOR('',#8582,1.);
#1375=VECTOR('',#8583,1.);
#1376=VECTOR('',#8586,1.);
#1377=VECTOR('',#8587,1.);
#1378=VECTOR('',#8590,1.);
#1379=VECTOR('',#8591,1.);
#1380=VECTOR('',#8592,1.);
#1381=VECTOR('',#8593,1.);
#1382=VECTOR('',#8596,1.);
#1383=VECTOR('',#8597,1.);
#1384=VECTOR('',#8598,1.);
#1385=VECTOR('',#8601,1.);
#1386=VECTOR('',#8602,1.);
#1387=VECTOR('',#8603,1.);
#1388=VECTOR('',#8606,1.);
#1389=VECTOR('',#8607,1.);
#1390=VECTOR('',#8610,1.);
#1391=VECTOR('',#8611,1.);
#1392=VECTOR('',#8612,1.);
#1393=VECTOR('',#8613,1.);
#1394=VECTOR('',#8616,1.);
#1395=VECTOR('',#8617,1.);
#1396=VECTOR('',#8618,1.);
#1397=VECTOR('',#8621,1.);
#1398=VECTOR('',#8622,1.);
#1399=VECTOR('',#8623,1.);
#1400=VECTOR('',#8626,1.);
#1401=VECTOR('',#8627,1.);
#1402=VECTOR('',#8630,1.);
#1403=VECTOR('',#8631,1.);
#1404=VECTOR('',#8632,1.);
#1405=VECTOR('',#8633,1.);
#1406=VECTOR('',#8636,1.);
#1407=VECTOR('',#8637,1.);
#1408=VECTOR('',#8638,1.);
#1409=VECTOR('',#8641,1.);
#1410=VECTOR('',#8642,1.);
#1411=VECTOR('',#8643,1.);
#1412=VECTOR('',#8646,1.);
#1413=VECTOR('',#8647,1.);
#1414=VECTOR('',#8650,1.);
#1415=VECTOR('',#8651,1.);
#1416=VECTOR('',#8652,1.);
#1417=VECTOR('',#8653,1.);
#1418=VECTOR('',#8656,1.);
#1419=VECTOR('',#8657,1.);
#1420=VECTOR('',#8658,1.);
#1421=VECTOR('',#8661,1.);
#1422=VECTOR('',#8662,1.);
#1423=VECTOR('',#8663,1.);
#1424=VECTOR('',#8666,1.);
#1425=VECTOR('',#8667,1.);
#1426=VECTOR('',#8670,1.);
#1427=VECTOR('',#8671,1.);
#1428=VECTOR('',#8672,1.);
#1429=VECTOR('',#8673,1.);
#1430=VECTOR('',#8676,1.);
#1431=VECTOR('',#8677,1.);
#1432=VECTOR('',#8678,1.);
#1433=VECTOR('',#8681,1.);
#1434=VECTOR('',#8682,1.);
#1435=VECTOR('',#8683,1.);
#1436=VECTOR('',#8686,1.);
#1437=VECTOR('',#8687,1.);
#1438=VECTOR('',#8690,1.);
#1439=VECTOR('',#8691,1.);
#1440=VECTOR('',#8692,1.);
#1441=VECTOR('',#8693,1.);
#1442=VECTOR('',#8696,1.);
#1443=VECTOR('',#8697,1.);
#1444=VECTOR('',#8698,1.);
#1445=VECTOR('',#8701,1.);
#1446=VECTOR('',#8702,1.);
#1447=VECTOR('',#8703,1.);
#1448=VECTOR('',#8706,1.);
#1449=VECTOR('',#8707,1.);
#1450=VECTOR('',#8710,1.);
#1451=VECTOR('',#8711,1.);
#1452=VECTOR('',#8712,1.);
#1453=VECTOR('',#8713,1.);
#1454=VECTOR('',#8716,1.);
#1455=VECTOR('',#8717,1.);
#1456=VECTOR('',#8718,1.);
#1457=VECTOR('',#8721,1.);
#1458=VECTOR('',#8722,1.);
#1459=VECTOR('',#8723,1.);
#1460=VECTOR('',#8726,1.);
#1461=VECTOR('',#8727,1.);
#1462=VECTOR('',#8730,1.);
#1463=VECTOR('',#8731,1.);
#1464=VECTOR('',#8732,1.);
#1465=VECTOR('',#8733,1.);
#1466=VECTOR('',#8736,1.);
#1467=VECTOR('',#8737,1.);
#1468=VECTOR('',#8738,1.);
#1469=VECTOR('',#8741,1.);
#1470=VECTOR('',#8742,1.);
#1471=VECTOR('',#8743,1.);
#1472=VECTOR('',#8746,1.);
#1473=VECTOR('',#8747,1.);
#1474=VECTOR('',#8750,1.);
#1475=VECTOR('',#8751,1.);
#1476=VECTOR('',#8752,1.);
#1477=VECTOR('',#8753,1.);
#1478=VECTOR('',#8756,1.);
#1479=VECTOR('',#8757,1.);
#1480=VECTOR('',#8758,1.);
#1481=VECTOR('',#8761,1.);
#1482=VECTOR('',#8762,1.);
#1483=VECTOR('',#8763,1.);
#1484=VECTOR('',#8766,1.);
#1485=VECTOR('',#8767,1.);
#1486=VECTOR('',#8770,1.);
#1487=VECTOR('',#8771,1.);
#1488=VECTOR('',#8772,1.);
#1489=VECTOR('',#8773,1.);
#1490=VECTOR('',#8776,1.);
#1491=VECTOR('',#8777,1.);
#1492=VECTOR('',#8778,1.);
#1493=VECTOR('',#8781,1.);
#1494=VECTOR('',#8782,1.);
#1495=VECTOR('',#8783,1.);
#1496=VECTOR('',#8786,1.);
#1497=VECTOR('',#8787,1.);
#1498=VECTOR('',#8790,1.);
#1499=VECTOR('',#8791,1.);
#1500=VECTOR('',#8792,1.);
#1501=VECTOR('',#8793,1.);
#1502=VECTOR('',#8796,1.);
#1503=VECTOR('',#8797,1.);
#1504=VECTOR('',#8798,1.);
#1505=VECTOR('',#8801,1.);
#1506=VECTOR('',#8802,1.);
#1507=VECTOR('',#8803,1.);
#1508=VECTOR('',#8806,1.);
#1509=VECTOR('',#8807,1.);
#1510=VECTOR('',#8810,1.);
#1511=VECTOR('',#8811,1.);
#1512=VECTOR('',#8812,1.);
#1513=VECTOR('',#8813,1.);
#1514=VECTOR('',#8816,1.);
#1515=VECTOR('',#8817,1.);
#1516=VECTOR('',#8818,1.);
#1517=VECTOR('',#8821,1.);
#1518=VECTOR('',#8822,1.);
#1519=VECTOR('',#8823,1.);
#1520=VECTOR('',#8826,1.);
#1521=VECTOR('',#8827,1.);
#1522=VECTOR('',#8830,1.);
#1523=VECTOR('',#8831,1.);
#1524=VECTOR('',#8832,1.);
#1525=VECTOR('',#8833,1.);
#1526=VECTOR('',#8836,1.);
#1527=VECTOR('',#8837,1.);
#1528=VECTOR('',#8838,1.);
#1529=VECTOR('',#8841,1.);
#1530=VECTOR('',#8842,1.);
#1531=VECTOR('',#8843,1.);
#1532=VECTOR('',#8846,1.);
#1533=VECTOR('',#8847,1.);
#1534=VECTOR('',#8850,1.);
#1535=VECTOR('',#8851,1.);
#1536=VECTOR('',#8852,1.);
#1537=VECTOR('',#8853,1.);
#1538=VECTOR('',#8856,1.);
#1539=VECTOR('',#8857,1.);
#1540=VECTOR('',#8858,1.);
#1541=VECTOR('',#8861,1.);
#1542=VECTOR('',#8862,1.);
#1543=VECTOR('',#8863,1.);
#1544=VECTOR('',#8866,1.);
#1545=VECTOR('',#8867,1.);
#1546=VECTOR('',#8870,1.);
#1547=VECTOR('',#8871,1.);
#1548=VECTOR('',#8872,1.);
#1549=VECTOR('',#8873,1.);
#1550=VECTOR('',#8876,1.);
#1551=VECTOR('',#8877,1.);
#1552=VECTOR('',#8878,1.);
#1553=VECTOR('',#8881,1.);
#1554=VECTOR('',#8882,1.);
#1555=VECTOR('',#8883,1.);
#1556=VECTOR('',#8886,1.);
#1557=VECTOR('',#8887,1.);
#1558=VECTOR('',#8890,1.);
#1559=VECTOR('',#8891,1.);
#1560=VECTOR('',#8892,1.);
#1561=VECTOR('',#8897,1.);
#1562=VECTOR('',#8902,1.);
#1563=VECTOR('',#8903,1.);
#1564=VECTOR('',#8904,1.);
#1565=VECTOR('',#8907,1.);
#1566=VECTOR('',#8908,1.);
#1567=VECTOR('',#8909,1.);
#1568=VECTOR('',#8912,1.);
#1569=VECTOR('',#8913,1.);
#1570=VECTOR('',#8914,1.);
#1571=VECTOR('',#8915,1.);
#1572=VECTOR('',#8916,1.);
#1573=VECTOR('',#8917,1.);
#1574=VECTOR('',#8918,1.);
#1575=VECTOR('',#8919,1.);
#1576=VECTOR('',#8920,1.);
#1577=VECTOR('',#8921,1.);
#1578=VECTOR('',#8922,1.);
#1579=VECTOR('',#8923,1.);
#1580=VECTOR('',#8924,1.);
#1581=VECTOR('',#8925,1.);
#1582=VECTOR('',#8926,1.);
#1583=VECTOR('',#8927,1.);
#1584=VECTOR('',#8928,1.);
#1585=VECTOR('',#8931,1.);
#1586=VECTOR('',#8932,1.);
#1587=VECTOR('',#8933,1.);
#1588=VECTOR('',#8934,1.);
#1589=VECTOR('',#8935,1.);
#1590=VECTOR('',#8936,1.);
#1591=VECTOR('',#8937,1.);
#1592=VECTOR('',#8938,1.);
#1593=VECTOR('',#8939,1.);
#1594=VECTOR('',#8940,1.);
#1595=VECTOR('',#8941,1.);
#1596=VECTOR('',#8942,1.);
#1597=VECTOR('',#8943,1.);
#1598=VECTOR('',#8944,1.);
#1599=VECTOR('',#8945,1.);
#1600=VECTOR('',#8946,1.);
#1601=VECTOR('',#8947,1.);
#1602=VECTOR('',#8950,1.);
#1603=VECTOR('',#8953,1.);
#1604=VECTOR('',#8956,1.);
#1605=VECTOR('',#8959,1.);
#1606=VECTOR('',#8964,1.);
#1607=VECTOR('',#8965,1.);
#1608=VECTOR('',#8968,1.);
#1609=VECTOR('',#8971,1.);
#1610=VECTOR('',#8974,1.);
#1611=VECTOR('',#8977,1.);
#1612=VECTOR('',#8980,1.);
#1613=VECTOR('',#8983,1.);
#1614=VECTOR('',#8986,1.);
#1615=VECTOR('',#8989,1.);
#1616=ORIENTED_EDGE('',*,*,#3384,.F.);
#1617=ORIENTED_EDGE('',*,*,#3385,.F.);
#1618=ORIENTED_EDGE('',*,*,#3386,.F.);
#1619=ORIENTED_EDGE('',*,*,#3387,.F.);
#1620=ORIENTED_EDGE('',*,*,#3388,.F.);
#1621=ORIENTED_EDGE('',*,*,#3387,.T.);
#1622=ORIENTED_EDGE('',*,*,#3389,.T.);
#1623=ORIENTED_EDGE('',*,*,#3390,.F.);
#1624=ORIENTED_EDGE('',*,*,#3391,.F.);
#1625=ORIENTED_EDGE('',*,*,#3392,.F.);
#1626=ORIENTED_EDGE('',*,*,#3393,.T.);
#1627=ORIENTED_EDGE('',*,*,#3390,.T.);
#1628=ORIENTED_EDGE('',*,*,#3394,.F.);
#1629=ORIENTED_EDGE('',*,*,#3395,.T.);
#1630=ORIENTED_EDGE('',*,*,#3396,.T.);
#1631=ORIENTED_EDGE('',*,*,#3392,.T.);
#1632=ORIENTED_EDGE('',*,*,#3397,.F.);
#1633=ORIENTED_EDGE('',*,*,#3395,.F.);
#1634=ORIENTED_EDGE('',*,*,#3398,.F.);
#1635=ORIENTED_EDGE('',*,*,#3399,.F.);
#1636=ORIENTED_EDGE('',*,*,#3400,.F.);
#1637=ORIENTED_EDGE('',*,*,#3401,.T.);
#1638=ORIENTED_EDGE('',*,*,#3402,.T.);
#1639=ORIENTED_EDGE('',*,*,#3399,.T.);
#1640=ORIENTED_EDGE('',*,*,#3403,.F.);
#1641=ORIENTED_EDGE('',*,*,#3401,.F.);
#1642=ORIENTED_EDGE('',*,*,#3404,.F.);
#1643=ORIENTED_EDGE('',*,*,#3405,.F.);
#1644=ORIENTED_EDGE('',*,*,#3406,.F.);
#1645=ORIENTED_EDGE('',*,*,#3405,.T.);
#1646=ORIENTED_EDGE('',*,*,#3407,.T.);
#1647=ORIENTED_EDGE('',*,*,#3408,.F.);
#1648=ORIENTED_EDGE('',*,*,#3409,.F.);
#1649=ORIENTED_EDGE('',*,*,#3410,.F.);
#1650=ORIENTED_EDGE('',*,*,#3411,.T.);
#1651=ORIENTED_EDGE('',*,*,#3408,.T.);
#1652=ORIENTED_EDGE('',*,*,#3412,.F.);
#1653=ORIENTED_EDGE('',*,*,#3413,.T.);
#1654=ORIENTED_EDGE('',*,*,#3414,.T.);
#1655=ORIENTED_EDGE('',*,*,#3410,.T.);
#1656=ORIENTED_EDGE('',*,*,#3415,.F.);
#1657=ORIENTED_EDGE('',*,*,#3413,.F.);
#1658=ORIENTED_EDGE('',*,*,#3416,.F.);
#1659=ORIENTED_EDGE('',*,*,#3417,.F.);
#1660=ORIENTED_EDGE('',*,*,#3418,.F.);
#1661=ORIENTED_EDGE('',*,*,#3419,.F.);
#1662=ORIENTED_EDGE('',*,*,#3420,.F.);
#1663=ORIENTED_EDGE('',*,*,#3421,.F.);
#1664=ORIENTED_EDGE('',*,*,#3422,.T.);
#1665=ORIENTED_EDGE('',*,*,#3421,.T.);
#1666=ORIENTED_EDGE('',*,*,#3423,.F.);
#1667=ORIENTED_EDGE('',*,*,#3424,.F.);
#1668=ORIENTED_EDGE('',*,*,#3425,.T.);
#1669=ORIENTED_EDGE('',*,*,#3426,.F.);
#1670=ORIENTED_EDGE('',*,*,#3427,.F.);
#1671=ORIENTED_EDGE('',*,*,#3424,.T.);
#1672=ORIENTED_EDGE('',*,*,#3428,.T.);
#1673=ORIENTED_EDGE('',*,*,#3429,.T.);
#1674=ORIENTED_EDGE('',*,*,#3430,.F.);
#1675=ORIENTED_EDGE('',*,*,#3426,.T.);
#1676=ORIENTED_EDGE('',*,*,#3431,.F.);
#1677=ORIENTED_EDGE('',*,*,#3429,.F.);
#1678=ORIENTED_EDGE('',*,*,#3432,.F.);
#1679=ORIENTED_EDGE('',*,*,#3433,.F.);
#1680=ORIENTED_EDGE('',*,*,#3434,.F.);
#1681=ORIENTED_EDGE('',*,*,#3435,.F.);
#1682=ORIENTED_EDGE('',*,*,#3436,.T.);
#1683=ORIENTED_EDGE('',*,*,#3437,.T.);
#1684=ORIENTED_EDGE('',*,*,#3438,.T.);
#1685=ORIENTED_EDGE('',*,*,#3439,.F.);
#1686=ORIENTED_EDGE('',*,*,#3440,.F.);
#1687=ORIENTED_EDGE('',*,*,#3435,.T.);
#1688=ORIENTED_EDGE('',*,*,#3441,.F.);
#1689=ORIENTED_EDGE('',*,*,#3442,.F.);
#1690=ORIENTED_EDGE('',*,*,#3443,.T.);
#1691=ORIENTED_EDGE('',*,*,#3439,.T.);
#1692=ORIENTED_EDGE('',*,*,#3444,.T.);
#1693=ORIENTED_EDGE('',*,*,#3445,.F.);
#1694=ORIENTED_EDGE('',*,*,#3446,.F.);
#1695=ORIENTED_EDGE('',*,*,#3442,.T.);
#1696=ORIENTED_EDGE('',*,*,#3447,.F.);
#1697=ORIENTED_EDGE('',*,*,#3448,.F.);
#1698=ORIENTED_EDGE('',*,*,#3449,.T.);
#1699=ORIENTED_EDGE('',*,*,#3445,.T.);
#1700=ORIENTED_EDGE('',*,*,#3450,.T.);
#1701=ORIENTED_EDGE('',*,*,#3451,.F.);
#1702=ORIENTED_EDGE('',*,*,#3452,.T.);
#1703=ORIENTED_EDGE('',*,*,#3453,.F.);
#1704=ORIENTED_EDGE('',*,*,#3454,.T.);
#1705=ORIENTED_EDGE('',*,*,#3455,.F.);
#1706=ORIENTED_EDGE('',*,*,#3456,.F.);
#1707=ORIENTED_EDGE('',*,*,#3457,.F.);
#1708=ORIENTED_EDGE('',*,*,#3458,.T.);
#1709=ORIENTED_EDGE('',*,*,#3459,.T.);
#1710=ORIENTED_EDGE('',*,*,#3460,.T.);
#1711=ORIENTED_EDGE('',*,*,#3461,.F.);
#1712=ORIENTED_EDGE('',*,*,#3462,.F.);
#1713=ORIENTED_EDGE('',*,*,#3457,.T.);
#1714=ORIENTED_EDGE('',*,*,#3463,.T.);
#1715=ORIENTED_EDGE('',*,*,#3464,.F.);
#1716=ORIENTED_EDGE('',*,*,#3465,.F.);
#1717=ORIENTED_EDGE('',*,*,#3461,.T.);
#1718=ORIENTED_EDGE('',*,*,#3466,.F.);
#1719=ORIENTED_EDGE('',*,*,#3459,.F.);
#1720=ORIENTED_EDGE('',*,*,#3467,.T.);
#1721=ORIENTED_EDGE('',*,*,#3464,.T.);
#1722=ORIENTED_EDGE('',*,*,#3468,.F.);
#1723=ORIENTED_EDGE('',*,*,#3469,.F.);
#1724=ORIENTED_EDGE('',*,*,#3470,.T.);
#1725=ORIENTED_EDGE('',*,*,#3471,.T.);
#1726=ORIENTED_EDGE('',*,*,#3472,.T.);
#1727=ORIENTED_EDGE('',*,*,#3473,.F.);
#1728=ORIENTED_EDGE('',*,*,#3474,.F.);
#1729=ORIENTED_EDGE('',*,*,#3469,.T.);
#1730=ORIENTED_EDGE('',*,*,#3475,.T.);
#1731=ORIENTED_EDGE('',*,*,#3476,.F.);
#1732=ORIENTED_EDGE('',*,*,#3477,.F.);
#1733=ORIENTED_EDGE('',*,*,#3473,.T.);
#1734=ORIENTED_EDGE('',*,*,#3478,.F.);
#1735=ORIENTED_EDGE('',*,*,#3471,.F.);
#1736=ORIENTED_EDGE('',*,*,#3479,.T.);
#1737=ORIENTED_EDGE('',*,*,#3476,.T.);
#1738=ORIENTED_EDGE('',*,*,#3480,.F.);
#1739=ORIENTED_EDGE('',*,*,#3481,.F.);
#1740=ORIENTED_EDGE('',*,*,#3482,.T.);
#1741=ORIENTED_EDGE('',*,*,#3483,.T.);
#1742=ORIENTED_EDGE('',*,*,#3484,.T.);
#1743=ORIENTED_EDGE('',*,*,#3485,.F.);
#1744=ORIENTED_EDGE('',*,*,#3486,.F.);
#1745=ORIENTED_EDGE('',*,*,#3481,.T.);
#1746=ORIENTED_EDGE('',*,*,#3487,.T.);
#1747=ORIENTED_EDGE('',*,*,#3488,.F.);
#1748=ORIENTED_EDGE('',*,*,#3489,.F.);
#1749=ORIENTED_EDGE('',*,*,#3485,.T.);
#1750=ORIENTED_EDGE('',*,*,#3490,.F.);
#1751=ORIENTED_EDGE('',*,*,#3483,.F.);
#1752=ORIENTED_EDGE('',*,*,#3491,.T.);
#1753=ORIENTED_EDGE('',*,*,#3488,.T.);
#1754=ORIENTED_EDGE('',*,*,#3492,.F.);
#1755=ORIENTED_EDGE('',*,*,#3493,.F.);
#1756=ORIENTED_EDGE('',*,*,#3494,.T.);
#1757=ORIENTED_EDGE('',*,*,#3495,.T.);
#1758=ORIENTED_EDGE('',*,*,#3496,.T.);
#1759=ORIENTED_EDGE('',*,*,#3497,.F.);
#1760=ORIENTED_EDGE('',*,*,#3498,.F.);
#1761=ORIENTED_EDGE('',*,*,#3493,.T.);
#1762=ORIENTED_EDGE('',*,*,#3499,.T.);
#1763=ORIENTED_EDGE('',*,*,#3500,.F.);
#1764=ORIENTED_EDGE('',*,*,#3501,.F.);
#1765=ORIENTED_EDGE('',*,*,#3497,.T.);
#1766=ORIENTED_EDGE('',*,*,#3502,.F.);
#1767=ORIENTED_EDGE('',*,*,#3495,.F.);
#1768=ORIENTED_EDGE('',*,*,#3503,.T.);
#1769=ORIENTED_EDGE('',*,*,#3500,.T.);
#1770=ORIENTED_EDGE('',*,*,#3504,.F.);
#1771=ORIENTED_EDGE('',*,*,#3505,.F.);
#1772=ORIENTED_EDGE('',*,*,#3506,.T.);
#1773=ORIENTED_EDGE('',*,*,#3507,.T.);
#1774=ORIENTED_EDGE('',*,*,#3508,.T.);
#1775=ORIENTED_EDGE('',*,*,#3509,.F.);
#1776=ORIENTED_EDGE('',*,*,#3510,.F.);
#1777=ORIENTED_EDGE('',*,*,#3505,.T.);
#1778=ORIENTED_EDGE('',*,*,#3511,.T.);
#1779=ORIENTED_EDGE('',*,*,#3512,.F.);
#1780=ORIENTED_EDGE('',*,*,#3513,.F.);
#1781=ORIENTED_EDGE('',*,*,#3509,.T.);
#1782=ORIENTED_EDGE('',*,*,#3514,.F.);
#1783=ORIENTED_EDGE('',*,*,#3507,.F.);
#1784=ORIENTED_EDGE('',*,*,#3515,.T.);
#1785=ORIENTED_EDGE('',*,*,#3512,.T.);
#1786=ORIENTED_EDGE('',*,*,#3516,.F.);
#1787=ORIENTED_EDGE('',*,*,#3517,.F.);
#1788=ORIENTED_EDGE('',*,*,#3518,.T.);
#1789=ORIENTED_EDGE('',*,*,#3519,.T.);
#1790=ORIENTED_EDGE('',*,*,#3520,.T.);
#1791=ORIENTED_EDGE('',*,*,#3521,.F.);
#1792=ORIENTED_EDGE('',*,*,#3522,.F.);
#1793=ORIENTED_EDGE('',*,*,#3517,.T.);
#1794=ORIENTED_EDGE('',*,*,#3523,.T.);
#1795=ORIENTED_EDGE('',*,*,#3524,.F.);
#1796=ORIENTED_EDGE('',*,*,#3525,.F.);
#1797=ORIENTED_EDGE('',*,*,#3521,.T.);
#1798=ORIENTED_EDGE('',*,*,#3526,.F.);
#1799=ORIENTED_EDGE('',*,*,#3519,.F.);
#1800=ORIENTED_EDGE('',*,*,#3527,.T.);
#1801=ORIENTED_EDGE('',*,*,#3524,.T.);
#1802=ORIENTED_EDGE('',*,*,#3528,.F.);
#1803=ORIENTED_EDGE('',*,*,#3529,.F.);
#1804=ORIENTED_EDGE('',*,*,#3530,.T.);
#1805=ORIENTED_EDGE('',*,*,#3531,.T.);
#1806=ORIENTED_EDGE('',*,*,#3532,.T.);
#1807=ORIENTED_EDGE('',*,*,#3533,.F.);
#1808=ORIENTED_EDGE('',*,*,#3534,.F.);
#1809=ORIENTED_EDGE('',*,*,#3529,.T.);
#1810=ORIENTED_EDGE('',*,*,#3535,.T.);
#1811=ORIENTED_EDGE('',*,*,#3536,.F.);
#1812=ORIENTED_EDGE('',*,*,#3537,.F.);
#1813=ORIENTED_EDGE('',*,*,#3533,.T.);
#1814=ORIENTED_EDGE('',*,*,#3538,.F.);
#1815=ORIENTED_EDGE('',*,*,#3531,.F.);
#1816=ORIENTED_EDGE('',*,*,#3539,.T.);
#1817=ORIENTED_EDGE('',*,*,#3536,.T.);
#1818=ORIENTED_EDGE('',*,*,#3540,.T.);
#1819=ORIENTED_EDGE('',*,*,#3541,.F.);
#1820=ORIENTED_EDGE('',*,*,#3542,.F.);
#1821=ORIENTED_EDGE('',*,*,#3543,.T.);
#1822=ORIENTED_EDGE('',*,*,#3544,.T.);
#1823=ORIENTED_EDGE('',*,*,#3545,.F.);
#1824=ORIENTED_EDGE('',*,*,#3546,.F.);
#1825=ORIENTED_EDGE('',*,*,#3541,.T.);
#1826=ORIENTED_EDGE('',*,*,#3547,.F.);
#1827=ORIENTED_EDGE('',*,*,#3548,.F.);
#1828=ORIENTED_EDGE('',*,*,#3549,.T.);
#1829=ORIENTED_EDGE('',*,*,#3545,.T.);
#1830=ORIENTED_EDGE('',*,*,#3550,.F.);
#1831=ORIENTED_EDGE('',*,*,#3543,.F.);
#1832=ORIENTED_EDGE('',*,*,#3551,.T.);
#1833=ORIENTED_EDGE('',*,*,#3548,.T.);
#1834=ORIENTED_EDGE('',*,*,#3552,.T.);
#1835=ORIENTED_EDGE('',*,*,#3553,.F.);
#1836=ORIENTED_EDGE('',*,*,#3554,.F.);
#1837=ORIENTED_EDGE('',*,*,#3555,.T.);
#1838=ORIENTED_EDGE('',*,*,#3556,.F.);
#1839=ORIENTED_EDGE('',*,*,#3557,.F.);
#1840=ORIENTED_EDGE('',*,*,#3558,.T.);
#1841=ORIENTED_EDGE('',*,*,#3553,.T.);
#1842=ORIENTED_EDGE('',*,*,#3559,.F.);
#1843=ORIENTED_EDGE('',*,*,#3560,.F.);
#1844=ORIENTED_EDGE('',*,*,#3561,.T.);
#1845=ORIENTED_EDGE('',*,*,#3557,.T.);
#1846=ORIENTED_EDGE('',*,*,#3562,.T.);
#1847=ORIENTED_EDGE('',*,*,#3555,.F.);
#1848=ORIENTED_EDGE('',*,*,#3563,.F.);
#1849=ORIENTED_EDGE('',*,*,#3560,.T.);
#1850=ORIENTED_EDGE('',*,*,#3564,.T.);
#1851=ORIENTED_EDGE('',*,*,#3565,.F.);
#1852=ORIENTED_EDGE('',*,*,#3566,.F.);
#1853=ORIENTED_EDGE('',*,*,#3567,.T.);
#1854=ORIENTED_EDGE('',*,*,#3568,.T.);
#1855=ORIENTED_EDGE('',*,*,#3569,.F.);
#1856=ORIENTED_EDGE('',*,*,#3570,.F.);
#1857=ORIENTED_EDGE('',*,*,#3565,.T.);
#1858=ORIENTED_EDGE('',*,*,#3571,.F.);
#1859=ORIENTED_EDGE('',*,*,#3572,.F.);
#1860=ORIENTED_EDGE('',*,*,#3573,.T.);
#1861=ORIENTED_EDGE('',*,*,#3569,.T.);
#1862=ORIENTED_EDGE('',*,*,#3574,.F.);
#1863=ORIENTED_EDGE('',*,*,#3567,.F.);
#1864=ORIENTED_EDGE('',*,*,#3575,.T.);
#1865=ORIENTED_EDGE('',*,*,#3572,.T.);
#1866=ORIENTED_EDGE('',*,*,#3576,.T.);
#1867=ORIENTED_EDGE('',*,*,#3577,.F.);
#1868=ORIENTED_EDGE('',*,*,#3578,.F.);
#1869=ORIENTED_EDGE('',*,*,#3579,.T.);
#1870=ORIENTED_EDGE('',*,*,#3580,.F.);
#1871=ORIENTED_EDGE('',*,*,#3581,.F.);
#1872=ORIENTED_EDGE('',*,*,#3582,.T.);
#1873=ORIENTED_EDGE('',*,*,#3577,.T.);
#1874=ORIENTED_EDGE('',*,*,#3583,.F.);
#1875=ORIENTED_EDGE('',*,*,#3584,.F.);
#1876=ORIENTED_EDGE('',*,*,#3585,.T.);
#1877=ORIENTED_EDGE('',*,*,#3581,.T.);
#1878=ORIENTED_EDGE('',*,*,#3586,.T.);
#1879=ORIENTED_EDGE('',*,*,#3579,.F.);
#1880=ORIENTED_EDGE('',*,*,#3587,.F.);
#1881=ORIENTED_EDGE('',*,*,#3584,.T.);
#1882=ORIENTED_EDGE('',*,*,#3588,.T.);
#1883=ORIENTED_EDGE('',*,*,#3589,.F.);
#1884=ORIENTED_EDGE('',*,*,#3590,.F.);
#1885=ORIENTED_EDGE('',*,*,#3591,.T.);
#1886=ORIENTED_EDGE('',*,*,#3592,.F.);
#1887=ORIENTED_EDGE('',*,*,#3593,.F.);
#1888=ORIENTED_EDGE('',*,*,#3594,.T.);
#1889=ORIENTED_EDGE('',*,*,#3589,.T.);
#1890=ORIENTED_EDGE('',*,*,#3595,.F.);
#1891=ORIENTED_EDGE('',*,*,#3596,.F.);
#1892=ORIENTED_EDGE('',*,*,#3597,.T.);
#1893=ORIENTED_EDGE('',*,*,#3593,.T.);
#1894=ORIENTED_EDGE('',*,*,#3598,.T.);
#1895=ORIENTED_EDGE('',*,*,#3591,.F.);
#1896=ORIENTED_EDGE('',*,*,#3599,.F.);
#1897=ORIENTED_EDGE('',*,*,#3596,.T.);
#1898=ORIENTED_EDGE('',*,*,#3600,.T.);
#1899=ORIENTED_EDGE('',*,*,#3601,.F.);
#1900=ORIENTED_EDGE('',*,*,#3602,.F.);
#1901=ORIENTED_EDGE('',*,*,#3603,.T.);
#1902=ORIENTED_EDGE('',*,*,#3604,.T.);
#1903=ORIENTED_EDGE('',*,*,#3605,.F.);
#1904=ORIENTED_EDGE('',*,*,#3606,.F.);
#1905=ORIENTED_EDGE('',*,*,#3601,.T.);
#1906=ORIENTED_EDGE('',*,*,#3607,.F.);
#1907=ORIENTED_EDGE('',*,*,#3608,.F.);
#1908=ORIENTED_EDGE('',*,*,#3609,.T.);
#1909=ORIENTED_EDGE('',*,*,#3605,.T.);
#1910=ORIENTED_EDGE('',*,*,#3610,.F.);
#1911=ORIENTED_EDGE('',*,*,#3603,.F.);
#1912=ORIENTED_EDGE('',*,*,#3611,.T.);
#1913=ORIENTED_EDGE('',*,*,#3608,.T.);
#1914=ORIENTED_EDGE('',*,*,#3612,.T.);
#1915=ORIENTED_EDGE('',*,*,#3613,.F.);
#1916=ORIENTED_EDGE('',*,*,#3614,.F.);
#1917=ORIENTED_EDGE('',*,*,#3615,.T.);
#1918=ORIENTED_EDGE('',*,*,#3616,.T.);
#1919=ORIENTED_EDGE('',*,*,#3617,.F.);
#1920=ORIENTED_EDGE('',*,*,#3618,.F.);
#1921=ORIENTED_EDGE('',*,*,#3613,.T.);
#1922=ORIENTED_EDGE('',*,*,#3619,.F.);
#1923=ORIENTED_EDGE('',*,*,#3620,.F.);
#1924=ORIENTED_EDGE('',*,*,#3621,.T.);
#1925=ORIENTED_EDGE('',*,*,#3617,.T.);
#1926=ORIENTED_EDGE('',*,*,#3622,.F.);
#1927=ORIENTED_EDGE('',*,*,#3615,.F.);
#1928=ORIENTED_EDGE('',*,*,#3623,.T.);
#1929=ORIENTED_EDGE('',*,*,#3620,.T.);
#1930=ORIENTED_EDGE('',*,*,#3624,.T.);
#1931=ORIENTED_EDGE('',*,*,#3625,.F.);
#1932=ORIENTED_EDGE('',*,*,#3626,.F.);
#1933=ORIENTED_EDGE('',*,*,#3627,.T.);
#1934=ORIENTED_EDGE('',*,*,#3628,.T.);
#1935=ORIENTED_EDGE('',*,*,#3629,.F.);
#1936=ORIENTED_EDGE('',*,*,#3630,.F.);
#1937=ORIENTED_EDGE('',*,*,#3625,.T.);
#1938=ORIENTED_EDGE('',*,*,#3631,.F.);
#1939=ORIENTED_EDGE('',*,*,#3632,.F.);
#1940=ORIENTED_EDGE('',*,*,#3633,.T.);
#1941=ORIENTED_EDGE('',*,*,#3629,.T.);
#1942=ORIENTED_EDGE('',*,*,#3634,.F.);
#1943=ORIENTED_EDGE('',*,*,#3627,.F.);
#1944=ORIENTED_EDGE('',*,*,#3635,.T.);
#1945=ORIENTED_EDGE('',*,*,#3632,.T.);
#1946=ORIENTED_EDGE('',*,*,#3636,.F.);
#1947=ORIENTED_EDGE('',*,*,#3637,.F.);
#1948=ORIENTED_EDGE('',*,*,#3638,.T.);
#1949=ORIENTED_EDGE('',*,*,#3639,.T.);
#1950=ORIENTED_EDGE('',*,*,#3640,.T.);
#1951=ORIENTED_EDGE('',*,*,#3641,.F.);
#1952=ORIENTED_EDGE('',*,*,#3642,.F.);
#1953=ORIENTED_EDGE('',*,*,#3637,.T.);
#1954=ORIENTED_EDGE('',*,*,#3643,.T.);
#1955=ORIENTED_EDGE('',*,*,#3644,.F.);
#1956=ORIENTED_EDGE('',*,*,#3645,.F.);
#1957=ORIENTED_EDGE('',*,*,#3641,.T.);
#1958=ORIENTED_EDGE('',*,*,#3646,.F.);
#1959=ORIENTED_EDGE('',*,*,#3639,.F.);
#1960=ORIENTED_EDGE('',*,*,#3647,.T.);
#1961=ORIENTED_EDGE('',*,*,#3644,.T.);
#1962=ORIENTED_EDGE('',*,*,#3648,.F.);
#1963=ORIENTED_EDGE('',*,*,#3649,.F.);
#1964=ORIENTED_EDGE('',*,*,#3650,.T.);
#1965=ORIENTED_EDGE('',*,*,#3651,.T.);
#1966=ORIENTED_EDGE('',*,*,#3652,.T.);
#1967=ORIENTED_EDGE('',*,*,#3653,.F.);
#1968=ORIENTED_EDGE('',*,*,#3654,.F.);
#1969=ORIENTED_EDGE('',*,*,#3649,.T.);
#1970=ORIENTED_EDGE('',*,*,#3655,.T.);
#1971=ORIENTED_EDGE('',*,*,#3656,.F.);
#1972=ORIENTED_EDGE('',*,*,#3657,.F.);
#1973=ORIENTED_EDGE('',*,*,#3653,.T.);
#1974=ORIENTED_EDGE('',*,*,#3658,.F.);
#1975=ORIENTED_EDGE('',*,*,#3651,.F.);
#1976=ORIENTED_EDGE('',*,*,#3659,.T.);
#1977=ORIENTED_EDGE('',*,*,#3656,.T.);
#1978=ORIENTED_EDGE('',*,*,#3660,.F.);
#1979=ORIENTED_EDGE('',*,*,#3661,.F.);
#1980=ORIENTED_EDGE('',*,*,#3662,.T.);
#1981=ORIENTED_EDGE('',*,*,#3663,.T.);
#1982=ORIENTED_EDGE('',*,*,#3664,.T.);
#1983=ORIENTED_EDGE('',*,*,#3665,.F.);
#1984=ORIENTED_EDGE('',*,*,#3666,.F.);
#1985=ORIENTED_EDGE('',*,*,#3661,.T.);
#1986=ORIENTED_EDGE('',*,*,#3667,.T.);
#1987=ORIENTED_EDGE('',*,*,#3668,.F.);
#1988=ORIENTED_EDGE('',*,*,#3669,.F.);
#1989=ORIENTED_EDGE('',*,*,#3665,.T.);
#1990=ORIENTED_EDGE('',*,*,#3670,.F.);
#1991=ORIENTED_EDGE('',*,*,#3663,.F.);
#1992=ORIENTED_EDGE('',*,*,#3671,.T.);
#1993=ORIENTED_EDGE('',*,*,#3668,.T.);
#1994=ORIENTED_EDGE('',*,*,#3672,.T.);
#1995=ORIENTED_EDGE('',*,*,#3673,.F.);
#1996=ORIENTED_EDGE('',*,*,#3674,.F.);
#1997=ORIENTED_EDGE('',*,*,#3675,.T.);
#1998=ORIENTED_EDGE('',*,*,#3676,.T.);
#1999=ORIENTED_EDGE('',*,*,#3677,.F.);
#2000=ORIENTED_EDGE('',*,*,#3678,.F.);
#2001=ORIENTED_EDGE('',*,*,#3673,.T.);
#2002=ORIENTED_EDGE('',*,*,#3679,.F.);
#2003=ORIENTED_EDGE('',*,*,#3680,.F.);
#2004=ORIENTED_EDGE('',*,*,#3681,.T.);
#2005=ORIENTED_EDGE('',*,*,#3677,.T.);
#2006=ORIENTED_EDGE('',*,*,#3682,.F.);
#2007=ORIENTED_EDGE('',*,*,#3683,.F.);
#2008=ORIENTED_EDGE('',*,*,#3684,.T.);
#2009=ORIENTED_EDGE('',*,*,#3680,.T.);
#2010=ORIENTED_EDGE('',*,*,#3685,.T.);
#2011=ORIENTED_EDGE('',*,*,#3686,.F.);
#2012=ORIENTED_EDGE('',*,*,#3687,.F.);
#2013=ORIENTED_EDGE('',*,*,#3683,.T.);
#2014=ORIENTED_EDGE('',*,*,#3688,.F.);
#2015=ORIENTED_EDGE('',*,*,#3689,.F.);
#2016=ORIENTED_EDGE('',*,*,#3690,.T.);
#2017=ORIENTED_EDGE('',*,*,#3686,.T.);
#2018=ORIENTED_EDGE('',*,*,#3691,.T.);
#2019=ORIENTED_EDGE('',*,*,#3692,.F.);
#2020=ORIENTED_EDGE('',*,*,#3693,.F.);
#2021=ORIENTED_EDGE('',*,*,#3689,.T.);
#2022=ORIENTED_EDGE('',*,*,#3694,.F.);
#2023=ORIENTED_EDGE('',*,*,#3695,.F.);
#2024=ORIENTED_EDGE('',*,*,#3696,.T.);
#2025=ORIENTED_EDGE('',*,*,#3692,.T.);
#2026=ORIENTED_EDGE('',*,*,#3697,.T.);
#2027=ORIENTED_EDGE('',*,*,#3698,.F.);
#2028=ORIENTED_EDGE('',*,*,#3699,.F.);
#2029=ORIENTED_EDGE('',*,*,#3695,.T.);
#2030=ORIENTED_EDGE('',*,*,#3700,.F.);
#2031=ORIENTED_EDGE('',*,*,#3701,.F.);
#2032=ORIENTED_EDGE('',*,*,#3702,.T.);
#2033=ORIENTED_EDGE('',*,*,#3698,.T.);
#2034=ORIENTED_EDGE('',*,*,#3703,.T.);
#2035=ORIENTED_EDGE('',*,*,#3704,.F.);
#2036=ORIENTED_EDGE('',*,*,#3705,.F.);
#2037=ORIENTED_EDGE('',*,*,#3701,.T.);
#2038=ORIENTED_EDGE('',*,*,#3706,.F.);
#2039=ORIENTED_EDGE('',*,*,#3707,.F.);
#2040=ORIENTED_EDGE('',*,*,#3708,.T.);
#2041=ORIENTED_EDGE('',*,*,#3704,.T.);
#2042=ORIENTED_EDGE('',*,*,#3709,.T.);
#2043=ORIENTED_EDGE('',*,*,#3710,.F.);
#2044=ORIENTED_EDGE('',*,*,#3711,.F.);
#2045=ORIENTED_EDGE('',*,*,#3707,.T.);
#2046=ORIENTED_EDGE('',*,*,#3712,.F.);
#2047=ORIENTED_EDGE('',*,*,#3713,.F.);
#2048=ORIENTED_EDGE('',*,*,#3714,.T.);
#2049=ORIENTED_EDGE('',*,*,#3710,.T.);
#2050=ORIENTED_EDGE('',*,*,#3715,.T.);
#2051=ORIENTED_EDGE('',*,*,#3716,.F.);
#2052=ORIENTED_EDGE('',*,*,#3717,.F.);
#2053=ORIENTED_EDGE('',*,*,#3713,.T.);
#2054=ORIENTED_EDGE('',*,*,#3718,.F.);
#2055=ORIENTED_EDGE('',*,*,#3719,.F.);
#2056=ORIENTED_EDGE('',*,*,#3720,.T.);
#2057=ORIENTED_EDGE('',*,*,#3716,.T.);
#2058=ORIENTED_EDGE('',*,*,#3721,.F.);
#2059=ORIENTED_EDGE('',*,*,#3722,.F.);
#2060=ORIENTED_EDGE('',*,*,#3723,.T.);
#2061=ORIENTED_EDGE('',*,*,#3719,.T.);
#2062=ORIENTED_EDGE('',*,*,#3724,.F.);
#2063=ORIENTED_EDGE('',*,*,#3725,.F.);
#2064=ORIENTED_EDGE('',*,*,#3726,.T.);
#2065=ORIENTED_EDGE('',*,*,#3722,.T.);
#2066=ORIENTED_EDGE('',*,*,#3727,.T.);
#2067=ORIENTED_EDGE('',*,*,#3728,.F.);
#2068=ORIENTED_EDGE('',*,*,#3729,.F.);
#2069=ORIENTED_EDGE('',*,*,#3725,.T.);
#2070=ORIENTED_EDGE('',*,*,#3730,.F.);
#2071=ORIENTED_EDGE('',*,*,#3731,.F.);
#2072=ORIENTED_EDGE('',*,*,#3732,.T.);
#2073=ORIENTED_EDGE('',*,*,#3728,.T.);
#2074=ORIENTED_EDGE('',*,*,#3733,.T.);
#2075=ORIENTED_EDGE('',*,*,#3734,.F.);
#2076=ORIENTED_EDGE('',*,*,#3735,.F.);
#2077=ORIENTED_EDGE('',*,*,#3731,.T.);
#2078=ORIENTED_EDGE('',*,*,#3736,.T.);
#2079=ORIENTED_EDGE('',*,*,#3737,.F.);
#2080=ORIENTED_EDGE('',*,*,#3738,.F.);
#2081=ORIENTED_EDGE('',*,*,#3734,.T.);
#2082=ORIENTED_EDGE('',*,*,#3739,.F.);
#2083=ORIENTED_EDGE('',*,*,#3740,.F.);
#2084=ORIENTED_EDGE('',*,*,#3741,.T.);
#2085=ORIENTED_EDGE('',*,*,#3737,.T.);
#2086=ORIENTED_EDGE('',*,*,#3742,.F.);
#2087=ORIENTED_EDGE('',*,*,#3675,.F.);
#2088=ORIENTED_EDGE('',*,*,#3743,.T.);
#2089=ORIENTED_EDGE('',*,*,#3740,.T.);
#2090=ORIENTED_EDGE('',*,*,#3744,.T.);
#2091=ORIENTED_EDGE('',*,*,#3745,.F.);
#2092=ORIENTED_EDGE('',*,*,#3746,.F.);
#2093=ORIENTED_EDGE('',*,*,#3747,.T.);
#2094=ORIENTED_EDGE('',*,*,#3748,.F.);
#2095=ORIENTED_EDGE('',*,*,#3749,.F.);
#2096=ORIENTED_EDGE('',*,*,#3750,.T.);
#2097=ORIENTED_EDGE('',*,*,#3745,.T.);
#2098=ORIENTED_EDGE('',*,*,#3751,.F.);
#2099=ORIENTED_EDGE('',*,*,#3752,.F.);
#2100=ORIENTED_EDGE('',*,*,#3753,.T.);
#2101=ORIENTED_EDGE('',*,*,#3749,.T.);
#2102=ORIENTED_EDGE('',*,*,#3754,.T.);
#2103=ORIENTED_EDGE('',*,*,#3755,.F.);
#2104=ORIENTED_EDGE('',*,*,#3756,.F.);
#2105=ORIENTED_EDGE('',*,*,#3752,.T.);
#2106=ORIENTED_EDGE('',*,*,#3757,.F.);
#2107=ORIENTED_EDGE('',*,*,#3758,.F.);
#2108=ORIENTED_EDGE('',*,*,#3759,.T.);
#2109=ORIENTED_EDGE('',*,*,#3755,.T.);
#2110=ORIENTED_EDGE('',*,*,#3760,.T.);
#2111=ORIENTED_EDGE('',*,*,#3761,.F.);
#2112=ORIENTED_EDGE('',*,*,#3762,.F.);
#2113=ORIENTED_EDGE('',*,*,#3758,.T.);
#2114=ORIENTED_EDGE('',*,*,#3763,.F.);
#2115=ORIENTED_EDGE('',*,*,#3764,.F.);
#2116=ORIENTED_EDGE('',*,*,#3765,.T.);
#2117=ORIENTED_EDGE('',*,*,#3761,.T.);
#2118=ORIENTED_EDGE('',*,*,#3766,.T.);
#2119=ORIENTED_EDGE('',*,*,#3767,.F.);
#2120=ORIENTED_EDGE('',*,*,#3768,.F.);
#2121=ORIENTED_EDGE('',*,*,#3764,.T.);
#2122=ORIENTED_EDGE('',*,*,#3769,.F.);
#2123=ORIENTED_EDGE('',*,*,#3770,.F.);
#2124=ORIENTED_EDGE('',*,*,#3771,.T.);
#2125=ORIENTED_EDGE('',*,*,#3767,.T.);
#2126=ORIENTED_EDGE('',*,*,#3772,.T.);
#2127=ORIENTED_EDGE('',*,*,#3773,.F.);
#2128=ORIENTED_EDGE('',*,*,#3774,.F.);
#2129=ORIENTED_EDGE('',*,*,#3770,.T.);
#2130=ORIENTED_EDGE('',*,*,#3775,.F.);
#2131=ORIENTED_EDGE('',*,*,#3776,.F.);
#2132=ORIENTED_EDGE('',*,*,#3777,.T.);
#2133=ORIENTED_EDGE('',*,*,#3773,.T.);
#2134=ORIENTED_EDGE('',*,*,#3778,.F.);
#2135=ORIENTED_EDGE('',*,*,#3779,.F.);
#2136=ORIENTED_EDGE('',*,*,#3780,.T.);
#2137=ORIENTED_EDGE('',*,*,#3776,.T.);
#2138=ORIENTED_EDGE('',*,*,#3781,.F.);
#2139=ORIENTED_EDGE('',*,*,#3782,.F.);
#2140=ORIENTED_EDGE('',*,*,#3783,.T.);
#2141=ORIENTED_EDGE('',*,*,#3779,.T.);
#2142=ORIENTED_EDGE('',*,*,#3784,.T.);
#2143=ORIENTED_EDGE('',*,*,#3785,.F.);
#2144=ORIENTED_EDGE('',*,*,#3786,.F.);
#2145=ORIENTED_EDGE('',*,*,#3782,.T.);
#2146=ORIENTED_EDGE('',*,*,#3787,.F.);
#2147=ORIENTED_EDGE('',*,*,#3788,.F.);
#2148=ORIENTED_EDGE('',*,*,#3789,.T.);
#2149=ORIENTED_EDGE('',*,*,#3785,.T.);
#2150=ORIENTED_EDGE('',*,*,#3790,.T.);
#2151=ORIENTED_EDGE('',*,*,#3791,.F.);
#2152=ORIENTED_EDGE('',*,*,#3792,.F.);
#2153=ORIENTED_EDGE('',*,*,#3788,.T.);
#2154=ORIENTED_EDGE('',*,*,#3793,.T.);
#2155=ORIENTED_EDGE('',*,*,#3794,.F.);
#2156=ORIENTED_EDGE('',*,*,#3795,.F.);
#2157=ORIENTED_EDGE('',*,*,#3791,.T.);
#2158=ORIENTED_EDGE('',*,*,#3796,.T.);
#2159=ORIENTED_EDGE('',*,*,#3797,.F.);
#2160=ORIENTED_EDGE('',*,*,#3798,.F.);
#2161=ORIENTED_EDGE('',*,*,#3794,.T.);
#2162=ORIENTED_EDGE('',*,*,#3799,.F.);
#2163=ORIENTED_EDGE('',*,*,#3800,.F.);
#2164=ORIENTED_EDGE('',*,*,#3801,.T.);
#2165=ORIENTED_EDGE('',*,*,#3797,.T.);
#2166=ORIENTED_EDGE('',*,*,#3802,.F.);
#2167=ORIENTED_EDGE('',*,*,#3747,.F.);
#2168=ORIENTED_EDGE('',*,*,#3803,.T.);
#2169=ORIENTED_EDGE('',*,*,#3800,.T.);
#2170=ORIENTED_EDGE('',*,*,#3804,.F.);
#2171=ORIENTED_EDGE('',*,*,#3805,.T.);
#2172=ORIENTED_EDGE('',*,*,#3806,.F.);
#2173=ORIENTED_EDGE('',*,*,#3807,.T.);
#2174=ORIENTED_EDGE('',*,*,#3808,.F.);
#2175=ORIENTED_EDGE('',*,*,#3809,.T.);
#2176=ORIENTED_EDGE('',*,*,#3810,.F.);
#2177=ORIENTED_EDGE('',*,*,#3811,.T.);
#2178=ORIENTED_EDGE('',*,*,#3812,.F.);
#2179=ORIENTED_EDGE('',*,*,#3813,.T.);
#2180=ORIENTED_EDGE('',*,*,#3814,.F.);
#2181=ORIENTED_EDGE('',*,*,#3815,.T.);
#2182=ORIENTED_EDGE('',*,*,#3816,.F.);
#2183=ORIENTED_EDGE('',*,*,#3817,.T.);
#2184=ORIENTED_EDGE('',*,*,#3818,.F.);
#2185=ORIENTED_EDGE('',*,*,#3819,.T.);
#2186=ORIENTED_EDGE('',*,*,#3820,.F.);
#2187=ORIENTED_EDGE('',*,*,#3821,.T.);
#2188=ORIENTED_EDGE('',*,*,#3822,.F.);
#2189=ORIENTED_EDGE('',*,*,#3823,.T.);
#2190=ORIENTED_EDGE('',*,*,#3824,.F.);
#2191=ORIENTED_EDGE('',*,*,#3825,.T.);
#2192=ORIENTED_EDGE('',*,*,#3826,.F.);
#2193=ORIENTED_EDGE('',*,*,#3827,.T.);
#2194=ORIENTED_EDGE('',*,*,#3828,.F.);
#2195=ORIENTED_EDGE('',*,*,#3829,.T.);
#2196=ORIENTED_EDGE('',*,*,#3830,.F.);
#2197=ORIENTED_EDGE('',*,*,#3831,.T.);
#2198=ORIENTED_EDGE('',*,*,#3832,.F.);
#2199=ORIENTED_EDGE('',*,*,#3833,.T.);
#2200=ORIENTED_EDGE('',*,*,#3834,.F.);
#2201=ORIENTED_EDGE('',*,*,#3835,.T.);
#2202=ORIENTED_EDGE('',*,*,#3836,.F.);
#2203=ORIENTED_EDGE('',*,*,#3837,.T.);
#2204=ORIENTED_EDGE('',*,*,#3838,.F.);
#2205=ORIENTED_EDGE('',*,*,#3839,.T.);
#2206=ORIENTED_EDGE('',*,*,#3840,.F.);
#2207=ORIENTED_EDGE('',*,*,#3841,.T.);
#2208=ORIENTED_EDGE('',*,*,#3842,.F.);
#2209=ORIENTED_EDGE('',*,*,#3843,.T.);
#2210=ORIENTED_EDGE('',*,*,#3844,.F.);
#2211=ORIENTED_EDGE('',*,*,#3845,.T.);
#2212=ORIENTED_EDGE('',*,*,#3846,.F.);
#2213=ORIENTED_EDGE('',*,*,#3847,.T.);
#2214=ORIENTED_EDGE('',*,*,#3848,.F.);
#2215=ORIENTED_EDGE('',*,*,#3849,.T.);
#2216=ORIENTED_EDGE('',*,*,#3850,.F.);
#2217=ORIENTED_EDGE('',*,*,#3851,.T.);
#2218=ORIENTED_EDGE('',*,*,#3852,.F.);
#2219=ORIENTED_EDGE('',*,*,#3853,.T.);
#2220=ORIENTED_EDGE('',*,*,#3854,.F.);
#2221=ORIENTED_EDGE('',*,*,#3855,.T.);
#2222=ORIENTED_EDGE('',*,*,#3856,.F.);
#2223=ORIENTED_EDGE('',*,*,#3857,.T.);
#2224=ORIENTED_EDGE('',*,*,#3858,.F.);
#2225=ORIENTED_EDGE('',*,*,#3859,.T.);
#2226=ORIENTED_EDGE('',*,*,#3860,.F.);
#2227=ORIENTED_EDGE('',*,*,#3861,.T.);
#2228=ORIENTED_EDGE('',*,*,#3862,.F.);
#2229=ORIENTED_EDGE('',*,*,#3863,.T.);
#2230=ORIENTED_EDGE('',*,*,#3864,.F.);
#2231=ORIENTED_EDGE('',*,*,#3865,.T.);
#2232=ORIENTED_EDGE('',*,*,#3866,.F.);
#2233=ORIENTED_EDGE('',*,*,#3867,.T.);
#2234=ORIENTED_EDGE('',*,*,#3868,.F.);
#2235=ORIENTED_EDGE('',*,*,#3869,.T.);
#2236=ORIENTED_EDGE('',*,*,#3870,.F.);
#2237=ORIENTED_EDGE('',*,*,#3871,.T.);
#2238=ORIENTED_EDGE('',*,*,#3872,.F.);
#2239=ORIENTED_EDGE('',*,*,#3873,.T.);
#2240=ORIENTED_EDGE('',*,*,#3874,.F.);
#2241=ORIENTED_EDGE('',*,*,#3875,.T.);
#2242=ORIENTED_EDGE('',*,*,#3876,.F.);
#2243=ORIENTED_EDGE('',*,*,#3877,.T.);
#2244=ORIENTED_EDGE('',*,*,#3878,.F.);
#2245=ORIENTED_EDGE('',*,*,#3879,.T.);
#2246=ORIENTED_EDGE('',*,*,#3880,.F.);
#2247=ORIENTED_EDGE('',*,*,#3881,.T.);
#2248=ORIENTED_EDGE('',*,*,#3882,.F.);
#2249=ORIENTED_EDGE('',*,*,#3883,.T.);
#2250=ORIENTED_EDGE('',*,*,#3884,.F.);
#2251=ORIENTED_EDGE('',*,*,#3885,.T.);
#2252=ORIENTED_EDGE('',*,*,#3886,.F.);
#2253=ORIENTED_EDGE('',*,*,#3887,.T.);
#2254=ORIENTED_EDGE('',*,*,#3888,.F.);
#2255=ORIENTED_EDGE('',*,*,#3889,.T.);
#2256=ORIENTED_EDGE('',*,*,#3890,.F.);
#2257=ORIENTED_EDGE('',*,*,#3891,.T.);
#2258=ORIENTED_EDGE('',*,*,#3892,.F.);
#2259=ORIENTED_EDGE('',*,*,#3893,.T.);
#2260=ORIENTED_EDGE('',*,*,#3894,.F.);
#2261=ORIENTED_EDGE('',*,*,#3895,.T.);
#2262=ORIENTED_EDGE('',*,*,#3896,.F.);
#2263=ORIENTED_EDGE('',*,*,#3897,.T.);
#2264=ORIENTED_EDGE('',*,*,#3898,.F.);
#2265=ORIENTED_EDGE('',*,*,#3899,.T.);
#2266=ORIENTED_EDGE('',*,*,#3900,.F.);
#2267=ORIENTED_EDGE('',*,*,#3901,.T.);
#2268=ORIENTED_EDGE('',*,*,#3902,.F.);
#2269=ORIENTED_EDGE('',*,*,#3903,.T.);
#2270=ORIENTED_EDGE('',*,*,#3904,.F.);
#2271=ORIENTED_EDGE('',*,*,#3905,.T.);
#2272=ORIENTED_EDGE('',*,*,#3906,.F.);
#2273=ORIENTED_EDGE('',*,*,#3907,.T.);
#2274=ORIENTED_EDGE('',*,*,#3908,.F.);
#2275=ORIENTED_EDGE('',*,*,#3909,.T.);
#2276=ORIENTED_EDGE('',*,*,#3910,.F.);
#2277=ORIENTED_EDGE('',*,*,#3911,.T.);
#2278=ORIENTED_EDGE('',*,*,#3912,.F.);
#2279=ORIENTED_EDGE('',*,*,#3913,.T.);
#2280=ORIENTED_EDGE('',*,*,#3914,.F.);
#2281=ORIENTED_EDGE('',*,*,#3915,.T.);
#2282=ORIENTED_EDGE('',*,*,#3916,.F.);
#2283=ORIENTED_EDGE('',*,*,#3917,.T.);
#2284=ORIENTED_EDGE('',*,*,#3918,.F.);
#2285=ORIENTED_EDGE('',*,*,#3919,.T.);
#2286=ORIENTED_EDGE('',*,*,#3920,.F.);
#2287=ORIENTED_EDGE('',*,*,#3921,.T.);
#2288=ORIENTED_EDGE('',*,*,#3922,.F.);
#2289=ORIENTED_EDGE('',*,*,#3923,.T.);
#2290=ORIENTED_EDGE('',*,*,#3924,.F.);
#2291=ORIENTED_EDGE('',*,*,#3925,.T.);
#2292=ORIENTED_EDGE('',*,*,#3926,.F.);
#2293=ORIENTED_EDGE('',*,*,#3927,.T.);
#2294=ORIENTED_EDGE('',*,*,#3928,.F.);
#2295=ORIENTED_EDGE('',*,*,#3929,.T.);
#2296=ORIENTED_EDGE('',*,*,#3930,.F.);
#2297=ORIENTED_EDGE('',*,*,#3931,.T.);
#2298=ORIENTED_EDGE('',*,*,#3932,.F.);
#2299=ORIENTED_EDGE('',*,*,#3933,.T.);
#2300=ORIENTED_EDGE('',*,*,#3934,.F.);
#2301=ORIENTED_EDGE('',*,*,#3935,.T.);
#2302=ORIENTED_EDGE('',*,*,#3936,.F.);
#2303=ORIENTED_EDGE('',*,*,#3937,.T.);
#2304=ORIENTED_EDGE('',*,*,#3938,.F.);
#2305=ORIENTED_EDGE('',*,*,#3939,.T.);
#2306=ORIENTED_EDGE('',*,*,#3940,.F.);
#2307=ORIENTED_EDGE('',*,*,#3941,.T.);
#2308=ORIENTED_EDGE('',*,*,#3942,.F.);
#2309=ORIENTED_EDGE('',*,*,#3943,.T.);
#2310=ORIENTED_EDGE('',*,*,#3944,.T.);
#2311=ORIENTED_EDGE('',*,*,#3945,.F.);
#2312=ORIENTED_EDGE('',*,*,#3946,.F.);
#2313=ORIENTED_EDGE('',*,*,#3947,.T.);
#2314=ORIENTED_EDGE('',*,*,#3948,.T.);
#2315=ORIENTED_EDGE('',*,*,#3949,.F.);
#2316=ORIENTED_EDGE('',*,*,#3950,.F.);
#2317=ORIENTED_EDGE('',*,*,#3945,.T.);
#2318=ORIENTED_EDGE('',*,*,#3951,.F.);
#2319=ORIENTED_EDGE('',*,*,#3952,.F.);
#2320=ORIENTED_EDGE('',*,*,#3953,.T.);
#2321=ORIENTED_EDGE('',*,*,#3949,.T.);
#2322=ORIENTED_EDGE('',*,*,#3954,.F.);
#2323=ORIENTED_EDGE('',*,*,#3947,.F.);
#2324=ORIENTED_EDGE('',*,*,#3955,.T.);
#2325=ORIENTED_EDGE('',*,*,#3952,.T.);
#2326=ORIENTED_EDGE('',*,*,#3956,.T.);
#2327=ORIENTED_EDGE('',*,*,#3957,.F.);
#2328=ORIENTED_EDGE('',*,*,#3958,.F.);
#2329=ORIENTED_EDGE('',*,*,#3959,.T.);
#2330=ORIENTED_EDGE('',*,*,#3960,.T.);
#2331=ORIENTED_EDGE('',*,*,#3961,.F.);
#2332=ORIENTED_EDGE('',*,*,#3962,.F.);
#2333=ORIENTED_EDGE('',*,*,#3957,.T.);
#2334=ORIENTED_EDGE('',*,*,#3963,.F.);
#2335=ORIENTED_EDGE('',*,*,#3964,.F.);
#2336=ORIENTED_EDGE('',*,*,#3965,.T.);
#2337=ORIENTED_EDGE('',*,*,#3961,.T.);
#2338=ORIENTED_EDGE('',*,*,#3966,.F.);
#2339=ORIENTED_EDGE('',*,*,#3967,.F.);
#2340=ORIENTED_EDGE('',*,*,#3968,.T.);
#2341=ORIENTED_EDGE('',*,*,#3964,.T.);
#2342=ORIENTED_EDGE('',*,*,#3969,.T.);
#2343=ORIENTED_EDGE('',*,*,#3970,.F.);
#2344=ORIENTED_EDGE('',*,*,#3971,.F.);
#2345=ORIENTED_EDGE('',*,*,#3967,.T.);
#2346=ORIENTED_EDGE('',*,*,#3972,.F.);
#2347=ORIENTED_EDGE('',*,*,#3973,.F.);
#2348=ORIENTED_EDGE('',*,*,#3974,.T.);
#2349=ORIENTED_EDGE('',*,*,#3970,.T.);
#2350=ORIENTED_EDGE('',*,*,#3975,.T.);
#2351=ORIENTED_EDGE('',*,*,#3976,.F.);
#2352=ORIENTED_EDGE('',*,*,#3977,.F.);
#2353=ORIENTED_EDGE('',*,*,#3973,.T.);
#2354=ORIENTED_EDGE('',*,*,#3978,.F.);
#2355=ORIENTED_EDGE('',*,*,#3979,.F.);
#2356=ORIENTED_EDGE('',*,*,#3980,.T.);
#2357=ORIENTED_EDGE('',*,*,#3976,.T.);
#2358=ORIENTED_EDGE('',*,*,#3981,.T.);
#2359=ORIENTED_EDGE('',*,*,#3982,.F.);
#2360=ORIENTED_EDGE('',*,*,#3983,.F.);
#2361=ORIENTED_EDGE('',*,*,#3979,.T.);
#2362=ORIENTED_EDGE('',*,*,#3984,.F.);
#2363=ORIENTED_EDGE('',*,*,#3985,.F.);
#2364=ORIENTED_EDGE('',*,*,#3986,.T.);
#2365=ORIENTED_EDGE('',*,*,#3982,.T.);
#2366=ORIENTED_EDGE('',*,*,#3987,.T.);
#2367=ORIENTED_EDGE('',*,*,#3988,.F.);
#2368=ORIENTED_EDGE('',*,*,#3989,.F.);
#2369=ORIENTED_EDGE('',*,*,#3985,.T.);
#2370=ORIENTED_EDGE('',*,*,#3990,.F.);
#2371=ORIENTED_EDGE('',*,*,#3991,.F.);
#2372=ORIENTED_EDGE('',*,*,#3992,.T.);
#2373=ORIENTED_EDGE('',*,*,#3988,.T.);
#2374=ORIENTED_EDGE('',*,*,#3993,.T.);
#2375=ORIENTED_EDGE('',*,*,#3994,.F.);
#2376=ORIENTED_EDGE('',*,*,#3995,.F.);
#2377=ORIENTED_EDGE('',*,*,#3991,.T.);
#2378=ORIENTED_EDGE('',*,*,#3996,.F.);
#2379=ORIENTED_EDGE('',*,*,#3997,.F.);
#2380=ORIENTED_EDGE('',*,*,#3998,.T.);
#2381=ORIENTED_EDGE('',*,*,#3994,.T.);
#2382=ORIENTED_EDGE('',*,*,#3999,.T.);
#2383=ORIENTED_EDGE('',*,*,#4000,.F.);
#2384=ORIENTED_EDGE('',*,*,#4001,.F.);
#2385=ORIENTED_EDGE('',*,*,#3997,.T.);
#2386=ORIENTED_EDGE('',*,*,#4002,.F.);
#2387=ORIENTED_EDGE('',*,*,#4003,.F.);
#2388=ORIENTED_EDGE('',*,*,#4004,.T.);
#2389=ORIENTED_EDGE('',*,*,#4000,.T.);
#2390=ORIENTED_EDGE('',*,*,#4005,.F.);
#2391=ORIENTED_EDGE('',*,*,#4006,.F.);
#2392=ORIENTED_EDGE('',*,*,#4007,.T.);
#2393=ORIENTED_EDGE('',*,*,#4003,.T.);
#2394=ORIENTED_EDGE('',*,*,#4008,.F.);
#2395=ORIENTED_EDGE('',*,*,#4009,.F.);
#2396=ORIENTED_EDGE('',*,*,#4010,.T.);
#2397=ORIENTED_EDGE('',*,*,#4006,.T.);
#2398=ORIENTED_EDGE('',*,*,#4011,.T.);
#2399=ORIENTED_EDGE('',*,*,#4012,.F.);
#2400=ORIENTED_EDGE('',*,*,#4013,.F.);
#2401=ORIENTED_EDGE('',*,*,#4009,.T.);
#2402=ORIENTED_EDGE('',*,*,#4014,.F.);
#2403=ORIENTED_EDGE('',*,*,#4015,.F.);
#2404=ORIENTED_EDGE('',*,*,#4016,.T.);
#2405=ORIENTED_EDGE('',*,*,#4012,.T.);
#2406=ORIENTED_EDGE('',*,*,#4017,.T.);
#2407=ORIENTED_EDGE('',*,*,#4018,.F.);
#2408=ORIENTED_EDGE('',*,*,#4019,.F.);
#2409=ORIENTED_EDGE('',*,*,#4015,.T.);
#2410=ORIENTED_EDGE('',*,*,#4020,.T.);
#2411=ORIENTED_EDGE('',*,*,#4021,.F.);
#2412=ORIENTED_EDGE('',*,*,#4022,.F.);
#2413=ORIENTED_EDGE('',*,*,#4018,.T.);
#2414=ORIENTED_EDGE('',*,*,#4023,.F.);
#2415=ORIENTED_EDGE('',*,*,#4024,.F.);
#2416=ORIENTED_EDGE('',*,*,#4025,.T.);
#2417=ORIENTED_EDGE('',*,*,#4021,.T.);
#2418=ORIENTED_EDGE('',*,*,#4026,.F.);
#2419=ORIENTED_EDGE('',*,*,#3959,.F.);
#2420=ORIENTED_EDGE('',*,*,#4027,.T.);
#2421=ORIENTED_EDGE('',*,*,#4024,.T.);
#2422=ORIENTED_EDGE('',*,*,#4028,.T.);
#2423=ORIENTED_EDGE('',*,*,#4029,.F.);
#2424=ORIENTED_EDGE('',*,*,#4030,.F.);
#2425=ORIENTED_EDGE('',*,*,#4031,.T.);
#2426=ORIENTED_EDGE('',*,*,#4032,.T.);
#2427=ORIENTED_EDGE('',*,*,#4033,.F.);
#2428=ORIENTED_EDGE('',*,*,#4034,.F.);
#2429=ORIENTED_EDGE('',*,*,#4029,.T.);
#2430=ORIENTED_EDGE('',*,*,#4035,.F.);
#2431=ORIENTED_EDGE('',*,*,#4036,.F.);
#2432=ORIENTED_EDGE('',*,*,#4037,.T.);
#2433=ORIENTED_EDGE('',*,*,#4033,.T.);
#2434=ORIENTED_EDGE('',*,*,#4038,.F.);
#2435=ORIENTED_EDGE('',*,*,#4031,.F.);
#2436=ORIENTED_EDGE('',*,*,#4039,.T.);
#2437=ORIENTED_EDGE('',*,*,#4036,.T.);
#2438=ORIENTED_EDGE('',*,*,#4040,.T.);
#2439=ORIENTED_EDGE('',*,*,#4041,.F.);
#2440=ORIENTED_EDGE('',*,*,#4042,.F.);
#2441=ORIENTED_EDGE('',*,*,#4043,.T.);
#2442=ORIENTED_EDGE('',*,*,#4044,.F.);
#2443=ORIENTED_EDGE('',*,*,#4045,.F.);
#2444=ORIENTED_EDGE('',*,*,#4046,.T.);
#2445=ORIENTED_EDGE('',*,*,#4041,.T.);
#2446=ORIENTED_EDGE('',*,*,#4047,.F.);
#2447=ORIENTED_EDGE('',*,*,#4048,.F.);
#2448=ORIENTED_EDGE('',*,*,#4049,.T.);
#2449=ORIENTED_EDGE('',*,*,#4045,.T.);
#2450=ORIENTED_EDGE('',*,*,#4050,.T.);
#2451=ORIENTED_EDGE('',*,*,#4043,.F.);
#2452=ORIENTED_EDGE('',*,*,#4051,.F.);
#2453=ORIENTED_EDGE('',*,*,#4048,.T.);
#2454=ORIENTED_EDGE('',*,*,#4052,.T.);
#2455=ORIENTED_EDGE('',*,*,#4053,.F.);
#2456=ORIENTED_EDGE('',*,*,#4054,.F.);
#2457=ORIENTED_EDGE('',*,*,#4055,.T.);
#2458=ORIENTED_EDGE('',*,*,#4056,.F.);
#2459=ORIENTED_EDGE('',*,*,#4057,.F.);
#2460=ORIENTED_EDGE('',*,*,#4058,.T.);
#2461=ORIENTED_EDGE('',*,*,#4053,.T.);
#2462=ORIENTED_EDGE('',*,*,#4059,.F.);
#2463=ORIENTED_EDGE('',*,*,#4060,.F.);
#2464=ORIENTED_EDGE('',*,*,#4061,.T.);
#2465=ORIENTED_EDGE('',*,*,#4057,.T.);
#2466=ORIENTED_EDGE('',*,*,#4062,.T.);
#2467=ORIENTED_EDGE('',*,*,#4055,.F.);
#2468=ORIENTED_EDGE('',*,*,#4063,.F.);
#2469=ORIENTED_EDGE('',*,*,#4060,.T.);
#2470=ORIENTED_EDGE('',*,*,#4064,.F.);
#2471=ORIENTED_EDGE('',*,*,#4065,.F.);
#2472=ORIENTED_EDGE('',*,*,#4066,.T.);
#2473=ORIENTED_EDGE('',*,*,#4067,.T.);
#2474=ORIENTED_EDGE('',*,*,#4068,.T.);
#2475=ORIENTED_EDGE('',*,*,#4069,.F.);
#2476=ORIENTED_EDGE('',*,*,#4070,.F.);
#2477=ORIENTED_EDGE('',*,*,#4065,.T.);
#2478=ORIENTED_EDGE('',*,*,#4071,.T.);
#2479=ORIENTED_EDGE('',*,*,#4072,.F.);
#2480=ORIENTED_EDGE('',*,*,#4073,.F.);
#2481=ORIENTED_EDGE('',*,*,#4069,.T.);
#2482=ORIENTED_EDGE('',*,*,#4074,.F.);
#2483=ORIENTED_EDGE('',*,*,#4067,.F.);
#2484=ORIENTED_EDGE('',*,*,#4075,.T.);
#2485=ORIENTED_EDGE('',*,*,#4072,.T.);
#2486=ORIENTED_EDGE('',*,*,#4076,.F.);
#2487=ORIENTED_EDGE('',*,*,#4077,.F.);
#2488=ORIENTED_EDGE('',*,*,#4078,.T.);
#2489=ORIENTED_EDGE('',*,*,#4079,.T.);
#2490=ORIENTED_EDGE('',*,*,#4080,.T.);
#2491=ORIENTED_EDGE('',*,*,#4081,.F.);
#2492=ORIENTED_EDGE('',*,*,#4082,.F.);
#2493=ORIENTED_EDGE('',*,*,#4077,.T.);
#2494=ORIENTED_EDGE('',*,*,#4083,.T.);
#2495=ORIENTED_EDGE('',*,*,#4084,.F.);
#2496=ORIENTED_EDGE('',*,*,#4085,.F.);
#2497=ORIENTED_EDGE('',*,*,#4081,.T.);
#2498=ORIENTED_EDGE('',*,*,#4086,.F.);
#2499=ORIENTED_EDGE('',*,*,#4079,.F.);
#2500=ORIENTED_EDGE('',*,*,#4087,.T.);
#2501=ORIENTED_EDGE('',*,*,#4084,.T.);
#2502=ORIENTED_EDGE('',*,*,#4088,.F.);
#2503=ORIENTED_EDGE('',*,*,#4089,.F.);
#2504=ORIENTED_EDGE('',*,*,#4090,.T.);
#2505=ORIENTED_EDGE('',*,*,#4091,.T.);
#2506=ORIENTED_EDGE('',*,*,#4092,.T.);
#2507=ORIENTED_EDGE('',*,*,#4093,.F.);
#2508=ORIENTED_EDGE('',*,*,#4094,.F.);
#2509=ORIENTED_EDGE('',*,*,#4089,.T.);
#2510=ORIENTED_EDGE('',*,*,#4095,.T.);
#2511=ORIENTED_EDGE('',*,*,#4096,.F.);
#2512=ORIENTED_EDGE('',*,*,#4097,.F.);
#2513=ORIENTED_EDGE('',*,*,#4093,.T.);
#2514=ORIENTED_EDGE('',*,*,#4098,.F.);
#2515=ORIENTED_EDGE('',*,*,#4091,.F.);
#2516=ORIENTED_EDGE('',*,*,#4099,.T.);
#2517=ORIENTED_EDGE('',*,*,#4096,.T.);
#2518=ORIENTED_EDGE('',*,*,#4100,.F.);
#2519=ORIENTED_EDGE('',*,*,#4101,.F.);
#2520=ORIENTED_EDGE('',*,*,#4102,.T.);
#2521=ORIENTED_EDGE('',*,*,#4103,.T.);
#2522=ORIENTED_EDGE('',*,*,#4104,.T.);
#2523=ORIENTED_EDGE('',*,*,#4105,.F.);
#2524=ORIENTED_EDGE('',*,*,#4106,.F.);
#2525=ORIENTED_EDGE('',*,*,#4101,.T.);
#2526=ORIENTED_EDGE('',*,*,#4107,.T.);
#2527=ORIENTED_EDGE('',*,*,#4108,.F.);
#2528=ORIENTED_EDGE('',*,*,#4109,.F.);
#2529=ORIENTED_EDGE('',*,*,#4105,.T.);
#2530=ORIENTED_EDGE('',*,*,#4110,.F.);
#2531=ORIENTED_EDGE('',*,*,#4103,.F.);
#2532=ORIENTED_EDGE('',*,*,#4111,.T.);
#2533=ORIENTED_EDGE('',*,*,#4108,.T.);
#2534=ORIENTED_EDGE('',*,*,#4112,.F.);
#2535=ORIENTED_EDGE('',*,*,#4113,.F.);
#2536=ORIENTED_EDGE('',*,*,#4114,.T.);
#2537=ORIENTED_EDGE('',*,*,#4115,.T.);
#2538=ORIENTED_EDGE('',*,*,#4116,.T.);
#2539=ORIENTED_EDGE('',*,*,#4117,.F.);
#2540=ORIENTED_EDGE('',*,*,#4118,.F.);
#2541=ORIENTED_EDGE('',*,*,#4113,.T.);
#2542=ORIENTED_EDGE('',*,*,#4119,.T.);
#2543=ORIENTED_EDGE('',*,*,#4120,.F.);
#2544=ORIENTED_EDGE('',*,*,#4121,.F.);
#2545=ORIENTED_EDGE('',*,*,#4117,.T.);
#2546=ORIENTED_EDGE('',*,*,#4122,.F.);
#2547=ORIENTED_EDGE('',*,*,#4115,.F.);
#2548=ORIENTED_EDGE('',*,*,#4123,.T.);
#2549=ORIENTED_EDGE('',*,*,#4120,.T.);
#2550=ORIENTED_EDGE('',*,*,#4124,.T.);
#2551=ORIENTED_EDGE('',*,*,#4125,.F.);
#2552=ORIENTED_EDGE('',*,*,#4126,.F.);
#2553=ORIENTED_EDGE('',*,*,#4127,.T.);
#2554=ORIENTED_EDGE('',*,*,#4128,.F.);
#2555=ORIENTED_EDGE('',*,*,#4129,.F.);
#2556=ORIENTED_EDGE('',*,*,#4130,.T.);
#2557=ORIENTED_EDGE('',*,*,#4125,.T.);
#2558=ORIENTED_EDGE('',*,*,#4131,.F.);
#2559=ORIENTED_EDGE('',*,*,#4132,.F.);
#2560=ORIENTED_EDGE('',*,*,#4133,.T.);
#2561=ORIENTED_EDGE('',*,*,#4129,.T.);
#2562=ORIENTED_EDGE('',*,*,#4134,.T.);
#2563=ORIENTED_EDGE('',*,*,#4127,.F.);
#2564=ORIENTED_EDGE('',*,*,#4135,.F.);
#2565=ORIENTED_EDGE('',*,*,#4132,.T.);
#2566=ORIENTED_EDGE('',*,*,#4136,.T.);
#2567=ORIENTED_EDGE('',*,*,#4137,.F.);
#2568=ORIENTED_EDGE('',*,*,#4138,.F.);
#2569=ORIENTED_EDGE('',*,*,#4139,.T.);
#2570=ORIENTED_EDGE('',*,*,#4140,.F.);
#2571=ORIENTED_EDGE('',*,*,#4141,.F.);
#2572=ORIENTED_EDGE('',*,*,#4142,.T.);
#2573=ORIENTED_EDGE('',*,*,#4137,.T.);
#2574=ORIENTED_EDGE('',*,*,#4143,.F.);
#2575=ORIENTED_EDGE('',*,*,#4144,.F.);
#2576=ORIENTED_EDGE('',*,*,#4145,.T.);
#2577=ORIENTED_EDGE('',*,*,#4141,.T.);
#2578=ORIENTED_EDGE('',*,*,#4146,.T.);
#2579=ORIENTED_EDGE('',*,*,#4139,.F.);
#2580=ORIENTED_EDGE('',*,*,#4147,.F.);
#2581=ORIENTED_EDGE('',*,*,#4144,.T.);
#2582=ORIENTED_EDGE('',*,*,#4148,.F.);
#2583=ORIENTED_EDGE('',*,*,#4149,.F.);
#2584=ORIENTED_EDGE('',*,*,#4150,.T.);
#2585=ORIENTED_EDGE('',*,*,#4151,.T.);
#2586=ORIENTED_EDGE('',*,*,#4152,.T.);
#2587=ORIENTED_EDGE('',*,*,#4153,.F.);
#2588=ORIENTED_EDGE('',*,*,#4154,.F.);
#2589=ORIENTED_EDGE('',*,*,#4149,.T.);
#2590=ORIENTED_EDGE('',*,*,#4155,.T.);
#2591=ORIENTED_EDGE('',*,*,#4156,.F.);
#2592=ORIENTED_EDGE('',*,*,#4157,.F.);
#2593=ORIENTED_EDGE('',*,*,#4153,.T.);
#2594=ORIENTED_EDGE('',*,*,#4158,.F.);
#2595=ORIENTED_EDGE('',*,*,#4151,.F.);
#2596=ORIENTED_EDGE('',*,*,#4159,.T.);
#2597=ORIENTED_EDGE('',*,*,#4156,.T.);
#2598=ORIENTED_EDGE('',*,*,#4160,.F.);
#2599=ORIENTED_EDGE('',*,*,#4161,.F.);
#2600=ORIENTED_EDGE('',*,*,#4162,.T.);
#2601=ORIENTED_EDGE('',*,*,#4163,.T.);
#2602=ORIENTED_EDGE('',*,*,#4164,.T.);
#2603=ORIENTED_EDGE('',*,*,#4165,.F.);
#2604=ORIENTED_EDGE('',*,*,#4166,.F.);
#2605=ORIENTED_EDGE('',*,*,#4161,.T.);
#2606=ORIENTED_EDGE('',*,*,#4167,.T.);
#2607=ORIENTED_EDGE('',*,*,#4168,.F.);
#2608=ORIENTED_EDGE('',*,*,#4169,.F.);
#2609=ORIENTED_EDGE('',*,*,#4165,.T.);
#2610=ORIENTED_EDGE('',*,*,#4170,.F.);
#2611=ORIENTED_EDGE('',*,*,#4163,.F.);
#2612=ORIENTED_EDGE('',*,*,#4171,.T.);
#2613=ORIENTED_EDGE('',*,*,#4168,.T.);
#2614=ORIENTED_EDGE('',*,*,#4172,.F.);
#2615=ORIENTED_EDGE('',*,*,#4173,.F.);
#2616=ORIENTED_EDGE('',*,*,#4174,.T.);
#2617=ORIENTED_EDGE('',*,*,#4175,.T.);
#2618=ORIENTED_EDGE('',*,*,#4176,.T.);
#2619=ORIENTED_EDGE('',*,*,#4177,.F.);
#2620=ORIENTED_EDGE('',*,*,#4178,.F.);
#2621=ORIENTED_EDGE('',*,*,#4173,.T.);
#2622=ORIENTED_EDGE('',*,*,#4179,.T.);
#2623=ORIENTED_EDGE('',*,*,#4180,.F.);
#2624=ORIENTED_EDGE('',*,*,#4181,.F.);
#2625=ORIENTED_EDGE('',*,*,#4177,.T.);
#2626=ORIENTED_EDGE('',*,*,#4182,.F.);
#2627=ORIENTED_EDGE('',*,*,#4175,.F.);
#2628=ORIENTED_EDGE('',*,*,#4183,.T.);
#2629=ORIENTED_EDGE('',*,*,#4180,.T.);
#2630=ORIENTED_EDGE('',*,*,#4184,.F.);
#2631=ORIENTED_EDGE('',*,*,#4185,.F.);
#2632=ORIENTED_EDGE('',*,*,#4186,.T.);
#2633=ORIENTED_EDGE('',*,*,#4187,.T.);
#2634=ORIENTED_EDGE('',*,*,#4188,.T.);
#2635=ORIENTED_EDGE('',*,*,#4189,.F.);
#2636=ORIENTED_EDGE('',*,*,#4190,.F.);
#2637=ORIENTED_EDGE('',*,*,#4185,.T.);
#2638=ORIENTED_EDGE('',*,*,#4191,.T.);
#2639=ORIENTED_EDGE('',*,*,#4192,.F.);
#2640=ORIENTED_EDGE('',*,*,#4193,.F.);
#2641=ORIENTED_EDGE('',*,*,#4189,.T.);
#2642=ORIENTED_EDGE('',*,*,#4194,.F.);
#2643=ORIENTED_EDGE('',*,*,#4187,.F.);
#2644=ORIENTED_EDGE('',*,*,#4195,.T.);
#2645=ORIENTED_EDGE('',*,*,#4192,.T.);
#2646=ORIENTED_EDGE('',*,*,#4196,.F.);
#2647=ORIENTED_EDGE('',*,*,#4197,.F.);
#2648=ORIENTED_EDGE('',*,*,#4198,.T.);
#2649=ORIENTED_EDGE('',*,*,#4199,.T.);
#2650=ORIENTED_EDGE('',*,*,#4200,.T.);
#2651=ORIENTED_EDGE('',*,*,#4201,.F.);
#2652=ORIENTED_EDGE('',*,*,#4202,.F.);
#2653=ORIENTED_EDGE('',*,*,#4197,.T.);
#2654=ORIENTED_EDGE('',*,*,#4203,.T.);
#2655=ORIENTED_EDGE('',*,*,#4204,.F.);
#2656=ORIENTED_EDGE('',*,*,#4205,.F.);
#2657=ORIENTED_EDGE('',*,*,#4201,.T.);
#2658=ORIENTED_EDGE('',*,*,#4206,.F.);
#2659=ORIENTED_EDGE('',*,*,#4199,.F.);
#2660=ORIENTED_EDGE('',*,*,#4207,.T.);
#2661=ORIENTED_EDGE('',*,*,#4204,.T.);
#2662=ORIENTED_EDGE('',*,*,#4208,.F.);
#2663=ORIENTED_EDGE('',*,*,#3437,.F.);
#2664=ORIENTED_EDGE('',*,*,#4209,.T.);
#2665=ORIENTED_EDGE('',*,*,#4210,.T.);
#2666=ORIENTED_EDGE('',*,*,#4211,.T.);
#2667=ORIENTED_EDGE('',*,*,#4212,.F.);
#2668=ORIENTED_EDGE('',*,*,#4213,.F.);
#2669=ORIENTED_EDGE('',*,*,#3448,.T.);
#2670=ORIENTED_EDGE('',*,*,#4214,.F.);
#2671=ORIENTED_EDGE('',*,*,#4215,.T.);
#2672=ORIENTED_EDGE('',*,*,#4216,.T.);
#2673=ORIENTED_EDGE('',*,*,#4210,.F.);
#2674=ORIENTED_EDGE('',*,*,#4217,.F.);
#2675=ORIENTED_EDGE('',*,*,#4218,.T.);
#2676=ORIENTED_EDGE('',*,*,#4212,.T.);
#2677=ORIENTED_EDGE('',*,*,#4219,.F.);
#2678=ORIENTED_EDGE('',*,*,#4206,.T.);
#2679=ORIENTED_EDGE('',*,*,#4203,.F.);
#2680=ORIENTED_EDGE('',*,*,#4200,.F.);
#2681=ORIENTED_EDGE('',*,*,#4196,.T.);
#2682=ORIENTED_EDGE('',*,*,#4194,.T.);
#2683=ORIENTED_EDGE('',*,*,#4191,.F.);
#2684=ORIENTED_EDGE('',*,*,#4188,.F.);
#2685=ORIENTED_EDGE('',*,*,#4184,.T.);
#2686=ORIENTED_EDGE('',*,*,#4182,.T.);
#2687=ORIENTED_EDGE('',*,*,#4179,.F.);
#2688=ORIENTED_EDGE('',*,*,#4176,.F.);
#2689=ORIENTED_EDGE('',*,*,#4172,.T.);
#2690=ORIENTED_EDGE('',*,*,#4170,.T.);
#2691=ORIENTED_EDGE('',*,*,#4167,.F.);
#2692=ORIENTED_EDGE('',*,*,#4164,.F.);
#2693=ORIENTED_EDGE('',*,*,#4160,.T.);
#2694=ORIENTED_EDGE('',*,*,#4158,.T.);
#2695=ORIENTED_EDGE('',*,*,#4155,.F.);
#2696=ORIENTED_EDGE('',*,*,#4152,.F.);
#2697=ORIENTED_EDGE('',*,*,#4148,.T.);
#2698=ORIENTED_EDGE('',*,*,#4146,.F.);
#2699=ORIENTED_EDGE('',*,*,#4143,.T.);
#2700=ORIENTED_EDGE('',*,*,#4140,.T.);
#2701=ORIENTED_EDGE('',*,*,#4136,.F.);
#2702=ORIENTED_EDGE('',*,*,#4134,.F.);
#2703=ORIENTED_EDGE('',*,*,#4131,.T.);
#2704=ORIENTED_EDGE('',*,*,#4128,.T.);
#2705=ORIENTED_EDGE('',*,*,#4124,.F.);
#2706=ORIENTED_EDGE('',*,*,#4122,.T.);
#2707=ORIENTED_EDGE('',*,*,#4119,.F.);
#2708=ORIENTED_EDGE('',*,*,#4116,.F.);
#2709=ORIENTED_EDGE('',*,*,#4112,.T.);
#2710=ORIENTED_EDGE('',*,*,#4110,.T.);
#2711=ORIENTED_EDGE('',*,*,#4107,.F.);
#2712=ORIENTED_EDGE('',*,*,#4104,.F.);
#2713=ORIENTED_EDGE('',*,*,#4100,.T.);
#2714=ORIENTED_EDGE('',*,*,#4098,.T.);
#2715=ORIENTED_EDGE('',*,*,#4095,.F.);
#2716=ORIENTED_EDGE('',*,*,#4092,.F.);
#2717=ORIENTED_EDGE('',*,*,#4088,.T.);
#2718=ORIENTED_EDGE('',*,*,#4086,.T.);
#2719=ORIENTED_EDGE('',*,*,#4083,.F.);
#2720=ORIENTED_EDGE('',*,*,#4080,.F.);
#2721=ORIENTED_EDGE('',*,*,#4076,.T.);
#2722=ORIENTED_EDGE('',*,*,#4074,.T.);
#2723=ORIENTED_EDGE('',*,*,#4071,.F.);
#2724=ORIENTED_EDGE('',*,*,#4068,.F.);
#2725=ORIENTED_EDGE('',*,*,#4064,.T.);
#2726=ORIENTED_EDGE('',*,*,#4062,.F.);
#2727=ORIENTED_EDGE('',*,*,#4059,.T.);
#2728=ORIENTED_EDGE('',*,*,#4056,.T.);
#2729=ORIENTED_EDGE('',*,*,#4052,.F.);
#2730=ORIENTED_EDGE('',*,*,#4050,.F.);
#2731=ORIENTED_EDGE('',*,*,#4047,.T.);
#2732=ORIENTED_EDGE('',*,*,#4044,.T.);
#2733=ORIENTED_EDGE('',*,*,#4040,.F.);
#2734=ORIENTED_EDGE('',*,*,#4038,.T.);
#2735=ORIENTED_EDGE('',*,*,#4035,.T.);
#2736=ORIENTED_EDGE('',*,*,#4032,.F.);
#2737=ORIENTED_EDGE('',*,*,#4028,.F.);
#2738=ORIENTED_EDGE('',*,*,#4026,.T.);
#2739=ORIENTED_EDGE('',*,*,#4023,.T.);
#2740=ORIENTED_EDGE('',*,*,#4020,.F.);
#2741=ORIENTED_EDGE('',*,*,#4017,.F.);
#2742=ORIENTED_EDGE('',*,*,#4014,.T.);
#2743=ORIENTED_EDGE('',*,*,#4011,.F.);
#2744=ORIENTED_EDGE('',*,*,#4008,.T.);
#2745=ORIENTED_EDGE('',*,*,#4005,.T.);
#2746=ORIENTED_EDGE('',*,*,#4002,.T.);
#2747=ORIENTED_EDGE('',*,*,#3999,.F.);
#2748=ORIENTED_EDGE('',*,*,#3996,.T.);
#2749=ORIENTED_EDGE('',*,*,#3993,.F.);
#2750=ORIENTED_EDGE('',*,*,#3990,.T.);
#2751=ORIENTED_EDGE('',*,*,#3987,.F.);
#2752=ORIENTED_EDGE('',*,*,#3984,.T.);
#2753=ORIENTED_EDGE('',*,*,#3981,.F.);
#2754=ORIENTED_EDGE('',*,*,#3978,.T.);
#2755=ORIENTED_EDGE('',*,*,#3975,.F.);
#2756=ORIENTED_EDGE('',*,*,#3972,.T.);
#2757=ORIENTED_EDGE('',*,*,#3969,.F.);
#2758=ORIENTED_EDGE('',*,*,#3966,.T.);
#2759=ORIENTED_EDGE('',*,*,#3963,.T.);
#2760=ORIENTED_EDGE('',*,*,#3960,.F.);
#2761=ORIENTED_EDGE('',*,*,#3956,.F.);
#2762=ORIENTED_EDGE('',*,*,#3954,.T.);
#2763=ORIENTED_EDGE('',*,*,#3951,.T.);
#2764=ORIENTED_EDGE('',*,*,#3948,.F.);
#2765=ORIENTED_EDGE('',*,*,#3944,.F.);
#2766=ORIENTED_EDGE('',*,*,#3943,.F.);
#2767=ORIENTED_EDGE('',*,*,#3941,.F.);
#2768=ORIENTED_EDGE('',*,*,#3939,.F.);
#2769=ORIENTED_EDGE('',*,*,#3937,.F.);
#2770=ORIENTED_EDGE('',*,*,#3935,.F.);
#2771=ORIENTED_EDGE('',*,*,#3933,.F.);
#2772=ORIENTED_EDGE('',*,*,#3931,.F.);
#2773=ORIENTED_EDGE('',*,*,#3929,.F.);
#2774=ORIENTED_EDGE('',*,*,#3927,.F.);
#2775=ORIENTED_EDGE('',*,*,#3925,.F.);
#2776=ORIENTED_EDGE('',*,*,#3923,.F.);
#2777=ORIENTED_EDGE('',*,*,#3921,.F.);
#2778=ORIENTED_EDGE('',*,*,#3919,.F.);
#2779=ORIENTED_EDGE('',*,*,#3917,.F.);
#2780=ORIENTED_EDGE('',*,*,#3915,.F.);
#2781=ORIENTED_EDGE('',*,*,#3913,.F.);
#2782=ORIENTED_EDGE('',*,*,#3911,.F.);
#2783=ORIENTED_EDGE('',*,*,#3909,.F.);
#2784=ORIENTED_EDGE('',*,*,#3907,.F.);
#2785=ORIENTED_EDGE('',*,*,#3905,.F.);
#2786=ORIENTED_EDGE('',*,*,#3903,.F.);
#2787=ORIENTED_EDGE('',*,*,#3901,.F.);
#2788=ORIENTED_EDGE('',*,*,#3899,.F.);
#2789=ORIENTED_EDGE('',*,*,#3897,.F.);
#2790=ORIENTED_EDGE('',*,*,#3895,.F.);
#2791=ORIENTED_EDGE('',*,*,#3893,.F.);
#2792=ORIENTED_EDGE('',*,*,#3891,.F.);
#2793=ORIENTED_EDGE('',*,*,#3889,.F.);
#2794=ORIENTED_EDGE('',*,*,#3887,.F.);
#2795=ORIENTED_EDGE('',*,*,#3885,.F.);
#2796=ORIENTED_EDGE('',*,*,#3883,.F.);
#2797=ORIENTED_EDGE('',*,*,#3881,.F.);
#2798=ORIENTED_EDGE('',*,*,#3879,.F.);
#2799=ORIENTED_EDGE('',*,*,#3877,.F.);
#2800=ORIENTED_EDGE('',*,*,#3875,.F.);
#2801=ORIENTED_EDGE('',*,*,#3873,.F.);
#2802=ORIENTED_EDGE('',*,*,#3871,.F.);
#2803=ORIENTED_EDGE('',*,*,#3869,.F.);
#2804=ORIENTED_EDGE('',*,*,#3867,.F.);
#2805=ORIENTED_EDGE('',*,*,#3865,.F.);
#2806=ORIENTED_EDGE('',*,*,#3863,.F.);
#2807=ORIENTED_EDGE('',*,*,#3861,.F.);
#2808=ORIENTED_EDGE('',*,*,#3859,.F.);
#2809=ORIENTED_EDGE('',*,*,#3857,.F.);
#2810=ORIENTED_EDGE('',*,*,#3855,.F.);
#2811=ORIENTED_EDGE('',*,*,#3853,.F.);
#2812=ORIENTED_EDGE('',*,*,#3851,.F.);
#2813=ORIENTED_EDGE('',*,*,#3849,.F.);
#2814=ORIENTED_EDGE('',*,*,#3847,.F.);
#2815=ORIENTED_EDGE('',*,*,#3845,.F.);
#2816=ORIENTED_EDGE('',*,*,#3843,.F.);
#2817=ORIENTED_EDGE('',*,*,#3841,.F.);
#2818=ORIENTED_EDGE('',*,*,#3839,.F.);
#2819=ORIENTED_EDGE('',*,*,#3837,.F.);
#2820=ORIENTED_EDGE('',*,*,#3835,.F.);
#2821=ORIENTED_EDGE('',*,*,#3833,.F.);
#2822=ORIENTED_EDGE('',*,*,#3831,.F.);
#2823=ORIENTED_EDGE('',*,*,#3829,.F.);
#2824=ORIENTED_EDGE('',*,*,#3827,.F.);
#2825=ORIENTED_EDGE('',*,*,#3825,.F.);
#2826=ORIENTED_EDGE('',*,*,#3823,.F.);
#2827=ORIENTED_EDGE('',*,*,#3821,.F.);
#2828=ORIENTED_EDGE('',*,*,#3819,.F.);
#2829=ORIENTED_EDGE('',*,*,#3817,.F.);
#2830=ORIENTED_EDGE('',*,*,#3815,.F.);
#2831=ORIENTED_EDGE('',*,*,#3813,.F.);
#2832=ORIENTED_EDGE('',*,*,#3811,.F.);
#2833=ORIENTED_EDGE('',*,*,#3809,.F.);
#2834=ORIENTED_EDGE('',*,*,#3807,.F.);
#2835=ORIENTED_EDGE('',*,*,#3805,.F.);
#2836=ORIENTED_EDGE('',*,*,#3802,.T.);
#2837=ORIENTED_EDGE('',*,*,#3799,.T.);
#2838=ORIENTED_EDGE('',*,*,#3796,.F.);
#2839=ORIENTED_EDGE('',*,*,#3793,.F.);
#2840=ORIENTED_EDGE('',*,*,#3790,.F.);
#2841=ORIENTED_EDGE('',*,*,#3787,.T.);
#2842=ORIENTED_EDGE('',*,*,#3784,.F.);
#2843=ORIENTED_EDGE('',*,*,#3781,.T.);
#2844=ORIENTED_EDGE('',*,*,#3778,.T.);
#2845=ORIENTED_EDGE('',*,*,#3775,.T.);
#2846=ORIENTED_EDGE('',*,*,#3772,.F.);
#2847=ORIENTED_EDGE('',*,*,#3769,.T.);
#2848=ORIENTED_EDGE('',*,*,#3766,.F.);
#2849=ORIENTED_EDGE('',*,*,#3763,.T.);
#2850=ORIENTED_EDGE('',*,*,#3760,.F.);
#2851=ORIENTED_EDGE('',*,*,#3757,.T.);
#2852=ORIENTED_EDGE('',*,*,#3754,.F.);
#2853=ORIENTED_EDGE('',*,*,#3751,.T.);
#2854=ORIENTED_EDGE('',*,*,#3748,.T.);
#2855=ORIENTED_EDGE('',*,*,#3744,.F.);
#2856=ORIENTED_EDGE('',*,*,#3742,.T.);
#2857=ORIENTED_EDGE('',*,*,#3739,.T.);
#2858=ORIENTED_EDGE('',*,*,#3736,.F.);
#2859=ORIENTED_EDGE('',*,*,#3733,.F.);
#2860=ORIENTED_EDGE('',*,*,#3730,.T.);
#2861=ORIENTED_EDGE('',*,*,#3727,.F.);
#2862=ORIENTED_EDGE('',*,*,#3724,.T.);
#2863=ORIENTED_EDGE('',*,*,#3721,.T.);
#2864=ORIENTED_EDGE('',*,*,#3718,.T.);
#2865=ORIENTED_EDGE('',*,*,#3715,.F.);
#2866=ORIENTED_EDGE('',*,*,#3712,.T.);
#2867=ORIENTED_EDGE('',*,*,#3709,.F.);
#2868=ORIENTED_EDGE('',*,*,#3706,.T.);
#2869=ORIENTED_EDGE('',*,*,#3703,.F.);
#2870=ORIENTED_EDGE('',*,*,#3700,.T.);
#2871=ORIENTED_EDGE('',*,*,#3697,.F.);
#2872=ORIENTED_EDGE('',*,*,#3694,.T.);
#2873=ORIENTED_EDGE('',*,*,#3691,.F.);
#2874=ORIENTED_EDGE('',*,*,#3688,.T.);
#2875=ORIENTED_EDGE('',*,*,#3685,.F.);
#2876=ORIENTED_EDGE('',*,*,#3682,.T.);
#2877=ORIENTED_EDGE('',*,*,#3679,.T.);
#2878=ORIENTED_EDGE('',*,*,#3676,.F.);
#2879=ORIENTED_EDGE('',*,*,#3672,.F.);
#2880=ORIENTED_EDGE('',*,*,#3670,.T.);
#2881=ORIENTED_EDGE('',*,*,#3667,.F.);
#2882=ORIENTED_EDGE('',*,*,#3664,.F.);
#2883=ORIENTED_EDGE('',*,*,#3660,.T.);
#2884=ORIENTED_EDGE('',*,*,#3658,.T.);
#2885=ORIENTED_EDGE('',*,*,#3655,.F.);
#2886=ORIENTED_EDGE('',*,*,#3652,.F.);
#2887=ORIENTED_EDGE('',*,*,#3648,.T.);
#2888=ORIENTED_EDGE('',*,*,#3646,.T.);
#2889=ORIENTED_EDGE('',*,*,#3643,.F.);
#2890=ORIENTED_EDGE('',*,*,#3640,.F.);
#2891=ORIENTED_EDGE('',*,*,#3636,.T.);
#2892=ORIENTED_EDGE('',*,*,#3634,.T.);
#2893=ORIENTED_EDGE('',*,*,#3631,.T.);
#2894=ORIENTED_EDGE('',*,*,#3628,.F.);
#2895=ORIENTED_EDGE('',*,*,#3624,.F.);
#2896=ORIENTED_EDGE('',*,*,#3622,.T.);
#2897=ORIENTED_EDGE('',*,*,#3619,.T.);
#2898=ORIENTED_EDGE('',*,*,#3616,.F.);
#2899=ORIENTED_EDGE('',*,*,#3612,.F.);
#2900=ORIENTED_EDGE('',*,*,#3610,.T.);
#2901=ORIENTED_EDGE('',*,*,#3607,.T.);
#2902=ORIENTED_EDGE('',*,*,#3604,.F.);
#2903=ORIENTED_EDGE('',*,*,#3600,.F.);
#2904=ORIENTED_EDGE('',*,*,#3598,.F.);
#2905=ORIENTED_EDGE('',*,*,#3595,.T.);
#2906=ORIENTED_EDGE('',*,*,#3592,.T.);
#2907=ORIENTED_EDGE('',*,*,#3588,.F.);
#2908=ORIENTED_EDGE('',*,*,#3586,.F.);
#2909=ORIENTED_EDGE('',*,*,#3583,.T.);
#2910=ORIENTED_EDGE('',*,*,#3580,.T.);
#2911=ORIENTED_EDGE('',*,*,#3576,.F.);
#2912=ORIENTED_EDGE('',*,*,#3574,.T.);
#2913=ORIENTED_EDGE('',*,*,#3571,.T.);
#2914=ORIENTED_EDGE('',*,*,#3568,.F.);
#2915=ORIENTED_EDGE('',*,*,#3564,.F.);
#2916=ORIENTED_EDGE('',*,*,#3562,.F.);
#2917=ORIENTED_EDGE('',*,*,#3559,.T.);
#2918=ORIENTED_EDGE('',*,*,#3556,.T.);
#2919=ORIENTED_EDGE('',*,*,#3552,.F.);
#2920=ORIENTED_EDGE('',*,*,#3550,.T.);
#2921=ORIENTED_EDGE('',*,*,#3547,.T.);
#2922=ORIENTED_EDGE('',*,*,#3544,.F.);
#2923=ORIENTED_EDGE('',*,*,#3540,.F.);
#2924=ORIENTED_EDGE('',*,*,#3538,.T.);
#2925=ORIENTED_EDGE('',*,*,#3535,.F.);
#2926=ORIENTED_EDGE('',*,*,#3532,.F.);
#2927=ORIENTED_EDGE('',*,*,#3528,.T.);
#2928=ORIENTED_EDGE('',*,*,#3526,.T.);
#2929=ORIENTED_EDGE('',*,*,#3523,.F.);
#2930=ORIENTED_EDGE('',*,*,#3520,.F.);
#2931=ORIENTED_EDGE('',*,*,#3516,.T.);
#2932=ORIENTED_EDGE('',*,*,#3514,.T.);
#2933=ORIENTED_EDGE('',*,*,#3511,.F.);
#2934=ORIENTED_EDGE('',*,*,#3508,.F.);
#2935=ORIENTED_EDGE('',*,*,#3504,.T.);
#2936=ORIENTED_EDGE('',*,*,#3502,.T.);
#2937=ORIENTED_EDGE('',*,*,#3499,.F.);
#2938=ORIENTED_EDGE('',*,*,#3496,.F.);
#2939=ORIENTED_EDGE('',*,*,#3492,.T.);
#2940=ORIENTED_EDGE('',*,*,#3490,.T.);
#2941=ORIENTED_EDGE('',*,*,#3487,.F.);
#2942=ORIENTED_EDGE('',*,*,#3484,.F.);
#2943=ORIENTED_EDGE('',*,*,#3480,.T.);
#2944=ORIENTED_EDGE('',*,*,#3478,.T.);
#2945=ORIENTED_EDGE('',*,*,#3475,.F.);
#2946=ORIENTED_EDGE('',*,*,#3472,.F.);
#2947=ORIENTED_EDGE('',*,*,#3468,.T.);
#2948=ORIENTED_EDGE('',*,*,#3466,.T.);
#2949=ORIENTED_EDGE('',*,*,#3463,.F.);
#2950=ORIENTED_EDGE('',*,*,#3460,.F.);
#2951=ORIENTED_EDGE('',*,*,#3456,.T.);
#2952=ORIENTED_EDGE('',*,*,#3455,.T.);
#2953=ORIENTED_EDGE('',*,*,#3453,.T.);
#2954=ORIENTED_EDGE('',*,*,#3451,.T.);
#2955=ORIENTED_EDGE('',*,*,#4220,.T.);
#2956=ORIENTED_EDGE('',*,*,#4221,.T.);
#2957=ORIENTED_EDGE('',*,*,#4219,.T.);
#2958=ORIENTED_EDGE('',*,*,#4211,.F.);
#2959=ORIENTED_EDGE('',*,*,#3447,.T.);
#2960=ORIENTED_EDGE('',*,*,#3444,.F.);
#2961=ORIENTED_EDGE('',*,*,#3441,.T.);
#2962=ORIENTED_EDGE('',*,*,#3438,.F.);
#2963=ORIENTED_EDGE('',*,*,#3434,.T.);
#2964=ORIENTED_EDGE('',*,*,#4208,.T.);
#2965=ORIENTED_EDGE('',*,*,#4216,.F.);
#2966=ORIENTED_EDGE('',*,*,#4222,.T.);
#2967=ORIENTED_EDGE('',*,*,#4223,.T.);
#2968=ORIENTED_EDGE('',*,*,#4224,.T.);
#2969=ORIENTED_EDGE('',*,*,#4225,.T.);
#2970=ORIENTED_EDGE('',*,*,#4226,.T.);
#2971=ORIENTED_EDGE('',*,*,#4227,.T.);
#2972=ORIENTED_EDGE('',*,*,#4228,.T.);
#2973=ORIENTED_EDGE('',*,*,#4229,.T.);
#2974=ORIENTED_EDGE('',*,*,#4230,.T.);
#2975=ORIENTED_EDGE('',*,*,#4231,.T.);
#2976=ORIENTED_EDGE('',*,*,#4232,.T.);
#2977=ORIENTED_EDGE('',*,*,#4233,.T.);
#2978=ORIENTED_EDGE('',*,*,#3432,.T.);
#2979=ORIENTED_EDGE('',*,*,#3428,.F.);
#2980=ORIENTED_EDGE('',*,*,#3425,.F.);
#2981=ORIENTED_EDGE('',*,*,#3423,.T.);
#2982=ORIENTED_EDGE('',*,*,#3420,.T.);
#2983=ORIENTED_EDGE('',*,*,#4234,.T.);
#2984=ORIENTED_EDGE('',*,*,#4235,.T.);
#2985=ORIENTED_EDGE('',*,*,#4236,.T.);
#2986=ORIENTED_EDGE('',*,*,#3416,.T.);
#2987=ORIENTED_EDGE('',*,*,#3412,.T.);
#2988=ORIENTED_EDGE('',*,*,#3409,.T.);
#2989=ORIENTED_EDGE('',*,*,#3407,.F.);
#2990=ORIENTED_EDGE('',*,*,#3404,.T.);
#2991=ORIENTED_EDGE('',*,*,#3400,.T.);
#2992=ORIENTED_EDGE('',*,*,#3398,.T.);
#2993=ORIENTED_EDGE('',*,*,#3394,.T.);
#2994=ORIENTED_EDGE('',*,*,#3391,.T.);
#2995=ORIENTED_EDGE('',*,*,#3389,.F.);
#2996=ORIENTED_EDGE('',*,*,#3386,.T.);
#2997=ORIENTED_EDGE('',*,*,#4237,.F.);
#2998=ORIENTED_EDGE('',*,*,#4238,.F.);
#2999=ORIENTED_EDGE('',*,*,#3384,.T.);
#3000=ORIENTED_EDGE('',*,*,#3388,.T.);
#3001=ORIENTED_EDGE('',*,*,#3393,.F.);
#3002=ORIENTED_EDGE('',*,*,#3396,.F.);
#3003=ORIENTED_EDGE('',*,*,#3397,.T.);
#3004=ORIENTED_EDGE('',*,*,#3402,.F.);
#3005=ORIENTED_EDGE('',*,*,#3403,.T.);
#3006=ORIENTED_EDGE('',*,*,#3406,.T.);
#3007=ORIENTED_EDGE('',*,*,#3411,.F.);
#3008=ORIENTED_EDGE('',*,*,#3414,.F.);
#3009=ORIENTED_EDGE('',*,*,#3415,.T.);
#3010=ORIENTED_EDGE('',*,*,#4239,.F.);
#3011=ORIENTED_EDGE('',*,*,#4240,.F.);
#3012=ORIENTED_EDGE('',*,*,#4241,.F.);
#3013=ORIENTED_EDGE('',*,*,#3418,.T.);
#3014=ORIENTED_EDGE('',*,*,#3422,.F.);
#3015=ORIENTED_EDGE('',*,*,#3427,.T.);
#3016=ORIENTED_EDGE('',*,*,#3430,.T.);
#3017=ORIENTED_EDGE('',*,*,#3431,.T.);
#3018=ORIENTED_EDGE('',*,*,#4242,.F.);
#3019=ORIENTED_EDGE('',*,*,#4243,.F.);
#3020=ORIENTED_EDGE('',*,*,#4244,.F.);
#3021=ORIENTED_EDGE('',*,*,#4245,.F.);
#3022=ORIENTED_EDGE('',*,*,#4246,.F.);
#3023=ORIENTED_EDGE('',*,*,#4247,.F.);
#3024=ORIENTED_EDGE('',*,*,#4248,.F.);
#3025=ORIENTED_EDGE('',*,*,#4249,.F.);
#3026=ORIENTED_EDGE('',*,*,#4250,.F.);
#3027=ORIENTED_EDGE('',*,*,#4251,.F.);
#3028=ORIENTED_EDGE('',*,*,#4252,.F.);
#3029=ORIENTED_EDGE('',*,*,#4253,.F.);
#3030=ORIENTED_EDGE('',*,*,#4214,.T.);
#3031=ORIENTED_EDGE('',*,*,#4209,.F.);
#3032=ORIENTED_EDGE('',*,*,#3436,.F.);
#3033=ORIENTED_EDGE('',*,*,#3440,.T.);
#3034=ORIENTED_EDGE('',*,*,#3443,.F.);
#3035=ORIENTED_EDGE('',*,*,#3446,.T.);
#3036=ORIENTED_EDGE('',*,*,#3449,.F.);
#3037=ORIENTED_EDGE('',*,*,#4213,.T.);
#3038=ORIENTED_EDGE('',*,*,#4218,.F.);
#3039=ORIENTED_EDGE('',*,*,#3450,.F.);
#3040=ORIENTED_EDGE('',*,*,#3452,.F.);
#3041=ORIENTED_EDGE('',*,*,#3454,.F.);
#3042=ORIENTED_EDGE('',*,*,#3467,.F.);
#3043=ORIENTED_EDGE('',*,*,#3458,.F.);
#3044=ORIENTED_EDGE('',*,*,#3462,.T.);
#3045=ORIENTED_EDGE('',*,*,#3465,.T.);
#3046=ORIENTED_EDGE('',*,*,#3479,.F.);
#3047=ORIENTED_EDGE('',*,*,#3470,.F.);
#3048=ORIENTED_EDGE('',*,*,#3474,.T.);
#3049=ORIENTED_EDGE('',*,*,#3477,.T.);
#3050=ORIENTED_EDGE('',*,*,#3491,.F.);
#3051=ORIENTED_EDGE('',*,*,#3482,.F.);
#3052=ORIENTED_EDGE('',*,*,#3486,.T.);
#3053=ORIENTED_EDGE('',*,*,#3489,.T.);
#3054=ORIENTED_EDGE('',*,*,#3503,.F.);
#3055=ORIENTED_EDGE('',*,*,#3494,.F.);
#3056=ORIENTED_EDGE('',*,*,#3498,.T.);
#3057=ORIENTED_EDGE('',*,*,#3501,.T.);
#3058=ORIENTED_EDGE('',*,*,#3515,.F.);
#3059=ORIENTED_EDGE('',*,*,#3506,.F.);
#3060=ORIENTED_EDGE('',*,*,#3510,.T.);
#3061=ORIENTED_EDGE('',*,*,#3513,.T.);
#3062=ORIENTED_EDGE('',*,*,#3527,.F.);
#3063=ORIENTED_EDGE('',*,*,#3518,.F.);
#3064=ORIENTED_EDGE('',*,*,#3522,.T.);
#3065=ORIENTED_EDGE('',*,*,#3525,.T.);
#3066=ORIENTED_EDGE('',*,*,#3539,.F.);
#3067=ORIENTED_EDGE('',*,*,#3530,.F.);
#3068=ORIENTED_EDGE('',*,*,#3534,.T.);
#3069=ORIENTED_EDGE('',*,*,#3537,.T.);
#3070=ORIENTED_EDGE('',*,*,#3551,.F.);
#3071=ORIENTED_EDGE('',*,*,#3542,.T.);
#3072=ORIENTED_EDGE('',*,*,#3546,.T.);
#3073=ORIENTED_EDGE('',*,*,#3549,.F.);
#3074=ORIENTED_EDGE('',*,*,#3563,.T.);
#3075=ORIENTED_EDGE('',*,*,#3554,.T.);
#3076=ORIENTED_EDGE('',*,*,#3558,.F.);
#3077=ORIENTED_EDGE('',*,*,#3561,.F.);
#3078=ORIENTED_EDGE('',*,*,#3575,.F.);
#3079=ORIENTED_EDGE('',*,*,#3566,.T.);
#3080=ORIENTED_EDGE('',*,*,#3570,.T.);
#3081=ORIENTED_EDGE('',*,*,#3573,.F.);
#3082=ORIENTED_EDGE('',*,*,#3587,.T.);
#3083=ORIENTED_EDGE('',*,*,#3578,.T.);
#3084=ORIENTED_EDGE('',*,*,#3582,.F.);
#3085=ORIENTED_EDGE('',*,*,#3585,.F.);
#3086=ORIENTED_EDGE('',*,*,#3599,.T.);
#3087=ORIENTED_EDGE('',*,*,#3590,.T.);
#3088=ORIENTED_EDGE('',*,*,#3594,.F.);
#3089=ORIENTED_EDGE('',*,*,#3597,.F.);
#3090=ORIENTED_EDGE('',*,*,#3611,.F.);
#3091=ORIENTED_EDGE('',*,*,#3602,.T.);
#3092=ORIENTED_EDGE('',*,*,#3606,.T.);
#3093=ORIENTED_EDGE('',*,*,#3609,.F.);
#3094=ORIENTED_EDGE('',*,*,#3623,.F.);
#3095=ORIENTED_EDGE('',*,*,#3614,.T.);
#3096=ORIENTED_EDGE('',*,*,#3618,.T.);
#3097=ORIENTED_EDGE('',*,*,#3621,.F.);
#3098=ORIENTED_EDGE('',*,*,#3635,.F.);
#3099=ORIENTED_EDGE('',*,*,#3626,.T.);
#3100=ORIENTED_EDGE('',*,*,#3630,.T.);
#3101=ORIENTED_EDGE('',*,*,#3633,.F.);
#3102=ORIENTED_EDGE('',*,*,#3647,.F.);
#3103=ORIENTED_EDGE('',*,*,#3638,.F.);
#3104=ORIENTED_EDGE('',*,*,#3642,.T.);
#3105=ORIENTED_EDGE('',*,*,#3645,.T.);
#3106=ORIENTED_EDGE('',*,*,#3659,.F.);
#3107=ORIENTED_EDGE('',*,*,#3650,.F.);
#3108=ORIENTED_EDGE('',*,*,#3654,.T.);
#3109=ORIENTED_EDGE('',*,*,#3657,.T.);
#3110=ORIENTED_EDGE('',*,*,#3671,.F.);
#3111=ORIENTED_EDGE('',*,*,#3662,.F.);
#3112=ORIENTED_EDGE('',*,*,#3666,.T.);
#3113=ORIENTED_EDGE('',*,*,#3669,.T.);
#3114=ORIENTED_EDGE('',*,*,#3743,.F.);
#3115=ORIENTED_EDGE('',*,*,#3674,.T.);
#3116=ORIENTED_EDGE('',*,*,#3678,.T.);
#3117=ORIENTED_EDGE('',*,*,#3681,.F.);
#3118=ORIENTED_EDGE('',*,*,#3684,.F.);
#3119=ORIENTED_EDGE('',*,*,#3687,.T.);
#3120=ORIENTED_EDGE('',*,*,#3690,.F.);
#3121=ORIENTED_EDGE('',*,*,#3693,.T.);
#3122=ORIENTED_EDGE('',*,*,#3696,.F.);
#3123=ORIENTED_EDGE('',*,*,#3699,.T.);
#3124=ORIENTED_EDGE('',*,*,#3702,.F.);
#3125=ORIENTED_EDGE('',*,*,#3705,.T.);
#3126=ORIENTED_EDGE('',*,*,#3708,.F.);
#3127=ORIENTED_EDGE('',*,*,#3711,.T.);
#3128=ORIENTED_EDGE('',*,*,#3714,.F.);
#3129=ORIENTED_EDGE('',*,*,#3717,.T.);
#3130=ORIENTED_EDGE('',*,*,#3720,.F.);
#3131=ORIENTED_EDGE('',*,*,#3723,.F.);
#3132=ORIENTED_EDGE('',*,*,#3726,.F.);
#3133=ORIENTED_EDGE('',*,*,#3729,.T.);
#3134=ORIENTED_EDGE('',*,*,#3732,.F.);
#3135=ORIENTED_EDGE('',*,*,#3735,.T.);
#3136=ORIENTED_EDGE('',*,*,#3738,.T.);
#3137=ORIENTED_EDGE('',*,*,#3741,.F.);
#3138=ORIENTED_EDGE('',*,*,#3803,.F.);
#3139=ORIENTED_EDGE('',*,*,#3746,.T.);
#3140=ORIENTED_EDGE('',*,*,#3750,.F.);
#3141=ORIENTED_EDGE('',*,*,#3753,.F.);
#3142=ORIENTED_EDGE('',*,*,#3756,.T.);
#3143=ORIENTED_EDGE('',*,*,#3759,.F.);
#3144=ORIENTED_EDGE('',*,*,#3762,.T.);
#3145=ORIENTED_EDGE('',*,*,#3765,.F.);
#3146=ORIENTED_EDGE('',*,*,#3768,.T.);
#3147=ORIENTED_EDGE('',*,*,#3771,.F.);
#3148=ORIENTED_EDGE('',*,*,#3774,.T.);
#3149=ORIENTED_EDGE('',*,*,#3777,.F.);
#3150=ORIENTED_EDGE('',*,*,#3780,.F.);
#3151=ORIENTED_EDGE('',*,*,#3783,.F.);
#3152=ORIENTED_EDGE('',*,*,#3786,.T.);
#3153=ORIENTED_EDGE('',*,*,#3789,.F.);
#3154=ORIENTED_EDGE('',*,*,#3792,.T.);
#3155=ORIENTED_EDGE('',*,*,#3795,.T.);
#3156=ORIENTED_EDGE('',*,*,#3798,.T.);
#3157=ORIENTED_EDGE('',*,*,#3801,.F.);
#3158=ORIENTED_EDGE('',*,*,#3804,.T.);
#3159=ORIENTED_EDGE('',*,*,#3806,.T.);
#3160=ORIENTED_EDGE('',*,*,#3808,.T.);
#3161=ORIENTED_EDGE('',*,*,#3810,.T.);
#3162=ORIENTED_EDGE('',*,*,#3812,.T.);
#3163=ORIENTED_EDGE('',*,*,#3814,.T.);
#3164=ORIENTED_EDGE('',*,*,#3816,.T.);
#3165=ORIENTED_EDGE('',*,*,#3818,.T.);
#3166=ORIENTED_EDGE('',*,*,#3820,.T.);
#3167=ORIENTED_EDGE('',*,*,#3822,.T.);
#3168=ORIENTED_EDGE('',*,*,#3824,.T.);
#3169=ORIENTED_EDGE('',*,*,#3826,.T.);
#3170=ORIENTED_EDGE('',*,*,#3828,.T.);
#3171=ORIENTED_EDGE('',*,*,#3830,.T.);
#3172=ORIENTED_EDGE('',*,*,#3832,.T.);
#3173=ORIENTED_EDGE('',*,*,#3834,.T.);
#3174=ORIENTED_EDGE('',*,*,#3836,.T.);
#3175=ORIENTED_EDGE('',*,*,#3838,.T.);
#3176=ORIENTED_EDGE('',*,*,#3840,.T.);
#3177=ORIENTED_EDGE('',*,*,#3842,.T.);
#3178=ORIENTED_EDGE('',*,*,#3844,.T.);
#3179=ORIENTED_EDGE('',*,*,#3846,.T.);
#3180=ORIENTED_EDGE('',*,*,#3848,.T.);
#3181=ORIENTED_EDGE('',*,*,#3850,.T.);
#3182=ORIENTED_EDGE('',*,*,#3852,.T.);
#3183=ORIENTED_EDGE('',*,*,#3854,.T.);
#3184=ORIENTED_EDGE('',*,*,#3856,.T.);
#3185=ORIENTED_EDGE('',*,*,#3858,.T.);
#3186=ORIENTED_EDGE('',*,*,#3860,.T.);
#3187=ORIENTED_EDGE('',*,*,#3862,.T.);
#3188=ORIENTED_EDGE('',*,*,#3864,.T.);
#3189=ORIENTED_EDGE('',*,*,#3866,.T.);
#3190=ORIENTED_EDGE('',*,*,#3868,.T.);
#3191=ORIENTED_EDGE('',*,*,#3870,.T.);
#3192=ORIENTED_EDGE('',*,*,#3872,.T.);
#3193=ORIENTED_EDGE('',*,*,#3874,.T.);
#3194=ORIENTED_EDGE('',*,*,#3876,.T.);
#3195=ORIENTED_EDGE('',*,*,#3878,.T.);
#3196=ORIENTED_EDGE('',*,*,#3880,.T.);
#3197=ORIENTED_EDGE('',*,*,#3882,.T.);
#3198=ORIENTED_EDGE('',*,*,#3884,.T.);
#3199=ORIENTED_EDGE('',*,*,#3886,.T.);
#3200=ORIENTED_EDGE('',*,*,#3888,.T.);
#3201=ORIENTED_EDGE('',*,*,#3890,.T.);
#3202=ORIENTED_EDGE('',*,*,#3892,.T.);
#3203=ORIENTED_EDGE('',*,*,#3894,.T.);
#3204=ORIENTED_EDGE('',*,*,#3896,.T.);
#3205=ORIENTED_EDGE('',*,*,#3898,.T.);
#3206=ORIENTED_EDGE('',*,*,#3900,.T.);
#3207=ORIENTED_EDGE('',*,*,#3902,.T.);
#3208=ORIENTED_EDGE('',*,*,#3904,.T.);
#3209=ORIENTED_EDGE('',*,*,#3906,.T.);
#3210=ORIENTED_EDGE('',*,*,#3908,.T.);
#3211=ORIENTED_EDGE('',*,*,#3910,.T.);
#3212=ORIENTED_EDGE('',*,*,#3912,.T.);
#3213=ORIENTED_EDGE('',*,*,#3914,.T.);
#3214=ORIENTED_EDGE('',*,*,#3916,.T.);
#3215=ORIENTED_EDGE('',*,*,#3918,.T.);
#3216=ORIENTED_EDGE('',*,*,#3920,.T.);
#3217=ORIENTED_EDGE('',*,*,#3922,.T.);
#3218=ORIENTED_EDGE('',*,*,#3924,.T.);
#3219=ORIENTED_EDGE('',*,*,#3926,.T.);
#3220=ORIENTED_EDGE('',*,*,#3928,.T.);
#3221=ORIENTED_EDGE('',*,*,#3930,.T.);
#3222=ORIENTED_EDGE('',*,*,#3932,.T.);
#3223=ORIENTED_EDGE('',*,*,#3934,.T.);
#3224=ORIENTED_EDGE('',*,*,#3936,.T.);
#3225=ORIENTED_EDGE('',*,*,#3938,.T.);
#3226=ORIENTED_EDGE('',*,*,#3940,.T.);
#3227=ORIENTED_EDGE('',*,*,#3942,.T.);
#3228=ORIENTED_EDGE('',*,*,#3955,.F.);
#3229=ORIENTED_EDGE('',*,*,#3946,.T.);
#3230=ORIENTED_EDGE('',*,*,#3950,.T.);
#3231=ORIENTED_EDGE('',*,*,#3953,.F.);
#3232=ORIENTED_EDGE('',*,*,#4027,.F.);
#3233=ORIENTED_EDGE('',*,*,#3958,.T.);
#3234=ORIENTED_EDGE('',*,*,#3962,.T.);
#3235=ORIENTED_EDGE('',*,*,#3965,.F.);
#3236=ORIENTED_EDGE('',*,*,#3968,.F.);
#3237=ORIENTED_EDGE('',*,*,#3971,.T.);
#3238=ORIENTED_EDGE('',*,*,#3974,.F.);
#3239=ORIENTED_EDGE('',*,*,#3977,.T.);
#3240=ORIENTED_EDGE('',*,*,#3980,.F.);
#3241=ORIENTED_EDGE('',*,*,#3983,.T.);
#3242=ORIENTED_EDGE('',*,*,#3986,.F.);
#3243=ORIENTED_EDGE('',*,*,#3989,.T.);
#3244=ORIENTED_EDGE('',*,*,#3992,.F.);
#3245=ORIENTED_EDGE('',*,*,#3995,.T.);
#3246=ORIENTED_EDGE('',*,*,#3998,.F.);
#3247=ORIENTED_EDGE('',*,*,#4001,.T.);
#3248=ORIENTED_EDGE('',*,*,#4004,.F.);
#3249=ORIENTED_EDGE('',*,*,#4007,.F.);
#3250=ORIENTED_EDGE('',*,*,#4010,.F.);
#3251=ORIENTED_EDGE('',*,*,#4013,.T.);
#3252=ORIENTED_EDGE('',*,*,#4016,.F.);
#3253=ORIENTED_EDGE('',*,*,#4019,.T.);
#3254=ORIENTED_EDGE('',*,*,#4022,.T.);
#3255=ORIENTED_EDGE('',*,*,#4025,.F.);
#3256=ORIENTED_EDGE('',*,*,#4039,.F.);
#3257=ORIENTED_EDGE('',*,*,#4030,.T.);
#3258=ORIENTED_EDGE('',*,*,#4034,.T.);
#3259=ORIENTED_EDGE('',*,*,#4037,.F.);
#3260=ORIENTED_EDGE('',*,*,#4051,.T.);
#3261=ORIENTED_EDGE('',*,*,#4042,.T.);
#3262=ORIENTED_EDGE('',*,*,#4046,.F.);
#3263=ORIENTED_EDGE('',*,*,#4049,.F.);
#3264=ORIENTED_EDGE('',*,*,#4063,.T.);
#3265=ORIENTED_EDGE('',*,*,#4054,.T.);
#3266=ORIENTED_EDGE('',*,*,#4058,.F.);
#3267=ORIENTED_EDGE('',*,*,#4061,.F.);
#3268=ORIENTED_EDGE('',*,*,#4075,.F.);
#3269=ORIENTED_EDGE('',*,*,#4066,.F.);
#3270=ORIENTED_EDGE('',*,*,#4070,.T.);
#3271=ORIENTED_EDGE('',*,*,#4073,.T.);
#3272=ORIENTED_EDGE('',*,*,#4087,.F.);
#3273=ORIENTED_EDGE('',*,*,#4078,.F.);
#3274=ORIENTED_EDGE('',*,*,#4082,.T.);
#3275=ORIENTED_EDGE('',*,*,#4085,.T.);
#3276=ORIENTED_EDGE('',*,*,#4099,.F.);
#3277=ORIENTED_EDGE('',*,*,#4090,.F.);
#3278=ORIENTED_EDGE('',*,*,#4094,.T.);
#3279=ORIENTED_EDGE('',*,*,#4097,.T.);
#3280=ORIENTED_EDGE('',*,*,#4111,.F.);
#3281=ORIENTED_EDGE('',*,*,#4102,.F.);
#3282=ORIENTED_EDGE('',*,*,#4106,.T.);
#3283=ORIENTED_EDGE('',*,*,#4109,.T.);
#3284=ORIENTED_EDGE('',*,*,#4123,.F.);
#3285=ORIENTED_EDGE('',*,*,#4114,.F.);
#3286=ORIENTED_EDGE('',*,*,#4118,.T.);
#3287=ORIENTED_EDGE('',*,*,#4121,.T.);
#3288=ORIENTED_EDGE('',*,*,#4135,.T.);
#3289=ORIENTED_EDGE('',*,*,#4126,.T.);
#3290=ORIENTED_EDGE('',*,*,#4130,.F.);
#3291=ORIENTED_EDGE('',*,*,#4133,.F.);
#3292=ORIENTED_EDGE('',*,*,#4147,.T.);
#3293=ORIENTED_EDGE('',*,*,#4138,.T.);
#3294=ORIENTED_EDGE('',*,*,#4142,.F.);
#3295=ORIENTED_EDGE('',*,*,#4145,.F.);
#3296=ORIENTED_EDGE('',*,*,#4159,.F.);
#3297=ORIENTED_EDGE('',*,*,#4150,.F.);
#3298=ORIENTED_EDGE('',*,*,#4154,.T.);
#3299=ORIENTED_EDGE('',*,*,#4157,.T.);
#3300=ORIENTED_EDGE('',*,*,#4171,.F.);
#3301=ORIENTED_EDGE('',*,*,#4162,.F.);
#3302=ORIENTED_EDGE('',*,*,#4166,.T.);
#3303=ORIENTED_EDGE('',*,*,#4169,.T.);
#3304=ORIENTED_EDGE('',*,*,#4183,.F.);
#3305=ORIENTED_EDGE('',*,*,#4174,.F.);
#3306=ORIENTED_EDGE('',*,*,#4178,.T.);
#3307=ORIENTED_EDGE('',*,*,#4181,.T.);
#3308=ORIENTED_EDGE('',*,*,#4195,.F.);
#3309=ORIENTED_EDGE('',*,*,#4186,.F.);
#3310=ORIENTED_EDGE('',*,*,#4190,.T.);
#3311=ORIENTED_EDGE('',*,*,#4193,.T.);
#3312=ORIENTED_EDGE('',*,*,#4207,.F.);
#3313=ORIENTED_EDGE('',*,*,#4198,.F.);
#3314=ORIENTED_EDGE('',*,*,#4202,.T.);
#3315=ORIENTED_EDGE('',*,*,#4205,.T.);
#3316=ORIENTED_EDGE('',*,*,#4236,.F.);
#3317=ORIENTED_EDGE('',*,*,#4254,.T.);
#3318=ORIENTED_EDGE('',*,*,#4239,.T.);
#3319=ORIENTED_EDGE('',*,*,#3417,.T.);
#3320=ORIENTED_EDGE('',*,*,#4255,.F.);
#3321=ORIENTED_EDGE('',*,*,#4220,.F.);
#3322=ORIENTED_EDGE('',*,*,#3385,.T.);
#3323=ORIENTED_EDGE('',*,*,#4238,.T.);
#3324=ORIENTED_EDGE('',*,*,#4233,.F.);
#3325=ORIENTED_EDGE('',*,*,#4256,.T.);
#3326=ORIENTED_EDGE('',*,*,#4242,.T.);
#3327=ORIENTED_EDGE('',*,*,#3433,.T.);
#3328=ORIENTED_EDGE('',*,*,#4257,.F.);
#3329=ORIENTED_EDGE('',*,*,#4234,.F.);
#3330=ORIENTED_EDGE('',*,*,#3419,.T.);
#3331=ORIENTED_EDGE('',*,*,#4241,.T.);
#3332=ORIENTED_EDGE('',*,*,#4255,.T.);
#3333=ORIENTED_EDGE('',*,*,#4237,.T.);
#3334=ORIENTED_EDGE('',*,*,#4217,.T.);
#3335=ORIENTED_EDGE('',*,*,#4221,.F.);
#3336=ORIENTED_EDGE('',*,*,#4258,.T.);
#3337=ORIENTED_EDGE('',*,*,#4252,.T.);
#3338=ORIENTED_EDGE('',*,*,#4259,.F.);
#3339=ORIENTED_EDGE('',*,*,#4223,.F.);
#3340=ORIENTED_EDGE('',*,*,#4259,.T.);
#3341=ORIENTED_EDGE('',*,*,#4251,.T.);
#3342=ORIENTED_EDGE('',*,*,#4260,.F.);
#3343=ORIENTED_EDGE('',*,*,#4224,.F.);
#3344=ORIENTED_EDGE('',*,*,#4260,.T.);
#3345=ORIENTED_EDGE('',*,*,#4250,.T.);
#3346=ORIENTED_EDGE('',*,*,#4261,.F.);
#3347=ORIENTED_EDGE('',*,*,#4225,.F.);
#3348=ORIENTED_EDGE('',*,*,#4261,.T.);
#3349=ORIENTED_EDGE('',*,*,#4249,.T.);
#3350=ORIENTED_EDGE('',*,*,#4262,.F.);
#3351=ORIENTED_EDGE('',*,*,#4226,.F.);
#3352=ORIENTED_EDGE('',*,*,#4262,.T.);
#3353=ORIENTED_EDGE('',*,*,#4248,.T.);
#3354=ORIENTED_EDGE('',*,*,#4263,.F.);
#3355=ORIENTED_EDGE('',*,*,#4227,.F.);
#3356=ORIENTED_EDGE('',*,*,#4263,.T.);
#3357=ORIENTED_EDGE('',*,*,#4247,.T.);
#3358=ORIENTED_EDGE('',*,*,#4264,.F.);
#3359=ORIENTED_EDGE('',*,*,#4228,.F.);
#3360=ORIENTED_EDGE('',*,*,#4264,.T.);
#3361=ORIENTED_EDGE('',*,*,#4246,.T.);
#3362=ORIENTED_EDGE('',*,*,#4265,.F.);
#3363=ORIENTED_EDGE('',*,*,#4229,.F.);
#3364=ORIENTED_EDGE('',*,*,#4265,.T.);
#3365=ORIENTED_EDGE('',*,*,#4245,.T.);
#3366=ORIENTED_EDGE('',*,*,#4266,.F.);
#3367=ORIENTED_EDGE('',*,*,#4230,.F.);
#3368=ORIENTED_EDGE('',*,*,#4266,.T.);
#3369=ORIENTED_EDGE('',*,*,#4244,.T.);
#3370=ORIENTED_EDGE('',*,*,#4267,.F.);
#3371=ORIENTED_EDGE('',*,*,#4231,.F.);
#3372=ORIENTED_EDGE('',*,*,#4267,.T.);
#3373=ORIENTED_EDGE('',*,*,#4243,.T.);
#3374=ORIENTED_EDGE('',*,*,#4256,.F.);
#3375=ORIENTED_EDGE('',*,*,#4232,.F.);
#3376=ORIENTED_EDGE('',*,*,#4215,.F.);
#3377=ORIENTED_EDGE('',*,*,#4253,.T.);
#3378=ORIENTED_EDGE('',*,*,#4258,.F.);
#3379=ORIENTED_EDGE('',*,*,#4222,.F.);
#3380=ORIENTED_EDGE('',*,*,#4257,.T.);
#3381=ORIENTED_EDGE('',*,*,#4240,.T.);
#3382=ORIENTED_EDGE('',*,*,#4254,.F.);
#3383=ORIENTED_EDGE('',*,*,#4235,.F.);
#3384=EDGE_CURVE('',#4268,#4269,#4906,.F.);
#3385=EDGE_CURVE('',#4270,#4268,#236,.F.);
#3386=EDGE_CURVE('',#4271,#4270,#4907,.T.);
#3387=EDGE_CURVE('',#4269,#4271,#237,.T.);
#3388=EDGE_CURVE('',#4269,#4272,#238,.T.);
#3389=EDGE_CURVE('',#4271,#4273,#239,.T.);
#3390=EDGE_CURVE('',#4272,#4273,#240,.T.);
#3391=EDGE_CURVE('',#4274,#4273,#241,.T.);
#3392=EDGE_CURVE('',#4275,#4274,#242,.T.);
#3393=EDGE_CURVE('',#4275,#4272,#243,.T.);
#3394=EDGE_CURVE('',#4276,#4274,#244,.T.);
#3395=EDGE_CURVE('',#4276,#4277,#245,.F.);
#3396=EDGE_CURVE('',#4277,#4275,#246,.T.);
#3397=EDGE_CURVE('',#4277,#4278,#4908,.F.);
#3398=EDGE_CURVE('',#4279,#4276,#4909,.T.);
#3399=EDGE_CURVE('',#4278,#4279,#247,.T.);
#3400=EDGE_CURVE('',#4280,#4279,#248,.T.);
#3401=EDGE_CURVE('',#4280,#4281,#249,.F.);
#3402=EDGE_CURVE('',#4281,#4278,#250,.T.);
#3403=EDGE_CURVE('',#4281,#4282,#4910,.F.);
#3404=EDGE_CURVE('',#4283,#4280,#4911,.T.);
#3405=EDGE_CURVE('',#4282,#4283,#251,.T.);
#3406=EDGE_CURVE('',#4282,#4284,#252,.T.);
#3407=EDGE_CURVE('',#4283,#4285,#253,.T.);
#3408=EDGE_CURVE('',#4284,#4285,#254,.T.);
#3409=EDGE_CURVE('',#4286,#4285,#255,.T.);
#3410=EDGE_CURVE('',#4287,#4286,#256,.T.);
#3411=EDGE_CURVE('',#4287,#4284,#257,.T.);
#3412=EDGE_CURVE('',#4288,#4286,#258,.T.);
#3413=EDGE_CURVE('',#4288,#4289,#259,.F.);
#3414=EDGE_CURVE('',#4289,#4287,#260,.T.);
#3415=EDGE_CURVE('',#4289,#4290,#4912,.F.);
#3416=EDGE_CURVE('',#4291,#4288,#4913,.T.);
#3417=EDGE_CURVE('',#4290,#4291,#261,.T.);
#3418=EDGE_CURVE('',#4292,#4293,#4914,.F.);
#3419=EDGE_CURVE('',#4294,#4292,#262,.F.);
#3420=EDGE_CURVE('',#4295,#4294,#4915,.T.);
#3421=EDGE_CURVE('',#4293,#4295,#263,.T.);
#3422=EDGE_CURVE('',#4296,#4293,#264,.T.);
#3423=EDGE_CURVE('',#4297,#4295,#265,.T.);
#3424=EDGE_CURVE('',#4296,#4297,#266,.T.);
#3425=EDGE_CURVE('',#4297,#4298,#267,.T.);
#3426=EDGE_CURVE('',#4299,#4298,#268,.T.);
#3427=EDGE_CURVE('',#4296,#4299,#269,.T.);
#3428=EDGE_CURVE('',#4298,#4300,#270,.T.);
#3429=EDGE_CURVE('',#4300,#4301,#271,.F.);
#3430=EDGE_CURVE('',#4299,#4301,#272,.T.);
#3431=EDGE_CURVE('',#4301,#4302,#4916,.F.);
#3432=EDGE_CURVE('',#4303,#4300,#4917,.T.);
#3433=EDGE_CURVE('',#4302,#4303,#273,.T.);
#3434=EDGE_CURVE('',#4304,#4305,#274,.T.);
#3435=EDGE_CURVE('',#4306,#4304,#275,.T.);
#3436=EDGE_CURVE('',#4306,#4307,#276,.T.);
#3437=EDGE_CURVE('',#4307,#4305,#277,.T.);
#3438=EDGE_CURVE('',#4304,#4308,#4918,.T.);
#3439=EDGE_CURVE('',#4309,#4308,#278,.T.);
#3440=EDGE_CURVE('',#4306,#4309,#4919,.T.);
#3441=EDGE_CURVE('',#4310,#4308,#279,.T.);
#3442=EDGE_CURVE('',#4311,#4310,#280,.T.);
#3443=EDGE_CURVE('',#4311,#4309,#281,.T.);
#3444=EDGE_CURVE('',#4310,#4312,#282,.T.);
#3445=EDGE_CURVE('',#4313,#4312,#283,.T.);
#3446=EDGE_CURVE('',#4311,#4313,#284,.T.);
#3447=EDGE_CURVE('',#4314,#4312,#285,.T.);
#3448=EDGE_CURVE('',#4315,#4314,#286,.T.);
#3449=EDGE_CURVE('',#4315,#4313,#287,.T.);
#3450=EDGE_CURVE('',#4316,#4316,#4920,.T.);
#3451=EDGE_CURVE('',#4317,#4317,#4921,.T.);
#3452=EDGE_CURVE('',#4318,#4318,#4922,.T.);
#3453=EDGE_CURVE('',#4319,#4319,#4923,.T.);
#3454=EDGE_CURVE('',#4320,#4320,#4924,.T.);
#3455=EDGE_CURVE('',#4321,#4321,#4925,.T.);
#3456=EDGE_CURVE('',#4322,#4323,#288,.T.);
#3457=EDGE_CURVE('',#4324,#4322,#289,.T.);
#3458=EDGE_CURVE('',#4324,#4325,#290,.T.);
#3459=EDGE_CURVE('',#4325,#4323,#291,.T.);
#3460=EDGE_CURVE('',#4322,#4326,#292,.T.);
#3461=EDGE_CURVE('',#4327,#4326,#293,.T.);
#3462=EDGE_CURVE('',#4324,#4327,#294,.T.);
#3463=EDGE_CURVE('',#4326,#4328,#295,.T.);
#3464=EDGE_CURVE('',#4329,#4328,#296,.T.);
#3465=EDGE_CURVE('',#4327,#4329,#297,.T.);
#3466=EDGE_CURVE('',#4323,#4328,#298,.T.);
#3467=EDGE_CURVE('',#4325,#4329,#299,.T.);
#3468=EDGE_CURVE('',#4330,#4331,#300,.T.);
#3469=EDGE_CURVE('',#4332,#4330,#301,.T.);
#3470=EDGE_CURVE('',#4332,#4333,#302,.T.);
#3471=EDGE_CURVE('',#4333,#4331,#303,.T.);
#3472=EDGE_CURVE('',#4330,#4334,#304,.T.);
#3473=EDGE_CURVE('',#4335,#4334,#305,.T.);
#3474=EDGE_CURVE('',#4332,#4335,#306,.T.);
#3475=EDGE_CURVE('',#4334,#4336,#307,.T.);
#3476=EDGE_CURVE('',#4337,#4336,#308,.T.);
#3477=EDGE_CURVE('',#4335,#4337,#309,.T.);
#3478=EDGE_CURVE('',#4331,#4336,#310,.T.);
#3479=EDGE_CURVE('',#4333,#4337,#311,.T.);
#3480=EDGE_CURVE('',#4338,#4339,#312,.T.);
#3481=EDGE_CURVE('',#4340,#4338,#313,.T.);
#3482=EDGE_CURVE('',#4340,#4341,#314,.T.);
#3483=EDGE_CURVE('',#4341,#4339,#315,.T.);
#3484=EDGE_CURVE('',#4338,#4342,#316,.T.);
#3485=EDGE_CURVE('',#4343,#4342,#317,.T.);
#3486=EDGE_CURVE('',#4340,#4343,#318,.T.);
#3487=EDGE_CURVE('',#4342,#4344,#319,.T.);
#3488=EDGE_CURVE('',#4345,#4344,#320,.T.);
#3489=EDGE_CURVE('',#4343,#4345,#321,.T.);
#3490=EDGE_CURVE('',#4339,#4344,#322,.T.);
#3491=EDGE_CURVE('',#4341,#4345,#323,.T.);
#3492=EDGE_CURVE('',#4346,#4347,#324,.T.);
#3493=EDGE_CURVE('',#4348,#4346,#325,.T.);
#3494=EDGE_CURVE('',#4348,#4349,#326,.T.);
#3495=EDGE_CURVE('',#4349,#4347,#327,.T.);
#3496=EDGE_CURVE('',#4346,#4350,#328,.T.);
#3497=EDGE_CURVE('',#4351,#4350,#329,.T.);
#3498=EDGE_CURVE('',#4348,#4351,#330,.T.);
#3499=EDGE_CURVE('',#4350,#4352,#331,.T.);
#3500=EDGE_CURVE('',#4353,#4352,#332,.T.);
#3501=EDGE_CURVE('',#4351,#4353,#333,.T.);
#3502=EDGE_CURVE('',#4347,#4352,#334,.T.);
#3503=EDGE_CURVE('',#4349,#4353,#335,.T.);
#3504=EDGE_CURVE('',#4354,#4355,#336,.T.);
#3505=EDGE_CURVE('',#4356,#4354,#337,.T.);
#3506=EDGE_CURVE('',#4356,#4357,#338,.T.);
#3507=EDGE_CURVE('',#4357,#4355,#339,.T.);
#3508=EDGE_CURVE('',#4354,#4358,#340,.T.);
#3509=EDGE_CURVE('',#4359,#4358,#341,.T.);
#3510=EDGE_CURVE('',#4356,#4359,#342,.T.);
#3511=EDGE_CURVE('',#4358,#4360,#343,.T.);
#3512=EDGE_CURVE('',#4361,#4360,#344,.T.);
#3513=EDGE_CURVE('',#4359,#4361,#345,.T.);
#3514=EDGE_CURVE('',#4355,#4360,#346,.T.);
#3515=EDGE_CURVE('',#4357,#4361,#347,.T.);
#3516=EDGE_CURVE('',#4362,#4363,#348,.T.);
#3517=EDGE_CURVE('',#4364,#4362,#349,.T.);
#3518=EDGE_CURVE('',#4364,#4365,#350,.T.);
#3519=EDGE_CURVE('',#4365,#4363,#351,.T.);
#3520=EDGE_CURVE('',#4362,#4366,#352,.T.);
#3521=EDGE_CURVE('',#4367,#4366,#353,.T.);
#3522=EDGE_CURVE('',#4364,#4367,#354,.T.);
#3523=EDGE_CURVE('',#4366,#4368,#355,.T.);
#3524=EDGE_CURVE('',#4369,#4368,#356,.T.);
#3525=EDGE_CURVE('',#4367,#4369,#357,.T.);
#3526=EDGE_CURVE('',#4363,#4368,#358,.T.);
#3527=EDGE_CURVE('',#4365,#4369,#359,.T.);
#3528=EDGE_CURVE('',#4370,#4371,#360,.T.);
#3529=EDGE_CURVE('',#4372,#4370,#361,.T.);
#3530=EDGE_CURVE('',#4372,#4373,#362,.T.);
#3531=EDGE_CURVE('',#4373,#4371,#363,.T.);
#3532=EDGE_CURVE('',#4370,#4374,#364,.T.);
#3533=EDGE_CURVE('',#4375,#4374,#365,.T.);
#3534=EDGE_CURVE('',#4372,#4375,#366,.T.);
#3535=EDGE_CURVE('',#4374,#4376,#367,.T.);
#3536=EDGE_CURVE('',#4377,#4376,#368,.T.);
#3537=EDGE_CURVE('',#4375,#4377,#369,.T.);
#3538=EDGE_CURVE('',#4371,#4376,#370,.T.);
#3539=EDGE_CURVE('',#4373,#4377,#371,.T.);
#3540=EDGE_CURVE('',#4378,#4379,#372,.T.);
#3541=EDGE_CURVE('',#4380,#4379,#373,.T.);
#3542=EDGE_CURVE('',#4381,#4380,#374,.T.);
#3543=EDGE_CURVE('',#4381,#4378,#375,.T.);
#3544=EDGE_CURVE('',#4379,#4382,#376,.T.);
#3545=EDGE_CURVE('',#4383,#4382,#377,.T.);
#3546=EDGE_CURVE('',#4380,#4383,#378,.T.);
#3547=EDGE_CURVE('',#4384,#4382,#379,.T.);
#3548=EDGE_CURVE('',#4385,#4384,#380,.T.);
#3549=EDGE_CURVE('',#4385,#4383,#381,.T.);
#3550=EDGE_CURVE('',#4378,#4384,#382,.T.);
#3551=EDGE_CURVE('',#4381,#4385,#383,.T.);
#3552=EDGE_CURVE('',#4386,#4387,#384,.T.);
#3553=EDGE_CURVE('',#4388,#4387,#385,.T.);
#3554=EDGE_CURVE('',#4389,#4388,#386,.T.);
#3555=EDGE_CURVE('',#4389,#4386,#387,.T.);
#3556=EDGE_CURVE('',#4390,#4387,#388,.T.);
#3557=EDGE_CURVE('',#4391,#4390,#389,.T.);
#3558=EDGE_CURVE('',#4391,#4388,#390,.T.);
#3559=EDGE_CURVE('',#4392,#4390,#391,.T.);
#3560=EDGE_CURVE('',#4393,#4392,#392,.T.);
#3561=EDGE_CURVE('',#4393,#4391,#393,.T.);
#3562=EDGE_CURVE('',#4392,#4386,#394,.T.);
#3563=EDGE_CURVE('',#4393,#4389,#395,.T.);
#3564=EDGE_CURVE('',#4394,#4395,#396,.T.);
#3565=EDGE_CURVE('',#4396,#4395,#397,.T.);
#3566=EDGE_CURVE('',#4397,#4396,#398,.T.);
#3567=EDGE_CURVE('',#4397,#4394,#399,.T.);
#3568=EDGE_CURVE('',#4395,#4398,#400,.T.);
#3569=EDGE_CURVE('',#4399,#4398,#401,.T.);
#3570=EDGE_CURVE('',#4396,#4399,#402,.T.);
#3571=EDGE_CURVE('',#4400,#4398,#403,.T.);
#3572=EDGE_CURVE('',#4401,#4400,#404,.T.);
#3573=EDGE_CURVE('',#4401,#4399,#405,.T.);
#3574=EDGE_CURVE('',#4394,#4400,#406,.T.);
#3575=EDGE_CURVE('',#4397,#4401,#407,.T.);
#3576=EDGE_CURVE('',#4402,#4403,#408,.T.);
#3577=EDGE_CURVE('',#4404,#4403,#409,.T.);
#3578=EDGE_CURVE('',#4405,#4404,#410,.T.);
#3579=EDGE_CURVE('',#4405,#4402,#411,.T.);
#3580=EDGE_CURVE('',#4406,#4403,#412,.T.);
#3581=EDGE_CURVE('',#4407,#4406,#413,.T.);
#3582=EDGE_CURVE('',#4407,#4404,#414,.T.);
#3583=EDGE_CURVE('',#4408,#4406,#415,.T.);
#3584=EDGE_CURVE('',#4409,#4408,#416,.T.);
#3585=EDGE_CURVE('',#4409,#4407,#417,.T.);
#3586=EDGE_CURVE('',#4408,#4402,#418,.T.);
#3587=EDGE_CURVE('',#4409,#4405,#419,.T.);
#3588=EDGE_CURVE('',#4410,#4411,#420,.T.);
#3589=EDGE_CURVE('',#4412,#4411,#421,.T.);
#3590=EDGE_CURVE('',#4413,#4412,#422,.T.);
#3591=EDGE_CURVE('',#4413,#4410,#423,.T.);
#3592=EDGE_CURVE('',#4414,#4411,#424,.T.);
#3593=EDGE_CURVE('',#4415,#4414,#425,.T.);
#3594=EDGE_CURVE('',#4415,#4412,#426,.T.);
#3595=EDGE_CURVE('',#4416,#4414,#427,.T.);
#3596=EDGE_CURVE('',#4417,#4416,#428,.T.);
#3597=EDGE_CURVE('',#4417,#4415,#429,.T.);
#3598=EDGE_CURVE('',#4416,#4410,#430,.T.);
#3599=EDGE_CURVE('',#4417,#4413,#431,.T.);
#3600=EDGE_CURVE('',#4418,#4419,#432,.T.);
#3601=EDGE_CURVE('',#4420,#4419,#433,.T.);
#3602=EDGE_CURVE('',#4421,#4420,#434,.T.);
#3603=EDGE_CURVE('',#4421,#4418,#435,.T.);
#3604=EDGE_CURVE('',#4419,#4422,#436,.T.);
#3605=EDGE_CURVE('',#4423,#4422,#437,.T.);
#3606=EDGE_CURVE('',#4420,#4423,#438,.T.);
#3607=EDGE_CURVE('',#4424,#4422,#439,.T.);
#3608=EDGE_CURVE('',#4425,#4424,#440,.T.);
#3609=EDGE_CURVE('',#4425,#4423,#441,.T.);
#3610=EDGE_CURVE('',#4418,#4424,#442,.T.);
#3611=EDGE_CURVE('',#4421,#4425,#443,.T.);
#3612=EDGE_CURVE('',#4426,#4427,#444,.T.);
#3613=EDGE_CURVE('',#4428,#4427,#445,.T.);
#3614=EDGE_CURVE('',#4429,#4428,#446,.T.);
#3615=EDGE_CURVE('',#4429,#4426,#447,.T.);
#3616=EDGE_CURVE('',#4427,#4430,#448,.T.);
#3617=EDGE_CURVE('',#4431,#4430,#449,.T.);
#3618=EDGE_CURVE('',#4428,#4431,#450,.T.);
#3619=EDGE_CURVE('',#4432,#4430,#451,.T.);
#3620=EDGE_CURVE('',#4433,#4432,#452,.T.);
#3621=EDGE_CURVE('',#4433,#4431,#453,.T.);
#3622=EDGE_CURVE('',#4426,#4432,#454,.T.);
#3623=EDGE_CURVE('',#4429,#4433,#455,.T.);
#3624=EDGE_CURVE('',#4434,#4435,#456,.T.);
#3625=EDGE_CURVE('',#4436,#4435,#457,.T.);
#3626=EDGE_CURVE('',#4437,#4436,#458,.T.);
#3627=EDGE_CURVE('',#4437,#4434,#459,.T.);
#3628=EDGE_CURVE('',#4435,#4438,#460,.T.);
#3629=EDGE_CURVE('',#4439,#4438,#461,.T.);
#3630=EDGE_CURVE('',#4436,#4439,#462,.T.);
#3631=EDGE_CURVE('',#4440,#4438,#463,.T.);
#3632=EDGE_CURVE('',#4441,#4440,#464,.T.);
#3633=EDGE_CURVE('',#4441,#4439,#465,.T.);
#3634=EDGE_CURVE('',#4434,#4440,#466,.T.);
#3635=EDGE_CURVE('',#4437,#4441,#467,.T.);
#3636=EDGE_CURVE('',#4442,#4443,#468,.T.);
#3637=EDGE_CURVE('',#4444,#4442,#469,.T.);
#3638=EDGE_CURVE('',#4444,#4445,#470,.T.);
#3639=EDGE_CURVE('',#4445,#4443,#471,.T.);
#3640=EDGE_CURVE('',#4442,#4446,#472,.T.);
#3641=EDGE_CURVE('',#4447,#4446,#473,.T.);
#3642=EDGE_CURVE('',#4444,#4447,#474,.T.);
#3643=EDGE_CURVE('',#4446,#4448,#475,.T.);
#3644=EDGE_CURVE('',#4449,#4448,#476,.T.);
#3645=EDGE_CURVE('',#4447,#4449,#477,.T.);
#3646=EDGE_CURVE('',#4443,#4448,#478,.T.);
#3647=EDGE_CURVE('',#4445,#4449,#479,.T.);
#3648=EDGE_CURVE('',#4450,#4451,#480,.T.);
#3649=EDGE_CURVE('',#4452,#4450,#481,.T.);
#3650=EDGE_CURVE('',#4452,#4453,#482,.T.);
#3651=EDGE_CURVE('',#4453,#4451,#483,.T.);
#3652=EDGE_CURVE('',#4450,#4454,#484,.T.);
#3653=EDGE_CURVE('',#4455,#4454,#485,.T.);
#3654=EDGE_CURVE('',#4452,#4455,#486,.T.);
#3655=EDGE_CURVE('',#4454,#4456,#487,.T.);
#3656=EDGE_CURVE('',#4457,#4456,#488,.T.);
#3657=EDGE_CURVE('',#4455,#4457,#489,.T.);
#3658=EDGE_CURVE('',#4451,#4456,#490,.T.);
#3659=EDGE_CURVE('',#4453,#4457,#491,.T.);
#3660=EDGE_CURVE('',#4458,#4459,#492,.T.);
#3661=EDGE_CURVE('',#4460,#4458,#493,.T.);
#3662=EDGE_CURVE('',#4460,#4461,#494,.T.);
#3663=EDGE_CURVE('',#4461,#4459,#495,.T.);
#3664=EDGE_CURVE('',#4458,#4462,#496,.T.);
#3665=EDGE_CURVE('',#4463,#4462,#497,.T.);
#3666=EDGE_CURVE('',#4460,#4463,#498,.T.);
#3667=EDGE_CURVE('',#4462,#4464,#499,.T.);
#3668=EDGE_CURVE('',#4465,#4464,#500,.T.);
#3669=EDGE_CURVE('',#4463,#4465,#501,.T.);
#3670=EDGE_CURVE('',#4459,#4464,#502,.T.);
#3671=EDGE_CURVE('',#4461,#4465,#503,.T.);
#3672=EDGE_CURVE('',#4466,#4467,#504,.T.);
#3673=EDGE_CURVE('',#4468,#4467,#505,.T.);
#3674=EDGE_CURVE('',#4469,#4468,#506,.T.);
#3675=EDGE_CURVE('',#4469,#4466,#507,.T.);
#3676=EDGE_CURVE('',#4467,#4470,#508,.T.);
#3677=EDGE_CURVE('',#4471,#4470,#509,.T.);
#3678=EDGE_CURVE('',#4468,#4471,#510,.T.);
#3679=EDGE_CURVE('',#4472,#4470,#511,.T.);
#3680=EDGE_CURVE('',#4473,#4472,#512,.T.);
#3681=EDGE_CURVE('',#4473,#4471,#513,.T.);
#3682=EDGE_CURVE('',#4474,#4472,#514,.T.);
#3683=EDGE_CURVE('',#4475,#4474,#515,.T.);
#3684=EDGE_CURVE('',#4475,#4473,#516,.T.);
#3685=EDGE_CURVE('',#4474,#4476,#4926,.T.);
#3686=EDGE_CURVE('',#4477,#4476,#517,.T.);
#3687=EDGE_CURVE('',#4475,#4477,#4927,.T.);
#3688=EDGE_CURVE('',#4478,#4476,#518,.T.);
#3689=EDGE_CURVE('',#4479,#4478,#519,.T.);
#3690=EDGE_CURVE('',#4479,#4477,#520,.T.);
#3691=EDGE_CURVE('',#4478,#4480,#521,.T.);
#3692=EDGE_CURVE('',#4481,#4480,#522,.T.);
#3693=EDGE_CURVE('',#4479,#4481,#523,.T.);
#3694=EDGE_CURVE('',#4482,#4480,#524,.T.);
#3695=EDGE_CURVE('',#4483,#4482,#525,.T.);
#3696=EDGE_CURVE('',#4483,#4481,#526,.T.);
#3697=EDGE_CURVE('',#4482,#4484,#4928,.T.);
#3698=EDGE_CURVE('',#4485,#4484,#527,.T.);
#3699=EDGE_CURVE('',#4483,#4485,#4929,.T.);
#3700=EDGE_CURVE('',#4486,#4484,#528,.T.);
#3701=EDGE_CURVE('',#4487,#4486,#529,.T.);
#3702=EDGE_CURVE('',#4487,#4485,#530,.T.);
#3703=EDGE_CURVE('',#4486,#4488,#4930,.T.);
#3704=EDGE_CURVE('',#4489,#4488,#531,.T.);
#3705=EDGE_CURVE('',#4487,#4489,#4931,.T.);
#3706=EDGE_CURVE('',#4490,#4488,#532,.T.);
#3707=EDGE_CURVE('',#4491,#4490,#533,.T.);
#3708=EDGE_CURVE('',#4491,#4489,#534,.T.);
#3709=EDGE_CURVE('',#4490,#4492,#4932,.T.);
#3710=EDGE_CURVE('',#4493,#4492,#535,.T.);
#3711=EDGE_CURVE('',#4491,#4493,#4933,.T.);
#3712=EDGE_CURVE('',#4494,#4492,#536,.T.);
#3713=EDGE_CURVE('',#4495,#4494,#537,.T.);
#3714=EDGE_CURVE('',#4495,#4493,#538,.T.);
#3715=EDGE_CURVE('',#4494,#4496,#4934,.T.);
#3716=EDGE_CURVE('',#4497,#4496,#539,.T.);
#3717=EDGE_CURVE('',#4495,#4497,#4935,.T.);
#3718=EDGE_CURVE('',#4498,#4496,#540,.T.);
#3719=EDGE_CURVE('',#4499,#4498,#541,.T.);
#3720=EDGE_CURVE('',#4499,#4497,#542,.T.);
#3721=EDGE_CURVE('',#4500,#4498,#543,.T.);
#3722=EDGE_CURVE('',#4501,#4500,#544,.T.);
#3723=EDGE_CURVE('',#4501,#4499,#545,.T.);
#3724=EDGE_CURVE('',#4502,#4500,#546,.T.);
#3725=EDGE_CURVE('',#4503,#4502,#547,.T.);
#3726=EDGE_CURVE('',#4503,#4501,#548,.T.);
#3727=EDGE_CURVE('',#4502,#4504,#4936,.T.);
#3728=EDGE_CURVE('',#4505,#4504,#549,.T.);
#3729=EDGE_CURVE('',#4503,#4505,#4937,.T.);
#3730=EDGE_CURVE('',#4506,#4504,#550,.T.);
#3731=EDGE_CURVE('',#4507,#4506,#551,.T.);
#3732=EDGE_CURVE('',#4507,#4505,#552,.T.);
#3733=EDGE_CURVE('',#4506,#4508,#553,.T.);
#3734=EDGE_CURVE('',#4509,#4508,#554,.T.);
#3735=EDGE_CURVE('',#4507,#4509,#555,.T.);
#3736=EDGE_CURVE('',#4508,#4510,#556,.T.);
#3737=EDGE_CURVE('',#4511,#4510,#557,.T.);
#3738=EDGE_CURVE('',#4509,#4511,#558,.T.);
#3739=EDGE_CURVE('',#4512,#4510,#559,.T.);
#3740=EDGE_CURVE('',#4513,#4512,#560,.T.);
#3741=EDGE_CURVE('',#4513,#4511,#561,.T.);
#3742=EDGE_CURVE('',#4466,#4512,#562,.T.);
#3743=EDGE_CURVE('',#4469,#4513,#563,.T.);
#3744=EDGE_CURVE('',#4514,#4515,#564,.T.);
#3745=EDGE_CURVE('',#4516,#4515,#565,.T.);
#3746=EDGE_CURVE('',#4517,#4516,#566,.T.);
#3747=EDGE_CURVE('',#4517,#4514,#567,.T.);
#3748=EDGE_CURVE('',#4518,#4515,#568,.T.);
#3749=EDGE_CURVE('',#4519,#4518,#569,.T.);
#3750=EDGE_CURVE('',#4519,#4516,#570,.T.);
#3751=EDGE_CURVE('',#4520,#4518,#571,.T.);
#3752=EDGE_CURVE('',#4521,#4520,#572,.T.);
#3753=EDGE_CURVE('',#4521,#4519,#573,.T.);
#3754=EDGE_CURVE('',#4520,#4522,#4938,.T.);
#3755=EDGE_CURVE('',#4523,#4522,#574,.T.);
#3756=EDGE_CURVE('',#4521,#4523,#4939,.T.);
#3757=EDGE_CURVE('',#4524,#4522,#575,.T.);
#3758=EDGE_CURVE('',#4525,#4524,#576,.T.);
#3759=EDGE_CURVE('',#4525,#4523,#577,.T.);
#3760=EDGE_CURVE('',#4524,#4526,#578,.T.);
#3761=EDGE_CURVE('',#4527,#4526,#579,.T.);
#3762=EDGE_CURVE('',#4525,#4527,#580,.T.);
#3763=EDGE_CURVE('',#4528,#4526,#581,.T.);
#3764=EDGE_CURVE('',#4529,#4528,#582,.T.);
#3765=EDGE_CURVE('',#4529,#4527,#583,.T.);
#3766=EDGE_CURVE('',#4528,#4530,#4940,.T.);
#3767=EDGE_CURVE('',#4531,#4530,#584,.T.);
#3768=EDGE_CURVE('',#4529,#4531,#4941,.T.);
#3769=EDGE_CURVE('',#4532,#4530,#585,.T.);
#3770=EDGE_CURVE('',#4533,#4532,#586,.T.);
#3771=EDGE_CURVE('',#4533,#4531,#587,.T.);
#3772=EDGE_CURVE('',#4532,#4534,#4942,.T.);
#3773=EDGE_CURVE('',#4535,#4534,#588,.T.);
#3774=EDGE_CURVE('',#4533,#4535,#4943,.T.);
#3775=EDGE_CURVE('',#4536,#4534,#589,.T.);
#3776=EDGE_CURVE('',#4537,#4536,#590,.T.);
#3777=EDGE_CURVE('',#4537,#4535,#591,.T.);
#3778=EDGE_CURVE('',#4538,#4536,#592,.T.);
#3779=EDGE_CURVE('',#4539,#4538,#593,.T.);
#3780=EDGE_CURVE('',#4539,#4537,#594,.T.);
#3781=EDGE_CURVE('',#4540,#4538,#595,.T.);
#3782=EDGE_CURVE('',#4541,#4540,#596,.T.);
#3783=EDGE_CURVE('',#4541,#4539,#597,.T.);
#3784=EDGE_CURVE('',#4540,#4542,#4944,.T.);
#3785=EDGE_CURVE('',#4543,#4542,#598,.T.);
#3786=EDGE_CURVE('',#4541,#4543,#4945,.T.);
#3787=EDGE_CURVE('',#4544,#4542,#599,.T.);
#3788=EDGE_CURVE('',#4545,#4544,#600,.T.);
#3789=EDGE_CURVE('',#4545,#4543,#601,.T.);
#3790=EDGE_CURVE('',#4544,#4546,#602,.T.);
#3791=EDGE_CURVE('',#4547,#4546,#603,.T.);
#3792=EDGE_CURVE('',#4545,#4547,#604,.T.);
#3793=EDGE_CURVE('',#4546,#4548,#605,.T.);
#3794=EDGE_CURVE('',#4549,#4548,#606,.T.);
#3795=EDGE_CURVE('',#4547,#4549,#607,.T.);
#3796=EDGE_CURVE('',#4548,#4550,#608,.T.);
#3797=EDGE_CURVE('',#4551,#4550,#609,.T.);
#3798=EDGE_CURVE('',#4549,#4551,#610,.T.);
#3799=EDGE_CURVE('',#4552,#4550,#611,.T.);
#3800=EDGE_CURVE('',#4553,#4552,#612,.T.);
#3801=EDGE_CURVE('',#4553,#4551,#613,.T.);
#3802=EDGE_CURVE('',#4514,#4552,#614,.T.);
#3803=EDGE_CURVE('',#4517,#4553,#615,.T.);
#3804=EDGE_CURVE('',#4554,#4554,#4946,.T.);
#3805=EDGE_CURVE('',#4555,#4555,#4947,.T.);
#3806=EDGE_CURVE('',#4556,#4556,#4948,.T.);
#3807=EDGE_CURVE('',#4557,#4557,#4949,.T.);
#3808=EDGE_CURVE('',#4558,#4558,#4950,.T.);
#3809=EDGE_CURVE('',#4559,#4559,#4951,.T.);
#3810=EDGE_CURVE('',#4560,#4560,#4952,.T.);
#3811=EDGE_CURVE('',#4561,#4561,#4953,.T.);
#3812=EDGE_CURVE('',#4562,#4562,#4954,.T.);
#3813=EDGE_CURVE('',#4563,#4563,#4955,.T.);
#3814=EDGE_CURVE('',#4564,#4564,#4956,.T.);
#3815=EDGE_CURVE('',#4565,#4565,#4957,.T.);
#3816=EDGE_CURVE('',#4566,#4566,#4958,.T.);
#3817=EDGE_CURVE('',#4567,#4567,#4959,.T.);
#3818=EDGE_CURVE('',#4568,#4568,#4960,.T.);
#3819=EDGE_CURVE('',#4569,#4569,#4961,.T.);
#3820=EDGE_CURVE('',#4570,#4570,#4962,.T.);
#3821=EDGE_CURVE('',#4571,#4571,#4963,.T.);
#3822=EDGE_CURVE('',#4572,#4572,#4964,.T.);
#3823=EDGE_CURVE('',#4573,#4573,#4965,.T.);
#3824=EDGE_CURVE('',#4574,#4574,#4966,.T.);
#3825=EDGE_CURVE('',#4575,#4575,#4967,.T.);
#3826=EDGE_CURVE('',#4576,#4576,#4968,.T.);
#3827=EDGE_CURVE('',#4577,#4577,#4969,.T.);
#3828=EDGE_CURVE('',#4578,#4578,#4970,.T.);
#3829=EDGE_CURVE('',#4579,#4579,#4971,.T.);
#3830=EDGE_CURVE('',#4580,#4580,#4972,.T.);
#3831=EDGE_CURVE('',#4581,#4581,#4973,.T.);
#3832=EDGE_CURVE('',#4582,#4582,#4974,.T.);
#3833=EDGE_CURVE('',#4583,#4583,#4975,.T.);
#3834=EDGE_CURVE('',#4584,#4584,#4976,.T.);
#3835=EDGE_CURVE('',#4585,#4585,#4977,.T.);
#3836=EDGE_CURVE('',#4586,#4586,#4978,.T.);
#3837=EDGE_CURVE('',#4587,#4587,#4979,.T.);
#3838=EDGE_CURVE('',#4588,#4588,#4980,.T.);
#3839=EDGE_CURVE('',#4589,#4589,#4981,.T.);
#3840=EDGE_CURVE('',#4590,#4590,#4982,.T.);
#3841=EDGE_CURVE('',#4591,#4591,#4983,.T.);
#3842=EDGE_CURVE('',#4592,#4592,#4984,.T.);
#3843=EDGE_CURVE('',#4593,#4593,#4985,.T.);
#3844=EDGE_CURVE('',#4594,#4594,#4986,.T.);
#3845=EDGE_CURVE('',#4595,#4595,#4987,.T.);
#3846=EDGE_CURVE('',#4596,#4596,#4988,.T.);
#3847=EDGE_CURVE('',#4597,#4597,#4989,.T.);
#3848=EDGE_CURVE('',#4598,#4598,#4990,.T.);
#3849=EDGE_CURVE('',#4599,#4599,#4991,.T.);
#3850=EDGE_CURVE('',#4600,#4600,#4992,.T.);
#3851=EDGE_CURVE('',#4601,#4601,#4993,.T.);
#3852=EDGE_CURVE('',#4602,#4602,#4994,.T.);
#3853=EDGE_CURVE('',#4603,#4603,#4995,.T.);
#3854=EDGE_CURVE('',#4604,#4604,#4996,.T.);
#3855=EDGE_CURVE('',#4605,#4605,#4997,.T.);
#3856=EDGE_CURVE('',#4606,#4606,#4998,.T.);
#3857=EDGE_CURVE('',#4607,#4607,#4999,.T.);
#3858=EDGE_CURVE('',#4608,#4608,#5000,.T.);
#3859=EDGE_CURVE('',#4609,#4609,#5001,.T.);
#3860=EDGE_CURVE('',#4610,#4610,#5002,.T.);
#3861=EDGE_CURVE('',#4611,#4611,#5003,.T.);
#3862=EDGE_CURVE('',#4612,#4612,#5004,.T.);
#3863=EDGE_CURVE('',#4613,#4613,#5005,.T.);
#3864=EDGE_CURVE('',#4614,#4614,#5006,.T.);
#3865=EDGE_CURVE('',#4615,#4615,#5007,.T.);
#3866=EDGE_CURVE('',#4616,#4616,#5008,.T.);
#3867=EDGE_CURVE('',#4617,#4617,#5009,.T.);
#3868=EDGE_CURVE('',#4618,#4618,#5010,.T.);
#3869=EDGE_CURVE('',#4619,#4619,#5011,.T.);
#3870=EDGE_CURVE('',#4620,#4620,#5012,.T.);
#3871=EDGE_CURVE('',#4621,#4621,#5013,.T.);
#3872=EDGE_CURVE('',#4622,#4622,#5014,.T.);
#3873=EDGE_CURVE('',#4623,#4623,#5015,.T.);
#3874=EDGE_CURVE('',#4624,#4624,#5016,.T.);
#3875=EDGE_CURVE('',#4625,#4625,#5017,.T.);
#3876=EDGE_CURVE('',#4626,#4626,#5018,.T.);
#3877=EDGE_CURVE('',#4627,#4627,#5019,.T.);
#3878=EDGE_CURVE('',#4628,#4628,#5020,.T.);
#3879=EDGE_CURVE('',#4629,#4629,#5021,.T.);
#3880=EDGE_CURVE('',#4630,#4630,#5022,.T.);
#3881=EDGE_CURVE('',#4631,#4631,#5023,.T.);
#3882=EDGE_CURVE('',#4632,#4632,#5024,.T.);
#3883=EDGE_CURVE('',#4633,#4633,#5025,.T.);
#3884=EDGE_CURVE('',#4634,#4634,#5026,.T.);
#3885=EDGE_CURVE('',#4635,#4635,#5027,.T.);
#3886=EDGE_CURVE('',#4636,#4636,#5028,.T.);
#3887=EDGE_CURVE('',#4637,#4637,#5029,.T.);
#3888=EDGE_CURVE('',#4638,#4638,#5030,.T.);
#3889=EDGE_CURVE('',#4639,#4639,#5031,.T.);
#3890=EDGE_CURVE('',#4640,#4640,#5032,.T.);
#3891=EDGE_CURVE('',#4641,#4641,#5033,.T.);
#3892=EDGE_CURVE('',#4642,#4642,#5034,.T.);
#3893=EDGE_CURVE('',#4643,#4643,#5035,.T.);
#3894=EDGE_CURVE('',#4644,#4644,#5036,.T.);
#3895=EDGE_CURVE('',#4645,#4645,#5037,.T.);
#3896=EDGE_CURVE('',#4646,#4646,#5038,.T.);
#3897=EDGE_CURVE('',#4647,#4647,#5039,.T.);
#3898=EDGE_CURVE('',#4648,#4648,#5040,.T.);
#3899=EDGE_CURVE('',#4649,#4649,#5041,.T.);
#3900=EDGE_CURVE('',#4650,#4650,#5042,.T.);
#3901=EDGE_CURVE('',#4651,#4651,#5043,.T.);
#3902=EDGE_CURVE('',#4652,#4652,#5044,.T.);
#3903=EDGE_CURVE('',#4653,#4653,#5045,.T.);
#3904=EDGE_CURVE('',#4654,#4654,#5046,.T.);
#3905=EDGE_CURVE('',#4655,#4655,#5047,.T.);
#3906=EDGE_CURVE('',#4656,#4656,#5048,.T.);
#3907=EDGE_CURVE('',#4657,#4657,#5049,.T.);
#3908=EDGE_CURVE('',#4658,#4658,#5050,.T.);
#3909=EDGE_CURVE('',#4659,#4659,#5051,.T.);
#3910=EDGE_CURVE('',#4660,#4660,#5052,.T.);
#3911=EDGE_CURVE('',#4661,#4661,#5053,.T.);
#3912=EDGE_CURVE('',#4662,#4662,#5054,.T.);
#3913=EDGE_CURVE('',#4663,#4663,#5055,.T.);
#3914=EDGE_CURVE('',#4664,#4664,#5056,.T.);
#3915=EDGE_CURVE('',#4665,#4665,#5057,.T.);
#3916=EDGE_CURVE('',#4666,#4666,#5058,.T.);
#3917=EDGE_CURVE('',#4667,#4667,#5059,.T.);
#3918=EDGE_CURVE('',#4668,#4668,#5060,.T.);
#3919=EDGE_CURVE('',#4669,#4669,#5061,.T.);
#3920=EDGE_CURVE('',#4670,#4670,#5062,.T.);
#3921=EDGE_CURVE('',#4671,#4671,#5063,.T.);
#3922=EDGE_CURVE('',#4672,#4672,#5064,.T.);
#3923=EDGE_CURVE('',#4673,#4673,#5065,.T.);
#3924=EDGE_CURVE('',#4674,#4674,#5066,.T.);
#3925=EDGE_CURVE('',#4675,#4675,#5067,.T.);
#3926=EDGE_CURVE('',#4676,#4676,#5068,.T.);
#3927=EDGE_CURVE('',#4677,#4677,#5069,.T.);
#3928=EDGE_CURVE('',#4678,#4678,#5070,.T.);
#3929=EDGE_CURVE('',#4679,#4679,#5071,.T.);
#3930=EDGE_CURVE('',#4680,#4680,#5072,.T.);
#3931=EDGE_CURVE('',#4681,#4681,#5073,.T.);
#3932=EDGE_CURVE('',#4682,#4682,#5074,.T.);
#3933=EDGE_CURVE('',#4683,#4683,#5075,.T.);
#3934=EDGE_CURVE('',#4684,#4684,#5076,.T.);
#3935=EDGE_CURVE('',#4685,#4685,#5077,.T.);
#3936=EDGE_CURVE('',#4686,#4686,#5078,.T.);
#3937=EDGE_CURVE('',#4687,#4687,#5079,.T.);
#3938=EDGE_CURVE('',#4688,#4688,#5080,.T.);
#3939=EDGE_CURVE('',#4689,#4689,#5081,.T.);
#3940=EDGE_CURVE('',#4690,#4690,#5082,.T.);
#3941=EDGE_CURVE('',#4691,#4691,#5083,.T.);
#3942=EDGE_CURVE('',#4692,#4692,#5084,.T.);
#3943=EDGE_CURVE('',#4693,#4693,#5085,.T.);
#3944=EDGE_CURVE('',#4694,#4695,#616,.T.);
#3945=EDGE_CURVE('',#4696,#4695,#617,.T.);
#3946=EDGE_CURVE('',#4697,#4696,#618,.T.);
#3947=EDGE_CURVE('',#4697,#4694,#619,.T.);
#3948=EDGE_CURVE('',#4695,#4698,#620,.T.);
#3949=EDGE_CURVE('',#4699,#4698,#621,.T.);
#3950=EDGE_CURVE('',#4696,#4699,#622,.T.);
#3951=EDGE_CURVE('',#4700,#4698,#623,.T.);
#3952=EDGE_CURVE('',#4701,#4700,#624,.T.);
#3953=EDGE_CURVE('',#4701,#4699,#625,.T.);
#3954=EDGE_CURVE('',#4694,#4700,#626,.T.);
#3955=EDGE_CURVE('',#4697,#4701,#627,.T.);
#3956=EDGE_CURVE('',#4702,#4703,#628,.T.);
#3957=EDGE_CURVE('',#4704,#4703,#629,.T.);
#3958=EDGE_CURVE('',#4705,#4704,#630,.T.);
#3959=EDGE_CURVE('',#4705,#4702,#631,.T.);
#3960=EDGE_CURVE('',#4703,#4706,#632,.T.);
#3961=EDGE_CURVE('',#4707,#4706,#633,.T.);
#3962=EDGE_CURVE('',#4704,#4707,#634,.T.);
#3963=EDGE_CURVE('',#4708,#4706,#635,.T.);
#3964=EDGE_CURVE('',#4709,#4708,#636,.T.);
#3965=EDGE_CURVE('',#4709,#4707,#637,.T.);
#3966=EDGE_CURVE('',#4710,#4708,#638,.T.);
#3967=EDGE_CURVE('',#4711,#4710,#639,.T.);
#3968=EDGE_CURVE('',#4711,#4709,#640,.T.);
#3969=EDGE_CURVE('',#4710,#4712,#5086,.T.);
#3970=EDGE_CURVE('',#4713,#4712,#641,.T.);
#3971=EDGE_CURVE('',#4711,#4713,#5087,.T.);
#3972=EDGE_CURVE('',#4714,#4712,#642,.T.);
#3973=EDGE_CURVE('',#4715,#4714,#643,.T.);
#3974=EDGE_CURVE('',#4715,#4713,#644,.T.);
#3975=EDGE_CURVE('',#4714,#4716,#645,.T.);
#3976=EDGE_CURVE('',#4717,#4716,#646,.T.);
#3977=EDGE_CURVE('',#4715,#4717,#647,.T.);
#3978=EDGE_CURVE('',#4718,#4716,#648,.T.);
#3979=EDGE_CURVE('',#4719,#4718,#649,.T.);
#3980=EDGE_CURVE('',#4719,#4717,#650,.T.);
#3981=EDGE_CURVE('',#4718,#4720,#5088,.T.);
#3982=EDGE_CURVE('',#4721,#4720,#651,.T.);
#3983=EDGE_CURVE('',#4719,#4721,#5089,.T.);
#3984=EDGE_CURVE('',#4722,#4720,#652,.T.);
#3985=EDGE_CURVE('',#4723,#4722,#653,.T.);
#3986=EDGE_CURVE('',#4723,#4721,#654,.T.);
#3987=EDGE_CURVE('',#4722,#4724,#5090,.T.);
#3988=EDGE_CURVE('',#4725,#4724,#655,.T.);
#3989=EDGE_CURVE('',#4723,#4725,#5091,.T.);
#3990=EDGE_CURVE('',#4726,#4724,#656,.T.);
#3991=EDGE_CURVE('',#4727,#4726,#657,.T.);
#3992=EDGE_CURVE('',#4727,#4725,#658,.T.);
#3993=EDGE_CURVE('',#4726,#4728,#5092,.T.);
#3994=EDGE_CURVE('',#4729,#4728,#659,.T.);
#3995=EDGE_CURVE('',#4727,#4729,#5093,.T.);
#3996=EDGE_CURVE('',#4730,#4728,#660,.T.);
#3997=EDGE_CURVE('',#4731,#4730,#661,.T.);
#3998=EDGE_CURVE('',#4731,#4729,#662,.T.);
#3999=EDGE_CURVE('',#4730,#4732,#5094,.T.);
#4000=EDGE_CURVE('',#4733,#4732,#663,.T.);
#4001=EDGE_CURVE('',#4731,#4733,#5095,.T.);
#4002=EDGE_CURVE('',#4734,#4732,#664,.T.);
#4003=EDGE_CURVE('',#4735,#4734,#665,.T.);
#4004=EDGE_CURVE('',#4735,#4733,#666,.T.);
#4005=EDGE_CURVE('',#4736,#4734,#667,.T.);
#4006=EDGE_CURVE('',#4737,#4736,#668,.T.);
#4007=EDGE_CURVE('',#4737,#4735,#669,.T.);
#4008=EDGE_CURVE('',#4738,#4736,#670,.T.);
#4009=EDGE_CURVE('',#4739,#4738,#671,.T.);
#4010=EDGE_CURVE('',#4739,#4737,#672,.T.);
#4011=EDGE_CURVE('',#4738,#4740,#5096,.T.);
#4012=EDGE_CURVE('',#4741,#4740,#673,.T.);
#4013=EDGE_CURVE('',#4739,#4741,#5097,.T.);
#4014=EDGE_CURVE('',#4742,#4740,#674,.T.);
#4015=EDGE_CURVE('',#4743,#4742,#675,.T.);
#4016=EDGE_CURVE('',#4743,#4741,#676,.T.);
#4017=EDGE_CURVE('',#4742,#4744,#677,.T.);
#4018=EDGE_CURVE('',#4745,#4744,#678,.T.);
#4019=EDGE_CURVE('',#4743,#4745,#679,.T.);
#4020=EDGE_CURVE('',#4744,#4746,#680,.T.);
#4021=EDGE_CURVE('',#4747,#4746,#681,.T.);
#4022=EDGE_CURVE('',#4745,#4747,#682,.T.);
#4023=EDGE_CURVE('',#4748,#4746,#683,.T.);
#4024=EDGE_CURVE('',#4749,#4748,#684,.T.);
#4025=EDGE_CURVE('',#4749,#4747,#685,.T.);
#4026=EDGE_CURVE('',#4702,#4748,#686,.T.);
#4027=EDGE_CURVE('',#4705,#4749,#687,.T.);
#4028=EDGE_CURVE('',#4750,#4751,#688,.T.);
#4029=EDGE_CURVE('',#4752,#4751,#689,.T.);
#4030=EDGE_CURVE('',#4753,#4752,#690,.T.);
#4031=EDGE_CURVE('',#4753,#4750,#691,.T.);
#4032=EDGE_CURVE('',#4751,#4754,#692,.T.);
#4033=EDGE_CURVE('',#4755,#4754,#693,.T.);
#4034=EDGE_CURVE('',#4752,#4755,#694,.T.);
#4035=EDGE_CURVE('',#4756,#4754,#695,.T.);
#4036=EDGE_CURVE('',#4757,#4756,#696,.T.);
#4037=EDGE_CURVE('',#4757,#4755,#697,.T.);
#4038=EDGE_CURVE('',#4750,#4756,#698,.T.);
#4039=EDGE_CURVE('',#4753,#4757,#699,.T.);
#4040=EDGE_CURVE('',#4758,#4759,#700,.T.);
#4041=EDGE_CURVE('',#4760,#4759,#701,.T.);
#4042=EDGE_CURVE('',#4761,#4760,#702,.T.);
#4043=EDGE_CURVE('',#4761,#4758,#703,.T.);
#4044=EDGE_CURVE('',#4762,#4759,#704,.T.);
#4045=EDGE_CURVE('',#4763,#4762,#705,.T.);
#4046=EDGE_CURVE('',#4763,#4760,#706,.T.);
#4047=EDGE_CURVE('',#4764,#4762,#707,.T.);
#4048=EDGE_CURVE('',#4765,#4764,#708,.T.);
#4049=EDGE_CURVE('',#4765,#4763,#709,.T.);
#4050=EDGE_CURVE('',#4764,#4758,#710,.T.);
#4051=EDGE_CURVE('',#4765,#4761,#711,.T.);
#4052=EDGE_CURVE('',#4766,#4767,#712,.T.);
#4053=EDGE_CURVE('',#4768,#4767,#713,.T.);
#4054=EDGE_CURVE('',#4769,#4768,#714,.T.);
#4055=EDGE_CURVE('',#4769,#4766,#715,.T.);
#4056=EDGE_CURVE('',#4770,#4767,#716,.T.);
#4057=EDGE_CURVE('',#4771,#4770,#717,.T.);
#4058=EDGE_CURVE('',#4771,#4768,#718,.T.);
#4059=EDGE_CURVE('',#4772,#4770,#719,.T.);
#4060=EDGE_CURVE('',#4773,#4772,#720,.T.);
#4061=EDGE_CURVE('',#4773,#4771,#721,.T.);
#4062=EDGE_CURVE('',#4772,#4766,#722,.T.);
#4063=EDGE_CURVE('',#4773,#4769,#723,.T.);
#4064=EDGE_CURVE('',#4774,#4775,#724,.T.);
#4065=EDGE_CURVE('',#4776,#4774,#725,.T.);
#4066=EDGE_CURVE('',#4776,#4777,#726,.T.);
#4067=EDGE_CURVE('',#4777,#4775,#727,.T.);
#4068=EDGE_CURVE('',#4774,#4778,#728,.T.);
#4069=EDGE_CURVE('',#4779,#4778,#729,.T.);
#4070=EDGE_CURVE('',#4776,#4779,#730,.T.);
#4071=EDGE_CURVE('',#4778,#4780,#731,.T.);
#4072=EDGE_CURVE('',#4781,#4780,#732,.T.);
#4073=EDGE_CURVE('',#4779,#4781,#733,.T.);
#4074=EDGE_CURVE('',#4775,#4780,#734,.T.);
#4075=EDGE_CURVE('',#4777,#4781,#735,.T.);
#4076=EDGE_CURVE('',#4782,#4783,#736,.T.);
#4077=EDGE_CURVE('',#4784,#4782,#737,.T.);
#4078=EDGE_CURVE('',#4784,#4785,#738,.T.);
#4079=EDGE_CURVE('',#4785,#4783,#739,.T.);
#4080=EDGE_CURVE('',#4782,#4786,#740,.T.);
#4081=EDGE_CURVE('',#4787,#4786,#741,.T.);
#4082=EDGE_CURVE('',#4784,#4787,#742,.T.);
#4083=EDGE_CURVE('',#4786,#4788,#743,.T.);
#4084=EDGE_CURVE('',#4789,#4788,#744,.T.);
#4085=EDGE_CURVE('',#4787,#4789,#745,.T.);
#4086=EDGE_CURVE('',#4783,#4788,#746,.T.);
#4087=EDGE_CURVE('',#4785,#4789,#747,.T.);
#4088=EDGE_CURVE('',#4790,#4791,#748,.T.);
#4089=EDGE_CURVE('',#4792,#4790,#749,.T.);
#4090=EDGE_CURVE('',#4792,#4793,#750,.T.);
#4091=EDGE_CURVE('',#4793,#4791,#751,.T.);
#4092=EDGE_CURVE('',#4790,#4794,#752,.T.);
#4093=EDGE_CURVE('',#4795,#4794,#753,.T.);
#4094=EDGE_CURVE('',#4792,#4795,#754,.T.);
#4095=EDGE_CURVE('',#4794,#4796,#755,.T.);
#4096=EDGE_CURVE('',#4797,#4796,#756,.T.);
#4097=EDGE_CURVE('',#4795,#4797,#757,.T.);
#4098=EDGE_CURVE('',#4791,#4796,#758,.T.);
#4099=EDGE_CURVE('',#4793,#4797,#759,.T.);
#4100=EDGE_CURVE('',#4798,#4799,#760,.T.);
#4101=EDGE_CURVE('',#4800,#4798,#761,.T.);
#4102=EDGE_CURVE('',#4800,#4801,#762,.T.);
#4103=EDGE_CURVE('',#4801,#4799,#763,.T.);
#4104=EDGE_CURVE('',#4798,#4802,#764,.T.);
#4105=EDGE_CURVE('',#4803,#4802,#765,.T.);
#4106=EDGE_CURVE('',#4800,#4803,#766,.T.);
#4107=EDGE_CURVE('',#4802,#4804,#767,.T.);
#4108=EDGE_CURVE('',#4805,#4804,#768,.T.);
#4109=EDGE_CURVE('',#4803,#4805,#769,.T.);
#4110=EDGE_CURVE('',#4799,#4804,#770,.T.);
#4111=EDGE_CURVE('',#4801,#4805,#771,.T.);
#4112=EDGE_CURVE('',#4806,#4807,#772,.T.);
#4113=EDGE_CURVE('',#4808,#4806,#773,.T.);
#4114=EDGE_CURVE('',#4808,#4809,#774,.T.);
#4115=EDGE_CURVE('',#4809,#4807,#775,.T.);
#4116=EDGE_CURVE('',#4806,#4810,#776,.T.);
#4117=EDGE_CURVE('',#4811,#4810,#777,.T.);
#4118=EDGE_CURVE('',#4808,#4811,#778,.T.);
#4119=EDGE_CURVE('',#4810,#4812,#779,.T.);
#4120=EDGE_CURVE('',#4813,#4812,#780,.T.);
#4121=EDGE_CURVE('',#4811,#4813,#781,.T.);
#4122=EDGE_CURVE('',#4807,#4812,#782,.T.);
#4123=EDGE_CURVE('',#4809,#4813,#783,.T.);
#4124=EDGE_CURVE('',#4814,#4815,#784,.T.);
#4125=EDGE_CURVE('',#4816,#4815,#785,.T.);
#4126=EDGE_CURVE('',#4817,#4816,#786,.T.);
#4127=EDGE_CURVE('',#4817,#4814,#787,.T.);
#4128=EDGE_CURVE('',#4818,#4815,#788,.T.);
#4129=EDGE_CURVE('',#4819,#4818,#789,.T.);
#4130=EDGE_CURVE('',#4819,#4816,#790,.T.);
#4131=EDGE_CURVE('',#4820,#4818,#791,.T.);
#4132=EDGE_CURVE('',#4821,#4820,#792,.T.);
#4133=EDGE_CURVE('',#4821,#4819,#793,.T.);
#4134=EDGE_CURVE('',#4820,#4814,#794,.T.);
#4135=EDGE_CURVE('',#4821,#4817,#795,.T.);
#4136=EDGE_CURVE('',#4822,#4823,#796,.T.);
#4137=EDGE_CURVE('',#4824,#4823,#797,.T.);
#4138=EDGE_CURVE('',#4825,#4824,#798,.T.);
#4139=EDGE_CURVE('',#4825,#4822,#799,.T.);
#4140=EDGE_CURVE('',#4826,#4823,#800,.T.);
#4141=EDGE_CURVE('',#4827,#4826,#801,.T.);
#4142=EDGE_CURVE('',#4827,#4824,#802,.T.);
#4143=EDGE_CURVE('',#4828,#4826,#803,.T.);
#4144=EDGE_CURVE('',#4829,#4828,#804,.T.);
#4145=EDGE_CURVE('',#4829,#4827,#805,.T.);
#4146=EDGE_CURVE('',#4828,#4822,#806,.T.);
#4147=EDGE_CURVE('',#4829,#4825,#807,.T.);
#4148=EDGE_CURVE('',#4830,#4831,#808,.T.);
#4149=EDGE_CURVE('',#4832,#4830,#809,.T.);
#4150=EDGE_CURVE('',#4832,#4833,#810,.T.);
#4151=EDGE_CURVE('',#4833,#4831,#811,.T.);
#4152=EDGE_CURVE('',#4830,#4834,#812,.T.);
#4153=EDGE_CURVE('',#4835,#4834,#813,.T.);
#4154=EDGE_CURVE('',#4832,#4835,#814,.T.);
#4155=EDGE_CURVE('',#4834,#4836,#815,.T.);
#4156=EDGE_CURVE('',#4837,#4836,#816,.T.);
#4157=EDGE_CURVE('',#4835,#4837,#817,.T.);
#4158=EDGE_CURVE('',#4831,#4836,#818,.T.);
#4159=EDGE_CURVE('',#4833,#4837,#819,.T.);
#4160=EDGE_CURVE('',#4838,#4839,#820,.T.);
#4161=EDGE_CURVE('',#4840,#4838,#821,.T.);
#4162=EDGE_CURVE('',#4840,#4841,#822,.T.);
#4163=EDGE_CURVE('',#4841,#4839,#823,.T.);
#4164=EDGE_CURVE('',#4838,#4842,#824,.T.);
#4165=EDGE_CURVE('',#4843,#4842,#825,.T.);
#4166=EDGE_CURVE('',#4840,#4843,#826,.T.);
#4167=EDGE_CURVE('',#4842,#4844,#827,.T.);
#4168=EDGE_CURVE('',#4845,#4844,#828,.T.);
#4169=EDGE_CURVE('',#4843,#4845,#829,.T.);
#4170=EDGE_CURVE('',#4839,#4844,#830,.T.);
#4171=EDGE_CURVE('',#4841,#4845,#831,.T.);
#4172=EDGE_CURVE('',#4846,#4847,#832,.T.);
#4173=EDGE_CURVE('',#4848,#4846,#833,.T.);
#4174=EDGE_CURVE('',#4848,#4849,#834,.T.);
#4175=EDGE_CURVE('',#4849,#4847,#835,.T.);
#4176=EDGE_CURVE('',#4846,#4850,#836,.T.);
#4177=EDGE_CURVE('',#4851,#4850,#837,.T.);
#4178=EDGE_CURVE('',#4848,#4851,#838,.T.);
#4179=EDGE_CURVE('',#4850,#4852,#839,.T.);
#4180=EDGE_CURVE('',#4853,#4852,#840,.T.);
#4181=EDGE_CURVE('',#4851,#4853,#841,.T.);
#4182=EDGE_CURVE('',#4847,#4852,#842,.T.);
#4183=EDGE_CURVE('',#4849,#4853,#843,.T.);
#4184=EDGE_CURVE('',#4854,#4855,#844,.T.);
#4185=EDGE_CURVE('',#4856,#4854,#845,.T.);
#4186=EDGE_CURVE('',#4856,#4857,#846,.T.);
#4187=EDGE_CURVE('',#4857,#4855,#847,.T.);
#4188=EDGE_CURVE('',#4854,#4858,#848,.T.);
#4189=EDGE_CURVE('',#4859,#4858,#849,.T.);
#4190=EDGE_CURVE('',#4856,#4859,#850,.T.);
#4191=EDGE_CURVE('',#4858,#4860,#851,.T.);
#4192=EDGE_CURVE('',#4861,#4860,#852,.T.);
#4193=EDGE_CURVE('',#4859,#4861,#853,.T.);
#4194=EDGE_CURVE('',#4855,#4860,#854,.T.);
#4195=EDGE_CURVE('',#4857,#4861,#855,.T.);
#4196=EDGE_CURVE('',#4862,#4863,#856,.T.);
#4197=EDGE_CURVE('',#4864,#4862,#857,.T.);
#4198=EDGE_CURVE('',#4864,#4865,#858,.T.);
#4199=EDGE_CURVE('',#4865,#4863,#859,.T.);
#4200=EDGE_CURVE('',#4862,#4866,#860,.T.);
#4201=EDGE_CURVE('',#4867,#4866,#861,.T.);
#4202=EDGE_CURVE('',#4864,#4867,#862,.T.);
#4203=EDGE_CURVE('',#4866,#4868,#863,.T.);
#4204=EDGE_CURVE('',#4869,#4868,#864,.T.);
#4205=EDGE_CURVE('',#4867,#4869,#865,.T.);
#4206=EDGE_CURVE('',#4863,#4868,#866,.T.);
#4207=EDGE_CURVE('',#4865,#4869,#867,.T.);
#4208=EDGE_CURVE('',#4305,#4870,#868,.T.);
#4209=EDGE_CURVE('',#4307,#4871,#869,.T.);
#4210=EDGE_CURVE('',#4871,#4870,#870,.T.);
#4211=EDGE_CURVE('',#4314,#4872,#5098,.T.);
#4212=EDGE_CURVE('',#4873,#4872,#871,.T.);
#4213=EDGE_CURVE('',#4315,#4873,#5099,.T.);
#4214=EDGE_CURVE('',#4874,#4871,#872,.T.);
#4215=EDGE_CURVE('',#4874,#4875,#873,.T.);
#4216=EDGE_CURVE('',#4875,#4870,#874,.T.);
#4217=EDGE_CURVE('',#4876,#4877,#875,.T.);
#4218=EDGE_CURVE('',#4876,#4873,#876,.T.);
#4219=EDGE_CURVE('',#4877,#4872,#877,.T.);
#4220=EDGE_CURVE('',#4270,#4878,#878,.T.);
#4221=EDGE_CURVE('',#4878,#4877,#879,.T.);
#4222=EDGE_CURVE('',#4875,#4879,#880,.T.);
#4223=EDGE_CURVE('',#4879,#4880,#881,.T.);
#4224=EDGE_CURVE('',#4880,#4881,#882,.T.);
#4225=EDGE_CURVE('',#4881,#4882,#883,.T.);
#4226=EDGE_CURVE('',#4882,#4883,#884,.T.);
#4227=EDGE_CURVE('',#4883,#4884,#885,.T.);
#4228=EDGE_CURVE('',#4884,#4885,#886,.T.);
#4229=EDGE_CURVE('',#4885,#4886,#887,.T.);
#4230=EDGE_CURVE('',#4886,#4887,#888,.T.);
#4231=EDGE_CURVE('',#4887,#4888,#889,.T.);
#4232=EDGE_CURVE('',#4888,#4889,#890,.T.);
#4233=EDGE_CURVE('',#4889,#4303,#891,.T.);
#4234=EDGE_CURVE('',#4294,#4890,#892,.T.);
#4235=EDGE_CURVE('',#4890,#4891,#893,.T.);
#4236=EDGE_CURVE('',#4891,#4291,#894,.T.);
#4237=EDGE_CURVE('',#4892,#4876,#895,.F.);
#4238=EDGE_CURVE('',#4268,#4892,#896,.T.);
#4239=EDGE_CURVE('',#4893,#4290,#897,.T.);
#4240=EDGE_CURVE('',#4894,#4893,#898,.T.);
#4241=EDGE_CURVE('',#4292,#4894,#899,.T.);
#4242=EDGE_CURVE('',#4895,#4302,#900,.T.);
#4243=EDGE_CURVE('',#4896,#4895,#901,.F.);
#4244=EDGE_CURVE('',#4897,#4896,#902,.F.);
#4245=EDGE_CURVE('',#4898,#4897,#903,.F.);
#4246=EDGE_CURVE('',#4899,#4898,#904,.F.);
#4247=EDGE_CURVE('',#4900,#4899,#905,.F.);
#4248=EDGE_CURVE('',#4901,#4900,#906,.F.);
#4249=EDGE_CURVE('',#4902,#4901,#907,.F.);
#4250=EDGE_CURVE('',#4903,#4902,#908,.F.);
#4251=EDGE_CURVE('',#4904,#4903,#909,.F.);
#4252=EDGE_CURVE('',#4905,#4904,#910,.T.);
#4253=EDGE_CURVE('',#4874,#4905,#911,.F.);
#4254=EDGE_CURVE('',#4891,#4893,#912,.T.);
#4255=EDGE_CURVE('',#4878,#4892,#913,.T.);
#4256=EDGE_CURVE('',#4889,#4895,#914,.T.);
#4257=EDGE_CURVE('',#4890,#4894,#915,.T.);
#4258=EDGE_CURVE('',#4879,#4905,#916,.T.);
#4259=EDGE_CURVE('',#4880,#4904,#917,.T.);
#4260=EDGE_CURVE('',#4881,#4903,#918,.T.);
#4261=EDGE_CURVE('',#4882,#4902,#919,.T.);
#4262=EDGE_CURVE('',#4883,#4901,#920,.T.);
#4263=EDGE_CURVE('',#4884,#4900,#921,.T.);
#4264=EDGE_CURVE('',#4885,#4899,#922,.T.);
#4265=EDGE_CURVE('',#4886,#4898,#923,.T.);
#4266=EDGE_CURVE('',#4887,#4897,#924,.T.);
#4267=EDGE_CURVE('',#4888,#4896,#925,.T.);
#4268=VERTEX_POINT('',#8999);
#4269=VERTEX_POINT('',#9000);
#4270=VERTEX_POINT('',#9002);
#4271=VERTEX_POINT('',#9004);
#4272=VERTEX_POINT('',#9008);
#4273=VERTEX_POINT('',#9010);
#4274=VERTEX_POINT('',#9014);
#4275=VERTEX_POINT('',#9016);
#4276=VERTEX_POINT('',#9020);
#4277=VERTEX_POINT('',#9022);
#4278=VERTEX_POINT('',#9026);
#4279=VERTEX_POINT('',#9028);
#4280=VERTEX_POINT('',#9032);
#4281=VERTEX_POINT('',#9034);
#4282=VERTEX_POINT('',#9038);
#4283=VERTEX_POINT('',#9040);
#4284=VERTEX_POINT('',#9044);
#4285=VERTEX_POINT('',#9046);
#4286=VERTEX_POINT('',#9050);
#4287=VERTEX_POINT('',#9052);
#4288=VERTEX_POINT('',#9056);
#4289=VERTEX_POINT('',#9058);
#4290=VERTEX_POINT('',#9062);
#4291=VERTEX_POINT('',#9064);
#4292=VERTEX_POINT('',#9068);
#4293=VERTEX_POINT('',#9069);
#4294=VERTEX_POINT('',#9071);
#4295=VERTEX_POINT('',#9073);
#4296=VERTEX_POINT('',#9077);
#4297=VERTEX_POINT('',#9079);
#4298=VERTEX_POINT('',#9083);
#4299=VERTEX_POINT('',#9085);
#4300=VERTEX_POINT('',#9089);
#4301=VERTEX_POINT('',#9091);
#4302=VERTEX_POINT('',#9095);
#4303=VERTEX_POINT('',#9097);
#4304=VERTEX_POINT('',#9101);
#4305=VERTEX_POINT('',#9102);
#4306=VERTEX_POINT('',#9104);
#4307=VERTEX_POINT('',#9106);
#4308=VERTEX_POINT('',#9110);
#4309=VERTEX_POINT('',#9112);
#4310=VERTEX_POINT('',#9116);
#4311=VERTEX_POINT('',#9118);
#4312=VERTEX_POINT('',#9122);
#4313=VERTEX_POINT('',#9124);
#4314=VERTEX_POINT('',#9128);
#4315=VERTEX_POINT('',#9130);
#4316=VERTEX_POINT('',#9134);
#4317=VERTEX_POINT('',#9136);
#4318=VERTEX_POINT('',#9139);
#4319=VERTEX_POINT('',#9141);
#4320=VERTEX_POINT('',#9144);
#4321=VERTEX_POINT('',#9146);
#4322=VERTEX_POINT('',#9149);
#4323=VERTEX_POINT('',#9150);
#4324=VERTEX_POINT('',#9152);
#4325=VERTEX_POINT('',#9154);
#4326=VERTEX_POINT('',#9158);
#4327=VERTEX_POINT('',#9160);
#4328=VERTEX_POINT('',#9164);
#4329=VERTEX_POINT('',#9166);
#4330=VERTEX_POINT('',#9173);
#4331=VERTEX_POINT('',#9174);
#4332=VERTEX_POINT('',#9176);
#4333=VERTEX_POINT('',#9178);
#4334=VERTEX_POINT('',#9182);
#4335=VERTEX_POINT('',#9184);
#4336=VERTEX_POINT('',#9188);
#4337=VERTEX_POINT('',#9190);
#4338=VERTEX_POINT('',#9197);
#4339=VERTEX_POINT('',#9198);
#4340=VERTEX_POINT('',#9200);
#4341=VERTEX_POINT('',#9202);
#4342=VERTEX_POINT('',#9206);
#4343=VERTEX_POINT('',#9208);
#4344=VERTEX_POINT('',#9212);
#4345=VERTEX_POINT('',#9214);
#4346=VERTEX_POINT('',#9221);
#4347=VERTEX_POINT('',#9222);
#4348=VERTEX_POINT('',#9224);
#4349=VERTEX_POINT('',#9226);
#4350=VERTEX_POINT('',#9230);
#4351=VERTEX_POINT('',#9232);
#4352=VERTEX_POINT('',#9236);
#4353=VERTEX_POINT('',#9238);
#4354=VERTEX_POINT('',#9245);
#4355=VERTEX_POINT('',#9246);
#4356=VERTEX_POINT('',#9248);
#4357=VERTEX_POINT('',#9250);
#4358=VERTEX_POINT('',#9254);
#4359=VERTEX_POINT('',#9256);
#4360=VERTEX_POINT('',#9260);
#4361=VERTEX_POINT('',#9262);
#4362=VERTEX_POINT('',#9269);
#4363=VERTEX_POINT('',#9270);
#4364=VERTEX_POINT('',#9272);
#4365=VERTEX_POINT('',#9274);
#4366=VERTEX_POINT('',#9278);
#4367=VERTEX_POINT('',#9280);
#4368=VERTEX_POINT('',#9284);
#4369=VERTEX_POINT('',#9286);
#4370=VERTEX_POINT('',#9293);
#4371=VERTEX_POINT('',#9294);
#4372=VERTEX_POINT('',#9296);
#4373=VERTEX_POINT('',#9298);
#4374=VERTEX_POINT('',#9302);
#4375=VERTEX_POINT('',#9304);
#4376=VERTEX_POINT('',#9308);
#4377=VERTEX_POINT('',#9310);
#4378=VERTEX_POINT('',#9317);
#4379=VERTEX_POINT('',#9318);
#4380=VERTEX_POINT('',#9320);
#4381=VERTEX_POINT('',#9322);
#4382=VERTEX_POINT('',#9326);
#4383=VERTEX_POINT('',#9328);
#4384=VERTEX_POINT('',#9332);
#4385=VERTEX_POINT('',#9334);
#4386=VERTEX_POINT('',#9341);
#4387=VERTEX_POINT('',#9342);
#4388=VERTEX_POINT('',#9344);
#4389=VERTEX_POINT('',#9346);
#4390=VERTEX_POINT('',#9350);
#4391=VERTEX_POINT('',#9352);
#4392=VERTEX_POINT('',#9356);
#4393=VERTEX_POINT('',#9358);
#4394=VERTEX_POINT('',#9365);
#4395=VERTEX_POINT('',#9366);
#4396=VERTEX_POINT('',#9368);
#4397=VERTEX_POINT('',#9370);
#4398=VERTEX_POINT('',#9374);
#4399=VERTEX_POINT('',#9376);
#4400=VERTEX_POINT('',#9380);
#4401=VERTEX_POINT('',#9382);
#4402=VERTEX_POINT('',#9389);
#4403=VERTEX_POINT('',#9390);
#4404=VERTEX_POINT('',#9392);
#4405=VERTEX_POINT('',#9394);
#4406=VERTEX_POINT('',#9398);
#4407=VERTEX_POINT('',#9400);
#4408=VERTEX_POINT('',#9404);
#4409=VERTEX_POINT('',#9406);
#4410=VERTEX_POINT('',#9413);
#4411=VERTEX_POINT('',#9414);
#4412=VERTEX_POINT('',#9416);
#4413=VERTEX_POINT('',#9418);
#4414=VERTEX_POINT('',#9422);
#4415=VERTEX_POINT('',#9424);
#4416=VERTEX_POINT('',#9428);
#4417=VERTEX_POINT('',#9430);
#4418=VERTEX_POINT('',#9437);
#4419=VERTEX_POINT('',#9438);
#4420=VERTEX_POINT('',#9440);
#4421=VERTEX_POINT('',#9442);
#4422=VERTEX_POINT('',#9446);
#4423=VERTEX_POINT('',#9448);
#4424=VERTEX_POINT('',#9452);
#4425=VERTEX_POINT('',#9454);
#4426=VERTEX_POINT('',#9461);
#4427=VERTEX_POINT('',#9462);
#4428=VERTEX_POINT('',#9464);
#4429=VERTEX_POINT('',#9466);
#4430=VERTEX_POINT('',#9470);
#4431=VERTEX_POINT('',#9472);
#4432=VERTEX_POINT('',#9476);
#4433=VERTEX_POINT('',#9478);
#4434=VERTEX_POINT('',#9485);
#4435=VERTEX_POINT('',#9486);
#4436=VERTEX_POINT('',#9488);
#4437=VERTEX_POINT('',#9490);
#4438=VERTEX_POINT('',#9494);
#4439=VERTEX_POINT('',#9496);
#4440=VERTEX_POINT('',#9500);
#4441=VERTEX_POINT('',#9502);
#4442=VERTEX_POINT('',#9509);
#4443=VERTEX_POINT('',#9510);
#4444=VERTEX_POINT('',#9512);
#4445=VERTEX_POINT('',#9514);
#4446=VERTEX_POINT('',#9518);
#4447=VERTEX_POINT('',#9520);
#4448=VERTEX_POINT('',#9524);
#4449=VERTEX_POINT('',#9526);
#4450=VERTEX_POINT('',#9533);
#4451=VERTEX_POINT('',#9534);
#4452=VERTEX_POINT('',#9536);
#4453=VERTEX_POINT('',#9538);
#4454=VERTEX_POINT('',#9542);
#4455=VERTEX_POINT('',#9544);
#4456=VERTEX_POINT('',#9548);
#4457=VERTEX_POINT('',#9550);
#4458=VERTEX_POINT('',#9557);
#4459=VERTEX_POINT('',#9558);
#4460=VERTEX_POINT('',#9560);
#4461=VERTEX_POINT('',#9562);
#4462=VERTEX_POINT('',#9566);
#4463=VERTEX_POINT('',#9568);
#4464=VERTEX_POINT('',#9572);
#4465=VERTEX_POINT('',#9574);
#4466=VERTEX_POINT('',#9581);
#4467=VERTEX_POINT('',#9582);
#4468=VERTEX_POINT('',#9584);
#4469=VERTEX_POINT('',#9586);
#4470=VERTEX_POINT('',#9590);
#4471=VERTEX_POINT('',#9592);
#4472=VERTEX_POINT('',#9596);
#4473=VERTEX_POINT('',#9598);
#4474=VERTEX_POINT('',#9602);
#4475=VERTEX_POINT('',#9604);
#4476=VERTEX_POINT('',#9608);
#4477=VERTEX_POINT('',#9610);
#4478=VERTEX_POINT('',#9614);
#4479=VERTEX_POINT('',#9616);
#4480=VERTEX_POINT('',#9620);
#4481=VERTEX_POINT('',#9622);
#4482=VERTEX_POINT('',#9626);
#4483=VERTEX_POINT('',#9628);
#4484=VERTEX_POINT('',#9632);
#4485=VERTEX_POINT('',#9634);
#4486=VERTEX_POINT('',#9638);
#4487=VERTEX_POINT('',#9640);
#4488=VERTEX_POINT('',#9644);
#4489=VERTEX_POINT('',#9646);
#4490=VERTEX_POINT('',#9650);
#4491=VERTEX_POINT('',#9652);
#4492=VERTEX_POINT('',#9656);
#4493=VERTEX_POINT('',#9658);
#4494=VERTEX_POINT('',#9662);
#4495=VERTEX_POINT('',#9664);
#4496=VERTEX_POINT('',#9668);
#4497=VERTEX_POINT('',#9670);
#4498=VERTEX_POINT('',#9674);
#4499=VERTEX_POINT('',#9676);
#4500=VERTEX_POINT('',#9680);
#4501=VERTEX_POINT('',#9682);
#4502=VERTEX_POINT('',#9686);
#4503=VERTEX_POINT('',#9688);
#4504=VERTEX_POINT('',#9692);
#4505=VERTEX_POINT('',#9694);
#4506=VERTEX_POINT('',#9698);
#4507=VERTEX_POINT('',#9700);
#4508=VERTEX_POINT('',#9704);
#4509=VERTEX_POINT('',#9706);
#4510=VERTEX_POINT('',#9710);
#4511=VERTEX_POINT('',#9712);
#4512=VERTEX_POINT('',#9716);
#4513=VERTEX_POINT('',#9718);
#4514=VERTEX_POINT('',#9725);
#4515=VERTEX_POINT('',#9726);
#4516=VERTEX_POINT('',#9728);
#4517=VERTEX_POINT('',#9730);
#4518=VERTEX_POINT('',#9734);
#4519=VERTEX_POINT('',#9736);
#4520=VERTEX_POINT('',#9740);
#4521=VERTEX_POINT('',#9742);
#4522=VERTEX_POINT('',#9746);
#4523=VERTEX_POINT('',#9748);
#4524=VERTEX_POINT('',#9752);
#4525=VERTEX_POINT('',#9754);
#4526=VERTEX_POINT('',#9758);
#4527=VERTEX_POINT('',#9760);
#4528=VERTEX_POINT('',#9764);
#4529=VERTEX_POINT('',#9766);
#4530=VERTEX_POINT('',#9770);
#4531=VERTEX_POINT('',#9772);
#4532=VERTEX_POINT('',#9776);
#4533=VERTEX_POINT('',#9778);
#4534=VERTEX_POINT('',#9782);
#4535=VERTEX_POINT('',#9784);
#4536=VERTEX_POINT('',#9788);
#4537=VERTEX_POINT('',#9790);
#4538=VERTEX_POINT('',#9794);
#4539=VERTEX_POINT('',#9796);
#4540=VERTEX_POINT('',#9800);
#4541=VERTEX_POINT('',#9802);
#4542=VERTEX_POINT('',#9806);
#4543=VERTEX_POINT('',#9808);
#4544=VERTEX_POINT('',#9812);
#4545=VERTEX_POINT('',#9814);
#4546=VERTEX_POINT('',#9818);
#4547=VERTEX_POINT('',#9820);
#4548=VERTEX_POINT('',#9824);
#4549=VERTEX_POINT('',#9826);
#4550=VERTEX_POINT('',#9830);
#4551=VERTEX_POINT('',#9832);
#4552=VERTEX_POINT('',#9836);
#4553=VERTEX_POINT('',#9838);
#4554=VERTEX_POINT('',#9845);
#4555=VERTEX_POINT('',#9847);
#4556=VERTEX_POINT('',#9850);
#4557=VERTEX_POINT('',#9852);
#4558=VERTEX_POINT('',#9855);
#4559=VERTEX_POINT('',#9857);
#4560=VERTEX_POINT('',#9860);
#4561=VERTEX_POINT('',#9862);
#4562=VERTEX_POINT('',#9865);
#4563=VERTEX_POINT('',#9867);
#4564=VERTEX_POINT('',#9870);
#4565=VERTEX_POINT('',#9872);
#4566=VERTEX_POINT('',#9875);
#4567=VERTEX_POINT('',#9877);
#4568=VERTEX_POINT('',#9880);
#4569=VERTEX_POINT('',#9882);
#4570=VERTEX_POINT('',#9885);
#4571=VERTEX_POINT('',#9887);
#4572=VERTEX_POINT('',#9890);
#4573=VERTEX_POINT('',#9892);
#4574=VERTEX_POINT('',#9895);
#4575=VERTEX_POINT('',#9897);
#4576=VERTEX_POINT('',#9900);
#4577=VERTEX_POINT('',#9902);
#4578=VERTEX_POINT('',#9905);
#4579=VERTEX_POINT('',#9907);
#4580=VERTEX_POINT('',#9910);
#4581=VERTEX_POINT('',#9912);
#4582=VERTEX_POINT('',#9915);
#4583=VERTEX_POINT('',#9917);
#4584=VERTEX_POINT('',#9920);
#4585=VERTEX_POINT('',#9922);
#4586=VERTEX_POINT('',#9925);
#4587=VERTEX_POINT('',#9927);
#4588=VERTEX_POINT('',#9930);
#4589=VERTEX_POINT('',#9932);
#4590=VERTEX_POINT('',#9935);
#4591=VERTEX_POINT('',#9937);
#4592=VERTEX_POINT('',#9940);
#4593=VERTEX_POINT('',#9942);
#4594=VERTEX_POINT('',#9945);
#4595=VERTEX_POINT('',#9947);
#4596=VERTEX_POINT('',#9950);
#4597=VERTEX_POINT('',#9952);
#4598=VERTEX_POINT('',#9955);
#4599=VERTEX_POINT('',#9957);
#4600=VERTEX_POINT('',#9960);
#4601=VERTEX_POINT('',#9962);
#4602=VERTEX_POINT('',#9965);
#4603=VERTEX_POINT('',#9967);
#4604=VERTEX_POINT('',#9970);
#4605=VERTEX_POINT('',#9972);
#4606=VERTEX_POINT('',#9975);
#4607=VERTEX_POINT('',#9977);
#4608=VERTEX_POINT('',#9980);
#4609=VERTEX_POINT('',#9982);
#4610=VERTEX_POINT('',#9985);
#4611=VERTEX_POINT('',#9987);
#4612=VERTEX_POINT('',#9990);
#4613=VERTEX_POINT('',#9992);
#4614=VERTEX_POINT('',#9995);
#4615=VERTEX_POINT('',#9997);
#4616=VERTEX_POINT('',#10000);
#4617=VERTEX_POINT('',#10002);
#4618=VERTEX_POINT('',#10005);
#4619=VERTEX_POINT('',#10007);
#4620=VERTEX_POINT('',#10010);
#4621=VERTEX_POINT('',#10012);
#4622=VERTEX_POINT('',#10015);
#4623=VERTEX_POINT('',#10017);
#4624=VERTEX_POINT('',#10020);
#4625=VERTEX_POINT('',#10022);
#4626=VERTEX_POINT('',#10025);
#4627=VERTEX_POINT('',#10027);
#4628=VERTEX_POINT('',#10030);
#4629=VERTEX_POINT('',#10032);
#4630=VERTEX_POINT('',#10035);
#4631=VERTEX_POINT('',#10037);
#4632=VERTEX_POINT('',#10040);
#4633=VERTEX_POINT('',#10042);
#4634=VERTEX_POINT('',#10045);
#4635=VERTEX_POINT('',#10047);
#4636=VERTEX_POINT('',#10050);
#4637=VERTEX_POINT('',#10052);
#4638=VERTEX_POINT('',#10055);
#4639=VERTEX_POINT('',#10057);
#4640=VERTEX_POINT('',#10060);
#4641=VERTEX_POINT('',#10062);
#4642=VERTEX_POINT('',#10065);
#4643=VERTEX_POINT('',#10067);
#4644=VERTEX_POINT('',#10070);
#4645=VERTEX_POINT('',#10072);
#4646=VERTEX_POINT('',#10075);
#4647=VERTEX_POINT('',#10077);
#4648=VERTEX_POINT('',#10080);
#4649=VERTEX_POINT('',#10082);
#4650=VERTEX_POINT('',#10085);
#4651=VERTEX_POINT('',#10087);
#4652=VERTEX_POINT('',#10090);
#4653=VERTEX_POINT('',#10092);
#4654=VERTEX_POINT('',#10095);
#4655=VERTEX_POINT('',#10097);
#4656=VERTEX_POINT('',#10100);
#4657=VERTEX_POINT('',#10102);
#4658=VERTEX_POINT('',#10105);
#4659=VERTEX_POINT('',#10107);
#4660=VERTEX_POINT('',#10110);
#4661=VERTEX_POINT('',#10112);
#4662=VERTEX_POINT('',#10115);
#4663=VERTEX_POINT('',#10117);
#4664=VERTEX_POINT('',#10120);
#4665=VERTEX_POINT('',#10122);
#4666=VERTEX_POINT('',#10125);
#4667=VERTEX_POINT('',#10127);
#4668=VERTEX_POINT('',#10130);
#4669=VERTEX_POINT('',#10132);
#4670=VERTEX_POINT('',#10135);
#4671=VERTEX_POINT('',#10137);
#4672=VERTEX_POINT('',#10140);
#4673=VERTEX_POINT('',#10142);
#4674=VERTEX_POINT('',#10145);
#4675=VERTEX_POINT('',#10147);
#4676=VERTEX_POINT('',#10150);
#4677=VERTEX_POINT('',#10152);
#4678=VERTEX_POINT('',#10155);
#4679=VERTEX_POINT('',#10157);
#4680=VERTEX_POINT('',#10160);
#4681=VERTEX_POINT('',#10162);
#4682=VERTEX_POINT('',#10165);
#4683=VERTEX_POINT('',#10167);
#4684=VERTEX_POINT('',#10170);
#4685=VERTEX_POINT('',#10172);
#4686=VERTEX_POINT('',#10175);
#4687=VERTEX_POINT('',#10177);
#4688=VERTEX_POINT('',#10180);
#4689=VERTEX_POINT('',#10182);
#4690=VERTEX_POINT('',#10185);
#4691=VERTEX_POINT('',#10187);
#4692=VERTEX_POINT('',#10190);
#4693=VERTEX_POINT('',#10192);
#4694=VERTEX_POINT('',#10195);
#4695=VERTEX_POINT('',#10196);
#4696=VERTEX_POINT('',#10198);
#4697=VERTEX_POINT('',#10200);
#4698=VERTEX_POINT('',#10204);
#4699=VERTEX_POINT('',#10206);
#4700=VERTEX_POINT('',#10210);
#4701=VERTEX_POINT('',#10212);
#4702=VERTEX_POINT('',#10219);
#4703=VERTEX_POINT('',#10220);
#4704=VERTEX_POINT('',#10222);
#4705=VERTEX_POINT('',#10224);
#4706=VERTEX_POINT('',#10228);
#4707=VERTEX_POINT('',#10230);
#4708=VERTEX_POINT('',#10234);
#4709=VERTEX_POINT('',#10236);
#4710=VERTEX_POINT('',#10240);
#4711=VERTEX_POINT('',#10242);
#4712=VERTEX_POINT('',#10246);
#4713=VERTEX_POINT('',#10248);
#4714=VERTEX_POINT('',#10252);
#4715=VERTEX_POINT('',#10254);
#4716=VERTEX_POINT('',#10258);
#4717=VERTEX_POINT('',#10260);
#4718=VERTEX_POINT('',#10264);
#4719=VERTEX_POINT('',#10266);
#4720=VERTEX_POINT('',#10270);
#4721=VERTEX_POINT('',#10272);
#4722=VERTEX_POINT('',#10276);
#4723=VERTEX_POINT('',#10278);
#4724=VERTEX_POINT('',#10282);
#4725=VERTEX_POINT('',#10284);
#4726=VERTEX_POINT('',#10288);
#4727=VERTEX_POINT('',#10290);
#4728=VERTEX_POINT('',#10294);
#4729=VERTEX_POINT('',#10296);
#4730=VERTEX_POINT('',#10300);
#4731=VERTEX_POINT('',#10302);
#4732=VERTEX_POINT('',#10306);
#4733=VERTEX_POINT('',#10308);
#4734=VERTEX_POINT('',#10312);
#4735=VERTEX_POINT('',#10314);
#4736=VERTEX_POINT('',#10318);
#4737=VERTEX_POINT('',#10320);
#4738=VERTEX_POINT('',#10324);
#4739=VERTEX_POINT('',#10326);
#4740=VERTEX_POINT('',#10330);
#4741=VERTEX_POINT('',#10332);
#4742=VERTEX_POINT('',#10336);
#4743=VERTEX_POINT('',#10338);
#4744=VERTEX_POINT('',#10342);
#4745=VERTEX_POINT('',#10344);
#4746=VERTEX_POINT('',#10348);
#4747=VERTEX_POINT('',#10350);
#4748=VERTEX_POINT('',#10354);
#4749=VERTEX_POINT('',#10356);
#4750=VERTEX_POINT('',#10363);
#4751=VERTEX_POINT('',#10364);
#4752=VERTEX_POINT('',#10366);
#4753=VERTEX_POINT('',#10368);
#4754=VERTEX_POINT('',#10372);
#4755=VERTEX_POINT('',#10374);
#4756=VERTEX_POINT('',#10378);
#4757=VERTEX_POINT('',#10380);
#4758=VERTEX_POINT('',#10387);
#4759=VERTEX_POINT('',#10388);
#4760=VERTEX_POINT('',#10390);
#4761=VERTEX_POINT('',#10392);
#4762=VERTEX_POINT('',#10396);
#4763=VERTEX_POINT('',#10398);
#4764=VERTEX_POINT('',#10402);
#4765=VERTEX_POINT('',#10404);
#4766=VERTEX_POINT('',#10411);
#4767=VERTEX_POINT('',#10412);
#4768=VERTEX_POINT('',#10414);
#4769=VERTEX_POINT('',#10416);
#4770=VERTEX_POINT('',#10420);
#4771=VERTEX_POINT('',#10422);
#4772=VERTEX_POINT('',#10426);
#4773=VERTEX_POINT('',#10428);
#4774=VERTEX_POINT('',#10435);
#4775=VERTEX_POINT('',#10436);
#4776=VERTEX_POINT('',#10438);
#4777=VERTEX_POINT('',#10440);
#4778=VERTEX_POINT('',#10444);
#4779=VERTEX_POINT('',#10446);
#4780=VERTEX_POINT('',#10450);
#4781=VERTEX_POINT('',#10452);
#4782=VERTEX_POINT('',#10459);
#4783=VERTEX_POINT('',#10460);
#4784=VERTEX_POINT('',#10462);
#4785=VERTEX_POINT('',#10464);
#4786=VERTEX_POINT('',#10468);
#4787=VERTEX_POINT('',#10470);
#4788=VERTEX_POINT('',#10474);
#4789=VERTEX_POINT('',#10476);
#4790=VERTEX_POINT('',#10483);
#4791=VERTEX_POINT('',#10484);
#4792=VERTEX_POINT('',#10486);
#4793=VERTEX_POINT('',#10488);
#4794=VERTEX_POINT('',#10492);
#4795=VERTEX_POINT('',#10494);
#4796=VERTEX_POINT('',#10498);
#4797=VERTEX_POINT('',#10500);
#4798=VERTEX_POINT('',#10507);
#4799=VERTEX_POINT('',#10508);
#4800=VERTEX_POINT('',#10510);
#4801=VERTEX_POINT('',#10512);
#4802=VERTEX_POINT('',#10516);
#4803=VERTEX_POINT('',#10518);
#4804=VERTEX_POINT('',#10522);
#4805=VERTEX_POINT('',#10524);
#4806=VERTEX_POINT('',#10531);
#4807=VERTEX_POINT('',#10532);
#4808=VERTEX_POINT('',#10534);
#4809=VERTEX_POINT('',#10536);
#4810=VERTEX_POINT('',#10540);
#4811=VERTEX_POINT('',#10542);
#4812=VERTEX_POINT('',#10546);
#4813=VERTEX_POINT('',#10548);
#4814=VERTEX_POINT('',#10555);
#4815=VERTEX_POINT('',#10556);
#4816=VERTEX_POINT('',#10558);
#4817=VERTEX_POINT('',#10560);
#4818=VERTEX_POINT('',#10564);
#4819=VERTEX_POINT('',#10566);
#4820=VERTEX_POINT('',#10570);
#4821=VERTEX_POINT('',#10572);
#4822=VERTEX_POINT('',#10579);
#4823=VERTEX_POINT('',#10580);
#4824=VERTEX_POINT('',#10582);
#4825=VERTEX_POINT('',#10584);
#4826=VERTEX_POINT('',#10588);
#4827=VERTEX_POINT('',#10590);
#4828=VERTEX_POINT('',#10594);
#4829=VERTEX_POINT('',#10596);
#4830=VERTEX_POINT('',#10603);
#4831=VERTEX_POINT('',#10604);
#4832=VERTEX_POINT('',#10606);
#4833=VERTEX_POINT('',#10608);
#4834=VERTEX_POINT('',#10612);
#4835=VERTEX_POINT('',#10614);
#4836=VERTEX_POINT('',#10618);
#4837=VERTEX_POINT('',#10620);
#4838=VERTEX_POINT('',#10627);
#4839=VERTEX_POINT('',#10628);
#4840=VERTEX_POINT('',#10630);
#4841=VERTEX_POINT('',#10632);
#4842=VERTEX_POINT('',#10636);
#4843=VERTEX_POINT('',#10638);
#4844=VERTEX_POINT('',#10642);
#4845=VERTEX_POINT('',#10644);
#4846=VERTEX_POINT('',#10651);
#4847=VERTEX_POINT('',#10652);
#4848=VERTEX_POINT('',#10654);
#4849=VERTEX_POINT('',#10656);
#4850=VERTEX_POINT('',#10660);
#4851=VERTEX_POINT('',#10662);
#4852=VERTEX_POINT('',#10666);
#4853=VERTEX_POINT('',#10668);
#4854=VERTEX_POINT('',#10675);
#4855=VERTEX_POINT('',#10676);
#4856=VERTEX_POINT('',#10678);
#4857=VERTEX_POINT('',#10680);
#4858=VERTEX_POINT('',#10684);
#4859=VERTEX_POINT('',#10686);
#4860=VERTEX_POINT('',#10690);
#4861=VERTEX_POINT('',#10692);
#4862=VERTEX_POINT('',#10699);
#4863=VERTEX_POINT('',#10700);
#4864=VERTEX_POINT('',#10702);
#4865=VERTEX_POINT('',#10704);
#4866=VERTEX_POINT('',#10708);
#4867=VERTEX_POINT('',#10710);
#4868=VERTEX_POINT('',#10714);
#4869=VERTEX_POINT('',#10716);
#4870=VERTEX_POINT('',#10723);
#4871=VERTEX_POINT('',#10725);
#4872=VERTEX_POINT('',#10729);
#4873=VERTEX_POINT('',#10731);
#4874=VERTEX_POINT('',#10735);
#4875=VERTEX_POINT('',#10737);
#4876=VERTEX_POINT('',#10741);
#4877=VERTEX_POINT('',#10742);
#4878=VERTEX_POINT('',#10747);
#4879=VERTEX_POINT('',#10750);
#4880=VERTEX_POINT('',#10752);
#4881=VERTEX_POINT('',#10754);
#4882=VERTEX_POINT('',#10756);
#4883=VERTEX_POINT('',#10758);
#4884=VERTEX_POINT('',#10760);
#4885=VERTEX_POINT('',#10762);
#4886=VERTEX_POINT('',#10764);
#4887=VERTEX_POINT('',#10766);
#4888=VERTEX_POINT('',#10768);
#4889=VERTEX_POINT('',#10770);
#4890=VERTEX_POINT('',#10773);
#4891=VERTEX_POINT('',#10775);
#4892=VERTEX_POINT('',#10779);
#4893=VERTEX_POINT('',#10782);
#4894=VERTEX_POINT('',#10784);
#4895=VERTEX_POINT('',#10787);
#4896=VERTEX_POINT('',#10789);
#4897=VERTEX_POINT('',#10791);
#4898=VERTEX_POINT('',#10793);
#4899=VERTEX_POINT('',#10795);
#4900=VERTEX_POINT('',#10797);
#4901=VERTEX_POINT('',#10799);
#4902=VERTEX_POINT('',#10801);
#4903=VERTEX_POINT('',#10803);
#4904=VERTEX_POINT('',#10805);
#4905=VERTEX_POINT('',#10807);
#4906=CIRCLE('',#6760,0.002);
#4907=CIRCLE('',#6761,0.002);
#4908=CIRCLE('',#6766,0.002);
#4909=CIRCLE('',#6767,0.002);
#4910=CIRCLE('',#6770,0.002);
#4911=CIRCLE('',#6771,0.002);
#4912=CIRCLE('',#6776,0.002);
#4913=CIRCLE('',#6777,0.002);
#4914=CIRCLE('',#6779,0.002);
#4915=CIRCLE('',#6780,0.002);
#4916=CIRCLE('',#6785,0.002);
#4917=CIRCLE('',#6786,0.002);
#4918=CIRCLE('',#6789,0.001524);
#4919=CIRCLE('',#6790,0.001524);
#4920=CIRCLE('',#6795,0.0011);
#4921=CIRCLE('',#6796,0.0011);
#4922=CIRCLE('',#6798,0.0011);
#4923=CIRCLE('',#6799,0.0011);
#4924=CIRCLE('',#6801,0.0011);
#4925=CIRCLE('',#6802,0.0011);
#4926=CIRCLE('',#6880,0.001524);
#4927=CIRCLE('',#6881,0.001524);
#4928=CIRCLE('',#6886,0.0019939);
#4929=CIRCLE('',#6887,0.0019939);
#4930=CIRCLE('',#6890,0.0004);
#4931=CIRCLE('',#6891,0.0004);
#4932=CIRCLE('',#6894,0.0004);
#4933=CIRCLE('',#6895,0.0004);
#4934=CIRCLE('',#6898,0.0019939);
#4935=CIRCLE('',#6899,0.0019939);
#4936=CIRCLE('',#6904,0.001524);
#4937=CIRCLE('',#6905,0.001524);
#4938=CIRCLE('',#6915,0.001524);
#4939=CIRCLE('',#6916,0.001524);
#4940=CIRCLE('',#6921,0.0019939);
#4941=CIRCLE('',#6922,0.0019939);
#4942=CIRCLE('',#6925,0.0019939);
#4943=CIRCLE('',#6926,0.0019939);
#4944=CIRCLE('',#6931,0.001524);
#4945=CIRCLE('',#6932,0.001524);
#4946=CIRCLE('',#6940,0.0004);
#4947=CIRCLE('',#6941,0.0004);
#4948=CIRCLE('',#6943,0.0004);
#4949=CIRCLE('',#6944,0.0004);
#4950=CIRCLE('',#6946,0.0004);
#4951=CIRCLE('',#6947,0.0004);
#4952=CIRCLE('',#6949,0.0004);
#4953=CIRCLE('',#6950,0.0004);
#4954=CIRCLE('',#6952,0.0004);
#4955=CIRCLE('',#6953,0.0004);
#4956=CIRCLE('',#6955,0.0004);
#4957=CIRCLE('',#6956,0.0004);
#4958=CIRCLE('',#6958,0.0004);
#4959=CIRCLE('',#6959,0.0004);
#4960=CIRCLE('',#6961,0.0004);
#4961=CIRCLE('',#6962,0.0004);
#4962=CIRCLE('',#6964,0.0004);
#4963=CIRCLE('',#6965,0.0004);
#4964=CIRCLE('',#6967,0.0004);
#4965=CIRCLE('',#6968,0.0004);
#4966=CIRCLE('',#6970,0.0004);
#4967=CIRCLE('',#6971,0.0004);
#4968=CIRCLE('',#6973,0.0004);
#4969=CIRCLE('',#6974,0.0004);
#4970=CIRCLE('',#6976,0.0004);
#4971=CIRCLE('',#6977,0.0004);
#4972=CIRCLE('',#6979,0.0004);
#4973=CIRCLE('',#6980,0.0004);
#4974=CIRCLE('',#6982,0.0004);
#4975=CIRCLE('',#6983,0.0004);
#4976=CIRCLE('',#6985,0.0004);
#4977=CIRCLE('',#6986,0.0004);
#4978=CIRCLE('',#6988,0.0004);
#4979=CIRCLE('',#6989,0.0004);
#4980=CIRCLE('',#6991,0.0004);
#4981=CIRCLE('',#6992,0.0004);
#4982=CIRCLE('',#6994,0.0004);
#4983=CIRCLE('',#6995,0.0004);
#4984=CIRCLE('',#6997,0.0004);
#4985=CIRCLE('',#6998,0.0004);
#4986=CIRCLE('',#7000,0.0004);
#4987=CIRCLE('',#7001,0.0004);
#4988=CIRCLE('',#7003,0.0004);
#4989=CIRCLE('',#7004,0.0004);
#4990=CIRCLE('',#7006,0.0004);
#4991=CIRCLE('',#7007,0.0004);
#4992=CIRCLE('',#7009,0.0004);
#4993=CIRCLE('',#7010,0.0004);
#4994=CIRCLE('',#7012,0.0004);
#4995=CIRCLE('',#7013,0.0004);
#4996=CIRCLE('',#7015,0.0004);
#4997=CIRCLE('',#7016,0.0004);
#4998=CIRCLE('',#7018,0.0004);
#4999=CIRCLE('',#7019,0.0004);
#5000=CIRCLE('',#7021,0.0004);
#5001=CIRCLE('',#7022,0.0004);
#5002=CIRCLE('',#7024,0.0004);
#5003=CIRCLE('',#7025,0.0004);
#5004=CIRCLE('',#7027,0.0004);
#5005=CIRCLE('',#7028,0.0004);
#5006=CIRCLE('',#7030,0.0004);
#5007=CIRCLE('',#7031,0.0004);
#5008=CIRCLE('',#7033,0.0004);
#5009=CIRCLE('',#7034,0.0004);
#5010=CIRCLE('',#7036,0.0004);
#5011=CIRCLE('',#7037,0.0004);
#5012=CIRCLE('',#7039,0.0004);
#5013=CIRCLE('',#7040,0.0004);
#5014=CIRCLE('',#7042,0.0004);
#5015=CIRCLE('',#7043,0.0004);
#5016=CIRCLE('',#7045,0.0004);
#5017=CIRCLE('',#7046,0.0004);
#5018=CIRCLE('',#7048,0.0004);
#5019=CIRCLE('',#7049,0.0004);
#5020=CIRCLE('',#7051,0.0004);
#5021=CIRCLE('',#7052,0.0004);
#5022=CIRCLE('',#7054,0.0004);
#5023=CIRCLE('',#7055,0.0004);
#5024=CIRCLE('',#7057,0.0004);
#5025=CIRCLE('',#7058,0.0004);
#5026=CIRCLE('',#7060,0.0004);
#5027=CIRCLE('',#7061,0.0004);
#5028=CIRCLE('',#7063,0.0004);
#5029=CIRCLE('',#7064,0.0004);
#5030=CIRCLE('',#7066,0.0004);
#5031=CIRCLE('',#7067,0.0004);
#5032=CIRCLE('',#7069,0.0004);
#5033=CIRCLE('',#7070,0.0004);
#5034=CIRCLE('',#7072,0.0004);
#5035=CIRCLE('',#7073,0.0004);
#5036=CIRCLE('',#7075,0.0004);
#5037=CIRCLE('',#7076,0.0004);
#5038=CIRCLE('',#7078,0.0004);
#5039=CIRCLE('',#7079,0.0004);
#5040=CIRCLE('',#7081,0.0004);
#5041=CIRCLE('',#7082,0.0004);
#5042=CIRCLE('',#7084,0.0004);
#5043=CIRCLE('',#7085,0.0004);
#5044=CIRCLE('',#7087,0.0004);
#5045=CIRCLE('',#7088,0.0004);
#5046=CIRCLE('',#7090,0.0004);
#5047=CIRCLE('',#7091,0.0004);
#5048=CIRCLE('',#7093,0.0004);
#5049=CIRCLE('',#7094,0.0004);
#5050=CIRCLE('',#7096,0.0004);
#5051=CIRCLE('',#7097,0.0004);
#5052=CIRCLE('',#7099,0.0004);
#5053=CIRCLE('',#7100,0.0004);
#5054=CIRCLE('',#7102,0.0004);
#5055=CIRCLE('',#7103,0.0004);
#5056=CIRCLE('',#7105,0.0004);
#5057=CIRCLE('',#7106,0.0004);
#5058=CIRCLE('',#7108,0.0004);
#5059=CIRCLE('',#7109,0.0004);
#5060=CIRCLE('',#7111,0.0004);
#5061=CIRCLE('',#7112,0.0004);
#5062=CIRCLE('',#7114,0.0004);
#5063=CIRCLE('',#7115,0.0004);
#5064=CIRCLE('',#7117,0.0004);
#5065=CIRCLE('',#7118,0.0004);
#5066=CIRCLE('',#7120,0.0004);
#5067=CIRCLE('',#7121,0.0004);
#5068=CIRCLE('',#7123,0.0004);
#5069=CIRCLE('',#7124,0.0004);
#5070=CIRCLE('',#7126,0.0004);
#5071=CIRCLE('',#7127,0.0004);
#5072=CIRCLE('',#7129,0.0004);
#5073=CIRCLE('',#7130,0.0004);
#5074=CIRCLE('',#7132,0.0004);
#5075=CIRCLE('',#7133,0.0004);
#5076=CIRCLE('',#7135,0.0004);
#5077=CIRCLE('',#7136,0.0004);
#5078=CIRCLE('',#7138,0.0004);
#5079=CIRCLE('',#7139,0.0004);
#5080=CIRCLE('',#7141,0.0004);
#5081=CIRCLE('',#7142,0.0004);
#5082=CIRCLE('',#7144,0.0004);
#5083=CIRCLE('',#7145,0.0004);
#5084=CIRCLE('',#7147,0.0004);
#5085=CIRCLE('',#7148,0.0004);
#5086=CIRCLE('',#7158,0.001524);
#5087=CIRCLE('',#7159,0.001524);
#5088=CIRCLE('',#7164,0.0019939);
#5089=CIRCLE('',#7165,0.0019939);
#5090=CIRCLE('',#7168,0.0004);
#5091=CIRCLE('',#7169,0.0004);
#5092=CIRCLE('',#7172,0.0004);
#5093=CIRCLE('',#7173,0.0004);
#5094=CIRCLE('',#7176,0.0019939);
#5095=CIRCLE('',#7177,0.0019939);
#5096=CIRCLE('',#7182,0.001524);
#5097=CIRCLE('',#7183,0.001524);
#5098=CIRCLE('',#7251,0.0019939);
#5099=CIRCLE('',#7252,0.0019939);
#5100=EDGE_LOOP('',(#1616,#1617,#1618,#1619));
#5101=EDGE_LOOP('',(#1620,#1621,#1622,#1623));
#5102=EDGE_LOOP('',(#1624,#1625,#1626,#1627));
#5103=EDGE_LOOP('',(#1628,#1629,#1630,#1631));
#5104=EDGE_LOOP('',(#1632,#1633,#1634,#1635));
#5105=EDGE_LOOP('',(#1636,#1637,#1638,#1639));
#5106=EDGE_LOOP('',(#1640,#1641,#1642,#1643));
#5107=EDGE_LOOP('',(#1644,#1645,#1646,#1647));
#5108=EDGE_LOOP('',(#1648,#1649,#1650,#1651));
#5109=EDGE_LOOP('',(#1652,#1653,#1654,#1655));
#5110=EDGE_LOOP('',(#1656,#1657,#1658,#1659));
#5111=EDGE_LOOP('',(#1660,#1661,#1662,#1663));
#5112=EDGE_LOOP('',(#1664,#1665,#1666,#1667));
#5113=EDGE_LOOP('',(#1668,#1669,#1670,#1671));
#5114=EDGE_LOOP('',(#1672,#1673,#1674,#1675));
#5115=EDGE_LOOP('',(#1676,#1677,#1678,#1679));
#5116=EDGE_LOOP('',(#1680,#1681,#1682,#1683));
#5117=EDGE_LOOP('',(#1684,#1685,#1686,#1687));
#5118=EDGE_LOOP('',(#1688,#1689,#1690,#1691));
#5119=EDGE_LOOP('',(#1692,#1693,#1694,#1695));
#5120=EDGE_LOOP('',(#1696,#1697,#1698,#1699));
#5121=EDGE_LOOP('',(#1700));
#5122=EDGE_LOOP('',(#1701));
#5123=EDGE_LOOP('',(#1702));
#5124=EDGE_LOOP('',(#1703));
#5125=EDGE_LOOP('',(#1704));
#5126=EDGE_LOOP('',(#1705));
#5127=EDGE_LOOP('',(#1706,#1707,#1708,#1709));
#5128=EDGE_LOOP('',(#1710,#1711,#1712,#1713));
#5129=EDGE_LOOP('',(#1714,#1715,#1716,#1717));
#5130=EDGE_LOOP('',(#1718,#1719,#1720,#1721));
#5131=EDGE_LOOP('',(#1722,#1723,#1724,#1725));
#5132=EDGE_LOOP('',(#1726,#1727,#1728,#1729));
#5133=EDGE_LOOP('',(#1730,#1731,#1732,#1733));
#5134=EDGE_LOOP('',(#1734,#1735,#1736,#1737));
#5135=EDGE_LOOP('',(#1738,#1739,#1740,#1741));
#5136=EDGE_LOOP('',(#1742,#1743,#1744,#1745));
#5137=EDGE_LOOP('',(#1746,#1747,#1748,#1749));
#5138=EDGE_LOOP('',(#1750,#1751,#1752,#1753));
#5139=EDGE_LOOP('',(#1754,#1755,#1756,#1757));
#5140=EDGE_LOOP('',(#1758,#1759,#1760,#1761));
#5141=EDGE_LOOP('',(#1762,#1763,#1764,#1765));
#5142=EDGE_LOOP('',(#1766,#1767,#1768,#1769));
#5143=EDGE_LOOP('',(#1770,#1771,#1772,#1773));
#5144=EDGE_LOOP('',(#1774,#1775,#1776,#1777));
#5145=EDGE_LOOP('',(#1778,#1779,#1780,#1781));
#5146=EDGE_LOOP('',(#1782,#1783,#1784,#1785));
#5147=EDGE_LOOP('',(#1786,#1787,#1788,#1789));
#5148=EDGE_LOOP('',(#1790,#1791,#1792,#1793));
#5149=EDGE_LOOP('',(#1794,#1795,#1796,#1797));
#5150=EDGE_LOOP('',(#1798,#1799,#1800,#1801));
#5151=EDGE_LOOP('',(#1802,#1803,#1804,#1805));
#5152=EDGE_LOOP('',(#1806,#1807,#1808,#1809));
#5153=EDGE_LOOP('',(#1810,#1811,#1812,#1813));
#5154=EDGE_LOOP('',(#1814,#1815,#1816,#1817));
#5155=EDGE_LOOP('',(#1818,#1819,#1820,#1821));
#5156=EDGE_LOOP('',(#1822,#1823,#1824,#1825));
#5157=EDGE_LOOP('',(#1826,#1827,#1828,#1829));
#5158=EDGE_LOOP('',(#1830,#1831,#1832,#1833));
#5159=EDGE_LOOP('',(#1834,#1835,#1836,#1837));
#5160=EDGE_LOOP('',(#1838,#1839,#1840,#1841));
#5161=EDGE_LOOP('',(#1842,#1843,#1844,#1845));
#5162=EDGE_LOOP('',(#1846,#1847,#1848,#1849));
#5163=EDGE_LOOP('',(#1850,#1851,#1852,#1853));
#5164=EDGE_LOOP('',(#1854,#1855,#1856,#1857));
#5165=EDGE_LOOP('',(#1858,#1859,#1860,#1861));
#5166=EDGE_LOOP('',(#1862,#1863,#1864,#1865));
#5167=EDGE_LOOP('',(#1866,#1867,#1868,#1869));
#5168=EDGE_LOOP('',(#1870,#1871,#1872,#1873));
#5169=EDGE_LOOP('',(#1874,#1875,#1876,#1877));
#5170=EDGE_LOOP('',(#1878,#1879,#1880,#1881));
#5171=EDGE_LOOP('',(#1882,#1883,#1884,#1885));
#5172=EDGE_LOOP('',(#1886,#1887,#1888,#1889));
#5173=EDGE_LOOP('',(#1890,#1891,#1892,#1893));
#5174=EDGE_LOOP('',(#1894,#1895,#1896,#1897));
#5175=EDGE_LOOP('',(#1898,#1899,#1900,#1901));
#5176=EDGE_LOOP('',(#1902,#1903,#1904,#1905));
#5177=EDGE_LOOP('',(#1906,#1907,#1908,#1909));
#5178=EDGE_LOOP('',(#1910,#1911,#1912,#1913));
#5179=EDGE_LOOP('',(#1914,#1915,#1916,#1917));
#5180=EDGE_LOOP('',(#1918,#1919,#1920,#1921));
#5181=EDGE_LOOP('',(#1922,#1923,#1924,#1925));
#5182=EDGE_LOOP('',(#1926,#1927,#1928,#1929));
#5183=EDGE_LOOP('',(#1930,#1931,#1932,#1933));
#5184=EDGE_LOOP('',(#1934,#1935,#1936,#1937));
#5185=EDGE_LOOP('',(#1938,#1939,#1940,#1941));
#5186=EDGE_LOOP('',(#1942,#1943,#1944,#1945));
#5187=EDGE_LOOP('',(#1946,#1947,#1948,#1949));
#5188=EDGE_LOOP('',(#1950,#1951,#1952,#1953));
#5189=EDGE_LOOP('',(#1954,#1955,#1956,#1957));
#5190=EDGE_LOOP('',(#1958,#1959,#1960,#1961));
#5191=EDGE_LOOP('',(#1962,#1963,#1964,#1965));
#5192=EDGE_LOOP('',(#1966,#1967,#1968,#1969));
#5193=EDGE_LOOP('',(#1970,#1971,#1972,#1973));
#5194=EDGE_LOOP('',(#1974,#1975,#1976,#1977));
#5195=EDGE_LOOP('',(#1978,#1979,#1980,#1981));
#5196=EDGE_LOOP('',(#1982,#1983,#1984,#1985));
#5197=EDGE_LOOP('',(#1986,#1987,#1988,#1989));
#5198=EDGE_LOOP('',(#1990,#1991,#1992,#1993));
#5199=EDGE_LOOP('',(#1994,#1995,#1996,#1997));
#5200=EDGE_LOOP('',(#1998,#1999,#2000,#2001));
#5201=EDGE_LOOP('',(#2002,#2003,#2004,#2005));
#5202=EDGE_LOOP('',(#2006,#2007,#2008,#2009));
#5203=EDGE_LOOP('',(#2010,#2011,#2012,#2013));
#5204=EDGE_LOOP('',(#2014,#2015,#2016,#2017));
#5205=EDGE_LOOP('',(#2018,#2019,#2020,#2021));
#5206=EDGE_LOOP('',(#2022,#2023,#2024,#2025));
#5207=EDGE_LOOP('',(#2026,#2027,#2028,#2029));
#5208=EDGE_LOOP('',(#2030,#2031,#2032,#2033));
#5209=EDGE_LOOP('',(#2034,#2035,#2036,#2037));
#5210=EDGE_LOOP('',(#2038,#2039,#2040,#2041));
#5211=EDGE_LOOP('',(#2042,#2043,#2044,#2045));
#5212=EDGE_LOOP('',(#2046,#2047,#2048,#2049));
#5213=EDGE_LOOP('',(#2050,#2051,#2052,#2053));
#5214=EDGE_LOOP('',(#2054,#2055,#2056,#2057));
#5215=EDGE_LOOP('',(#2058,#2059,#2060,#2061));
#5216=EDGE_LOOP('',(#2062,#2063,#2064,#2065));
#5217=EDGE_LOOP('',(#2066,#2067,#2068,#2069));
#5218=EDGE_LOOP('',(#2070,#2071,#2072,#2073));
#5219=EDGE_LOOP('',(#2074,#2075,#2076,#2077));
#5220=EDGE_LOOP('',(#2078,#2079,#2080,#2081));
#5221=EDGE_LOOP('',(#2082,#2083,#2084,#2085));
#5222=EDGE_LOOP('',(#2086,#2087,#2088,#2089));
#5223=EDGE_LOOP('',(#2090,#2091,#2092,#2093));
#5224=EDGE_LOOP('',(#2094,#2095,#2096,#2097));
#5225=EDGE_LOOP('',(#2098,#2099,#2100,#2101));
#5226=EDGE_LOOP('',(#2102,#2103,#2104,#2105));
#5227=EDGE_LOOP('',(#2106,#2107,#2108,#2109));
#5228=EDGE_LOOP('',(#2110,#2111,#2112,#2113));
#5229=EDGE_LOOP('',(#2114,#2115,#2116,#2117));
#5230=EDGE_LOOP('',(#2118,#2119,#2120,#2121));
#5231=EDGE_LOOP('',(#2122,#2123,#2124,#2125));
#5232=EDGE_LOOP('',(#2126,#2127,#2128,#2129));
#5233=EDGE_LOOP('',(#2130,#2131,#2132,#2133));
#5234=EDGE_LOOP('',(#2134,#2135,#2136,#2137));
#5235=EDGE_LOOP('',(#2138,#2139,#2140,#2141));
#5236=EDGE_LOOP('',(#2142,#2143,#2144,#2145));
#5237=EDGE_LOOP('',(#2146,#2147,#2148,#2149));
#5238=EDGE_LOOP('',(#2150,#2151,#2152,#2153));
#5239=EDGE_LOOP('',(#2154,#2155,#2156,#2157));
#5240=EDGE_LOOP('',(#2158,#2159,#2160,#2161));
#5241=EDGE_LOOP('',(#2162,#2163,#2164,#2165));
#5242=EDGE_LOOP('',(#2166,#2167,#2168,#2169));
#5243=EDGE_LOOP('',(#2170));
#5244=EDGE_LOOP('',(#2171));
#5245=EDGE_LOOP('',(#2172));
#5246=EDGE_LOOP('',(#2173));
#5247=EDGE_LOOP('',(#2174));
#5248=EDGE_LOOP('',(#2175));
#5249=EDGE_LOOP('',(#2176));
#5250=EDGE_LOOP('',(#2177));
#5251=EDGE_LOOP('',(#2178));
#5252=EDGE_LOOP('',(#2179));
#5253=EDGE_LOOP('',(#2180));
#5254=EDGE_LOOP('',(#2181));
#5255=EDGE_LOOP('',(#2182));
#5256=EDGE_LOOP('',(#2183));
#5257=EDGE_LOOP('',(#2184));
#5258=EDGE_LOOP('',(#2185));
#5259=EDGE_LOOP('',(#2186));
#5260=EDGE_LOOP('',(#2187));
#5261=EDGE_LOOP('',(#2188));
#5262=EDGE_LOOP('',(#2189));
#5263=EDGE_LOOP('',(#2190));
#5264=EDGE_LOOP('',(#2191));
#5265=EDGE_LOOP('',(#2192));
#5266=EDGE_LOOP('',(#2193));
#5267=EDGE_LOOP('',(#2194));
#5268=EDGE_LOOP('',(#2195));
#5269=EDGE_LOOP('',(#2196));
#5270=EDGE_LOOP('',(#2197));
#5271=EDGE_LOOP('',(#2198));
#5272=EDGE_LOOP('',(#2199));
#5273=EDGE_LOOP('',(#2200));
#5274=EDGE_LOOP('',(#2201));
#5275=EDGE_LOOP('',(#2202));
#5276=EDGE_LOOP('',(#2203));
#5277=EDGE_LOOP('',(#2204));
#5278=EDGE_LOOP('',(#2205));
#5279=EDGE_LOOP('',(#2206));
#5280=EDGE_LOOP('',(#2207));
#5281=EDGE_LOOP('',(#2208));
#5282=EDGE_LOOP('',(#2209));
#5283=EDGE_LOOP('',(#2210));
#5284=EDGE_LOOP('',(#2211));
#5285=EDGE_LOOP('',(#2212));
#5286=EDGE_LOOP('',(#2213));
#5287=EDGE_LOOP('',(#2214));
#5288=EDGE_LOOP('',(#2215));
#5289=EDGE_LOOP('',(#2216));
#5290=EDGE_LOOP('',(#2217));
#5291=EDGE_LOOP('',(#2218));
#5292=EDGE_LOOP('',(#2219));
#5293=EDGE_LOOP('',(#2220));
#5294=EDGE_LOOP('',(#2221));
#5295=EDGE_LOOP('',(#2222));
#5296=EDGE_LOOP('',(#2223));
#5297=EDGE_LOOP('',(#2224));
#5298=EDGE_LOOP('',(#2225));
#5299=EDGE_LOOP('',(#2226));
#5300=EDGE_LOOP('',(#2227));
#5301=EDGE_LOOP('',(#2228));
#5302=EDGE_LOOP('',(#2229));
#5303=EDGE_LOOP('',(#2230));
#5304=EDGE_LOOP('',(#2231));
#5305=EDGE_LOOP('',(#2232));
#5306=EDGE_LOOP('',(#2233));
#5307=EDGE_LOOP('',(#2234));
#5308=EDGE_LOOP('',(#2235));
#5309=EDGE_LOOP('',(#2236));
#5310=EDGE_LOOP('',(#2237));
#5311=EDGE_LOOP('',(#2238));
#5312=EDGE_LOOP('',(#2239));
#5313=EDGE_LOOP('',(#2240));
#5314=EDGE_LOOP('',(#2241));
#5315=EDGE_LOOP('',(#2242));
#5316=EDGE_LOOP('',(#2243));
#5317=EDGE_LOOP('',(#2244));
#5318=EDGE_LOOP('',(#2245));
#5319=EDGE_LOOP('',(#2246));
#5320=EDGE_LOOP('',(#2247));
#5321=EDGE_LOOP('',(#2248));
#5322=EDGE_LOOP('',(#2249));
#5323=EDGE_LOOP('',(#2250));
#5324=EDGE_LOOP('',(#2251));
#5325=EDGE_LOOP('',(#2252));
#5326=EDGE_LOOP('',(#2253));
#5327=EDGE_LOOP('',(#2254));
#5328=EDGE_LOOP('',(#2255));
#5329=EDGE_LOOP('',(#2256));
#5330=EDGE_LOOP('',(#2257));
#5331=EDGE_LOOP('',(#2258));
#5332=EDGE_LOOP('',(#2259));
#5333=EDGE_LOOP('',(#2260));
#5334=EDGE_LOOP('',(#2261));
#5335=EDGE_LOOP('',(#2262));
#5336=EDGE_LOOP('',(#2263));
#5337=EDGE_LOOP('',(#2264));
#5338=EDGE_LOOP('',(#2265));
#5339=EDGE_LOOP('',(#2266));
#5340=EDGE_LOOP('',(#2267));
#5341=EDGE_LOOP('',(#2268));
#5342=EDGE_LOOP('',(#2269));
#5343=EDGE_LOOP('',(#2270));
#5344=EDGE_LOOP('',(#2271));
#5345=EDGE_LOOP('',(#2272));
#5346=EDGE_LOOP('',(#2273));
#5347=EDGE_LOOP('',(#2274));
#5348=EDGE_LOOP('',(#2275));
#5349=EDGE_LOOP('',(#2276));
#5350=EDGE_LOOP('',(#2277));
#5351=EDGE_LOOP('',(#2278));
#5352=EDGE_LOOP('',(#2279));
#5353=EDGE_LOOP('',(#2280));
#5354=EDGE_LOOP('',(#2281));
#5355=EDGE_LOOP('',(#2282));
#5356=EDGE_LOOP('',(#2283));
#5357=EDGE_LOOP('',(#2284));
#5358=EDGE_LOOP('',(#2285));
#5359=EDGE_LOOP('',(#2286));
#5360=EDGE_LOOP('',(#2287));
#5361=EDGE_LOOP('',(#2288));
#5362=EDGE_LOOP('',(#2289));
#5363=EDGE_LOOP('',(#2290));
#5364=EDGE_LOOP('',(#2291));
#5365=EDGE_LOOP('',(#2292));
#5366=EDGE_LOOP('',(#2293));
#5367=EDGE_LOOP('',(#2294));
#5368=EDGE_LOOP('',(#2295));
#5369=EDGE_LOOP('',(#2296));
#5370=EDGE_LOOP('',(#2297));
#5371=EDGE_LOOP('',(#2298));
#5372=EDGE_LOOP('',(#2299));
#5373=EDGE_LOOP('',(#2300));
#5374=EDGE_LOOP('',(#2301));
#5375=EDGE_LOOP('',(#2302));
#5376=EDGE_LOOP('',(#2303));
#5377=EDGE_LOOP('',(#2304));
#5378=EDGE_LOOP('',(#2305));
#5379=EDGE_LOOP('',(#2306));
#5380=EDGE_LOOP('',(#2307));
#5381=EDGE_LOOP('',(#2308));
#5382=EDGE_LOOP('',(#2309));
#5383=EDGE_LOOP('',(#2310,#2311,#2312,#2313));
#5384=EDGE_LOOP('',(#2314,#2315,#2316,#2317));
#5385=EDGE_LOOP('',(#2318,#2319,#2320,#2321));
#5386=EDGE_LOOP('',(#2322,#2323,#2324,#2325));
#5387=EDGE_LOOP('',(#2326,#2327,#2328,#2329));
#5388=EDGE_LOOP('',(#2330,#2331,#2332,#2333));
#5389=EDGE_LOOP('',(#2334,#2335,#2336,#2337));
#5390=EDGE_LOOP('',(#2338,#2339,#2340,#2341));
#5391=EDGE_LOOP('',(#2342,#2343,#2344,#2345));
#5392=EDGE_LOOP('',(#2346,#2347,#2348,#2349));
#5393=EDGE_LOOP('',(#2350,#2351,#2352,#2353));
#5394=EDGE_LOOP('',(#2354,#2355,#2356,#2357));
#5395=EDGE_LOOP('',(#2358,#2359,#2360,#2361));
#5396=EDGE_LOOP('',(#2362,#2363,#2364,#2365));
#5397=EDGE_LOOP('',(#2366,#2367,#2368,#2369));
#5398=EDGE_LOOP('',(#2370,#2371,#2372,#2373));
#5399=EDGE_LOOP('',(#2374,#2375,#2376,#2377));
#5400=EDGE_LOOP('',(#2378,#2379,#2380,#2381));
#5401=EDGE_LOOP('',(#2382,#2383,#2384,#2385));
#5402=EDGE_LOOP('',(#2386,#2387,#2388,#2389));
#5403=EDGE_LOOP('',(#2390,#2391,#2392,#2393));
#5404=EDGE_LOOP('',(#2394,#2395,#2396,#2397));
#5405=EDGE_LOOP('',(#2398,#2399,#2400,#2401));
#5406=EDGE_LOOP('',(#2402,#2403,#2404,#2405));
#5407=EDGE_LOOP('',(#2406,#2407,#2408,#2409));
#5408=EDGE_LOOP('',(#2410,#2411,#2412,#2413));
#5409=EDGE_LOOP('',(#2414,#2415,#2416,#2417));
#5410=EDGE_LOOP('',(#2418,#2419,#2420,#2421));
#5411=EDGE_LOOP('',(#2422,#2423,#2424,#2425));
#5412=EDGE_LOOP('',(#2426,#2427,#2428,#2429));
#5413=EDGE_LOOP('',(#2430,#2431,#2432,#2433));
#5414=EDGE_LOOP('',(#2434,#2435,#2436,#2437));
#5415=EDGE_LOOP('',(#2438,#2439,#2440,#2441));
#5416=EDGE_LOOP('',(#2442,#2443,#2444,#2445));
#5417=EDGE_LOOP('',(#2446,#2447,#2448,#2449));
#5418=EDGE_LOOP('',(#2450,#2451,#2452,#2453));
#5419=EDGE_LOOP('',(#2454,#2455,#2456,#2457));
#5420=EDGE_LOOP('',(#2458,#2459,#2460,#2461));
#5421=EDGE_LOOP('',(#2462,#2463,#2464,#2465));
#5422=EDGE_LOOP('',(#2466,#2467,#2468,#2469));
#5423=EDGE_LOOP('',(#2470,#2471,#2472,#2473));
#5424=EDGE_LOOP('',(#2474,#2475,#2476,#2477));
#5425=EDGE_LOOP('',(#2478,#2479,#2480,#2481));
#5426=EDGE_LOOP('',(#2482,#2483,#2484,#2485));
#5427=EDGE_LOOP('',(#2486,#2487,#2488,#2489));
#5428=EDGE_LOOP('',(#2490,#2491,#2492,#2493));
#5429=EDGE_LOOP('',(#2494,#2495,#2496,#2497));
#5430=EDGE_LOOP('',(#2498,#2499,#2500,#2501));
#5431=EDGE_LOOP('',(#2502,#2503,#2504,#2505));
#5432=EDGE_LOOP('',(#2506,#2507,#2508,#2509));
#5433=EDGE_LOOP('',(#2510,#2511,#2512,#2513));
#5434=EDGE_LOOP('',(#2514,#2515,#2516,#2517));
#5435=EDGE_LOOP('',(#2518,#2519,#2520,#2521));
#5436=EDGE_LOOP('',(#2522,#2523,#2524,#2525));
#5437=EDGE_LOOP('',(#2526,#2527,#2528,#2529));
#5438=EDGE_LOOP('',(#2530,#2531,#2532,#2533));
#5439=EDGE_LOOP('',(#2534,#2535,#2536,#2537));
#5440=EDGE_LOOP('',(#2538,#2539,#2540,#2541));
#5441=EDGE_LOOP('',(#2542,#2543,#2544,#2545));
#5442=EDGE_LOOP('',(#2546,#2547,#2548,#2549));
#5443=EDGE_LOOP('',(#2550,#2551,#2552,#2553));
#5444=EDGE_LOOP('',(#2554,#2555,#2556,#2557));
#5445=EDGE_LOOP('',(#2558,#2559,#2560,#2561));
#5446=EDGE_LOOP('',(#2562,#2563,#2564,#2565));
#5447=EDGE_LOOP('',(#2566,#2567,#2568,#2569));
#5448=EDGE_LOOP('',(#2570,#2571,#2572,#2573));
#5449=EDGE_LOOP('',(#2574,#2575,#2576,#2577));
#5450=EDGE_LOOP('',(#2578,#2579,#2580,#2581));
#5451=EDGE_LOOP('',(#2582,#2583,#2584,#2585));
#5452=EDGE_LOOP('',(#2586,#2587,#2588,#2589));
#5453=EDGE_LOOP('',(#2590,#2591,#2592,#2593));
#5454=EDGE_LOOP('',(#2594,#2595,#2596,#2597));
#5455=EDGE_LOOP('',(#2598,#2599,#2600,#2601));
#5456=EDGE_LOOP('',(#2602,#2603,#2604,#2605));
#5457=EDGE_LOOP('',(#2606,#2607,#2608,#2609));
#5458=EDGE_LOOP('',(#2610,#2611,#2612,#2613));
#5459=EDGE_LOOP('',(#2614,#2615,#2616,#2617));
#5460=EDGE_LOOP('',(#2618,#2619,#2620,#2621));
#5461=EDGE_LOOP('',(#2622,#2623,#2624,#2625));
#5462=EDGE_LOOP('',(#2626,#2627,#2628,#2629));
#5463=EDGE_LOOP('',(#2630,#2631,#2632,#2633));
#5464=EDGE_LOOP('',(#2634,#2635,#2636,#2637));
#5465=EDGE_LOOP('',(#2638,#2639,#2640,#2641));
#5466=EDGE_LOOP('',(#2642,#2643,#2644,#2645));
#5467=EDGE_LOOP('',(#2646,#2647,#2648,#2649));
#5468=EDGE_LOOP('',(#2650,#2651,#2652,#2653));
#5469=EDGE_LOOP('',(#2654,#2655,#2656,#2657));
#5470=EDGE_LOOP('',(#2658,#2659,#2660,#2661));
#5471=EDGE_LOOP('',(#2662,#2663,#2664,#2665));
#5472=EDGE_LOOP('',(#2666,#2667,#2668,#2669));
#5473=EDGE_LOOP('',(#2670,#2671,#2672,#2673));
#5474=EDGE_LOOP('',(#2674,#2675,#2676,#2677));
#5475=EDGE_LOOP('',(#2678,#2679,#2680,#2681));
#5476=EDGE_LOOP('',(#2682,#2683,#2684,#2685));
#5477=EDGE_LOOP('',(#2686,#2687,#2688,#2689));
#5478=EDGE_LOOP('',(#2690,#2691,#2692,#2693));
#5479=EDGE_LOOP('',(#2694,#2695,#2696,#2697));
#5480=EDGE_LOOP('',(#2698,#2699,#2700,#2701));
#5481=EDGE_LOOP('',(#2702,#2703,#2704,#2705));
#5482=EDGE_LOOP('',(#2706,#2707,#2708,#2709));
#5483=EDGE_LOOP('',(#2710,#2711,#2712,#2713));
#5484=EDGE_LOOP('',(#2714,#2715,#2716,#2717));
#5485=EDGE_LOOP('',(#2718,#2719,#2720,#2721));
#5486=EDGE_LOOP('',(#2722,#2723,#2724,#2725));
#5487=EDGE_LOOP('',(#2726,#2727,#2728,#2729));
#5488=EDGE_LOOP('',(#2730,#2731,#2732,#2733));
#5489=EDGE_LOOP('',(#2734,#2735,#2736,#2737));
#5490=EDGE_LOOP('',(#2738,#2739,#2740,#2741,#2742,#2743,#2744,#2745,#2746,
#2747,#2748,#2749,#2750,#2751,#2752,#2753,#2754,#2755,#2756,#2757,#2758,
#2759,#2760,#2761));
#5491=EDGE_LOOP('',(#2762,#2763,#2764,#2765));
#5492=EDGE_LOOP('',(#2766));
#5493=EDGE_LOOP('',(#2767));
#5494=EDGE_LOOP('',(#2768));
#5495=EDGE_LOOP('',(#2769));
#5496=EDGE_LOOP('',(#2770));
#5497=EDGE_LOOP('',(#2771));
#5498=EDGE_LOOP('',(#2772));
#5499=EDGE_LOOP('',(#2773));
#5500=EDGE_LOOP('',(#2774));
#5501=EDGE_LOOP('',(#2775));
#5502=EDGE_LOOP('',(#2776));
#5503=EDGE_LOOP('',(#2777));
#5504=EDGE_LOOP('',(#2778));
#5505=EDGE_LOOP('',(#2779));
#5506=EDGE_LOOP('',(#2780));
#5507=EDGE_LOOP('',(#2781));
#5508=EDGE_LOOP('',(#2782));
#5509=EDGE_LOOP('',(#2783));
#5510=EDGE_LOOP('',(#2784));
#5511=EDGE_LOOP('',(#2785));
#5512=EDGE_LOOP('',(#2786));
#5513=EDGE_LOOP('',(#2787));
#5514=EDGE_LOOP('',(#2788));
#5515=EDGE_LOOP('',(#2789));
#5516=EDGE_LOOP('',(#2790));
#5517=EDGE_LOOP('',(#2791));
#5518=EDGE_LOOP('',(#2792));
#5519=EDGE_LOOP('',(#2793));
#5520=EDGE_LOOP('',(#2794));
#5521=EDGE_LOOP('',(#2795));
#5522=EDGE_LOOP('',(#2796));
#5523=EDGE_LOOP('',(#2797));
#5524=EDGE_LOOP('',(#2798));
#5525=EDGE_LOOP('',(#2799));
#5526=EDGE_LOOP('',(#2800));
#5527=EDGE_LOOP('',(#2801));
#5528=EDGE_LOOP('',(#2802));
#5529=EDGE_LOOP('',(#2803));
#5530=EDGE_LOOP('',(#2804));
#5531=EDGE_LOOP('',(#2805));
#5532=EDGE_LOOP('',(#2806));
#5533=EDGE_LOOP('',(#2807));
#5534=EDGE_LOOP('',(#2808));
#5535=EDGE_LOOP('',(#2809));
#5536=EDGE_LOOP('',(#2810));
#5537=EDGE_LOOP('',(#2811));
#5538=EDGE_LOOP('',(#2812));
#5539=EDGE_LOOP('',(#2813));
#5540=EDGE_LOOP('',(#2814));
#5541=EDGE_LOOP('',(#2815));
#5542=EDGE_LOOP('',(#2816));
#5543=EDGE_LOOP('',(#2817));
#5544=EDGE_LOOP('',(#2818));
#5545=EDGE_LOOP('',(#2819));
#5546=EDGE_LOOP('',(#2820));
#5547=EDGE_LOOP('',(#2821));
#5548=EDGE_LOOP('',(#2822));
#5549=EDGE_LOOP('',(#2823));
#5550=EDGE_LOOP('',(#2824));
#5551=EDGE_LOOP('',(#2825));
#5552=EDGE_LOOP('',(#2826));
#5553=EDGE_LOOP('',(#2827));
#5554=EDGE_LOOP('',(#2828));
#5555=EDGE_LOOP('',(#2829));
#5556=EDGE_LOOP('',(#2830));
#5557=EDGE_LOOP('',(#2831));
#5558=EDGE_LOOP('',(#2832));
#5559=EDGE_LOOP('',(#2833));
#5560=EDGE_LOOP('',(#2834));
#5561=EDGE_LOOP('',(#2835));
#5562=EDGE_LOOP('',(#2836,#2837,#2838,#2839,#2840,#2841,#2842,#2843,#2844,
#2845,#2846,#2847,#2848,#2849,#2850,#2851,#2852,#2853,#2854,#2855));
#5563=EDGE_LOOP('',(#2856,#2857,#2858,#2859,#2860,#2861,#2862,#2863,#2864,
#2865,#2866,#2867,#2868,#2869,#2870,#2871,#2872,#2873,#2874,#2875,#2876,
#2877,#2878,#2879));
#5564=EDGE_LOOP('',(#2880,#2881,#2882,#2883));
#5565=EDGE_LOOP('',(#2884,#2885,#2886,#2887));
#5566=EDGE_LOOP('',(#2888,#2889,#2890,#2891));
#5567=EDGE_LOOP('',(#2892,#2893,#2894,#2895));
#5568=EDGE_LOOP('',(#2896,#2897,#2898,#2899));
#5569=EDGE_LOOP('',(#2900,#2901,#2902,#2903));
#5570=EDGE_LOOP('',(#2904,#2905,#2906,#2907));
#5571=EDGE_LOOP('',(#2908,#2909,#2910,#2911));
#5572=EDGE_LOOP('',(#2912,#2913,#2914,#2915));
#5573=EDGE_LOOP('',(#2916,#2917,#2918,#2919));
#5574=EDGE_LOOP('',(#2920,#2921,#2922,#2923));
#5575=EDGE_LOOP('',(#2924,#2925,#2926,#2927));
#5576=EDGE_LOOP('',(#2928,#2929,#2930,#2931));
#5577=EDGE_LOOP('',(#2932,#2933,#2934,#2935));
#5578=EDGE_LOOP('',(#2936,#2937,#2938,#2939));
#5579=EDGE_LOOP('',(#2940,#2941,#2942,#2943));
#5580=EDGE_LOOP('',(#2944,#2945,#2946,#2947));
#5581=EDGE_LOOP('',(#2948,#2949,#2950,#2951));
#5582=EDGE_LOOP('',(#2952));
#5583=EDGE_LOOP('',(#2953));
#5584=EDGE_LOOP('',(#2954));
#5585=EDGE_LOOP('',(#2955,#2956,#2957,#2958,#2959,#2960,#2961,#2962,#2963,
#2964,#2965,#2966,#2967,#2968,#2969,#2970,#2971,#2972,#2973,#2974,#2975,
#2976,#2977,#2978,#2979,#2980,#2981,#2982,#2983,#2984,#2985,#2986,#2987,
#2988,#2989,#2990,#2991,#2992,#2993,#2994,#2995,#2996));
#5586=EDGE_LOOP('',(#2997,#2998,#2999,#3000,#3001,#3002,#3003,#3004,#3005,
#3006,#3007,#3008,#3009,#3010,#3011,#3012,#3013,#3014,#3015,#3016,#3017,
#3018,#3019,#3020,#3021,#3022,#3023,#3024,#3025,#3026,#3027,#3028,#3029,
#3030,#3031,#3032,#3033,#3034,#3035,#3036,#3037,#3038));
#5587=EDGE_LOOP('',(#3039));
#5588=EDGE_LOOP('',(#3040));
#5589=EDGE_LOOP('',(#3041));
#5590=EDGE_LOOP('',(#3042,#3043,#3044,#3045));
#5591=EDGE_LOOP('',(#3046,#3047,#3048,#3049));
#5592=EDGE_LOOP('',(#3050,#3051,#3052,#3053));
#5593=EDGE_LOOP('',(#3054,#3055,#3056,#3057));
#5594=EDGE_LOOP('',(#3058,#3059,#3060,#3061));
#5595=EDGE_LOOP('',(#3062,#3063,#3064,#3065));
#5596=EDGE_LOOP('',(#3066,#3067,#3068,#3069));
#5597=EDGE_LOOP('',(#3070,#3071,#3072,#3073));
#5598=EDGE_LOOP('',(#3074,#3075,#3076,#3077));
#5599=EDGE_LOOP('',(#3078,#3079,#3080,#3081));
#5600=EDGE_LOOP('',(#3082,#3083,#3084,#3085));
#5601=EDGE_LOOP('',(#3086,#3087,#3088,#3089));
#5602=EDGE_LOOP('',(#3090,#3091,#3092,#3093));
#5603=EDGE_LOOP('',(#3094,#3095,#3096,#3097));
#5604=EDGE_LOOP('',(#3098,#3099,#3100,#3101));
#5605=EDGE_LOOP('',(#3102,#3103,#3104,#3105));
#5606=EDGE_LOOP('',(#3106,#3107,#3108,#3109));
#5607=EDGE_LOOP('',(#3110,#3111,#3112,#3113));
#5608=EDGE_LOOP('',(#3114,#3115,#3116,#3117,#3118,#3119,#3120,#3121,#3122,
#3123,#3124,#3125,#3126,#3127,#3128,#3129,#3130,#3131,#3132,#3133,#3134,
#3135,#3136,#3137));
#5609=EDGE_LOOP('',(#3138,#3139,#3140,#3141,#3142,#3143,#3144,#3145,#3146,
#3147,#3148,#3149,#3150,#3151,#3152,#3153,#3154,#3155,#3156,#3157));
#5610=EDGE_LOOP('',(#3158));
#5611=EDGE_LOOP('',(#3159));
#5612=EDGE_LOOP('',(#3160));
#5613=EDGE_LOOP('',(#3161));
#5614=EDGE_LOOP('',(#3162));
#5615=EDGE_LOOP('',(#3163));
#5616=EDGE_LOOP('',(#3164));
#5617=EDGE_LOOP('',(#3165));
#5618=EDGE_LOOP('',(#3166));
#5619=EDGE_LOOP('',(#3167));
#5620=EDGE_LOOP('',(#3168));
#5621=EDGE_LOOP('',(#3169));
#5622=EDGE_LOOP('',(#3170));
#5623=EDGE_LOOP('',(#3171));
#5624=EDGE_LOOP('',(#3172));
#5625=EDGE_LOOP('',(#3173));
#5626=EDGE_LOOP('',(#3174));
#5627=EDGE_LOOP('',(#3175));
#5628=EDGE_LOOP('',(#3176));
#5629=EDGE_LOOP('',(#3177));
#5630=EDGE_LOOP('',(#3178));
#5631=EDGE_LOOP('',(#3179));
#5632=EDGE_LOOP('',(#3180));
#5633=EDGE_LOOP('',(#3181));
#5634=EDGE_LOOP('',(#3182));
#5635=EDGE_LOOP('',(#3183));
#5636=EDGE_LOOP('',(#3184));
#5637=EDGE_LOOP('',(#3185));
#5638=EDGE_LOOP('',(#3186));
#5639=EDGE_LOOP('',(#3187));
#5640=EDGE_LOOP('',(#3188));
#5641=EDGE_LOOP('',(#3189));
#5642=EDGE_LOOP('',(#3190));
#5643=EDGE_LOOP('',(#3191));
#5644=EDGE_LOOP('',(#3192));
#5645=EDGE_LOOP('',(#3193));
#5646=EDGE_LOOP('',(#3194));
#5647=EDGE_LOOP('',(#3195));
#5648=EDGE_LOOP('',(#3196));
#5649=EDGE_LOOP('',(#3197));
#5650=EDGE_LOOP('',(#3198));
#5651=EDGE_LOOP('',(#3199));
#5652=EDGE_LOOP('',(#3200));
#5653=EDGE_LOOP('',(#3201));
#5654=EDGE_LOOP('',(#3202));
#5655=EDGE_LOOP('',(#3203));
#5656=EDGE_LOOP('',(#3204));
#5657=EDGE_LOOP('',(#3205));
#5658=EDGE_LOOP('',(#3206));
#5659=EDGE_LOOP('',(#3207));
#5660=EDGE_LOOP('',(#3208));
#5661=EDGE_LOOP('',(#3209));
#5662=EDGE_LOOP('',(#3210));
#5663=EDGE_LOOP('',(#3211));
#5664=EDGE_LOOP('',(#3212));
#5665=EDGE_LOOP('',(#3213));
#5666=EDGE_LOOP('',(#3214));
#5667=EDGE_LOOP('',(#3215));
#5668=EDGE_LOOP('',(#3216));
#5669=EDGE_LOOP('',(#3217));
#5670=EDGE_LOOP('',(#3218));
#5671=EDGE_LOOP('',(#3219));
#5672=EDGE_LOOP('',(#3220));
#5673=EDGE_LOOP('',(#3221));
#5674=EDGE_LOOP('',(#3222));
#5675=EDGE_LOOP('',(#3223));
#5676=EDGE_LOOP('',(#3224));
#5677=EDGE_LOOP('',(#3225));
#5678=EDGE_LOOP('',(#3226));
#5679=EDGE_LOOP('',(#3227));
#5680=EDGE_LOOP('',(#3228,#3229,#3230,#3231));
#5681=EDGE_LOOP('',(#3232,#3233,#3234,#3235,#3236,#3237,#3238,#3239,#3240,
#3241,#3242,#3243,#3244,#3245,#3246,#3247,#3248,#3249,#3250,#3251,#3252,
#3253,#3254,#3255));
#5682=EDGE_LOOP('',(#3256,#3257,#3258,#3259));
#5683=EDGE_LOOP('',(#3260,#3261,#3262,#3263));
#5684=EDGE_LOOP('',(#3264,#3265,#3266,#3267));
#5685=EDGE_LOOP('',(#3268,#3269,#3270,#3271));
#5686=EDGE_LOOP('',(#3272,#3273,#3274,#3275));
#5687=EDGE_LOOP('',(#3276,#3277,#3278,#3279));
#5688=EDGE_LOOP('',(#3280,#3281,#3282,#3283));
#5689=EDGE_LOOP('',(#3284,#3285,#3286,#3287));
#5690=EDGE_LOOP('',(#3288,#3289,#3290,#3291));
#5691=EDGE_LOOP('',(#3292,#3293,#3294,#3295));
#5692=EDGE_LOOP('',(#3296,#3297,#3298,#3299));
#5693=EDGE_LOOP('',(#3300,#3301,#3302,#3303));
#5694=EDGE_LOOP('',(#3304,#3305,#3306,#3307));
#5695=EDGE_LOOP('',(#3308,#3309,#3310,#3311));
#5696=EDGE_LOOP('',(#3312,#3313,#3314,#3315));
#5697=EDGE_LOOP('',(#3316,#3317,#3318,#3319));
#5698=EDGE_LOOP('',(#3320,#3321,#3322,#3323));
#5699=EDGE_LOOP('',(#3324,#3325,#3326,#3327));
#5700=EDGE_LOOP('',(#3328,#3329,#3330,#3331));
#5701=EDGE_LOOP('',(#3332,#3333,#3334,#3335));
#5702=EDGE_LOOP('',(#3336,#3337,#3338,#3339));
#5703=EDGE_LOOP('',(#3340,#3341,#3342,#3343));
#5704=EDGE_LOOP('',(#3344,#3345,#3346,#3347));
#5705=EDGE_LOOP('',(#3348,#3349,#3350,#3351));
#5706=EDGE_LOOP('',(#3352,#3353,#3354,#3355));
#5707=EDGE_LOOP('',(#3356,#3357,#3358,#3359));
#5708=EDGE_LOOP('',(#3360,#3361,#3362,#3363));
#5709=EDGE_LOOP('',(#3364,#3365,#3366,#3367));
#5710=EDGE_LOOP('',(#3368,#3369,#3370,#3371));
#5711=EDGE_LOOP('',(#3372,#3373,#3374,#3375));
#5712=EDGE_LOOP('',(#3376,#3377,#3378,#3379));
#5713=EDGE_LOOP('',(#3380,#3381,#3382,#3383));
#5714=FACE_BOUND('',#5100,.T.);
#5715=FACE_BOUND('',#5101,.T.);
#5716=FACE_BOUND('',#5102,.T.);
#5717=FACE_BOUND('',#5103,.T.);
#5718=FACE_BOUND('',#5104,.T.);
#5719=FACE_BOUND('',#5105,.T.);
#5720=FACE_BOUND('',#5106,.T.);
#5721=FACE_BOUND('',#5107,.T.);
#5722=FACE_BOUND('',#5108,.T.);
#5723=FACE_BOUND('',#5109,.T.);
#5724=FACE_BOUND('',#5110,.T.);
#5725=FACE_BOUND('',#5111,.T.);
#5726=FACE_BOUND('',#5112,.T.);
#5727=FACE_BOUND('',#5113,.T.);
#5728=FACE_BOUND('',#5114,.T.);
#5729=FACE_BOUND('',#5115,.T.);
#5730=FACE_BOUND('',#5116,.T.);
#5731=FACE_BOUND('',#5117,.T.);
#5732=FACE_BOUND('',#5118,.T.);
#5733=FACE_BOUND('',#5119,.T.);
#5734=FACE_BOUND('',#5120,.T.);
#5735=FACE_BOUND('',#5121,.T.);
#5736=FACE_BOUND('',#5122,.T.);
#5737=FACE_BOUND('',#5123,.T.);
#5738=FACE_BOUND('',#5124,.T.);
#5739=FACE_BOUND('',#5125,.T.);
#5740=FACE_BOUND('',#5126,.T.);
#5741=FACE_BOUND('',#5127,.T.);
#5742=FACE_BOUND('',#5128,.T.);
#5743=FACE_BOUND('',#5129,.T.);
#5744=FACE_BOUND('',#5130,.T.);
#5745=FACE_BOUND('',#5131,.T.);
#5746=FACE_BOUND('',#5132,.T.);
#5747=FACE_BOUND('',#5133,.T.);
#5748=FACE_BOUND('',#5134,.T.);
#5749=FACE_BOUND('',#5135,.T.);
#5750=FACE_BOUND('',#5136,.T.);
#5751=FACE_BOUND('',#5137,.T.);
#5752=FACE_BOUND('',#5138,.T.);
#5753=FACE_BOUND('',#5139,.T.);
#5754=FACE_BOUND('',#5140,.T.);
#5755=FACE_BOUND('',#5141,.T.);
#5756=FACE_BOUND('',#5142,.T.);
#5757=FACE_BOUND('',#5143,.T.);
#5758=FACE_BOUND('',#5144,.T.);
#5759=FACE_BOUND('',#5145,.T.);
#5760=FACE_BOUND('',#5146,.T.);
#5761=FACE_BOUND('',#5147,.T.);
#5762=FACE_BOUND('',#5148,.T.);
#5763=FACE_BOUND('',#5149,.T.);
#5764=FACE_BOUND('',#5150,.T.);
#5765=FACE_BOUND('',#5151,.T.);
#5766=FACE_BOUND('',#5152,.T.);
#5767=FACE_BOUND('',#5153,.T.);
#5768=FACE_BOUND('',#5154,.T.);
#5769=FACE_BOUND('',#5155,.T.);
#5770=FACE_BOUND('',#5156,.T.);
#5771=FACE_BOUND('',#5157,.T.);
#5772=FACE_BOUND('',#5158,.T.);
#5773=FACE_BOUND('',#5159,.T.);
#5774=FACE_BOUND('',#5160,.T.);
#5775=FACE_BOUND('',#5161,.T.);
#5776=FACE_BOUND('',#5162,.T.);
#5777=FACE_BOUND('',#5163,.T.);
#5778=FACE_BOUND('',#5164,.T.);
#5779=FACE_BOUND('',#5165,.T.);
#5780=FACE_BOUND('',#5166,.T.);
#5781=FACE_BOUND('',#5167,.T.);
#5782=FACE_BOUND('',#5168,.T.);
#5783=FACE_BOUND('',#5169,.T.);
#5784=FACE_BOUND('',#5170,.T.);
#5785=FACE_BOUND('',#5171,.T.);
#5786=FACE_BOUND('',#5172,.T.);
#5787=FACE_BOUND('',#5173,.T.);
#5788=FACE_BOUND('',#5174,.T.);
#5789=FACE_BOUND('',#5175,.T.);
#5790=FACE_BOUND('',#5176,.T.);
#5791=FACE_BOUND('',#5177,.T.);
#5792=FACE_BOUND('',#5178,.T.);
#5793=FACE_BOUND('',#5179,.T.);
#5794=FACE_BOUND('',#5180,.T.);
#5795=FACE_BOUND('',#5181,.T.);
#5796=FACE_BOUND('',#5182,.T.);
#5797=FACE_BOUND('',#5183,.T.);
#5798=FACE_BOUND('',#5184,.T.);
#5799=FACE_BOUND('',#5185,.T.);
#5800=FACE_BOUND('',#5186,.T.);
#5801=FACE_BOUND('',#5187,.T.);
#5802=FACE_BOUND('',#5188,.T.);
#5803=FACE_BOUND('',#5189,.T.);
#5804=FACE_BOUND('',#5190,.T.);
#5805=FACE_BOUND('',#5191,.T.);
#5806=FACE_BOUND('',#5192,.T.);
#5807=FACE_BOUND('',#5193,.T.);
#5808=FACE_BOUND('',#5194,.T.);
#5809=FACE_BOUND('',#5195,.T.);
#5810=FACE_BOUND('',#5196,.T.);
#5811=FACE_BOUND('',#5197,.T.);
#5812=FACE_BOUND('',#5198,.T.);
#5813=FACE_BOUND('',#5199,.T.);
#5814=FACE_BOUND('',#5200,.T.);
#5815=FACE_BOUND('',#5201,.T.);
#5816=FACE_BOUND('',#5202,.T.);
#5817=FACE_BOUND('',#5203,.T.);
#5818=FACE_BOUND('',#5204,.T.);
#5819=FACE_BOUND('',#5205,.T.);
#5820=FACE_BOUND('',#5206,.T.);
#5821=FACE_BOUND('',#5207,.T.);
#5822=FACE_BOUND('',#5208,.T.);
#5823=FACE_BOUND('',#5209,.T.);
#5824=FACE_BOUND('',#5210,.T.);
#5825=FACE_BOUND('',#5211,.T.);
#5826=FACE_BOUND('',#5212,.T.);
#5827=FACE_BOUND('',#5213,.T.);
#5828=FACE_BOUND('',#5214,.T.);
#5829=FACE_BOUND('',#5215,.T.);
#5830=FACE_BOUND('',#5216,.T.);
#5831=FACE_BOUND('',#5217,.T.);
#5832=FACE_BOUND('',#5218,.T.);
#5833=FACE_BOUND('',#5219,.T.);
#5834=FACE_BOUND('',#5220,.T.);
#5835=FACE_BOUND('',#5221,.T.);
#5836=FACE_BOUND('',#5222,.T.);
#5837=FACE_BOUND('',#5223,.T.);
#5838=FACE_BOUND('',#5224,.T.);
#5839=FACE_BOUND('',#5225,.T.);
#5840=FACE_BOUND('',#5226,.T.);
#5841=FACE_BOUND('',#5227,.T.);
#5842=FACE_BOUND('',#5228,.T.);
#5843=FACE_BOUND('',#5229,.T.);
#5844=FACE_BOUND('',#5230,.T.);
#5845=FACE_BOUND('',#5231,.T.);
#5846=FACE_BOUND('',#5232,.T.);
#5847=FACE_BOUND('',#5233,.T.);
#5848=FACE_BOUND('',#5234,.T.);
#5849=FACE_BOUND('',#5235,.T.);
#5850=FACE_BOUND('',#5236,.T.);
#5851=FACE_BOUND('',#5237,.T.);
#5852=FACE_BOUND('',#5238,.T.);
#5853=FACE_BOUND('',#5239,.T.);
#5854=FACE_BOUND('',#5240,.T.);
#5855=FACE_BOUND('',#5241,.T.);
#5856=FACE_BOUND('',#5242,.T.);
#5857=FACE_BOUND('',#5243,.T.);
#5858=FACE_BOUND('',#5244,.T.);
#5859=FACE_BOUND('',#5245,.T.);
#5860=FACE_BOUND('',#5246,.T.);
#5861=FACE_BOUND('',#5247,.T.);
#5862=FACE_BOUND('',#5248,.T.);
#5863=FACE_BOUND('',#5249,.T.);
#5864=FACE_BOUND('',#5250,.T.);
#5865=FACE_BOUND('',#5251,.T.);
#5866=FACE_BOUND('',#5252,.T.);
#5867=FACE_BOUND('',#5253,.T.);
#5868=FACE_BOUND('',#5254,.T.);
#5869=FACE_BOUND('',#5255,.T.);
#5870=FACE_BOUND('',#5256,.T.);
#5871=FACE_BOUND('',#5257,.T.);
#5872=FACE_BOUND('',#5258,.T.);
#5873=FACE_BOUND('',#5259,.T.);
#5874=FACE_BOUND('',#5260,.T.);
#5875=FACE_BOUND('',#5261,.T.);
#5876=FACE_BOUND('',#5262,.T.);
#5877=FACE_BOUND('',#5263,.T.);
#5878=FACE_BOUND('',#5264,.T.);
#5879=FACE_BOUND('',#5265,.T.);
#5880=FACE_BOUND('',#5266,.T.);
#5881=FACE_BOUND('',#5267,.T.);
#5882=FACE_BOUND('',#5268,.T.);
#5883=FACE_BOUND('',#5269,.T.);
#5884=FACE_BOUND('',#5270,.T.);
#5885=FACE_BOUND('',#5271,.T.);
#5886=FACE_BOUND('',#5272,.T.);
#5887=FACE_BOUND('',#5273,.T.);
#5888=FACE_BOUND('',#5274,.T.);
#5889=FACE_BOUND('',#5275,.T.);
#5890=FACE_BOUND('',#5276,.T.);
#5891=FACE_BOUND('',#5277,.T.);
#5892=FACE_BOUND('',#5278,.T.);
#5893=FACE_BOUND('',#5279,.T.);
#5894=FACE_BOUND('',#5280,.T.);
#5895=FACE_BOUND('',#5281,.T.);
#5896=FACE_BOUND('',#5282,.T.);
#5897=FACE_BOUND('',#5283,.T.);
#5898=FACE_BOUND('',#5284,.T.);
#5899=FACE_BOUND('',#5285,.T.);
#5900=FACE_BOUND('',#5286,.T.);
#5901=FACE_BOUND('',#5287,.T.);
#5902=FACE_BOUND('',#5288,.T.);
#5903=FACE_BOUND('',#5289,.T.);
#5904=FACE_BOUND('',#5290,.T.);
#5905=FACE_BOUND('',#5291,.T.);
#5906=FACE_BOUND('',#5292,.T.);
#5907=FACE_BOUND('',#5293,.T.);
#5908=FACE_BOUND('',#5294,.T.);
#5909=FACE_BOUND('',#5295,.T.);
#5910=FACE_BOUND('',#5296,.T.);
#5911=FACE_BOUND('',#5297,.T.);
#5912=FACE_BOUND('',#5298,.T.);
#5913=FACE_BOUND('',#5299,.T.);
#5914=FACE_BOUND('',#5300,.T.);
#5915=FACE_BOUND('',#5301,.T.);
#5916=FACE_BOUND('',#5302,.T.);
#5917=FACE_BOUND('',#5303,.T.);
#5918=FACE_BOUND('',#5304,.T.);
#5919=FACE_BOUND('',#5305,.T.);
#5920=FACE_BOUND('',#5306,.T.);
#5921=FACE_BOUND('',#5307,.T.);
#5922=FACE_BOUND('',#5308,.T.);
#5923=FACE_BOUND('',#5309,.T.);
#5924=FACE_BOUND('',#5310,.T.);
#5925=FACE_BOUND('',#5311,.T.);
#5926=FACE_BOUND('',#5312,.T.);
#5927=FACE_BOUND('',#5313,.T.);
#5928=FACE_BOUND('',#5314,.T.);
#5929=FACE_BOUND('',#5315,.T.);
#5930=FACE_BOUND('',#5316,.T.);
#5931=FACE_BOUND('',#5317,.T.);
#5932=FACE_BOUND('',#5318,.T.);
#5933=FACE_BOUND('',#5319,.T.);
#5934=FACE_BOUND('',#5320,.T.);
#5935=FACE_BOUND('',#5321,.T.);
#5936=FACE_BOUND('',#5322,.T.);
#5937=FACE_BOUND('',#5323,.T.);
#5938=FACE_BOUND('',#5324,.T.);
#5939=FACE_BOUND('',#5325,.T.);
#5940=FACE_BOUND('',#5326,.T.);
#5941=FACE_BOUND('',#5327,.T.);
#5942=FACE_BOUND('',#5328,.T.);
#5943=FACE_BOUND('',#5329,.T.);
#5944=FACE_BOUND('',#5330,.T.);
#5945=FACE_BOUND('',#5331,.T.);
#5946=FACE_BOUND('',#5332,.T.);
#5947=FACE_BOUND('',#5333,.T.);
#5948=FACE_BOUND('',#5334,.T.);
#5949=FACE_BOUND('',#5335,.T.);
#5950=FACE_BOUND('',#5336,.T.);
#5951=FACE_BOUND('',#5337,.T.);
#5952=FACE_BOUND('',#5338,.T.);
#5953=FACE_BOUND('',#5339,.T.);
#5954=FACE_BOUND('',#5340,.T.);
#5955=FACE_BOUND('',#5341,.T.);
#5956=FACE_BOUND('',#5342,.T.);
#5957=FACE_BOUND('',#5343,.T.);
#5958=FACE_BOUND('',#5344,.T.);
#5959=FACE_BOUND('',#5345,.T.);
#5960=FACE_BOUND('',#5346,.T.);
#5961=FACE_BOUND('',#5347,.T.);
#5962=FACE_BOUND('',#5348,.T.);
#5963=FACE_BOUND('',#5349,.T.);
#5964=FACE_BOUND('',#5350,.T.);
#5965=FACE_BOUND('',#5351,.T.);
#5966=FACE_BOUND('',#5352,.T.);
#5967=FACE_BOUND('',#5353,.T.);
#5968=FACE_BOUND('',#5354,.T.);
#5969=FACE_BOUND('',#5355,.T.);
#5970=FACE_BOUND('',#5356,.T.);
#5971=FACE_BOUND('',#5357,.T.);
#5972=FACE_BOUND('',#5358,.T.);
#5973=FACE_BOUND('',#5359,.T.);
#5974=FACE_BOUND('',#5360,.T.);
#5975=FACE_BOUND('',#5361,.T.);
#5976=FACE_BOUND('',#5362,.T.);
#5977=FACE_BOUND('',#5363,.T.);
#5978=FACE_BOUND('',#5364,.T.);
#5979=FACE_BOUND('',#5365,.T.);
#5980=FACE_BOUND('',#5366,.T.);
#5981=FACE_BOUND('',#5367,.T.);
#5982=FACE_BOUND('',#5368,.T.);
#5983=FACE_BOUND('',#5369,.T.);
#5984=FACE_BOUND('',#5370,.T.);
#5985=FACE_BOUND('',#5371,.T.);
#5986=FACE_BOUND('',#5372,.T.);
#5987=FACE_BOUND('',#5373,.T.);
#5988=FACE_BOUND('',#5374,.T.);
#5989=FACE_BOUND('',#5375,.T.);
#5990=FACE_BOUND('',#5376,.T.);
#5991=FACE_BOUND('',#5377,.T.);
#5992=FACE_BOUND('',#5378,.T.);
#5993=FACE_BOUND('',#5379,.T.);
#5994=FACE_BOUND('',#5380,.T.);
#5995=FACE_BOUND('',#5381,.T.);
#5996=FACE_BOUND('',#5382,.T.);
#5997=FACE_BOUND('',#5383,.T.);
#5998=FACE_BOUND('',#5384,.T.);
#5999=FACE_BOUND('',#5385,.T.);
#6000=FACE_BOUND('',#5386,.T.);
#6001=FACE_BOUND('',#5387,.T.);
#6002=FACE_BOUND('',#5388,.T.);
#6003=FACE_BOUND('',#5389,.T.);
#6004=FACE_BOUND('',#5390,.T.);
#6005=FACE_BOUND('',#5391,.T.);
#6006=FACE_BOUND('',#5392,.T.);
#6007=FACE_BOUND('',#5393,.T.);
#6008=FACE_BOUND('',#5394,.T.);
#6009=FACE_BOUND('',#5395,.T.);
#6010=FACE_BOUND('',#5396,.T.);
#6011=FACE_BOUND('',#5397,.T.);
#6012=FACE_BOUND('',#5398,.T.);
#6013=FACE_BOUND('',#5399,.T.);
#6014=FACE_BOUND('',#5400,.T.);
#6015=FACE_BOUND('',#5401,.T.);
#6016=FACE_BOUND('',#5402,.T.);
#6017=FACE_BOUND('',#5403,.T.);
#6018=FACE_BOUND('',#5404,.T.);
#6019=FACE_BOUND('',#5405,.T.);
#6020=FACE_BOUND('',#5406,.T.);
#6021=FACE_BOUND('',#5407,.T.);
#6022=FACE_BOUND('',#5408,.T.);
#6023=FACE_BOUND('',#5409,.T.);
#6024=FACE_BOUND('',#5410,.T.);
#6025=FACE_BOUND('',#5411,.T.);
#6026=FACE_BOUND('',#5412,.T.);
#6027=FACE_BOUND('',#5413,.T.);
#6028=FACE_BOUND('',#5414,.T.);
#6029=FACE_BOUND('',#5415,.T.);
#6030=FACE_BOUND('',#5416,.T.);
#6031=FACE_BOUND('',#5417,.T.);
#6032=FACE_BOUND('',#5418,.T.);
#6033=FACE_BOUND('',#5419,.T.);
#6034=FACE_BOUND('',#5420,.T.);
#6035=FACE_BOUND('',#5421,.T.);
#6036=FACE_BOUND('',#5422,.T.);
#6037=FACE_BOUND('',#5423,.T.);
#6038=FACE_BOUND('',#5424,.T.);
#6039=FACE_BOUND('',#5425,.T.);
#6040=FACE_BOUND('',#5426,.T.);
#6041=FACE_BOUND('',#5427,.T.);
#6042=FACE_BOUND('',#5428,.T.);
#6043=FACE_BOUND('',#5429,.T.);
#6044=FACE_BOUND('',#5430,.T.);
#6045=FACE_BOUND('',#5431,.T.);
#6046=FACE_BOUND('',#5432,.T.);
#6047=FACE_BOUND('',#5433,.T.);
#6048=FACE_BOUND('',#5434,.T.);
#6049=FACE_BOUND('',#5435,.T.);
#6050=FACE_BOUND('',#5436,.T.);
#6051=FACE_BOUND('',#5437,.T.);
#6052=FACE_BOUND('',#5438,.T.);
#6053=FACE_BOUND('',#5439,.T.);
#6054=FACE_BOUND('',#5440,.T.);
#6055=FACE_BOUND('',#5441,.T.);
#6056=FACE_BOUND('',#5442,.T.);
#6057=FACE_BOUND('',#5443,.T.);
#6058=FACE_BOUND('',#5444,.T.);
#6059=FACE_BOUND('',#5445,.T.);
#6060=FACE_BOUND('',#5446,.T.);
#6061=FACE_BOUND('',#5447,.T.);
#6062=FACE_BOUND('',#5448,.T.);
#6063=FACE_BOUND('',#5449,.T.);
#6064=FACE_BOUND('',#5450,.T.);
#6065=FACE_BOUND('',#5451,.T.);
#6066=FACE_BOUND('',#5452,.T.);
#6067=FACE_BOUND('',#5453,.T.);
#6068=FACE_BOUND('',#5454,.T.);
#6069=FACE_BOUND('',#5455,.T.);
#6070=FACE_BOUND('',#5456,.T.);
#6071=FACE_BOUND('',#5457,.T.);
#6072=FACE_BOUND('',#5458,.T.);
#6073=FACE_BOUND('',#5459,.T.);
#6074=FACE_BOUND('',#5460,.T.);
#6075=FACE_BOUND('',#5461,.T.);
#6076=FACE_BOUND('',#5462,.T.);
#6077=FACE_BOUND('',#5463,.T.);
#6078=FACE_BOUND('',#5464,.T.);
#6079=FACE_BOUND('',#5465,.T.);
#6080=FACE_BOUND('',#5466,.T.);
#6081=FACE_BOUND('',#5467,.T.);
#6082=FACE_BOUND('',#5468,.T.);
#6083=FACE_BOUND('',#5469,.T.);
#6084=FACE_BOUND('',#5470,.T.);
#6085=FACE_BOUND('',#5471,.T.);
#6086=FACE_BOUND('',#5472,.T.);
#6087=FACE_BOUND('',#5473,.T.);
#6088=FACE_BOUND('',#5474,.T.);
#6089=FACE_BOUND('',#5475,.T.);
#6090=FACE_BOUND('',#5476,.T.);
#6091=FACE_BOUND('',#5477,.T.);
#6092=FACE_BOUND('',#5478,.T.);
#6093=FACE_BOUND('',#5479,.T.);
#6094=FACE_BOUND('',#5480,.T.);
#6095=FACE_BOUND('',#5481,.T.);
#6096=FACE_BOUND('',#5482,.T.);
#6097=FACE_BOUND('',#5483,.T.);
#6098=FACE_BOUND('',#5484,.T.);
#6099=FACE_BOUND('',#5485,.T.);
#6100=FACE_BOUND('',#5486,.T.);
#6101=FACE_BOUND('',#5487,.T.);
#6102=FACE_BOUND('',#5488,.T.);
#6103=FACE_BOUND('',#5489,.T.);
#6104=FACE_BOUND('',#5490,.T.);
#6105=FACE_BOUND('',#5491,.T.);
#6106=FACE_BOUND('',#5492,.T.);
#6107=FACE_BOUND('',#5493,.T.);
#6108=FACE_BOUND('',#5494,.T.);
#6109=FACE_BOUND('',#5495,.T.);
#6110=FACE_BOUND('',#5496,.T.);
#6111=FACE_BOUND('',#5497,.T.);
#6112=FACE_BOUND('',#5498,.T.);
#6113=FACE_BOUND('',#5499,.T.);
#6114=FACE_BOUND('',#5500,.T.);
#6115=FACE_BOUND('',#5501,.T.);
#6116=FACE_BOUND('',#5502,.T.);
#6117=FACE_BOUND('',#5503,.T.);
#6118=FACE_BOUND('',#5504,.T.);
#6119=FACE_BOUND('',#5505,.T.);
#6120=FACE_BOUND('',#5506,.T.);
#6121=FACE_BOUND('',#5507,.T.);
#6122=FACE_BOUND('',#5508,.T.);
#6123=FACE_BOUND('',#5509,.T.);
#6124=FACE_BOUND('',#5510,.T.);
#6125=FACE_BOUND('',#5511,.T.);
#6126=FACE_BOUND('',#5512,.T.);
#6127=FACE_BOUND('',#5513,.T.);
#6128=FACE_BOUND('',#5514,.T.);
#6129=FACE_BOUND('',#5515,.T.);
#6130=FACE_BOUND('',#5516,.T.);
#6131=FACE_BOUND('',#5517,.T.);
#6132=FACE_BOUND('',#5518,.T.);
#6133=FACE_BOUND('',#5519,.T.);
#6134=FACE_BOUND('',#5520,.T.);
#6135=FACE_BOUND('',#5521,.T.);
#6136=FACE_BOUND('',#5522,.T.);
#6137=FACE_BOUND('',#5523,.T.);
#6138=FACE_BOUND('',#5524,.T.);
#6139=FACE_BOUND('',#5525,.T.);
#6140=FACE_BOUND('',#5526,.T.);
#6141=FACE_BOUND('',#5527,.T.);
#6142=FACE_BOUND('',#5528,.T.);
#6143=FACE_BOUND('',#5529,.T.);
#6144=FACE_BOUND('',#5530,.T.);
#6145=FACE_BOUND('',#5531,.T.);
#6146=FACE_BOUND('',#5532,.T.);
#6147=FACE_BOUND('',#5533,.T.);
#6148=FACE_BOUND('',#5534,.T.);
#6149=FACE_BOUND('',#5535,.T.);
#6150=FACE_BOUND('',#5536,.T.);
#6151=FACE_BOUND('',#5537,.T.);
#6152=FACE_BOUND('',#5538,.T.);
#6153=FACE_BOUND('',#5539,.T.);
#6154=FACE_BOUND('',#5540,.T.);
#6155=FACE_BOUND('',#5541,.T.);
#6156=FACE_BOUND('',#5542,.T.);
#6157=FACE_BOUND('',#5543,.T.);
#6158=FACE_BOUND('',#5544,.T.);
#6159=FACE_BOUND('',#5545,.T.);
#6160=FACE_BOUND('',#5546,.T.);
#6161=FACE_BOUND('',#5547,.T.);
#6162=FACE_BOUND('',#5548,.T.);
#6163=FACE_BOUND('',#5549,.T.);
#6164=FACE_BOUND('',#5550,.T.);
#6165=FACE_BOUND('',#5551,.T.);
#6166=FACE_BOUND('',#5552,.T.);
#6167=FACE_BOUND('',#5553,.T.);
#6168=FACE_BOUND('',#5554,.T.);
#6169=FACE_BOUND('',#5555,.T.);
#6170=FACE_BOUND('',#5556,.T.);
#6171=FACE_BOUND('',#5557,.T.);
#6172=FACE_BOUND('',#5558,.T.);
#6173=FACE_BOUND('',#5559,.T.);
#6174=FACE_BOUND('',#5560,.T.);
#6175=FACE_BOUND('',#5561,.T.);
#6176=FACE_BOUND('',#5562,.T.);
#6177=FACE_BOUND('',#5563,.T.);
#6178=FACE_BOUND('',#5564,.T.);
#6179=FACE_BOUND('',#5565,.T.);
#6180=FACE_BOUND('',#5566,.T.);
#6181=FACE_BOUND('',#5567,.T.);
#6182=FACE_BOUND('',#5568,.T.);
#6183=FACE_BOUND('',#5569,.T.);
#6184=FACE_BOUND('',#5570,.T.);
#6185=FACE_BOUND('',#5571,.T.);
#6186=FACE_BOUND('',#5572,.T.);
#6187=FACE_BOUND('',#5573,.T.);
#6188=FACE_BOUND('',#5574,.T.);
#6189=FACE_BOUND('',#5575,.T.);
#6190=FACE_BOUND('',#5576,.T.);
#6191=FACE_BOUND('',#5577,.T.);
#6192=FACE_BOUND('',#5578,.T.);
#6193=FACE_BOUND('',#5579,.T.);
#6194=FACE_BOUND('',#5580,.T.);
#6195=FACE_BOUND('',#5581,.T.);
#6196=FACE_BOUND('',#5582,.T.);
#6197=FACE_BOUND('',#5583,.T.);
#6198=FACE_BOUND('',#5584,.T.);
#6199=FACE_BOUND('',#5585,.T.);
#6200=FACE_BOUND('',#5586,.T.);
#6201=FACE_BOUND('',#5587,.T.);
#6202=FACE_BOUND('',#5588,.T.);
#6203=FACE_BOUND('',#5589,.T.);
#6204=FACE_BOUND('',#5590,.T.);
#6205=FACE_BOUND('',#5591,.T.);
#6206=FACE_BOUND('',#5592,.T.);
#6207=FACE_BOUND('',#5593,.T.);
#6208=FACE_BOUND('',#5594,.T.);
#6209=FACE_BOUND('',#5595,.T.);
#6210=FACE_BOUND('',#5596,.T.);
#6211=FACE_BOUND('',#5597,.T.);
#6212=FACE_BOUND('',#5598,.T.);
#6213=FACE_BOUND('',#5599,.T.);
#6214=FACE_BOUND('',#5600,.T.);
#6215=FACE_BOUND('',#5601,.T.);
#6216=FACE_BOUND('',#5602,.T.);
#6217=FACE_BOUND('',#5603,.T.);
#6218=FACE_BOUND('',#5604,.T.);
#6219=FACE_BOUND('',#5605,.T.);
#6220=FACE_BOUND('',#5606,.T.);
#6221=FACE_BOUND('',#5607,.T.);
#6222=FACE_BOUND('',#5608,.T.);
#6223=FACE_BOUND('',#5609,.T.);
#6224=FACE_BOUND('',#5610,.T.);
#6225=FACE_BOUND('',#5611,.T.);
#6226=FACE_BOUND('',#5612,.T.);
#6227=FACE_BOUND('',#5613,.T.);
#6228=FACE_BOUND('',#5614,.T.);
#6229=FACE_BOUND('',#5615,.T.);
#6230=FACE_BOUND('',#5616,.T.);
#6231=FACE_BOUND('',#5617,.T.);
#6232=FACE_BOUND('',#5618,.T.);
#6233=FACE_BOUND('',#5619,.T.);
#6234=FACE_BOUND('',#5620,.T.);
#6235=FACE_BOUND('',#5621,.T.);
#6236=FACE_BOUND('',#5622,.T.);
#6237=FACE_BOUND('',#5623,.T.);
#6238=FACE_BOUND('',#5624,.T.);
#6239=FACE_BOUND('',#5625,.T.);
#6240=FACE_BOUND('',#5626,.T.);
#6241=FACE_BOUND('',#5627,.T.);
#6242=FACE_BOUND('',#5628,.T.);
#6243=FACE_BOUND('',#5629,.T.);
#6244=FACE_BOUND('',#5630,.T.);
#6245=FACE_BOUND('',#5631,.T.);
#6246=FACE_BOUND('',#5632,.T.);
#6247=FACE_BOUND('',#5633,.T.);
#6248=FACE_BOUND('',#5634,.T.);
#6249=FACE_BOUND('',#5635,.T.);
#6250=FACE_BOUND('',#5636,.T.);
#6251=FACE_BOUND('',#5637,.T.);
#6252=FACE_BOUND('',#5638,.T.);
#6253=FACE_BOUND('',#5639,.T.);
#6254=FACE_BOUND('',#5640,.T.);
#6255=FACE_BOUND('',#5641,.T.);
#6256=FACE_BOUND('',#5642,.T.);
#6257=FACE_BOUND('',#5643,.T.);
#6258=FACE_BOUND('',#5644,.T.);
#6259=FACE_BOUND('',#5645,.T.);
#6260=FACE_BOUND('',#5646,.T.);
#6261=FACE_BOUND('',#5647,.T.);
#6262=FACE_BOUND('',#5648,.T.);
#6263=FACE_BOUND('',#5649,.T.);
#6264=FACE_BOUND('',#5650,.T.);
#6265=FACE_BOUND('',#5651,.T.);
#6266=FACE_BOUND('',#5652,.T.);
#6267=FACE_BOUND('',#5653,.T.);
#6268=FACE_BOUND('',#5654,.T.);
#6269=FACE_BOUND('',#5655,.T.);
#6270=FACE_BOUND('',#5656,.T.);
#6271=FACE_BOUND('',#5657,.T.);
#6272=FACE_BOUND('',#5658,.T.);
#6273=FACE_BOUND('',#5659,.T.);
#6274=FACE_BOUND('',#5660,.T.);
#6275=FACE_BOUND('',#5661,.T.);
#6276=FACE_BOUND('',#5662,.T.);
#6277=FACE_BOUND('',#5663,.T.);
#6278=FACE_BOUND('',#5664,.T.);
#6279=FACE_BOUND('',#5665,.T.);
#6280=FACE_BOUND('',#5666,.T.);
#6281=FACE_BOUND('',#5667,.T.);
#6282=FACE_BOUND('',#5668,.T.);
#6283=FACE_BOUND('',#5669,.T.);
#6284=FACE_BOUND('',#5670,.T.);
#6285=FACE_BOUND('',#5671,.T.);
#6286=FACE_BOUND('',#5672,.T.);
#6287=FACE_BOUND('',#5673,.T.);
#6288=FACE_BOUND('',#5674,.T.);
#6289=FACE_BOUND('',#5675,.T.);
#6290=FACE_BOUND('',#5676,.T.);
#6291=FACE_BOUND('',#5677,.T.);
#6292=FACE_BOUND('',#5678,.T.);
#6293=FACE_BOUND('',#5679,.T.);
#6294=FACE_BOUND('',#5680,.T.);
#6295=FACE_BOUND('',#5681,.T.);
#6296=FACE_BOUND('',#5682,.T.);
#6297=FACE_BOUND('',#5683,.T.);
#6298=FACE_BOUND('',#5684,.T.);
#6299=FACE_BOUND('',#5685,.T.);
#6300=FACE_BOUND('',#5686,.T.);
#6301=FACE_BOUND('',#5687,.T.);
#6302=FACE_BOUND('',#5688,.T.);
#6303=FACE_BOUND('',#5689,.T.);
#6304=FACE_BOUND('',#5690,.T.);
#6305=FACE_BOUND('',#5691,.T.);
#6306=FACE_BOUND('',#5692,.T.);
#6307=FACE_BOUND('',#5693,.T.);
#6308=FACE_BOUND('',#5694,.T.);
#6309=FACE_BOUND('',#5695,.T.);
#6310=FACE_BOUND('',#5696,.T.);
#6311=FACE_BOUND('',#5697,.T.);
#6312=FACE_BOUND('',#5698,.T.);
#6313=FACE_BOUND('',#5699,.T.);
#6314=FACE_BOUND('',#5700,.T.);
#6315=FACE_BOUND('',#5701,.T.);
#6316=FACE_BOUND('',#5702,.T.);
#6317=FACE_BOUND('',#5703,.T.);
#6318=FACE_BOUND('',#5704,.T.);
#6319=FACE_BOUND('',#5705,.T.);
#6320=FACE_BOUND('',#5706,.T.);
#6321=FACE_BOUND('',#5707,.T.);
#6322=FACE_BOUND('',#5708,.T.);
#6323=FACE_BOUND('',#5709,.T.);
#6324=FACE_BOUND('',#5710,.T.);
#6325=FACE_BOUND('',#5711,.T.);
#6326=FACE_BOUND('',#5712,.T.);
#6327=FACE_BOUND('',#5713,.T.);
#6328=CYLINDRICAL_SURFACE('',#6759,0.002);
#6329=CYLINDRICAL_SURFACE('',#6765,0.002);
#6330=CYLINDRICAL_SURFACE('',#6769,0.002);
#6331=CYLINDRICAL_SURFACE('',#6775,0.002);
#6332=CYLINDRICAL_SURFACE('',#6778,0.002);
#6333=CYLINDRICAL_SURFACE('',#6784,0.002);
#6334=CYLINDRICAL_SURFACE('',#6788,0.001524);
#6335=CYLINDRICAL_SURFACE('',#6794,0.0011);
#6336=CYLINDRICAL_SURFACE('',#6797,0.0011);
#6337=CYLINDRICAL_SURFACE('',#6800,0.0011);
#6338=CYLINDRICAL_SURFACE('',#6879,0.001524);
#6339=CYLINDRICAL_SURFACE('',#6885,0.0019939);
#6340=CYLINDRICAL_SURFACE('',#6889,0.0004);
#6341=CYLINDRICAL_SURFACE('',#6893,0.0004);
#6342=CYLINDRICAL_SURFACE('',#6897,0.0019939);
#6343=CYLINDRICAL_SURFACE('',#6903,0.001524);
#6344=CYLINDRICAL_SURFACE('',#6914,0.001524);
#6345=CYLINDRICAL_SURFACE('',#6920,0.0019939);
#6346=CYLINDRICAL_SURFACE('',#6924,0.0019939);
#6347=CYLINDRICAL_SURFACE('',#6930,0.001524);
#6348=CYLINDRICAL_SURFACE('',#6939,0.0004);
#6349=CYLINDRICAL_SURFACE('',#6942,0.0004);
#6350=CYLINDRICAL_SURFACE('',#6945,0.0004);
#6351=CYLINDRICAL_SURFACE('',#6948,0.0004);
#6352=CYLINDRICAL_SURFACE('',#6951,0.0004);
#6353=CYLINDRICAL_SURFACE('',#6954,0.0004);
#6354=CYLINDRICAL_SURFACE('',#6957,0.0004);
#6355=CYLINDRICAL_SURFACE('',#6960,0.0004);
#6356=CYLINDRICAL_SURFACE('',#6963,0.0004);
#6357=CYLINDRICAL_SURFACE('',#6966,0.0004);
#6358=CYLINDRICAL_SURFACE('',#6969,0.0004);
#6359=CYLINDRICAL_SURFACE('',#6972,0.0004);
#6360=CYLINDRICAL_SURFACE('',#6975,0.0004);
#6361=CYLINDRICAL_SURFACE('',#6978,0.0004);
#6362=CYLINDRICAL_SURFACE('',#6981,0.0004);
#6363=CYLINDRICAL_SURFACE('',#6984,0.0004);
#6364=CYLINDRICAL_SURFACE('',#6987,0.0004);
#6365=CYLINDRICAL_SURFACE('',#6990,0.0004);
#6366=CYLINDRICAL_SURFACE('',#6993,0.0004);
#6367=CYLINDRICAL_SURFACE('',#6996,0.0004);
#6368=CYLINDRICAL_SURFACE('',#6999,0.0004);
#6369=CYLINDRICAL_SURFACE('',#7002,0.0004);
#6370=CYLINDRICAL_SURFACE('',#7005,0.0004);
#6371=CYLINDRICAL_SURFACE('',#7008,0.0004);
#6372=CYLINDRICAL_SURFACE('',#7011,0.0004);
#6373=CYLINDRICAL_SURFACE('',#7014,0.0004);
#6374=CYLINDRICAL_SURFACE('',#7017,0.0004);
#6375=CYLINDRICAL_SURFACE('',#7020,0.0004);
#6376=CYLINDRICAL_SURFACE('',#7023,0.0004);
#6377=CYLINDRICAL_SURFACE('',#7026,0.0004);
#6378=CYLINDRICAL_SURFACE('',#7029,0.0004);
#6379=CYLINDRICAL_SURFACE('',#7032,0.0004);
#6380=CYLINDRICAL_SURFACE('',#7035,0.0004);
#6381=CYLINDRICAL_SURFACE('',#7038,0.0004);
#6382=CYLINDRICAL_SURFACE('',#7041,0.0004);
#6383=CYLINDRICAL_SURFACE('',#7044,0.0004);
#6384=CYLINDRICAL_SURFACE('',#7047,0.0004);
#6385=CYLINDRICAL_SURFACE('',#7050,0.0004);
#6386=CYLINDRICAL_SURFACE('',#7053,0.0004);
#6387=CYLINDRICAL_SURFACE('',#7056,0.0004);
#6388=CYLINDRICAL_SURFACE('',#7059,0.0004);
#6389=CYLINDRICAL_SURFACE('',#7062,0.0004);
#6390=CYLINDRICAL_SURFACE('',#7065,0.0004);
#6391=CYLINDRICAL_SURFACE('',#7068,0.0004);
#6392=CYLINDRICAL_SURFACE('',#7071,0.0004);
#6393=CYLINDRICAL_SURFACE('',#7074,0.0004);
#6394=CYLINDRICAL_SURFACE('',#7077,0.0004);
#6395=CYLINDRICAL_SURFACE('',#7080,0.0004);
#6396=CYLINDRICAL_SURFACE('',#7083,0.0004);
#6397=CYLINDRICAL_SURFACE('',#7086,0.0004);
#6398=CYLINDRICAL_SURFACE('',#7089,0.0004);
#6399=CYLINDRICAL_SURFACE('',#7092,0.0004);
#6400=CYLINDRICAL_SURFACE('',#7095,0.0004);
#6401=CYLINDRICAL_SURFACE('',#7098,0.0004);
#6402=CYLINDRICAL_SURFACE('',#7101,0.0004);
#6403=CYLINDRICAL_SURFACE('',#7104,0.0004);
#6404=CYLINDRICAL_SURFACE('',#7107,0.0004);
#6405=CYLINDRICAL_SURFACE('',#7110,0.0004);
#6406=CYLINDRICAL_SURFACE('',#7113,0.0004);
#6407=CYLINDRICAL_SURFACE('',#7116,0.0004);
#6408=CYLINDRICAL_SURFACE('',#7119,0.0004);
#6409=CYLINDRICAL_SURFACE('',#7122,0.0004);
#6410=CYLINDRICAL_SURFACE('',#7125,0.0004);
#6411=CYLINDRICAL_SURFACE('',#7128,0.0004);
#6412=CYLINDRICAL_SURFACE('',#7131,0.0004);
#6413=CYLINDRICAL_SURFACE('',#7134,0.0004);
#6414=CYLINDRICAL_SURFACE('',#7137,0.0004);
#6415=CYLINDRICAL_SURFACE('',#7140,0.0004);
#6416=CYLINDRICAL_SURFACE('',#7143,0.0004);
#6417=CYLINDRICAL_SURFACE('',#7146,0.0004);
#6418=CYLINDRICAL_SURFACE('',#7157,0.001524);
#6419=CYLINDRICAL_SURFACE('',#7163,0.0019939);
#6420=CYLINDRICAL_SURFACE('',#7167,0.0004);
#6421=CYLINDRICAL_SURFACE('',#7171,0.0004);
#6422=CYLINDRICAL_SURFACE('',#7175,0.0019939);
#6423=CYLINDRICAL_SURFACE('',#7181,0.001524);
#6424=CYLINDRICAL_SURFACE('',#7250,0.0019939);
#6425=ADVANCED_FACE('',(#5714),#6328,.F.);
#6426=ADVANCED_FACE('',(#5715),#12,.F.);
#6427=ADVANCED_FACE('',(#5716),#13,.T.);
#6428=ADVANCED_FACE('',(#5717),#14,.T.);
#6429=ADVANCED_FACE('',(#5718),#6329,.F.);
#6430=ADVANCED_FACE('',(#5719),#15,.T.);
#6431=ADVANCED_FACE('',(#5720),#6330,.F.);
#6432=ADVANCED_FACE('',(#5721),#16,.F.);
#6433=ADVANCED_FACE('',(#5722),#17,.T.);
#6434=ADVANCED_FACE('',(#5723),#18,.T.);
#6435=ADVANCED_FACE('',(#5724),#6331,.F.);
#6436=ADVANCED_FACE('',(#5725),#6332,.F.);
#6437=ADVANCED_FACE('',(#5726),#19,.T.);
#6438=ADVANCED_FACE('',(#5727),#20,.F.);
#6439=ADVANCED_FACE('',(#5728),#21,.F.);
#6440=ADVANCED_FACE('',(#5729),#6333,.F.);
#6441=ADVANCED_FACE('',(#5730),#22,.T.);
#6442=ADVANCED_FACE('',(#5731),#6334,.F.);
#6443=ADVANCED_FACE('',(#5732),#23,.T.);
#6444=ADVANCED_FACE('',(#5733),#24,.F.);
#6445=ADVANCED_FACE('',(#5734),#25,.T.);
#6446=ADVANCED_FACE('',(#5735,#5736),#6335,.F.);
#6447=ADVANCED_FACE('',(#5737,#5738),#6336,.F.);
#6448=ADVANCED_FACE('',(#5739,#5740),#6337,.F.);
#6449=ADVANCED_FACE('',(#5741),#26,.T.);
#6450=ADVANCED_FACE('',(#5742),#27,.F.);
#6451=ADVANCED_FACE('',(#5743),#28,.F.);
#6452=ADVANCED_FACE('',(#5744),#29,.T.);
#6453=ADVANCED_FACE('',(#5745),#30,.T.);
#6454=ADVANCED_FACE('',(#5746),#31,.F.);
#6455=ADVANCED_FACE('',(#5747),#32,.F.);
#6456=ADVANCED_FACE('',(#5748),#33,.T.);
#6457=ADVANCED_FACE('',(#5749),#34,.T.);
#6458=ADVANCED_FACE('',(#5750),#35,.F.);
#6459=ADVANCED_FACE('',(#5751),#36,.F.);
#6460=ADVANCED_FACE('',(#5752),#37,.T.);
#6461=ADVANCED_FACE('',(#5753),#38,.T.);
#6462=ADVANCED_FACE('',(#5754),#39,.F.);
#6463=ADVANCED_FACE('',(#5755),#40,.F.);
#6464=ADVANCED_FACE('',(#5756),#41,.T.);
#6465=ADVANCED_FACE('',(#5757),#42,.T.);
#6466=ADVANCED_FACE('',(#5758),#43,.F.);
#6467=ADVANCED_FACE('',(#5759),#44,.F.);
#6468=ADVANCED_FACE('',(#5760),#45,.T.);
#6469=ADVANCED_FACE('',(#5761),#46,.T.);
#6470=ADVANCED_FACE('',(#5762),#47,.F.);
#6471=ADVANCED_FACE('',(#5763),#48,.F.);
#6472=ADVANCED_FACE('',(#5764),#49,.T.);
#6473=ADVANCED_FACE('',(#5765),#50,.T.);
#6474=ADVANCED_FACE('',(#5766),#51,.F.);
#6475=ADVANCED_FACE('',(#5767),#52,.F.);
#6476=ADVANCED_FACE('',(#5768),#53,.T.);
#6477=ADVANCED_FACE('',(#5769),#54,.F.);
#6478=ADVANCED_FACE('',(#5770),#55,.F.);
#6479=ADVANCED_FACE('',(#5771),#56,.T.);
#6480=ADVANCED_FACE('',(#5772),#57,.T.);
#6481=ADVANCED_FACE('',(#5773),#58,.F.);
#6482=ADVANCED_FACE('',(#5774),#59,.T.);
#6483=ADVANCED_FACE('',(#5775),#60,.T.);
#6484=ADVANCED_FACE('',(#5776),#61,.F.);
#6485=ADVANCED_FACE('',(#5777),#62,.F.);
#6486=ADVANCED_FACE('',(#5778),#63,.F.);
#6487=ADVANCED_FACE('',(#5779),#64,.T.);
#6488=ADVANCED_FACE('',(#5780),#65,.T.);
#6489=ADVANCED_FACE('',(#5781),#66,.F.);
#6490=ADVANCED_FACE('',(#5782),#67,.T.);
#6491=ADVANCED_FACE('',(#5783),#68,.T.);
#6492=ADVANCED_FACE('',(#5784),#69,.F.);
#6493=ADVANCED_FACE('',(#5785),#70,.F.);
#6494=ADVANCED_FACE('',(#5786),#71,.T.);
#6495=ADVANCED_FACE('',(#5787),#72,.T.);
#6496=ADVANCED_FACE('',(#5788),#73,.F.);
#6497=ADVANCED_FACE('',(#5789),#74,.F.);
#6498=ADVANCED_FACE('',(#5790),#75,.F.);
#6499=ADVANCED_FACE('',(#5791),#76,.T.);
#6500=ADVANCED_FACE('',(#5792),#77,.T.);
#6501=ADVANCED_FACE('',(#5793),#78,.F.);
#6502=ADVANCED_FACE('',(#5794),#79,.F.);
#6503=ADVANCED_FACE('',(#5795),#80,.T.);
#6504=ADVANCED_FACE('',(#5796),#81,.T.);
#6505=ADVANCED_FACE('',(#5797),#82,.F.);
#6506=ADVANCED_FACE('',(#5798),#83,.F.);
#6507=ADVANCED_FACE('',(#5799),#84,.T.);
#6508=ADVANCED_FACE('',(#5800),#85,.T.);
#6509=ADVANCED_FACE('',(#5801),#86,.T.);
#6510=ADVANCED_FACE('',(#5802),#87,.F.);
#6511=ADVANCED_FACE('',(#5803),#88,.F.);
#6512=ADVANCED_FACE('',(#5804),#89,.T.);
#6513=ADVANCED_FACE('',(#5805),#90,.T.);
#6514=ADVANCED_FACE('',(#5806),#91,.F.);
#6515=ADVANCED_FACE('',(#5807),#92,.F.);
#6516=ADVANCED_FACE('',(#5808),#93,.T.);
#6517=ADVANCED_FACE('',(#5809),#94,.T.);
#6518=ADVANCED_FACE('',(#5810),#95,.F.);
#6519=ADVANCED_FACE('',(#5811),#96,.F.);
#6520=ADVANCED_FACE('',(#5812),#97,.T.);
#6521=ADVANCED_FACE('',(#5813),#98,.F.);
#6522=ADVANCED_FACE('',(#5814),#99,.F.);
#6523=ADVANCED_FACE('',(#5815),#100,.T.);
#6524=ADVANCED_FACE('',(#5816),#101,.T.);
#6525=ADVANCED_FACE('',(#5817),#6338,.F.);
#6526=ADVANCED_FACE('',(#5818),#102,.T.);
#6527=ADVANCED_FACE('',(#5819),#103,.F.);
#6528=ADVANCED_FACE('',(#5820),#104,.T.);
#6529=ADVANCED_FACE('',(#5821),#6339,.F.);
#6530=ADVANCED_FACE('',(#5822),#105,.T.);
#6531=ADVANCED_FACE('',(#5823),#6340,.F.);
#6532=ADVANCED_FACE('',(#5824),#106,.T.);
#6533=ADVANCED_FACE('',(#5825),#6341,.F.);
#6534=ADVANCED_FACE('',(#5826),#107,.T.);
#6535=ADVANCED_FACE('',(#5827),#6342,.F.);
#6536=ADVANCED_FACE('',(#5828),#108,.T.);
#6537=ADVANCED_FACE('',(#5829),#109,.T.);
#6538=ADVANCED_FACE('',(#5830),#110,.T.);
#6539=ADVANCED_FACE('',(#5831),#6343,.F.);
#6540=ADVANCED_FACE('',(#5832),#111,.T.);
#6541=ADVANCED_FACE('',(#5833),#112,.F.);
#6542=ADVANCED_FACE('',(#5834),#113,.F.);
#6543=ADVANCED_FACE('',(#5835),#114,.T.);
#6544=ADVANCED_FACE('',(#5836),#115,.T.);
#6545=ADVANCED_FACE('',(#5837),#116,.F.);
#6546=ADVANCED_FACE('',(#5838),#117,.T.);
#6547=ADVANCED_FACE('',(#5839),#118,.T.);
#6548=ADVANCED_FACE('',(#5840),#6344,.F.);
#6549=ADVANCED_FACE('',(#5841),#119,.T.);
#6550=ADVANCED_FACE('',(#5842),#120,.F.);
#6551=ADVANCED_FACE('',(#5843),#121,.T.);
#6552=ADVANCED_FACE('',(#5844),#6345,.F.);
#6553=ADVANCED_FACE('',(#5845),#122,.T.);
#6554=ADVANCED_FACE('',(#5846),#6346,.F.);
#6555=ADVANCED_FACE('',(#5847),#123,.T.);
#6556=ADVANCED_FACE('',(#5848),#124,.T.);
#6557=ADVANCED_FACE('',(#5849),#125,.T.);
#6558=ADVANCED_FACE('',(#5850),#6347,.F.);
#6559=ADVANCED_FACE('',(#5851),#126,.T.);
#6560=ADVANCED_FACE('',(#5852),#127,.F.);
#6561=ADVANCED_FACE('',(#5853),#128,.F.);
#6562=ADVANCED_FACE('',(#5854),#129,.F.);
#6563=ADVANCED_FACE('',(#5855),#130,.T.);
#6564=ADVANCED_FACE('',(#5856),#131,.T.);
#6565=ADVANCED_FACE('',(#5857,#5858),#6348,.F.);
#6566=ADVANCED_FACE('',(#5859,#5860),#6349,.F.);
#6567=ADVANCED_FACE('',(#5861,#5862),#6350,.F.);
#6568=ADVANCED_FACE('',(#5863,#5864),#6351,.F.);
#6569=ADVANCED_FACE('',(#5865,#5866),#6352,.F.);
#6570=ADVANCED_FACE('',(#5867,#5868),#6353,.F.);
#6571=ADVANCED_FACE('',(#5869,#5870),#6354,.F.);
#6572=ADVANCED_FACE('',(#5871,#5872),#6355,.F.);
#6573=ADVANCED_FACE('',(#5873,#5874),#6356,.F.);
#6574=ADVANCED_FACE('',(#5875,#5876),#6357,.F.);
#6575=ADVANCED_FACE('',(#5877,#5878),#6358,.F.);
#6576=ADVANCED_FACE('',(#5879,#5880),#6359,.F.);
#6577=ADVANCED_FACE('',(#5881,#5882),#6360,.F.);
#6578=ADVANCED_FACE('',(#5883,#5884),#6361,.F.);
#6579=ADVANCED_FACE('',(#5885,#5886),#6362,.F.);
#6580=ADVANCED_FACE('',(#5887,#5888),#6363,.F.);
#6581=ADVANCED_FACE('',(#5889,#5890),#6364,.F.);
#6582=ADVANCED_FACE('',(#5891,#5892),#6365,.F.);
#6583=ADVANCED_FACE('',(#5893,#5894),#6366,.F.);
#6584=ADVANCED_FACE('',(#5895,#5896),#6367,.F.);
#6585=ADVANCED_FACE('',(#5897,#5898),#6368,.F.);
#6586=ADVANCED_FACE('',(#5899,#5900),#6369,.F.);
#6587=ADVANCED_FACE('',(#5901,#5902),#6370,.F.);
#6588=ADVANCED_FACE('',(#5903,#5904),#6371,.F.);
#6589=ADVANCED_FACE('',(#5905,#5906),#6372,.F.);
#6590=ADVANCED_FACE('',(#5907,#5908),#6373,.F.);
#6591=ADVANCED_FACE('',(#5909,#5910),#6374,.F.);
#6592=ADVANCED_FACE('',(#5911,#5912),#6375,.F.);
#6593=ADVANCED_FACE('',(#5913,#5914),#6376,.F.);
#6594=ADVANCED_FACE('',(#5915,#5916),#6377,.F.);
#6595=ADVANCED_FACE('',(#5917,#5918),#6378,.F.);
#6596=ADVANCED_FACE('',(#5919,#5920),#6379,.F.);
#6597=ADVANCED_FACE('',(#5921,#5922),#6380,.F.);
#6598=ADVANCED_FACE('',(#5923,#5924),#6381,.F.);
#6599=ADVANCED_FACE('',(#5925,#5926),#6382,.F.);
#6600=ADVANCED_FACE('',(#5927,#5928),#6383,.F.);
#6601=ADVANCED_FACE('',(#5929,#5930),#6384,.F.);
#6602=ADVANCED_FACE('',(#5931,#5932),#6385,.F.);
#6603=ADVANCED_FACE('',(#5933,#5934),#6386,.F.);
#6604=ADVANCED_FACE('',(#5935,#5936),#6387,.F.);
#6605=ADVANCED_FACE('',(#5937,#5938),#6388,.F.);
#6606=ADVANCED_FACE('',(#5939,#5940),#6389,.F.);
#6607=ADVANCED_FACE('',(#5941,#5942),#6390,.F.);
#6608=ADVANCED_FACE('',(#5943,#5944),#6391,.F.);
#6609=ADVANCED_FACE('',(#5945,#5946),#6392,.F.);
#6610=ADVANCED_FACE('',(#5947,#5948),#6393,.F.);
#6611=ADVANCED_FACE('',(#5949,#5950),#6394,.F.);
#6612=ADVANCED_FACE('',(#5951,#5952),#6395,.F.);
#6613=ADVANCED_FACE('',(#5953,#5954),#6396,.F.);
#6614=ADVANCED_FACE('',(#5955,#5956),#6397,.F.);
#6615=ADVANCED_FACE('',(#5957,#5958),#6398,.F.);
#6616=ADVANCED_FACE('',(#5959,#5960),#6399,.F.);
#6617=ADVANCED_FACE('',(#5961,#5962),#6400,.F.);
#6618=ADVANCED_FACE('',(#5963,#5964),#6401,.F.);
#6619=ADVANCED_FACE('',(#5965,#5966),#6402,.F.);
#6620=ADVANCED_FACE('',(#5967,#5968),#6403,.F.);
#6621=ADVANCED_FACE('',(#5969,#5970),#6404,.F.);
#6622=ADVANCED_FACE('',(#5971,#5972),#6405,.F.);
#6623=ADVANCED_FACE('',(#5973,#5974),#6406,.F.);
#6624=ADVANCED_FACE('',(#5975,#5976),#6407,.F.);
#6625=ADVANCED_FACE('',(#5977,#5978),#6408,.F.);
#6626=ADVANCED_FACE('',(#5979,#5980),#6409,.F.);
#6627=ADVANCED_FACE('',(#5981,#5982),#6410,.F.);
#6628=ADVANCED_FACE('',(#5983,#5984),#6411,.F.);
#6629=ADVANCED_FACE('',(#5985,#5986),#6412,.F.);
#6630=ADVANCED_FACE('',(#5987,#5988),#6413,.F.);
#6631=ADVANCED_FACE('',(#5989,#5990),#6414,.F.);
#6632=ADVANCED_FACE('',(#5991,#5992),#6415,.F.);
#6633=ADVANCED_FACE('',(#5993,#5994),#6416,.F.);
#6634=ADVANCED_FACE('',(#5995,#5996),#6417,.F.);
#6635=ADVANCED_FACE('',(#5997),#132,.F.);
#6636=ADVANCED_FACE('',(#5998),#133,.F.);
#6637=ADVANCED_FACE('',(#5999),#134,.T.);
#6638=ADVANCED_FACE('',(#6000),#135,.T.);
#6639=ADVANCED_FACE('',(#6001),#136,.F.);
#6640=ADVANCED_FACE('',(#6002),#137,.F.);
#6641=ADVANCED_FACE('',(#6003),#138,.T.);
#6642=ADVANCED_FACE('',(#6004),#139,.T.);
#6643=ADVANCED_FACE('',(#6005),#6418,.F.);
#6644=ADVANCED_FACE('',(#6006),#140,.T.);
#6645=ADVANCED_FACE('',(#6007),#141,.F.);
#6646=ADVANCED_FACE('',(#6008),#142,.T.);
#6647=ADVANCED_FACE('',(#6009),#6419,.F.);
#6648=ADVANCED_FACE('',(#6010),#143,.T.);
#6649=ADVANCED_FACE('',(#6011),#6420,.F.);
#6650=ADVANCED_FACE('',(#6012),#144,.T.);
#6651=ADVANCED_FACE('',(#6013),#6421,.F.);
#6652=ADVANCED_FACE('',(#6014),#145,.T.);
#6653=ADVANCED_FACE('',(#6015),#6422,.F.);
#6654=ADVANCED_FACE('',(#6016),#146,.T.);
#6655=ADVANCED_FACE('',(#6017),#147,.T.);
#6656=ADVANCED_FACE('',(#6018),#148,.T.);
#6657=ADVANCED_FACE('',(#6019),#6423,.F.);
#6658=ADVANCED_FACE('',(#6020),#149,.T.);
#6659=ADVANCED_FACE('',(#6021),#150,.F.);
#6660=ADVANCED_FACE('',(#6022),#151,.F.);
#6661=ADVANCED_FACE('',(#6023),#152,.T.);
#6662=ADVANCED_FACE('',(#6024),#153,.T.);
#6663=ADVANCED_FACE('',(#6025),#154,.F.);
#6664=ADVANCED_FACE('',(#6026),#155,.F.);
#6665=ADVANCED_FACE('',(#6027),#156,.T.);
#6666=ADVANCED_FACE('',(#6028),#157,.T.);
#6667=ADVANCED_FACE('',(#6029),#158,.F.);
#6668=ADVANCED_FACE('',(#6030),#159,.T.);
#6669=ADVANCED_FACE('',(#6031),#160,.T.);
#6670=ADVANCED_FACE('',(#6032),#161,.F.);
#6671=ADVANCED_FACE('',(#6033),#162,.F.);
#6672=ADVANCED_FACE('',(#6034),#163,.T.);
#6673=ADVANCED_FACE('',(#6035),#164,.T.);
#6674=ADVANCED_FACE('',(#6036),#165,.F.);
#6675=ADVANCED_FACE('',(#6037),#166,.T.);
#6676=ADVANCED_FACE('',(#6038),#167,.F.);
#6677=ADVANCED_FACE('',(#6039),#168,.F.);
#6678=ADVANCED_FACE('',(#6040),#169,.T.);
#6679=ADVANCED_FACE('',(#6041),#170,.T.);
#6680=ADVANCED_FACE('',(#6042),#171,.F.);
#6681=ADVANCED_FACE('',(#6043),#172,.F.);
#6682=ADVANCED_FACE('',(#6044),#173,.T.);
#6683=ADVANCED_FACE('',(#6045),#174,.T.);
#6684=ADVANCED_FACE('',(#6046),#175,.F.);
#6685=ADVANCED_FACE('',(#6047),#176,.F.);
#6686=ADVANCED_FACE('',(#6048),#177,.T.);
#6687=ADVANCED_FACE('',(#6049),#178,.T.);
#6688=ADVANCED_FACE('',(#6050),#179,.F.);
#6689=ADVANCED_FACE('',(#6051),#180,.F.);
#6690=ADVANCED_FACE('',(#6052),#181,.T.);
#6691=ADVANCED_FACE('',(#6053),#182,.T.);
#6692=ADVANCED_FACE('',(#6054),#183,.F.);
#6693=ADVANCED_FACE('',(#6055),#184,.F.);
#6694=ADVANCED_FACE('',(#6056),#185,.T.);
#6695=ADVANCED_FACE('',(#6057),#186,.F.);
#6696=ADVANCED_FACE('',(#6058),#187,.T.);
#6697=ADVANCED_FACE('',(#6059),#188,.T.);
#6698=ADVANCED_FACE('',(#6060),#189,.F.);
#6699=ADVANCED_FACE('',(#6061),#190,.F.);
#6700=ADVANCED_FACE('',(#6062),#191,.T.);
#6701=ADVANCED_FACE('',(#6063),#192,.T.);
#6702=ADVANCED_FACE('',(#6064),#193,.F.);
#6703=ADVANCED_FACE('',(#6065),#194,.T.);
#6704=ADVANCED_FACE('',(#6066),#195,.F.);
#6705=ADVANCED_FACE('',(#6067),#196,.F.);
#6706=ADVANCED_FACE('',(#6068),#197,.T.);
#6707=ADVANCED_FACE('',(#6069),#198,.T.);
#6708=ADVANCED_FACE('',(#6070),#199,.F.);
#6709=ADVANCED_FACE('',(#6071),#200,.F.);
#6710=ADVANCED_FACE('',(#6072),#201,.T.);
#6711=ADVANCED_FACE('',(#6073),#202,.T.);
#6712=ADVANCED_FACE('',(#6074),#203,.F.);
#6713=ADVANCED_FACE('',(#6075),#204,.F.);
#6714=ADVANCED_FACE('',(#6076),#205,.T.);
#6715=ADVANCED_FACE('',(#6077),#206,.T.);
#6716=ADVANCED_FACE('',(#6078),#207,.F.);
#6717=ADVANCED_FACE('',(#6079),#208,.F.);
#6718=ADVANCED_FACE('',(#6080),#209,.T.);
#6719=ADVANCED_FACE('',(#6081),#210,.T.);
#6720=ADVANCED_FACE('',(#6082),#211,.F.);
#6721=ADVANCED_FACE('',(#6083),#212,.F.);
#6722=ADVANCED_FACE('',(#6084),#213,.T.);
#6723=ADVANCED_FACE('',(#6085),#214,.T.);
#6724=ADVANCED_FACE('',(#6086),#6424,.F.);
#6725=ADVANCED_FACE('',(#6087),#215,.F.);
#6726=ADVANCED_FACE('',(#6088),#216,.T.);
#6727=ADVANCED_FACE('',(#6089,#6090,#6091,#6092,#6093,#6094,#6095,#6096,
#6097,#6098,#6099,#6100,#6101,#6102,#6103,#6104,#6105,#6106,#6107,#6108,
#6109,#6110,#6111,#6112,#6113,#6114,#6115,#6116,#6117,#6118,#6119,#6120,
#6121,#6122,#6123,#6124,#6125,#6126,#6127,#6128,#6129,#6130,#6131,#6132,
#6133,#6134,#6135,#6136,#6137,#6138,#6139,#6140,#6141,#6142,#6143,#6144,
#6145,#6146,#6147,#6148,#6149,#6150,#6151,#6152,#6153,#6154,#6155,#6156,
#6157,#6158,#6159,#6160,#6161,#6162,#6163,#6164,#6165,#6166,#6167,#6168,
#6169,#6170,#6171,#6172,#6173,#6174,#6175,#6176,#6177,#6178,#6179,#6180,
#6181,#6182,#6183,#6184,#6185,#6186,#6187,#6188,#6189,#6190,#6191,#6192,
#6193,#6194,#6195,#6196,#6197,#6198,#6199),#217,.F.);
#6728=ADVANCED_FACE('',(#6200,#6201,#6202,#6203,#6204,#6205,#6206,#6207,
#6208,#6209,#6210,#6211,#6212,#6213,#6214,#6215,#6216,#6217,#6218,#6219,
#6220,#6221,#6222,#6223,#6224,#6225,#6226,#6227,#6228,#6229,#6230,#6231,
#6232,#6233,#6234,#6235,#6236,#6237,#6238,#6239,#6240,#6241,#6242,#6243,
#6244,#6245,#6246,#6247,#6248,#6249,#6250,#6251,#6252,#6253,#6254,#6255,
#6256,#6257,#6258,#6259,#6260,#6261,#6262,#6263,#6264,#6265,#6266,#6267,
#6268,#6269,#6270,#6271,#6272,#6273,#6274,#6275,#6276,#6277,#6278,#6279,
#6280,#6281,#6282,#6283,#6284,#6285,#6286,#6287,#6288,#6289,#6290,#6291,
#6292,#6293,#6294,#6295,#6296,#6297,#6298,#6299,#6300,#6301,#6302,#6303,
#6304,#6305,#6306,#6307,#6308,#6309,#6310),#218,.T.);
#6729=ADVANCED_FACE('',(#6311),#219,.T.);
#6730=ADVANCED_FACE('',(#6312),#220,.T.);
#6731=ADVANCED_FACE('',(#6313),#221,.T.);
#6732=ADVANCED_FACE('',(#6314),#222,.T.);
#6733=ADVANCED_FACE('',(#6315),#223,.F.);
#6734=ADVANCED_FACE('',(#6316),#224,.F.);
#6735=ADVANCED_FACE('',(#6317),#225,.F.);
#6736=ADVANCED_FACE('',(#6318),#226,.F.);
#6737=ADVANCED_FACE('',(#6319),#227,.F.);
#6738=ADVANCED_FACE('',(#6320),#228,.F.);
#6739=ADVANCED_FACE('',(#6321),#229,.F.);
#6740=ADVANCED_FACE('',(#6322),#230,.F.);
#6741=ADVANCED_FACE('',(#6323),#231,.F.);
#6742=ADVANCED_FACE('',(#6324),#232,.F.);
#6743=ADVANCED_FACE('',(#6325),#233,.F.);
#6744=ADVANCED_FACE('',(#6326),#234,.F.);
#6745=ADVANCED_FACE('',(#6327),#235,.F.);
#6746=CLOSED_SHELL('',(#6425,#6426,#6427,#6428,#6429,#6430,#6431,#6432,
#6433,#6434,#6435,#6436,#6437,#6438,#6439,#6440,#6441,#6442,#6443,#6444,
#6445,#6446,#6447,#6448,#6449,#6450,#6451,#6452,#6453,#6454,#6455,#6456,
#6457,#6458,#6459,#6460,#6461,#6462,#6463,#6464,#6465,#6466,#6467,#6468,
#6469,#6470,#6471,#6472,#6473,#6474,#6475,#6476,#6477,#6478,#6479,#6480,
#6481,#6482,#6483,#6484,#6485,#6486,#6487,#6488,#6489,#6490,#6491,#6492,
#6493,#6494,#6495,#6496,#6497,#6498,#6499,#6500,#6501,#6502,#6503,#6504,
#6505,#6506,#6507,#6508,#6509,#6510,#6511,#6512,#6513,#6514,#6515,#6516,
#6517,#6518,#6519,#6520,#6521,#6522,#6523,#6524,#6525,#6526,#6527,#6528,
#6529,#6530,#6531,#6532,#6533,#6534,#6535,#6536,#6537,#6538,#6539,#6540,
#6541,#6542,#6543,#6544,#6545,#6546,#6547,#6548,#6549,#6550,#6551,#6552,
#6553,#6554,#6555,#6556,#6557,#6558,#6559,#6560,#6561,#6562,#6563,#6564,
#6565,#6566,#6567,#6568,#6569,#6570,#6571,#6572,#6573,#6574,#6575,#6576,
#6577,#6578,#6579,#6580,#6581,#6582,#6583,#6584,#6585,#6586,#6587,#6588,
#6589,#6590,#6591,#6592,#6593,#6594,#6595,#6596,#6597,#6598,#6599,#6600,
#6601,#6602,#6603,#6604,#6605,#6606,#6607,#6608,#6609,#6610,#6611,#6612,
#6613,#6614,#6615,#6616,#6617,#6618,#6619,#6620,#6621,#6622,#6623,#6624,
#6625,#6626,#6627,#6628,#6629,#6630,#6631,#6632,#6633,#6634,#6635,#6636,
#6637,#6638,#6639,#6640,#6641,#6642,#6643,#6644,#6645,#6646,#6647,#6648,
#6649,#6650,#6651,#6652,#6653,#6654,#6655,#6656,#6657,#6658,#6659,#6660,
#6661,#6662,#6663,#6664,#6665,#6666,#6667,#6668,#6669,#6670,#6671,#6672,
#6673,#6674,#6675,#6676,#6677,#6678,#6679,#6680,#6681,#6682,#6683,#6684,
#6685,#6686,#6687,#6688,#6689,#6690,#6691,#6692,#6693,#6694,#6695,#6696,
#6697,#6698,#6699,#6700,#6701,#6702,#6703,#6704,#6705,#6706,#6707,#6708,
#6709,#6710,#6711,#6712,#6713,#6714,#6715,#6716,#6717,#6718,#6719,#6720,
#6721,#6722,#6723,#6724,#6725,#6726,#6727,#6728,#6729,#6730,#6731,#6732,
#6733,#6734,#6735,#6736,#6737,#6738,#6739,#6740,#6741,#6742,#6743,#6744,
#6745));
#6747=STYLED_ITEM('',(#6748),#6755);
#6748=PRESENTATION_STYLE_ASSIGNMENT((#6749));
#6749=SURFACE_STYLE_USAGE(.BOTH.,#6750);
#6750=SURFACE_SIDE_STYLE('',(#6751));
#6751=SURFACE_STYLE_FILL_AREA(#6752);
#6752=FILL_AREA_STYLE('',(#6753));
#6753=FILL_AREA_STYLE_COLOUR('',#6754);
#6754=COLOUR_RGB('',0.615686274509804,0.811764705882353,0.929411764705882);
#6755=MANIFOLD_SOLID_BREP('PlateMiddle',#6746);
#6756=SHAPE_DEFINITION_REPRESENTATION(#10846,#6757);
#6757=SHAPE_REPRESENTATION('PlateMiddle',(#6758),#10841);
#6758=AXIS2_PLACEMENT_3D('',#8996,#7274,#7275);
#6759=AXIS2_PLACEMENT_3D('',#8997,#7276,#7277);
#6760=AXIS2_PLACEMENT_3D('',#8998,#7278,#7279);
#6761=AXIS2_PLACEMENT_3D('',#9003,#7281,#7282);
#6762=AXIS2_PLACEMENT_3D('',#9006,#7284,#7285);
#6763=AXIS2_PLACEMENT_3D('',#9012,#7289,#7290);
#6764=AXIS2_PLACEMENT_3D('',#9018,#7294,#7295);
#6765=AXIS2_PLACEMENT_3D('',#9024,#7299,#7300);
#6766=AXIS2_PLACEMENT_3D('',#9025,#7301,#7302);
#6767=AXIS2_PLACEMENT_3D('',#9027,#7303,#7304);
#6768=AXIS2_PLACEMENT_3D('',#9030,#7306,#7307);
#6769=AXIS2_PLACEMENT_3D('',#9036,#7311,#7312);
#6770=AXIS2_PLACEMENT_3D('',#9037,#7313,#7314);
#6771=AXIS2_PLACEMENT_3D('',#9039,#7315,#7316);
#6772=AXIS2_PLACEMENT_3D('',#9042,#7318,#7319);
#6773=AXIS2_PLACEMENT_3D('',#9048,#7323,#7324);
#6774=AXIS2_PLACEMENT_3D('',#9054,#7328,#7329);
#6775=AXIS2_PLACEMENT_3D('',#9060,#7333,#7334);
#6776=AXIS2_PLACEMENT_3D('',#9061,#7335,#7336);
#6777=AXIS2_PLACEMENT_3D('',#9063,#7337,#7338);
#6778=AXIS2_PLACEMENT_3D('',#9066,#7340,#7341);
#6779=AXIS2_PLACEMENT_3D('',#9067,#7342,#7343);
#6780=AXIS2_PLACEMENT_3D('',#9072,#7345,#7346);
#6781=AXIS2_PLACEMENT_3D('',#9075,#7348,#7349);
#6782=AXIS2_PLACEMENT_3D('',#9081,#7353,#7354);
#6783=AXIS2_PLACEMENT_3D('',#9087,#7358,#7359);
#6784=AXIS2_PLACEMENT_3D('',#9093,#7363,#7364);
#6785=AXIS2_PLACEMENT_3D('',#9094,#7365,#7366);
#6786=AXIS2_PLACEMENT_3D('',#9096,#7367,#7368);
#6787=AXIS2_PLACEMENT_3D('',#9099,#7370,#7371);
#6788=AXIS2_PLACEMENT_3D('',#9108,#7376,#7377);
#6789=AXIS2_PLACEMENT_3D('',#9109,#7378,#7379);
#6790=AXIS2_PLACEMENT_3D('',#9113,#7381,#7382);
#6791=AXIS2_PLACEMENT_3D('',#9114,#7383,#7384);
#6792=AXIS2_PLACEMENT_3D('',#9120,#7388,#7389);
#6793=AXIS2_PLACEMENT_3D('',#9126,#7393,#7394);
#6794=AXIS2_PLACEMENT_3D('',#9132,#7398,#7399);
#6795=AXIS2_PLACEMENT_3D('',#9133,#7400,#7401);
#6796=AXIS2_PLACEMENT_3D('',#9135,#7402,#7403);
#6797=AXIS2_PLACEMENT_3D('',#9137,#7404,#7405);
#6798=AXIS2_PLACEMENT_3D('',#9138,#7406,#7407);
#6799=AXIS2_PLACEMENT_3D('',#9140,#7408,#7409);
#6800=AXIS2_PLACEMENT_3D('',#9142,#7410,#7411);
#6801=AXIS2_PLACEMENT_3D('',#9143,#7412,#7413);
#6802=AXIS2_PLACEMENT_3D('',#9145,#7414,#7415);
#6803=AXIS2_PLACEMENT_3D('',#9147,#7416,#7417);
#6804=AXIS2_PLACEMENT_3D('',#9156,#7422,#7423);
#6805=AXIS2_PLACEMENT_3D('',#9162,#7427,#7428);
#6806=AXIS2_PLACEMENT_3D('',#9168,#7432,#7433);
#6807=AXIS2_PLACEMENT_3D('',#9171,#7436,#7437);
#6808=AXIS2_PLACEMENT_3D('',#9180,#7442,#7443);
#6809=AXIS2_PLACEMENT_3D('',#9186,#7447,#7448);
#6810=AXIS2_PLACEMENT_3D('',#9192,#7452,#7453);
#6811=AXIS2_PLACEMENT_3D('',#9195,#7456,#7457);
#6812=AXIS2_PLACEMENT_3D('',#9204,#7462,#7463);
#6813=AXIS2_PLACEMENT_3D('',#9210,#7467,#7468);
#6814=AXIS2_PLACEMENT_3D('',#9216,#7472,#7473);
#6815=AXIS2_PLACEMENT_3D('',#9219,#7476,#7477);
#6816=AXIS2_PLACEMENT_3D('',#9228,#7482,#7483);
#6817=AXIS2_PLACEMENT_3D('',#9234,#7487,#7488);
#6818=AXIS2_PLACEMENT_3D('',#9240,#7492,#7493);
#6819=AXIS2_PLACEMENT_3D('',#9243,#7496,#7497);
#6820=AXIS2_PLACEMENT_3D('',#9252,#7502,#7503);
#6821=AXIS2_PLACEMENT_3D('',#9258,#7507,#7508);
#6822=AXIS2_PLACEMENT_3D('',#9264,#7512,#7513);
#6823=AXIS2_PLACEMENT_3D('',#9267,#7516,#7517);
#6824=AXIS2_PLACEMENT_3D('',#9276,#7522,#7523);
#6825=AXIS2_PLACEMENT_3D('',#9282,#7527,#7528);
#6826=AXIS2_PLACEMENT_3D('',#9288,#7532,#7533);
#6827=AXIS2_PLACEMENT_3D('',#9291,#7536,#7537);
#6828=AXIS2_PLACEMENT_3D('',#9300,#7542,#7543);
#6829=AXIS2_PLACEMENT_3D('',#9306,#7547,#7548);
#6830=AXIS2_PLACEMENT_3D('',#9312,#7552,#7553);
#6831=AXIS2_PLACEMENT_3D('',#9315,#7556,#7557);
#6832=AXIS2_PLACEMENT_3D('',#9324,#7562,#7563);
#6833=AXIS2_PLACEMENT_3D('',#9330,#7567,#7568);
#6834=AXIS2_PLACEMENT_3D('',#9336,#7572,#7573);
#6835=AXIS2_PLACEMENT_3D('',#9339,#7576,#7577);
#6836=AXIS2_PLACEMENT_3D('',#9348,#7582,#7583);
#6837=AXIS2_PLACEMENT_3D('',#9354,#7587,#7588);
#6838=AXIS2_PLACEMENT_3D('',#9360,#7592,#7593);
#6839=AXIS2_PLACEMENT_3D('',#9363,#7596,#7597);
#6840=AXIS2_PLACEMENT_3D('',#9372,#7602,#7603);
#6841=AXIS2_PLACEMENT_3D('',#9378,#7607,#7608);
#6842=AXIS2_PLACEMENT_3D('',#9384,#7612,#7613);
#6843=AXIS2_PLACEMENT_3D('',#9387,#7616,#7617);
#6844=AXIS2_PLACEMENT_3D('',#9396,#7622,#7623);
#6845=AXIS2_PLACEMENT_3D('',#9402,#7627,#7628);
#6846=AXIS2_PLACEMENT_3D('',#9408,#7632,#7633);
#6847=AXIS2_PLACEMENT_3D('',#9411,#7636,#7637);
#6848=AXIS2_PLACEMENT_3D('',#9420,#7642,#7643);
#6849=AXIS2_PLACEMENT_3D('',#9426,#7647,#7648);
#6850=AXIS2_PLACEMENT_3D('',#9432,#7652,#7653);
#6851=AXIS2_PLACEMENT_3D('',#9435,#7656,#7657);
#6852=AXIS2_PLACEMENT_3D('',#9444,#7662,#7663);
#6853=AXIS2_PLACEMENT_3D('',#9450,#7667,#7668);
#6854=AXIS2_PLACEMENT_3D('',#9456,#7672,#7673);
#6855=AXIS2_PLACEMENT_3D('',#9459,#7676,#7677);
#6856=AXIS2_PLACEMENT_3D('',#9468,#7682,#7683);
#6857=AXIS2_PLACEMENT_3D('',#9474,#7687,#7688);
#6858=AXIS2_PLACEMENT_3D('',#9480,#7692,#7693);
#6859=AXIS2_PLACEMENT_3D('',#9483,#7696,#7697);
#6860=AXIS2_PLACEMENT_3D('',#9492,#7702,#7703);
#6861=AXIS2_PLACEMENT_3D('',#9498,#7707,#7708);
#6862=AXIS2_PLACEMENT_3D('',#9504,#7712,#7713);
#6863=AXIS2_PLACEMENT_3D('',#9507,#7716,#7717);
#6864=AXIS2_PLACEMENT_3D('',#9516,#7722,#7723);
#6865=AXIS2_PLACEMENT_3D('',#9522,#7727,#7728);
#6866=AXIS2_PLACEMENT_3D('',#9528,#7732,#7733);
#6867=AXIS2_PLACEMENT_3D('',#9531,#7736,#7737);
#6868=AXIS2_PLACEMENT_3D('',#9540,#7742,#7743);
#6869=AXIS2_PLACEMENT_3D('',#9546,#7747,#7748);
#6870=AXIS2_PLACEMENT_3D('',#9552,#7752,#7753);
#6871=AXIS2_PLACEMENT_3D('',#9555,#7756,#7757);
#6872=AXIS2_PLACEMENT_3D('',#9564,#7762,#7763);
#6873=AXIS2_PLACEMENT_3D('',#9570,#7767,#7768);
#6874=AXIS2_PLACEMENT_3D('',#9576,#7772,#7773);
#6875=AXIS2_PLACEMENT_3D('',#9579,#7776,#7777);
#6876=AXIS2_PLACEMENT_3D('',#9588,#7782,#7783);
#6877=AXIS2_PLACEMENT_3D('',#9594,#7787,#7788);
#6878=AXIS2_PLACEMENT_3D('',#9600,#7792,#7793);
#6879=AXIS2_PLACEMENT_3D('',#9606,#7797,#7798);
#6880=AXIS2_PLACEMENT_3D('',#9607,#7799,#7800);
#6881=AXIS2_PLACEMENT_3D('',#9611,#7802,#7803);
#6882=AXIS2_PLACEMENT_3D('',#9612,#7804,#7805);
#6883=AXIS2_PLACEMENT_3D('',#9618,#7809,#7810);
#6884=AXIS2_PLACEMENT_3D('',#9624,#7814,#7815);
#6885=AXIS2_PLACEMENT_3D('',#9630,#7819,#7820);
#6886=AXIS2_PLACEMENT_3D('',#9631,#7821,#7822);
#6887=AXIS2_PLACEMENT_3D('',#9635,#7824,#7825);
#6888=AXIS2_PLACEMENT_3D('',#9636,#7826,#7827);
#6889=AXIS2_PLACEMENT_3D('',#9642,#7831,#7832);
#6890=AXIS2_PLACEMENT_3D('',#9643,#7833,#7834);
#6891=AXIS2_PLACEMENT_3D('',#9647,#7836,#7837);
#6892=AXIS2_PLACEMENT_3D('',#9648,#7838,#7839);
#6893=AXIS2_PLACEMENT_3D('',#9654,#7843,#7844);
#6894=AXIS2_PLACEMENT_3D('',#9655,#7845,#7846);
#6895=AXIS2_PLACEMENT_3D('',#9659,#7848,#7849);
#6896=AXIS2_PLACEMENT_3D('',#9660,#7850,#7851);
#6897=AXIS2_PLACEMENT_3D('',#9666,#7855,#7856);
#6898=AXIS2_PLACEMENT_3D('',#9667,#7857,#7858);
#6899=AXIS2_PLACEMENT_3D('',#9671,#7860,#7861);
#6900=AXIS2_PLACEMENT_3D('',#9672,#7862,#7863);
#6901=AXIS2_PLACEMENT_3D('',#9678,#7867,#7868);
#6902=AXIS2_PLACEMENT_3D('',#9684,#7872,#7873);
#6903=AXIS2_PLACEMENT_3D('',#9690,#7877,#7878);
#6904=AXIS2_PLACEMENT_3D('',#9691,#7879,#7880);
#6905=AXIS2_PLACEMENT_3D('',#9695,#7882,#7883);
#6906=AXIS2_PLACEMENT_3D('',#9696,#7884,#7885);
#6907=AXIS2_PLACEMENT_3D('',#9702,#7889,#7890);
#6908=AXIS2_PLACEMENT_3D('',#9708,#7894,#7895);
#6909=AXIS2_PLACEMENT_3D('',#9714,#7899,#7900);
#6910=AXIS2_PLACEMENT_3D('',#9720,#7904,#7905);
#6911=AXIS2_PLACEMENT_3D('',#9723,#7908,#7909);
#6912=AXIS2_PLACEMENT_3D('',#9732,#7914,#7915);
#6913=AXIS2_PLACEMENT_3D('',#9738,#7919,#7920);
#6914=AXIS2_PLACEMENT_3D('',#9744,#7924,#7925);
#6915=AXIS2_PLACEMENT_3D('',#9745,#7926,#7927);
#6916=AXIS2_PLACEMENT_3D('',#9749,#7929,#7930);
#6917=AXIS2_PLACEMENT_3D('',#9750,#7931,#7932);
#6918=AXIS2_PLACEMENT_3D('',#9756,#7936,#7937);
#6919=AXIS2_PLACEMENT_3D('',#9762,#7941,#7942);
#6920=AXIS2_PLACEMENT_3D('',#9768,#7946,#7947);
#6921=AXIS2_PLACEMENT_3D('',#9769,#7948,#7949);
#6922=AXIS2_PLACEMENT_3D('',#9773,#7951,#7952);
#6923=AXIS2_PLACEMENT_3D('',#9774,#7953,#7954);
#6924=AXIS2_PLACEMENT_3D('',#9780,#7958,#7959);
#6925=AXIS2_PLACEMENT_3D('',#9781,#7960,#7961);
#6926=AXIS2_PLACEMENT_3D('',#9785,#7963,#7964);
#6927=AXIS2_PLACEMENT_3D('',#9786,#7965,#7966);
#6928=AXIS2_PLACEMENT_3D('',#9792,#7970,#7971);
#6929=AXIS2_PLACEMENT_3D('',#9798,#7975,#7976);
#6930=AXIS2_PLACEMENT_3D('',#9804,#7980,#7981);
#6931=AXIS2_PLACEMENT_3D('',#9805,#7982,#7983);
#6932=AXIS2_PLACEMENT_3D('',#9809,#7985,#7986);
#6933=AXIS2_PLACEMENT_3D('',#9810,#7987,#7988);
#6934=AXIS2_PLACEMENT_3D('',#9816,#7992,#7993);
#6935=AXIS2_PLACEMENT_3D('',#9822,#7997,#7998);
#6936=AXIS2_PLACEMENT_3D('',#9828,#8002,#8003);
#6937=AXIS2_PLACEMENT_3D('',#9834,#8007,#8008);
#6938=AXIS2_PLACEMENT_3D('',#9840,#8012,#8013);
#6939=AXIS2_PLACEMENT_3D('',#9843,#8016,#8017);
#6940=AXIS2_PLACEMENT_3D('',#9844,#8018,#8019);
#6941=AXIS2_PLACEMENT_3D('',#9846,#8020,#8021);
#6942=AXIS2_PLACEMENT_3D('',#9848,#8022,#8023);
#6943=AXIS2_PLACEMENT_3D('',#9849,#8024,#8025);
#6944=AXIS2_PLACEMENT_3D('',#9851,#8026,#8027);
#6945=AXIS2_PLACEMENT_3D('',#9853,#8028,#8029);
#6946=AXIS2_PLACEMENT_3D('',#9854,#8030,#8031);
#6947=AXIS2_PLACEMENT_3D('',#9856,#8032,#8033);
#6948=AXIS2_PLACEMENT_3D('',#9858,#8034,#8035);
#6949=AXIS2_PLACEMENT_3D('',#9859,#8036,#8037);
#6950=AXIS2_PLACEMENT_3D('',#9861,#8038,#8039);
#6951=AXIS2_PLACEMENT_3D('',#9863,#8040,#8041);
#6952=AXIS2_PLACEMENT_3D('',#9864,#8042,#8043);
#6953=AXIS2_PLACEMENT_3D('',#9866,#8044,#8045);
#6954=AXIS2_PLACEMENT_3D('',#9868,#8046,#8047);
#6955=AXIS2_PLACEMENT_3D('',#9869,#8048,#8049);
#6956=AXIS2_PLACEMENT_3D('',#9871,#8050,#8051);
#6957=AXIS2_PLACEMENT_3D('',#9873,#8052,#8053);
#6958=AXIS2_PLACEMENT_3D('',#9874,#8054,#8055);
#6959=AXIS2_PLACEMENT_3D('',#9876,#8056,#8057);
#6960=AXIS2_PLACEMENT_3D('',#9878,#8058,#8059);
#6961=AXIS2_PLACEMENT_3D('',#9879,#8060,#8061);
#6962=AXIS2_PLACEMENT_3D('',#9881,#8062,#8063);
#6963=AXIS2_PLACEMENT_3D('',#9883,#8064,#8065);
#6964=AXIS2_PLACEMENT_3D('',#9884,#8066,#8067);
#6965=AXIS2_PLACEMENT_3D('',#9886,#8068,#8069);
#6966=AXIS2_PLACEMENT_3D('',#9888,#8070,#8071);
#6967=AXIS2_PLACEMENT_3D('',#9889,#8072,#8073);
#6968=AXIS2_PLACEMENT_3D('',#9891,#8074,#8075);
#6969=AXIS2_PLACEMENT_3D('',#9893,#8076,#8077);
#6970=AXIS2_PLACEMENT_3D('',#9894,#8078,#8079);
#6971=AXIS2_PLACEMENT_3D('',#9896,#8080,#8081);
#6972=AXIS2_PLACEMENT_3D('',#9898,#8082,#8083);
#6973=AXIS2_PLACEMENT_3D('',#9899,#8084,#8085);
#6974=AXIS2_PLACEMENT_3D('',#9901,#8086,#8087);
#6975=AXIS2_PLACEMENT_3D('',#9903,#8088,#8089);
#6976=AXIS2_PLACEMENT_3D('',#9904,#8090,#8091);
#6977=AXIS2_PLACEMENT_3D('',#9906,#8092,#8093);
#6978=AXIS2_PLACEMENT_3D('',#9908,#8094,#8095);
#6979=AXIS2_PLACEMENT_3D('',#9909,#8096,#8097);
#6980=AXIS2_PLACEMENT_3D('',#9911,#8098,#8099);
#6981=AXIS2_PLACEMENT_3D('',#9913,#8100,#8101);
#6982=AXIS2_PLACEMENT_3D('',#9914,#8102,#8103);
#6983=AXIS2_PLACEMENT_3D('',#9916,#8104,#8105);
#6984=AXIS2_PLACEMENT_3D('',#9918,#8106,#8107);
#6985=AXIS2_PLACEMENT_3D('',#9919,#8108,#8109);
#6986=AXIS2_PLACEMENT_3D('',#9921,#8110,#8111);
#6987=AXIS2_PLACEMENT_3D('',#9923,#8112,#8113);
#6988=AXIS2_PLACEMENT_3D('',#9924,#8114,#8115);
#6989=AXIS2_PLACEMENT_3D('',#9926,#8116,#8117);
#6990=AXIS2_PLACEMENT_3D('',#9928,#8118,#8119);
#6991=AXIS2_PLACEMENT_3D('',#9929,#8120,#8121);
#6992=AXIS2_PLACEMENT_3D('',#9931,#8122,#8123);
#6993=AXIS2_PLACEMENT_3D('',#9933,#8124,#8125);
#6994=AXIS2_PLACEMENT_3D('',#9934,#8126,#8127);
#6995=AXIS2_PLACEMENT_3D('',#9936,#8128,#8129);
#6996=AXIS2_PLACEMENT_3D('',#9938,#8130,#8131);
#6997=AXIS2_PLACEMENT_3D('',#9939,#8132,#8133);
#6998=AXIS2_PLACEMENT_3D('',#9941,#8134,#8135);
#6999=AXIS2_PLACEMENT_3D('',#9943,#8136,#8137);
#7000=AXIS2_PLACEMENT_3D('',#9944,#8138,#8139);
#7001=AXIS2_PLACEMENT_3D('',#9946,#8140,#8141);
#7002=AXIS2_PLACEMENT_3D('',#9948,#8142,#8143);
#7003=AXIS2_PLACEMENT_3D('',#9949,#8144,#8145);
#7004=AXIS2_PLACEMENT_3D('',#9951,#8146,#8147);
#7005=AXIS2_PLACEMENT_3D('',#9953,#8148,#8149);
#7006=AXIS2_PLACEMENT_3D('',#9954,#8150,#8151);
#7007=AXIS2_PLACEMENT_3D('',#9956,#8152,#8153);
#7008=AXIS2_PLACEMENT_3D('',#9958,#8154,#8155);
#7009=AXIS2_PLACEMENT_3D('',#9959,#8156,#8157);
#7010=AXIS2_PLACEMENT_3D('',#9961,#8158,#8159);
#7011=AXIS2_PLACEMENT_3D('',#9963,#8160,#8161);
#7012=AXIS2_PLACEMENT_3D('',#9964,#8162,#8163);
#7013=AXIS2_PLACEMENT_3D('',#9966,#8164,#8165);
#7014=AXIS2_PLACEMENT_3D('',#9968,#8166,#8167);
#7015=AXIS2_PLACEMENT_3D('',#9969,#8168,#8169);
#7016=AXIS2_PLACEMENT_3D('',#9971,#8170,#8171);
#7017=AXIS2_PLACEMENT_3D('',#9973,#8172,#8173);
#7018=AXIS2_PLACEMENT_3D('',#9974,#8174,#8175);
#7019=AXIS2_PLACEMENT_3D('',#9976,#8176,#8177);
#7020=AXIS2_PLACEMENT_3D('',#9978,#8178,#8179);
#7021=AXIS2_PLACEMENT_3D('',#9979,#8180,#8181);
#7022=AXIS2_PLACEMENT_3D('',#9981,#8182,#8183);
#7023=AXIS2_PLACEMENT_3D('',#9983,#8184,#8185);
#7024=AXIS2_PLACEMENT_3D('',#9984,#8186,#8187);
#7025=AXIS2_PLACEMENT_3D('',#9986,#8188,#8189);
#7026=AXIS2_PLACEMENT_3D('',#9988,#8190,#8191);
#7027=AXIS2_PLACEMENT_3D('',#9989,#8192,#8193);
#7028=AXIS2_PLACEMENT_3D('',#9991,#8194,#8195);
#7029=AXIS2_PLACEMENT_3D('',#9993,#8196,#8197);
#7030=AXIS2_PLACEMENT_3D('',#9994,#8198,#8199);
#7031=AXIS2_PLACEMENT_3D('',#9996,#8200,#8201);
#7032=AXIS2_PLACEMENT_3D('',#9998,#8202,#8203);
#7033=AXIS2_PLACEMENT_3D('',#9999,#8204,#8205);
#7034=AXIS2_PLACEMENT_3D('',#10001,#8206,#8207);
#7035=AXIS2_PLACEMENT_3D('',#10003,#8208,#8209);
#7036=AXIS2_PLACEMENT_3D('',#10004,#8210,#8211);
#7037=AXIS2_PLACEMENT_3D('',#10006,#8212,#8213);
#7038=AXIS2_PLACEMENT_3D('',#10008,#8214,#8215);
#7039=AXIS2_PLACEMENT_3D('',#10009,#8216,#8217);
#7040=AXIS2_PLACEMENT_3D('',#10011,#8218,#8219);
#7041=AXIS2_PLACEMENT_3D('',#10013,#8220,#8221);
#7042=AXIS2_PLACEMENT_3D('',#10014,#8222,#8223);
#7043=AXIS2_PLACEMENT_3D('',#10016,#8224,#8225);
#7044=AXIS2_PLACEMENT_3D('',#10018,#8226,#8227);
#7045=AXIS2_PLACEMENT_3D('',#10019,#8228,#8229);
#7046=AXIS2_PLACEMENT_3D('',#10021,#8230,#8231);
#7047=AXIS2_PLACEMENT_3D('',#10023,#8232,#8233);
#7048=AXIS2_PLACEMENT_3D('',#10024,#8234,#8235);
#7049=AXIS2_PLACEMENT_3D('',#10026,#8236,#8237);
#7050=AXIS2_PLACEMENT_3D('',#10028,#8238,#8239);
#7051=AXIS2_PLACEMENT_3D('',#10029,#8240,#8241);
#7052=AXIS2_PLACEMENT_3D('',#10031,#8242,#8243);
#7053=AXIS2_PLACEMENT_3D('',#10033,#8244,#8245);
#7054=AXIS2_PLACEMENT_3D('',#10034,#8246,#8247);
#7055=AXIS2_PLACEMENT_3D('',#10036,#8248,#8249);
#7056=AXIS2_PLACEMENT_3D('',#10038,#8250,#8251);
#7057=AXIS2_PLACEMENT_3D('',#10039,#8252,#8253);
#7058=AXIS2_PLACEMENT_3D('',#10041,#8254,#8255);
#7059=AXIS2_PLACEMENT_3D('',#10043,#8256,#8257);
#7060=AXIS2_PLACEMENT_3D('',#10044,#8258,#8259);
#7061=AXIS2_PLACEMENT_3D('',#10046,#8260,#8261);
#7062=AXIS2_PLACEMENT_3D('',#10048,#8262,#8263);
#7063=AXIS2_PLACEMENT_3D('',#10049,#8264,#8265);
#7064=AXIS2_PLACEMENT_3D('',#10051,#8266,#8267);
#7065=AXIS2_PLACEMENT_3D('',#10053,#8268,#8269);
#7066=AXIS2_PLACEMENT_3D('',#10054,#8270,#8271);
#7067=AXIS2_PLACEMENT_3D('',#10056,#8272,#8273);
#7068=AXIS2_PLACEMENT_3D('',#10058,#8274,#8275);
#7069=AXIS2_PLACEMENT_3D('',#10059,#8276,#8277);
#7070=AXIS2_PLACEMENT_3D('',#10061,#8278,#8279);
#7071=AXIS2_PLACEMENT_3D('',#10063,#8280,#8281);
#7072=AXIS2_PLACEMENT_3D('',#10064,#8282,#8283);
#7073=AXIS2_PLACEMENT_3D('',#10066,#8284,#8285);
#7074=AXIS2_PLACEMENT_3D('',#10068,#8286,#8287);
#7075=AXIS2_PLACEMENT_3D('',#10069,#8288,#8289);
#7076=AXIS2_PLACEMENT_3D('',#10071,#8290,#8291);
#7077=AXIS2_PLACEMENT_3D('',#10073,#8292,#8293);
#7078=AXIS2_PLACEMENT_3D('',#10074,#8294,#8295);
#7079=AXIS2_PLACEMENT_3D('',#10076,#8296,#8297);
#7080=AXIS2_PLACEMENT_3D('',#10078,#8298,#8299);
#7081=AXIS2_PLACEMENT_3D('',#10079,#8300,#8301);
#7082=AXIS2_PLACEMENT_3D('',#10081,#8302,#8303);
#7083=AXIS2_PLACEMENT_3D('',#10083,#8304,#8305);
#7084=AXIS2_PLACEMENT_3D('',#10084,#8306,#8307);
#7085=AXIS2_PLACEMENT_3D('',#10086,#8308,#8309);
#7086=AXIS2_PLACEMENT_3D('',#10088,#8310,#8311);
#7087=AXIS2_PLACEMENT_3D('',#10089,#8312,#8313);
#7088=AXIS2_PLACEMENT_3D('',#10091,#8314,#8315);
#7089=AXIS2_PLACEMENT_3D('',#10093,#8316,#8317);
#7090=AXIS2_PLACEMENT_3D('',#10094,#8318,#8319);
#7091=AXIS2_PLACEMENT_3D('',#10096,#8320,#8321);
#7092=AXIS2_PLACEMENT_3D('',#10098,#8322,#8323);
#7093=AXIS2_PLACEMENT_3D('',#10099,#8324,#8325);
#7094=AXIS2_PLACEMENT_3D('',#10101,#8326,#8327);
#7095=AXIS2_PLACEMENT_3D('',#10103,#8328,#8329);
#7096=AXIS2_PLACEMENT_3D('',#10104,#8330,#8331);
#7097=AXIS2_PLACEMENT_3D('',#10106,#8332,#8333);
#7098=AXIS2_PLACEMENT_3D('',#10108,#8334,#8335);
#7099=AXIS2_PLACEMENT_3D('',#10109,#8336,#8337);
#7100=AXIS2_PLACEMENT_3D('',#10111,#8338,#8339);
#7101=AXIS2_PLACEMENT_3D('',#10113,#8340,#8341);
#7102=AXIS2_PLACEMENT_3D('',#10114,#8342,#8343);
#7103=AXIS2_PLACEMENT_3D('',#10116,#8344,#8345);
#7104=AXIS2_PLACEMENT_3D('',#10118,#8346,#8347);
#7105=AXIS2_PLACEMENT_3D('',#10119,#8348,#8349);
#7106=AXIS2_PLACEMENT_3D('',#10121,#8350,#8351);
#7107=AXIS2_PLACEMENT_3D('',#10123,#8352,#8353);
#7108=AXIS2_PLACEMENT_3D('',#10124,#8354,#8355);
#7109=AXIS2_PLACEMENT_3D('',#10126,#8356,#8357);
#7110=AXIS2_PLACEMENT_3D('',#10128,#8358,#8359);
#7111=AXIS2_PLACEMENT_3D('',#10129,#8360,#8361);
#7112=AXIS2_PLACEMENT_3D('',#10131,#8362,#8363);
#7113=AXIS2_PLACEMENT_3D('',#10133,#8364,#8365);
#7114=AXIS2_PLACEMENT_3D('',#10134,#8366,#8367);
#7115=AXIS2_PLACEMENT_3D('',#10136,#8368,#8369);
#7116=AXIS2_PLACEMENT_3D('',#10138,#8370,#8371);
#7117=AXIS2_PLACEMENT_3D('',#10139,#8372,#8373);
#7118=AXIS2_PLACEMENT_3D('',#10141,#8374,#8375);
#7119=AXIS2_PLACEMENT_3D('',#10143,#8376,#8377);
#7120=AXIS2_PLACEMENT_3D('',#10144,#8378,#8379);
#7121=AXIS2_PLACEMENT_3D('',#10146,#8380,#8381);
#7122=AXIS2_PLACEMENT_3D('',#10148,#8382,#8383);
#7123=AXIS2_PLACEMENT_3D('',#10149,#8384,#8385);
#7124=AXIS2_PLACEMENT_3D('',#10151,#8386,#8387);
#7125=AXIS2_PLACEMENT_3D('',#10153,#8388,#8389);
#7126=AXIS2_PLACEMENT_3D('',#10154,#8390,#8391);
#7127=AXIS2_PLACEMENT_3D('',#10156,#8392,#8393);
#7128=AXIS2_PLACEMENT_3D('',#10158,#8394,#8395);
#7129=AXIS2_PLACEMENT_3D('',#10159,#8396,#8397);
#7130=AXIS2_PLACEMENT_3D('',#10161,#8398,#8399);
#7131=AXIS2_PLACEMENT_3D('',#10163,#8400,#8401);
#7132=AXIS2_PLACEMENT_3D('',#10164,#8402,#8403);
#7133=AXIS2_PLACEMENT_3D('',#10166,#8404,#8405);
#7134=AXIS2_PLACEMENT_3D('',#10168,#8406,#8407);
#7135=AXIS2_PLACEMENT_3D('',#10169,#8408,#8409);
#7136=AXIS2_PLACEMENT_3D('',#10171,#8410,#8411);
#7137=AXIS2_PLACEMENT_3D('',#10173,#8412,#8413);
#7138=AXIS2_PLACEMENT_3D('',#10174,#8414,#8415);
#7139=AXIS2_PLACEMENT_3D('',#10176,#8416,#8417);
#7140=AXIS2_PLACEMENT_3D('',#10178,#8418,#8419);
#7141=AXIS2_PLACEMENT_3D('',#10179,#8420,#8421);
#7142=AXIS2_PLACEMENT_3D('',#10181,#8422,#8423);
#7143=AXIS2_PLACEMENT_3D('',#10183,#8424,#8425);
#7144=AXIS2_PLACEMENT_3D('',#10184,#8426,#8427);
#7145=AXIS2_PLACEMENT_3D('',#10186,#8428,#8429);
#7146=AXIS2_PLACEMENT_3D('',#10188,#8430,#8431);
#7147=AXIS2_PLACEMENT_3D('',#10189,#8432,#8433);
#7148=AXIS2_PLACEMENT_3D('',#10191,#8434,#8435);
#7149=AXIS2_PLACEMENT_3D('',#10193,#8436,#8437);
#7150=AXIS2_PLACEMENT_3D('',#10202,#8442,#8443);
#7151=AXIS2_PLACEMENT_3D('',#10208,#8447,#8448);
#7152=AXIS2_PLACEMENT_3D('',#10214,#8452,#8453);
#7153=AXIS2_PLACEMENT_3D('',#10217,#8456,#8457);
#7154=AXIS2_PLACEMENT_3D('',#10226,#8462,#8463);
#7155=AXIS2_PLACEMENT_3D('',#10232,#8467,#8468);
#7156=AXIS2_PLACEMENT_3D('',#10238,#8472,#8473);
#7157=AXIS2_PLACEMENT_3D('',#10244,#8477,#8478);
#7158=AXIS2_PLACEMENT_3D('',#10245,#8479,#8480);
#7159=AXIS2_PLACEMENT_3D('',#10249,#8482,#8483);
#7160=AXIS2_PLACEMENT_3D('',#10250,#8484,#8485);
#7161=AXIS2_PLACEMENT_3D('',#10256,#8489,#8490);
#7162=AXIS2_PLACEMENT_3D('',#10262,#8494,#8495);
#7163=AXIS2_PLACEMENT_3D('',#10268,#8499,#8500);
#7164=AXIS2_PLACEMENT_3D('',#10269,#8501,#8502);
#7165=AXIS2_PLACEMENT_3D('',#10273,#8504,#8505);
#7166=AXIS2_PLACEMENT_3D('',#10274,#8506,#8507);
#7167=AXIS2_PLACEMENT_3D('',#10280,#8511,#8512);
#7168=AXIS2_PLACEMENT_3D('',#10281,#8513,#8514);
#7169=AXIS2_PLACEMENT_3D('',#10285,#8516,#8517);
#7170=AXIS2_PLACEMENT_3D('',#10286,#8518,#8519);
#7171=AXIS2_PLACEMENT_3D('',#10292,#8523,#8524);
#7172=AXIS2_PLACEMENT_3D('',#10293,#8525,#8526);
#7173=AXIS2_PLACEMENT_3D('',#10297,#8528,#8529);
#7174=AXIS2_PLACEMENT_3D('',#10298,#8530,#8531);
#7175=AXIS2_PLACEMENT_3D('',#10304,#8535,#8536);
#7176=AXIS2_PLACEMENT_3D('',#10305,#8537,#8538);
#7177=AXIS2_PLACEMENT_3D('',#10309,#8540,#8541);
#7178=AXIS2_PLACEMENT_3D('',#10310,#8542,#8543);
#7179=AXIS2_PLACEMENT_3D('',#10316,#8547,#8548);
#7180=AXIS2_PLACEMENT_3D('',#10322,#8552,#8553);
#7181=AXIS2_PLACEMENT_3D('',#10328,#8557,#8558);
#7182=AXIS2_PLACEMENT_3D('',#10329,#8559,#8560);
#7183=AXIS2_PLACEMENT_3D('',#10333,#8562,#8563);
#7184=AXIS2_PLACEMENT_3D('',#10334,#8564,#8565);
#7185=AXIS2_PLACEMENT_3D('',#10340,#8569,#8570);
#7186=AXIS2_PLACEMENT_3D('',#10346,#8574,#8575);
#7187=AXIS2_PLACEMENT_3D('',#10352,#8579,#8580);
#7188=AXIS2_PLACEMENT_3D('',#10358,#8584,#8585);
#7189=AXIS2_PLACEMENT_3D('',#10361,#8588,#8589);
#7190=AXIS2_PLACEMENT_3D('',#10370,#8594,#8595);
#7191=AXIS2_PLACEMENT_3D('',#10376,#8599,#8600);
#7192=AXIS2_PLACEMENT_3D('',#10382,#8604,#8605);
#7193=AXIS2_PLACEMENT_3D('',#10385,#8608,#8609);
#7194=AXIS2_PLACEMENT_3D('',#10394,#8614,#8615);
#7195=AXIS2_PLACEMENT_3D('',#10400,#8619,#8620);
#7196=AXIS2_PLACEMENT_3D('',#10406,#8624,#8625);
#7197=AXIS2_PLACEMENT_3D('',#10409,#8628,#8629);
#7198=AXIS2_PLACEMENT_3D('',#10418,#8634,#8635);
#7199=AXIS2_PLACEMENT_3D('',#10424,#8639,#8640);
#7200=AXIS2_PLACEMENT_3D('',#10430,#8644,#8645);
#7201=AXIS2_PLACEMENT_3D('',#10433,#8648,#8649);
#7202=AXIS2_PLACEMENT_3D('',#10442,#8654,#8655);
#7203=AXIS2_PLACEMENT_3D('',#10448,#8659,#8660);
#7204=AXIS2_PLACEMENT_3D('',#10454,#8664,#8665);
#7205=AXIS2_PLACEMENT_3D('',#10457,#8668,#8669);
#7206=AXIS2_PLACEMENT_3D('',#10466,#8674,#8675);
#7207=AXIS2_PLACEMENT_3D('',#10472,#8679,#8680);
#7208=AXIS2_PLACEMENT_3D('',#10478,#8684,#8685);
#7209=AXIS2_PLACEMENT_3D('',#10481,#8688,#8689);
#7210=AXIS2_PLACEMENT_3D('',#10490,#8694,#8695);
#7211=AXIS2_PLACEMENT_3D('',#10496,#8699,#8700);
#7212=AXIS2_PLACEMENT_3D('',#10502,#8704,#8705);
#7213=AXIS2_PLACEMENT_3D('',#10505,#8708,#8709);
#7214=AXIS2_PLACEMENT_3D('',#10514,#8714,#8715);
#7215=AXIS2_PLACEMENT_3D('',#10520,#8719,#8720);
#7216=AXIS2_PLACEMENT_3D('',#10526,#8724,#8725);
#7217=AXIS2_PLACEMENT_3D('',#10529,#8728,#8729);
#7218=AXIS2_PLACEMENT_3D('',#10538,#8734,#8735);
#7219=AXIS2_PLACEMENT_3D('',#10544,#8739,#8740);
#7220=AXIS2_PLACEMENT_3D('',#10550,#8744,#8745);
#7221=AXIS2_PLACEMENT_3D('',#10553,#8748,#8749);
#7222=AXIS2_PLACEMENT_3D('',#10562,#8754,#8755);
#7223=AXIS2_PLACEMENT_3D('',#10568,#8759,#8760);
#7224=AXIS2_PLACEMENT_3D('',#10574,#8764,#8765);
#7225=AXIS2_PLACEMENT_3D('',#10577,#8768,#8769);
#7226=AXIS2_PLACEMENT_3D('',#10586,#8774,#8775);
#7227=AXIS2_PLACEMENT_3D('',#10592,#8779,#8780);
#7228=AXIS2_PLACEMENT_3D('',#10598,#8784,#8785);
#7229=AXIS2_PLACEMENT_3D('',#10601,#8788,#8789);
#7230=AXIS2_PLACEMENT_3D('',#10610,#8794,#8795);
#7231=AXIS2_PLACEMENT_3D('',#10616,#8799,#8800);
#7232=AXIS2_PLACEMENT_3D('',#10622,#8804,#8805);
#7233=AXIS2_PLACEMENT_3D('',#10625,#8808,#8809);
#7234=AXIS2_PLACEMENT_3D('',#10634,#8814,#8815);
#7235=AXIS2_PLACEMENT_3D('',#10640,#8819,#8820);
#7236=AXIS2_PLACEMENT_3D('',#10646,#8824,#8825);
#7237=AXIS2_PLACEMENT_3D('',#10649,#8828,#8829);
#7238=AXIS2_PLACEMENT_3D('',#10658,#8834,#8835);
#7239=AXIS2_PLACEMENT_3D('',#10664,#8839,#8840);
#7240=AXIS2_PLACEMENT_3D('',#10670,#8844,#8845);
#7241=AXIS2_PLACEMENT_3D('',#10673,#8848,#8849);
#7242=AXIS2_PLACEMENT_3D('',#10682,#8854,#8855);
#7243=AXIS2_PLACEMENT_3D('',#10688,#8859,#8860);
#7244=AXIS2_PLACEMENT_3D('',#10694,#8864,#8865);
#7245=AXIS2_PLACEMENT_3D('',#10697,#8868,#8869);
#7246=AXIS2_PLACEMENT_3D('',#10706,#8874,#8875);
#7247=AXIS2_PLACEMENT_3D('',#10712,#8879,#8880);
#7248=AXIS2_PLACEMENT_3D('',#10718,#8884,#8885);
#7249=AXIS2_PLACEMENT_3D('',#10721,#8888,#8889);
#7250=AXIS2_PLACEMENT_3D('',#10727,#8893,#8894);
#7251=AXIS2_PLACEMENT_3D('',#10728,#8895,#8896);
#7252=AXIS2_PLACEMENT_3D('',#10732,#8898,#8899);
#7253=AXIS2_PLACEMENT_3D('',#10733,#8900,#8901);
#7254=AXIS2_PLACEMENT_3D('',#10739,#8905,#8906);
#7255=AXIS2_PLACEMENT_3D('',#10745,#8910,#8911);
#7256=AXIS2_PLACEMENT_3D('',#10777,#8929,#8930);
#7257=AXIS2_PLACEMENT_3D('',#10809,#8948,#8949);
#7258=AXIS2_PLACEMENT_3D('',#10811,#8951,#8952);
#7259=AXIS2_PLACEMENT_3D('',#10813,#8954,#8955);
#7260=AXIS2_PLACEMENT_3D('',#10815,#8957,#8958);
#7261=AXIS2_PLACEMENT_3D('',#10817,#8960,#8961);
#7262=AXIS2_PLACEMENT_3D('',#10818,#8962,#8963);
#7263=AXIS2_PLACEMENT_3D('',#10821,#8966,#8967);
#7264=AXIS2_PLACEMENT_3D('',#10823,#8969,#8970);
#7265=AXIS2_PLACEMENT_3D('',#10825,#8972,#8973);
#7266=AXIS2_PLACEMENT_3D('',#10827,#8975,#8976);
#7267=AXIS2_PLACEMENT_3D('',#10829,#8978,#8979);
#7268=AXIS2_PLACEMENT_3D('',#10831,#8981,#8982);
#7269=AXIS2_PLACEMENT_3D('',#10833,#8984,#8985);
#7270=AXIS2_PLACEMENT_3D('',#10835,#8987,#8988);
#7271=AXIS2_PLACEMENT_3D('',#10837,#8990,#8991);
#7272=AXIS2_PLACEMENT_3D('',#10838,#8992,#8993);
#7273=AXIS2_PLACEMENT_3D('',#10839,#8994,#8995);
#7274=DIRECTION('',(0.,0.,1.));
#7275=DIRECTION('',(1.,0.,0.));
#7276=DIRECTION('',(0.,0.,-1.));
#7277=DIRECTION('',(-1.,0.,0.));
#7278=DIRECTION('',(0.,0.,1.));
#7279=DIRECTION('',(1.,0.,0.));
#7280=DIRECTION('',(0.,0.,-1.));
#7281=DIRECTION('',(0.,0.,1.));
#7282=DIRECTION('',(1.,0.,0.));
#7283=DIRECTION('',(0.,0.,-1.));
#7284=DIRECTION('',(1.,0.,0.));
#7285=DIRECTION('',(0.,0.,-1.));
#7286=DIRECTION('',(0.,-1.,0.));
#7287=DIRECTION('',(0.,-1.,0.));
#7288=DIRECTION('',(0.,0.,-1.));
#7289=DIRECTION('',(0.,-1.,0.));
#7290=DIRECTION('',(0.,0.,-1.));
#7291=DIRECTION('',(-1.,0.,0.));
#7292=DIRECTION('',(0.,0.,-1.));
#7293=DIRECTION('',(-1.,0.,0.));
#7294=DIRECTION('',(1.,0.,0.));
#7295=DIRECTION('',(0.,0.,-1.));
#7296=DIRECTION('',(0.,-1.,0.));
#7297=DIRECTION('',(0.,0.,-1.));
#7298=DIRECTION('',(0.,-1.,0.));
#7299=DIRECTION('',(0.,0.,1.));
#7300=DIRECTION('',(1.,0.,0.));
#7301=DIRECTION('',(0.,0.,1.));
#7302=DIRECTION('',(1.,0.,0.));
#7303=DIRECTION('',(0.,0.,1.));
#7304=DIRECTION('',(1.,0.,0.));
#7305=DIRECTION('',(0.,0.,-1.));
#7306=DIRECTION('',(0.,-1.,0.));
#7307=DIRECTION('',(0.,0.,-1.));
#7308=DIRECTION('',(-1.,0.,0.));
#7309=DIRECTION('',(0.,0.,-1.));
#7310=DIRECTION('',(-1.,0.,0.));
#7311=DIRECTION('',(0.,0.,-1.));
#7312=DIRECTION('',(-1.,0.,0.));
#7313=DIRECTION('',(0.,0.,1.));
#7314=DIRECTION('',(1.,0.,0.));
#7315=DIRECTION('',(0.,0.,1.));
#7316=DIRECTION('',(1.,0.,0.));
#7317=DIRECTION('',(0.,0.,-1.));
#7318=DIRECTION('',(1.,0.,0.));
#7319=DIRECTION('',(0.,0.,-1.));
#7320=DIRECTION('',(0.,-1.,0.));
#7321=DIRECTION('',(0.,-1.,0.));
#7322=DIRECTION('',(0.,0.,-1.));
#7323=DIRECTION('',(0.,-1.,0.));
#7324=DIRECTION('',(0.,0.,-1.));
#7325=DIRECTION('',(-1.,0.,0.));
#7326=DIRECTION('',(0.,0.,-1.));
#7327=DIRECTION('',(-1.,0.,0.));
#7328=DIRECTION('',(1.,0.,0.));
#7329=DIRECTION('',(0.,0.,-1.));
#7330=DIRECTION('',(0.,-1.,0.));
#7331=DIRECTION('',(0.,0.,-1.));
#7332=DIRECTION('',(0.,-1.,0.));
#7333=DIRECTION('',(0.,0.,1.));
#7334=DIRECTION('',(1.,0.,0.));
#7335=DIRECTION('',(0.,0.,1.));
#7336=DIRECTION('',(1.,0.,0.));
#7337=DIRECTION('',(0.,0.,1.));
#7338=DIRECTION('',(1.,0.,0.));
#7339=DIRECTION('',(0.,0.,-1.));
#7340=DIRECTION('',(0.,0.,1.));
#7341=DIRECTION('',(1.,0.,0.));
#7342=DIRECTION('',(0.,0.,1.));
#7343=DIRECTION('',(1.,0.,0.));
#7344=DIRECTION('',(0.,0.,-1.));
#7345=DIRECTION('',(0.,0.,1.));
#7346=DIRECTION('',(1.,0.,0.));
#7347=DIRECTION('',(0.,0.,-1.));
#7348=DIRECTION('',(1.,0.,0.));
#7349=DIRECTION('',(0.,0.,-1.));
#7350=DIRECTION('',(0.,-1.,0.));
#7351=DIRECTION('',(0.,-1.,0.));
#7352=DIRECTION('',(0.,0.,-1.));
#7353=DIRECTION('',(0.,-1.,0.));
#7354=DIRECTION('',(0.,0.,-1.));
#7355=DIRECTION('',(-1.,0.,0.));
#7356=DIRECTION('',(0.,0.,-1.));
#7357=DIRECTION('',(-1.,0.,0.));
#7358=DIRECTION('',(1.,0.,0.));
#7359=DIRECTION('',(0.,0.,-1.));
#7360=DIRECTION('',(0.,-1.,0.));
#7361=DIRECTION('',(0.,0.,-1.));
#7362=DIRECTION('',(0.,-1.,0.));
#7363=DIRECTION('',(0.,0.,-1.));
#7364=DIRECTION('',(-1.,0.,0.));
#7365=DIRECTION('',(0.,0.,1.));
#7366=DIRECTION('',(1.,0.,0.));
#7367=DIRECTION('',(0.,0.,1.));
#7368=DIRECTION('',(1.,0.,0.));
#7369=DIRECTION('',(0.,0.,-1.));
#7370=DIRECTION('',(0.,-1.,0.));
#7371=DIRECTION('',(0.,0.,-1.));
#7372=DIRECTION('',(-1.,0.,0.));
#7373=DIRECTION('',(0.,0.,-1.));
#7374=DIRECTION('',(-1.,0.,0.));
#7375=DIRECTION('',(0.,0.,-1.));
#7376=DIRECTION('',(0.,0.,-1.));
#7377=DIRECTION('',(-1.,0.,0.));
#7378=DIRECTION('',(0.,0.,-1.));
#7379=DIRECTION('',(-1.,0.,0.));
#7380=DIRECTION('',(0.,0.,-1.));
#7381=DIRECTION('',(0.,0.,-1.));
#7382=DIRECTION('',(-1.,0.,0.));
#7383=DIRECTION('',(0.,-1.,0.));
#7384=DIRECTION('',(0.,0.,-1.));
#7385=DIRECTION('',(-1.,0.,0.));
#7386=DIRECTION('',(0.,0.,-1.));
#7387=DIRECTION('',(-1.,0.,0.));
#7388=DIRECTION('',(1.,0.,0.));
#7389=DIRECTION('',(0.,0.,-1.));
#7390=DIRECTION('',(0.,-1.,0.));
#7391=DIRECTION('',(0.,0.,-1.));
#7392=DIRECTION('',(0.,-1.,0.));
#7393=DIRECTION('',(0.,1.,0.));
#7394=DIRECTION('',(0.,0.,1.));
#7395=DIRECTION('',(1.,0.,0.));
#7396=DIRECTION('',(0.,0.,-1.));
#7397=DIRECTION('',(1.,0.,0.));
#7398=DIRECTION('',(0.,0.,-1.));
#7399=DIRECTION('',(-1.,0.,0.));
#7400=DIRECTION('',(0.,0.,1.));
#7401=DIRECTION('',(1.,0.,0.));
#7402=DIRECTION('',(0.,0.,1.));
#7403=DIRECTION('',(1.,0.,0.));
#7404=DIRECTION('',(0.,0.,-1.));
#7405=DIRECTION('',(-1.,0.,0.));
#7406=DIRECTION('',(0.,0.,1.));
#7407=DIRECTION('',(1.,0.,0.));
#7408=DIRECTION('',(0.,0.,1.));
#7409=DIRECTION('',(1.,0.,0.));
#7410=DIRECTION('',(0.,0.,-1.));
#7411=DIRECTION('',(-1.,0.,0.));
#7412=DIRECTION('',(0.,0.,1.));
#7413=DIRECTION('',(1.,0.,0.));
#7414=DIRECTION('',(0.,0.,1.));
#7415=DIRECTION('',(1.,0.,0.));
#7416=DIRECTION('',(0.,-1.,0.));
#7417=DIRECTION('',(0.,0.,-1.));
#7418=DIRECTION('',(-1.,0.,0.));
#7419=DIRECTION('',(0.,0.,-1.));
#7420=DIRECTION('',(-1.,0.,0.));
#7421=DIRECTION('',(0.,0.,-1.));
#7422=DIRECTION('',(1.,0.,0.));
#7423=DIRECTION('',(0.,0.,-1.));
#7424=DIRECTION('',(0.,-1.,0.));
#7425=DIRECTION('',(0.,0.,-1.));
#7426=DIRECTION('',(0.,-1.,0.));
#7427=DIRECTION('',(0.,-1.,0.));
#7428=DIRECTION('',(0.,0.,-1.));
#7429=DIRECTION('',(-1.,0.,0.));
#7430=DIRECTION('',(0.,0.,-1.));
#7431=DIRECTION('',(-1.,0.,0.));
#7432=DIRECTION('',(1.,0.,0.));
#7433=DIRECTION('',(0.,0.,-1.));
#7434=DIRECTION('',(0.,-1.,0.));
#7435=DIRECTION('',(0.,-1.,0.));
#7436=DIRECTION('',(0.,-1.,0.));
#7437=DIRECTION('',(0.,0.,-1.));
#7438=DIRECTION('',(-1.,0.,0.));
#7439=DIRECTION('',(0.,0.,-1.));
#7440=DIRECTION('',(-1.,0.,0.));
#7441=DIRECTION('',(0.,0.,-1.));
#7442=DIRECTION('',(1.,0.,0.));
#7443=DIRECTION('',(0.,0.,-1.));
#7444=DIRECTION('',(0.,-1.,0.));
#7445=DIRECTION('',(0.,0.,-1.));
#7446=DIRECTION('',(0.,-1.,0.));
#7447=DIRECTION('',(0.,-1.,0.));
#7448=DIRECTION('',(0.,0.,-1.));
#7449=DIRECTION('',(-1.,0.,0.));
#7450=DIRECTION('',(0.,0.,-1.));
#7451=DIRECTION('',(-1.,0.,0.));
#7452=DIRECTION('',(1.,0.,0.));
#7453=DIRECTION('',(0.,0.,-1.));
#7454=DIRECTION('',(0.,-1.,0.));
#7455=DIRECTION('',(0.,-1.,0.));
#7456=DIRECTION('',(0.,-1.,0.));
#7457=DIRECTION('',(0.,0.,-1.));
#7458=DIRECTION('',(-1.,0.,0.));
#7459=DIRECTION('',(0.,0.,-1.));
#7460=DIRECTION('',(-1.,0.,0.));
#7461=DIRECTION('',(0.,0.,-1.));
#7462=DIRECTION('',(1.,0.,0.));
#7463=DIRECTION('',(0.,0.,-1.));
#7464=DIRECTION('',(0.,-1.,0.));
#7465=DIRECTION('',(0.,0.,-1.));
#7466=DIRECTION('',(0.,-1.,0.));
#7467=DIRECTION('',(0.,-1.,0.));
#7468=DIRECTION('',(0.,0.,-1.));
#7469=DIRECTION('',(-1.,0.,0.));
#7470=DIRECTION('',(0.,0.,-1.));
#7471=DIRECTION('',(-1.,0.,0.));
#7472=DIRECTION('',(1.,0.,0.));
#7473=DIRECTION('',(0.,0.,-1.));
#7474=DIRECTION('',(0.,-1.,0.));
#7475=DIRECTION('',(0.,-1.,0.));
#7476=DIRECTION('',(0.,-1.,0.));
#7477=DIRECTION('',(0.,0.,-1.));
#7478=DIRECTION('',(-1.,0.,0.));
#7479=DIRECTION('',(0.,0.,-1.));
#7480=DIRECTION('',(-1.,0.,0.));
#7481=DIRECTION('',(0.,0.,-1.));
#7482=DIRECTION('',(1.,0.,0.));
#7483=DIRECTION('',(0.,0.,-1.));
#7484=DIRECTION('',(0.,-1.,0.));
#7485=DIRECTION('',(0.,0.,-1.));
#7486=DIRECTION('',(0.,-1.,0.));
#7487=DIRECTION('',(0.,-1.,0.));
#7488=DIRECTION('',(0.,0.,-1.));
#7489=DIRECTION('',(-1.,0.,0.));
#7490=DIRECTION('',(0.,0.,-1.));
#7491=DIRECTION('',(-1.,0.,0.));
#7492=DIRECTION('',(1.,0.,0.));
#7493=DIRECTION('',(0.,0.,-1.));
#7494=DIRECTION('',(0.,-1.,0.));
#7495=DIRECTION('',(0.,-1.,0.));
#7496=DIRECTION('',(0.,-1.,0.));
#7497=DIRECTION('',(0.,0.,-1.));
#7498=DIRECTION('',(-1.,0.,0.));
#7499=DIRECTION('',(0.,0.,-1.));
#7500=DIRECTION('',(-1.,0.,0.));
#7501=DIRECTION('',(0.,0.,-1.));
#7502=DIRECTION('',(1.,0.,0.));
#7503=DIRECTION('',(0.,0.,-1.));
#7504=DIRECTION('',(0.,-1.,0.));
#7505=DIRECTION('',(0.,0.,-1.));
#7506=DIRECTION('',(0.,-1.,0.));
#7507=DIRECTION('',(0.,-1.,0.));
#7508=DIRECTION('',(0.,0.,-1.));
#7509=DIRECTION('',(-1.,0.,0.));
#7510=DIRECTION('',(0.,0.,-1.));
#7511=DIRECTION('',(-1.,0.,0.));
#7512=DIRECTION('',(1.,0.,0.));
#7513=DIRECTION('',(0.,0.,-1.));
#7514=DIRECTION('',(0.,-1.,0.));
#7515=DIRECTION('',(0.,-1.,0.));
#7516=DIRECTION('',(0.,-1.,0.));
#7517=DIRECTION('',(0.,0.,-1.));
#7518=DIRECTION('',(-1.,0.,0.));
#7519=DIRECTION('',(0.,0.,-1.));
#7520=DIRECTION('',(-1.,0.,0.));
#7521=DIRECTION('',(0.,0.,-1.));
#7522=DIRECTION('',(1.,0.,0.));
#7523=DIRECTION('',(0.,0.,-1.));
#7524=DIRECTION('',(0.,-1.,0.));
#7525=DIRECTION('',(0.,0.,-1.));
#7526=DIRECTION('',(0.,-1.,0.));
#7527=DIRECTION('',(0.,-1.,0.));
#7528=DIRECTION('',(0.,0.,-1.));
#7529=DIRECTION('',(-1.,0.,0.));
#7530=DIRECTION('',(0.,0.,-1.));
#7531=DIRECTION('',(-1.,0.,0.));
#7532=DIRECTION('',(1.,0.,0.));
#7533=DIRECTION('',(0.,0.,-1.));
#7534=DIRECTION('',(0.,-1.,0.));
#7535=DIRECTION('',(0.,-1.,0.));
#7536=DIRECTION('',(0.,-1.,0.));
#7537=DIRECTION('',(0.,0.,-1.));
#7538=DIRECTION('',(-1.,0.,0.));
#7539=DIRECTION('',(0.,0.,-1.));
#7540=DIRECTION('',(-1.,0.,0.));
#7541=DIRECTION('',(0.,0.,-1.));
#7542=DIRECTION('',(1.,0.,0.));
#7543=DIRECTION('',(0.,0.,-1.));
#7544=DIRECTION('',(0.,-1.,0.));
#7545=DIRECTION('',(0.,0.,-1.));
#7546=DIRECTION('',(0.,-1.,0.));
#7547=DIRECTION('',(0.,-1.,0.));
#7548=DIRECTION('',(0.,0.,-1.));
#7549=DIRECTION('',(-1.,0.,0.));
#7550=DIRECTION('',(0.,0.,-1.));
#7551=DIRECTION('',(-1.,0.,0.));
#7552=DIRECTION('',(1.,0.,0.));
#7553=DIRECTION('',(0.,0.,-1.));
#7554=DIRECTION('',(0.,-1.,0.));
#7555=DIRECTION('',(0.,-1.,0.));
#7556=DIRECTION('',(0.,-1.,0.));
#7557=DIRECTION('',(0.,0.,-1.));
#7558=DIRECTION('',(-1.,0.,0.));
#7559=DIRECTION('',(0.,0.,-1.));
#7560=DIRECTION('',(-1.,0.,0.));
#7561=DIRECTION('',(0.,0.,-1.));
#7562=DIRECTION('',(-1.,0.,0.));
#7563=DIRECTION('',(0.,0.,1.));
#7564=DIRECTION('',(0.,1.,0.));
#7565=DIRECTION('',(0.,0.,-1.));
#7566=DIRECTION('',(0.,1.,0.));
#7567=DIRECTION('',(0.,-1.,0.));
#7568=DIRECTION('',(0.,0.,-1.));
#7569=DIRECTION('',(-1.,0.,0.));
#7570=DIRECTION('',(0.,0.,-1.));
#7571=DIRECTION('',(-1.,0.,0.));
#7572=DIRECTION('',(-1.,0.,0.));
#7573=DIRECTION('',(0.,0.,1.));
#7574=DIRECTION('',(0.,1.,0.));
#7575=DIRECTION('',(0.,1.,0.));
#7576=DIRECTION('',(-1.,0.,0.));
#7577=DIRECTION('',(0.,0.,1.));
#7578=DIRECTION('',(0.,1.,0.));
#7579=DIRECTION('',(0.,0.,-1.));
#7580=DIRECTION('',(0.,1.,0.));
#7581=DIRECTION('',(0.,0.,-1.));
#7582=DIRECTION('',(0.,-1.,0.));
#7583=DIRECTION('',(0.,0.,-1.));
#7584=DIRECTION('',(-1.,0.,0.));
#7585=DIRECTION('',(0.,0.,-1.));
#7586=DIRECTION('',(-1.,0.,0.));
#7587=DIRECTION('',(-1.,0.,0.));
#7588=DIRECTION('',(0.,0.,1.));
#7589=DIRECTION('',(0.,1.,0.));
#7590=DIRECTION('',(0.,0.,-1.));
#7591=DIRECTION('',(0.,1.,0.));
#7592=DIRECTION('',(0.,-1.,0.));
#7593=DIRECTION('',(0.,0.,-1.));
#7594=DIRECTION('',(-1.,0.,0.));
#7595=DIRECTION('',(-1.,0.,0.));
#7596=DIRECTION('',(1.,0.,0.));
#7597=DIRECTION('',(0.,0.,-1.));
#7598=DIRECTION('',(0.,-1.,0.));
#7599=DIRECTION('',(0.,0.,-1.));
#7600=DIRECTION('',(0.,-1.,0.));
#7601=DIRECTION('',(0.,0.,-1.));
#7602=DIRECTION('',(0.,-1.,0.));
#7603=DIRECTION('',(0.,0.,-1.));
#7604=DIRECTION('',(-1.,0.,0.));
#7605=DIRECTION('',(0.,0.,-1.));
#7606=DIRECTION('',(-1.,0.,0.));
#7607=DIRECTION('',(1.,0.,0.));
#7608=DIRECTION('',(0.,0.,-1.));
#7609=DIRECTION('',(0.,-1.,0.));
#7610=DIRECTION('',(0.,0.,-1.));
#7611=DIRECTION('',(0.,-1.,0.));
#7612=DIRECTION('',(0.,-1.,0.));
#7613=DIRECTION('',(0.,0.,-1.));
#7614=DIRECTION('',(-1.,0.,0.));
#7615=DIRECTION('',(-1.,0.,0.));
#7616=DIRECTION('',(-1.,0.,0.));
#7617=DIRECTION('',(0.,0.,1.));
#7618=DIRECTION('',(0.,1.,0.));
#7619=DIRECTION('',(0.,0.,-1.));
#7620=DIRECTION('',(0.,1.,0.));
#7621=DIRECTION('',(0.,0.,-1.));
#7622=DIRECTION('',(0.,-1.,0.));
#7623=DIRECTION('',(0.,0.,-1.));
#7624=DIRECTION('',(-1.,0.,0.));
#7625=DIRECTION('',(0.,0.,-1.));
#7626=DIRECTION('',(-1.,0.,0.));
#7627=DIRECTION('',(-1.,0.,0.));
#7628=DIRECTION('',(0.,0.,1.));
#7629=DIRECTION('',(0.,1.,0.));
#7630=DIRECTION('',(0.,0.,-1.));
#7631=DIRECTION('',(0.,1.,0.));
#7632=DIRECTION('',(0.,-1.,0.));
#7633=DIRECTION('',(0.,0.,-1.));
#7634=DIRECTION('',(-1.,0.,0.));
#7635=DIRECTION('',(-1.,0.,0.));
#7636=DIRECTION('',(-1.,0.,0.));
#7637=DIRECTION('',(0.,0.,1.));
#7638=DIRECTION('',(0.,1.,0.));
#7639=DIRECTION('',(0.,0.,-1.));
#7640=DIRECTION('',(0.,1.,0.));
#7641=DIRECTION('',(0.,0.,-1.));
#7642=DIRECTION('',(0.,-1.,0.));
#7643=DIRECTION('',(0.,0.,-1.));
#7644=DIRECTION('',(-1.,0.,0.));
#7645=DIRECTION('',(0.,0.,-1.));
#7646=DIRECTION('',(-1.,0.,0.));
#7647=DIRECTION('',(-1.,0.,0.));
#7648=DIRECTION('',(0.,0.,1.));
#7649=DIRECTION('',(0.,1.,0.));
#7650=DIRECTION('',(0.,0.,-1.));
#7651=DIRECTION('',(0.,1.,0.));
#7652=DIRECTION('',(0.,-1.,0.));
#7653=DIRECTION('',(0.,0.,-1.));
#7654=DIRECTION('',(-1.,0.,0.));
#7655=DIRECTION('',(-1.,0.,0.));
#7656=DIRECTION('',(0.,-1.,0.));
#7657=DIRECTION('',(0.,0.,-1.));
#7658=DIRECTION('',(-1.,0.,0.));
#7659=DIRECTION('',(0.,0.,-1.));
#7660=DIRECTION('',(-1.,0.,0.));
#7661=DIRECTION('',(0.,0.,-1.));
#7662=DIRECTION('',(-1.,0.,0.));
#7663=DIRECTION('',(0.,0.,1.));
#7664=DIRECTION('',(0.,1.,0.));
#7665=DIRECTION('',(0.,0.,-1.));
#7666=DIRECTION('',(0.,1.,0.));
#7667=DIRECTION('',(0.,-1.,0.));
#7668=DIRECTION('',(0.,0.,-1.));
#7669=DIRECTION('',(-1.,0.,0.));
#7670=DIRECTION('',(0.,0.,-1.));
#7671=DIRECTION('',(-1.,0.,0.));
#7672=DIRECTION('',(-1.,0.,0.));
#7673=DIRECTION('',(0.,0.,1.));
#7674=DIRECTION('',(0.,1.,0.));
#7675=DIRECTION('',(0.,1.,0.));
#7676=DIRECTION('',(1.,0.,0.));
#7677=DIRECTION('',(0.,0.,-1.));
#7678=DIRECTION('',(0.,-1.,0.));
#7679=DIRECTION('',(0.,0.,-1.));
#7680=DIRECTION('',(0.,-1.,0.));
#7681=DIRECTION('',(0.,0.,-1.));
#7682=DIRECTION('',(0.,-1.,0.));
#7683=DIRECTION('',(0.,0.,-1.));
#7684=DIRECTION('',(-1.,0.,0.));
#7685=DIRECTION('',(0.,0.,-1.));
#7686=DIRECTION('',(-1.,0.,0.));
#7687=DIRECTION('',(1.,0.,0.));
#7688=DIRECTION('',(0.,0.,-1.));
#7689=DIRECTION('',(0.,-1.,0.));
#7690=DIRECTION('',(0.,0.,-1.));
#7691=DIRECTION('',(0.,-1.,0.));
#7692=DIRECTION('',(0.,-1.,0.));
#7693=DIRECTION('',(0.,0.,-1.));
#7694=DIRECTION('',(-1.,0.,0.));
#7695=DIRECTION('',(-1.,0.,0.));
#7696=DIRECTION('',(1.,0.,0.));
#7697=DIRECTION('',(0.,0.,-1.));
#7698=DIRECTION('',(0.,-1.,0.));
#7699=DIRECTION('',(0.,0.,-1.));
#7700=DIRECTION('',(0.,-1.,0.));
#7701=DIRECTION('',(0.,0.,-1.));
#7702=DIRECTION('',(0.,-1.,0.));
#7703=DIRECTION('',(0.,0.,-1.));
#7704=DIRECTION('',(-1.,0.,0.));
#7705=DIRECTION('',(0.,0.,-1.));
#7706=DIRECTION('',(-1.,0.,0.));
#7707=DIRECTION('',(1.,0.,0.));
#7708=DIRECTION('',(0.,0.,-1.));
#7709=DIRECTION('',(0.,-1.,0.));
#7710=DIRECTION('',(0.,0.,-1.));
#7711=DIRECTION('',(0.,-1.,0.));
#7712=DIRECTION('',(0.,-1.,0.));
#7713=DIRECTION('',(0.,0.,-1.));
#7714=DIRECTION('',(-1.,0.,0.));
#7715=DIRECTION('',(-1.,0.,0.));
#7716=DIRECTION('',(0.,-1.,0.));
#7717=DIRECTION('',(0.,0.,-1.));
#7718=DIRECTION('',(-1.,0.,0.));
#7719=DIRECTION('',(0.,0.,-1.));
#7720=DIRECTION('',(-1.,0.,0.));
#7721=DIRECTION('',(0.,0.,-1.));
#7722=DIRECTION('',(1.,0.,0.));
#7723=DIRECTION('',(0.,0.,-1.));
#7724=DIRECTION('',(0.,-1.,0.));
#7725=DIRECTION('',(0.,0.,-1.));
#7726=DIRECTION('',(0.,-1.,0.));
#7727=DIRECTION('',(0.,-1.,0.));
#7728=DIRECTION('',(0.,0.,-1.));
#7729=DIRECTION('',(-1.,0.,0.));
#7730=DIRECTION('',(0.,0.,-1.));
#7731=DIRECTION('',(-1.,0.,0.));
#7732=DIRECTION('',(1.,0.,0.));
#7733=DIRECTION('',(0.,0.,-1.));
#7734=DIRECTION('',(0.,-1.,0.));
#7735=DIRECTION('',(0.,-1.,0.));
#7736=DIRECTION('',(0.,-1.,0.));
#7737=DIRECTION('',(0.,0.,-1.));
#7738=DIRECTION('',(-1.,0.,0.));
#7739=DIRECTION('',(0.,0.,-1.));
#7740=DIRECTION('',(-1.,0.,0.));
#7741=DIRECTION('',(0.,0.,-1.));
#7742=DIRECTION('',(1.,0.,0.));
#7743=DIRECTION('',(0.,0.,-1.));
#7744=DIRECTION('',(0.,-1.,0.));
#7745=DIRECTION('',(0.,0.,-1.));
#7746=DIRECTION('',(0.,-1.,0.));
#7747=DIRECTION('',(0.,-1.,0.));
#7748=DIRECTION('',(0.,0.,-1.));
#7749=DIRECTION('',(-1.,0.,0.));
#7750=DIRECTION('',(0.,0.,-1.));
#7751=DIRECTION('',(-1.,0.,0.));
#7752=DIRECTION('',(1.,0.,0.));
#7753=DIRECTION('',(0.,0.,-1.));
#7754=DIRECTION('',(0.,-1.,0.));
#7755=DIRECTION('',(0.,-1.,0.));
#7756=DIRECTION('',(0.,-1.,0.));
#7757=DIRECTION('',(0.,0.,-1.));
#7758=DIRECTION('',(-1.,0.,0.));
#7759=DIRECTION('',(0.,0.,-1.));
#7760=DIRECTION('',(-1.,0.,0.));
#7761=DIRECTION('',(0.,0.,-1.));
#7762=DIRECTION('',(1.,0.,0.));
#7763=DIRECTION('',(0.,0.,-1.));
#7764=DIRECTION('',(0.,-1.,0.));
#7765=DIRECTION('',(0.,0.,-1.));
#7766=DIRECTION('',(0.,-1.,0.));
#7767=DIRECTION('',(0.,-1.,0.));
#7768=DIRECTION('',(0.,0.,-1.));
#7769=DIRECTION('',(-1.,0.,0.));
#7770=DIRECTION('',(0.,0.,-1.));
#7771=DIRECTION('',(-1.,0.,0.));
#7772=DIRECTION('',(1.,0.,0.));
#7773=DIRECTION('',(0.,0.,-1.));
#7774=DIRECTION('',(0.,-1.,0.));
#7775=DIRECTION('',(0.,-1.,0.));
#7776=DIRECTION('',(1.,0.,0.));
#7777=DIRECTION('',(0.,0.,-1.));
#7778=DIRECTION('',(0.,-1.,0.));
#7779=DIRECTION('',(0.,0.,-1.));
#7780=DIRECTION('',(0.,-1.,0.));
#7781=DIRECTION('',(0.,0.,-1.));
#7782=DIRECTION('',(0.,1.,0.));
#7783=DIRECTION('',(0.,0.,1.));
#7784=DIRECTION('',(1.,0.,0.));
#7785=DIRECTION('',(0.,0.,-1.));
#7786=DIRECTION('',(1.,0.,0.));
#7787=DIRECTION('',(1.,0.,0.));
#7788=DIRECTION('',(0.,0.,-1.));
#7789=DIRECTION('',(0.,-1.,0.));
#7790=DIRECTION('',(0.,0.,-1.));
#7791=DIRECTION('',(0.,-1.,0.));
#7792=DIRECTION('',(0.,-1.,0.));
#7793=DIRECTION('',(0.,0.,-1.));
#7794=DIRECTION('',(-1.,0.,0.));
#7795=DIRECTION('',(0.,0.,-1.));
#7796=DIRECTION('',(-1.,0.,0.));
#7797=DIRECTION('',(0.,0.,-1.));
#7798=DIRECTION('',(-1.,0.,0.));
#7799=DIRECTION('',(0.,0.,-1.));
#7800=DIRECTION('',(-1.,0.,0.));
#7801=DIRECTION('',(0.,0.,-1.));
#7802=DIRECTION('',(0.,0.,-1.));
#7803=DIRECTION('',(-1.,0.,0.));
#7804=DIRECTION('',(0.,-1.,0.));
#7805=DIRECTION('',(0.,0.,-1.));
#7806=DIRECTION('',(-1.,0.,0.));
#7807=DIRECTION('',(0.,0.,-1.));
#7808=DIRECTION('',(-1.,0.,0.));
#7809=DIRECTION('',(1.,0.,0.));
#7810=DIRECTION('',(0.,0.,-1.));
#7811=DIRECTION('',(0.,-1.,0.));
#7812=DIRECTION('',(0.,0.,-1.));
#7813=DIRECTION('',(0.,-1.,0.));
#7814=DIRECTION('',(0.,1.,0.));
#7815=DIRECTION('',(0.,0.,1.));
#7816=DIRECTION('',(1.,0.,0.));
#7817=DIRECTION('',(0.,0.,-1.));
#7818=DIRECTION('',(1.,0.,0.));
#7819=DIRECTION('',(0.,0.,-1.));
#7820=DIRECTION('',(-1.,0.,0.));
#7821=DIRECTION('',(0.,0.,-1.));
#7822=DIRECTION('',(-1.,0.,0.));
#7823=DIRECTION('',(0.,0.,-1.));
#7824=DIRECTION('',(0.,0.,-1.));
#7825=DIRECTION('',(-1.,0.,0.));
#7826=DIRECTION('',(0.,1.,0.));
#7827=DIRECTION('',(0.,0.,1.));
#7828=DIRECTION('',(1.,0.,0.));
#7829=DIRECTION('',(0.,0.,-1.));
#7830=DIRECTION('',(1.,0.,0.));
#7831=DIRECTION('',(0.,0.,-1.));
#7832=DIRECTION('',(-1.,0.,0.));
#7833=DIRECTION('',(0.,0.,-1.));
#7834=DIRECTION('',(-1.,0.,0.));
#7835=DIRECTION('',(0.,0.,-1.));
#7836=DIRECTION('',(0.,0.,-1.));
#7837=DIRECTION('',(-1.,0.,0.));
#7838=DIRECTION('',(0.,1.,0.));
#7839=DIRECTION('',(0.,0.,1.));
#7840=DIRECTION('',(1.,0.,0.));
#7841=DIRECTION('',(0.,0.,-1.));
#7842=DIRECTION('',(1.,0.,0.));
#7843=DIRECTION('',(0.,0.,-1.));
#7844=DIRECTION('',(-1.,0.,0.));
#7845=DIRECTION('',(0.,0.,-1.));
#7846=DIRECTION('',(-1.,0.,0.));
#7847=DIRECTION('',(0.,0.,-1.));
#7848=DIRECTION('',(0.,0.,-1.));
#7849=DIRECTION('',(-1.,0.,0.));
#7850=DIRECTION('',(0.,1.,0.));
#7851=DIRECTION('',(0.,0.,1.));
#7852=DIRECTION('',(1.,0.,0.));
#7853=DIRECTION('',(0.,0.,-1.));
#7854=DIRECTION('',(1.,0.,0.));
#7855=DIRECTION('',(0.,0.,-1.));
#7856=DIRECTION('',(-1.,0.,0.));
#7857=DIRECTION('',(0.,0.,-1.));
#7858=DIRECTION('',(-1.,0.,0.));
#7859=DIRECTION('',(0.,0.,-1.));
#7860=DIRECTION('',(0.,0.,-1.));
#7861=DIRECTION('',(-1.,0.,0.));
#7862=DIRECTION('',(0.,1.,0.));
#7863=DIRECTION('',(0.,0.,1.));
#7864=DIRECTION('',(1.,0.,0.));
#7865=DIRECTION('',(0.,0.,-1.));
#7866=DIRECTION('',(1.,0.,0.));
#7867=DIRECTION('',(1.,0.,0.));
#7868=DIRECTION('',(0.,0.,-1.));
#7869=DIRECTION('',(0.,-1.,0.));
#7870=DIRECTION('',(0.,0.,-1.));
#7871=DIRECTION('',(0.,-1.,0.));
#7872=DIRECTION('',(0.,-1.,0.));
#7873=DIRECTION('',(0.,0.,-1.));
#7874=DIRECTION('',(-1.,0.,0.));
#7875=DIRECTION('',(0.,0.,-1.));
#7876=DIRECTION('',(-1.,0.,0.));
#7877=DIRECTION('',(0.,0.,-1.));
#7878=DIRECTION('',(-1.,0.,0.));
#7879=DIRECTION('',(0.,0.,-1.));
#7880=DIRECTION('',(-1.,0.,0.));
#7881=DIRECTION('',(0.,0.,-1.));
#7882=DIRECTION('',(0.,0.,-1.));
#7883=DIRECTION('',(-1.,0.,0.));
#7884=DIRECTION('',(0.,-1.,0.));
#7885=DIRECTION('',(0.,0.,-1.));
#7886=DIRECTION('',(-1.,0.,0.));
#7887=DIRECTION('',(0.,0.,-1.));
#7888=DIRECTION('',(-1.,0.,0.));
#7889=DIRECTION('',(1.,0.,0.));
#7890=DIRECTION('',(0.,0.,-1.));
#7891=DIRECTION('',(0.,-1.,0.));
#7892=DIRECTION('',(0.,0.,-1.));
#7893=DIRECTION('',(0.,-1.,0.));
#7894=DIRECTION('',(0.,1.,0.));
#7895=DIRECTION('',(0.,0.,1.));
#7896=DIRECTION('',(1.,0.,0.));
#7897=DIRECTION('',(0.,0.,-1.));
#7898=DIRECTION('',(1.,0.,0.));
#7899=DIRECTION('',(1.,0.,0.));
#7900=DIRECTION('',(0.,0.,-1.));
#7901=DIRECTION('',(0.,-1.,0.));
#7902=DIRECTION('',(0.,0.,-1.));
#7903=DIRECTION('',(0.,-1.,0.));
#7904=DIRECTION('',(0.,-1.,0.));
#7905=DIRECTION('',(0.,0.,-1.));
#7906=DIRECTION('',(-1.,0.,0.));
#7907=DIRECTION('',(-1.,0.,0.));
#7908=DIRECTION('',(0.,1.,0.));
#7909=DIRECTION('',(0.,0.,1.));
#7910=DIRECTION('',(1.,0.,0.));
#7911=DIRECTION('',(0.,0.,-1.));
#7912=DIRECTION('',(1.,0.,0.));
#7913=DIRECTION('',(0.,0.,-1.));
#7914=DIRECTION('',(1.,0.,0.));
#7915=DIRECTION('',(0.,0.,-1.));
#7916=DIRECTION('',(0.,-1.,0.));
#7917=DIRECTION('',(0.,0.,-1.));
#7918=DIRECTION('',(0.,-1.,0.));
#7919=DIRECTION('',(0.,-1.,0.));
#7920=DIRECTION('',(0.,0.,-1.));
#7921=DIRECTION('',(-1.,0.,0.));
#7922=DIRECTION('',(0.,0.,-1.));
#7923=DIRECTION('',(-1.,0.,0.));
#7924=DIRECTION('',(0.,0.,-1.));
#7925=DIRECTION('',(-1.,0.,0.));
#7926=DIRECTION('',(0.,0.,-1.));
#7927=DIRECTION('',(-1.,0.,0.));
#7928=DIRECTION('',(0.,0.,-1.));
#7929=DIRECTION('',(0.,0.,-1.));
#7930=DIRECTION('',(-1.,0.,0.));
#7931=DIRECTION('',(0.,-1.,0.));
#7932=DIRECTION('',(0.,0.,-1.));
#7933=DIRECTION('',(-1.,0.,0.));
#7934=DIRECTION('',(0.,0.,-1.));
#7935=DIRECTION('',(-1.,0.,0.));
#7936=DIRECTION('',(1.,0.,0.));
#7937=DIRECTION('',(0.,0.,-1.));
#7938=DIRECTION('',(0.,-1.,0.));
#7939=DIRECTION('',(0.,0.,-1.));
#7940=DIRECTION('',(0.,-1.,0.));
#7941=DIRECTION('',(0.,1.,0.));
#7942=DIRECTION('',(0.,0.,1.));
#7943=DIRECTION('',(1.,0.,0.));
#7944=DIRECTION('',(0.,0.,-1.));
#7945=DIRECTION('',(1.,0.,0.));
#7946=DIRECTION('',(0.,0.,-1.));
#7947=DIRECTION('',(-1.,0.,0.));
#7948=DIRECTION('',(0.,0.,-1.));
#7949=DIRECTION('',(-1.,0.,0.));
#7950=DIRECTION('',(0.,0.,-1.));
#7951=DIRECTION('',(0.,0.,-1.));
#7952=DIRECTION('',(-1.,0.,0.));
#7953=DIRECTION('',(0.,1.,0.));
#7954=DIRECTION('',(0.,0.,1.));
#7955=DIRECTION('',(1.,0.,0.));
#7956=DIRECTION('',(0.,0.,-1.));
#7957=DIRECTION('',(1.,0.,0.));
#7958=DIRECTION('',(0.,0.,-1.));
#7959=DIRECTION('',(-1.,0.,0.));
#7960=DIRECTION('',(0.,0.,-1.));
#7961=DIRECTION('',(-1.,0.,0.));
#7962=DIRECTION('',(0.,0.,-1.));
#7963=DIRECTION('',(0.,0.,-1.));
#7964=DIRECTION('',(-1.,0.,0.));
#7965=DIRECTION('',(0.,1.,0.));
#7966=DIRECTION('',(0.,0.,1.));
#7967=DIRECTION('',(1.,0.,0.));
#7968=DIRECTION('',(0.,0.,-1.));
#7969=DIRECTION('',(1.,0.,0.));
#7970=DIRECTION('',(1.,0.,0.));
#7971=DIRECTION('',(0.,0.,-1.));
#7972=DIRECTION('',(0.,-1.,0.));
#7973=DIRECTION('',(0.,0.,-1.));
#7974=DIRECTION('',(0.,-1.,0.));
#7975=DIRECTION('',(0.,-1.,0.));
#7976=DIRECTION('',(0.,0.,-1.));
#7977=DIRECTION('',(-1.,0.,0.));
#7978=DIRECTION('',(0.,0.,-1.));
#7979=DIRECTION('',(-1.,0.,0.));
#7980=DIRECTION('',(0.,0.,-1.));
#7981=DIRECTION('',(-1.,0.,0.));
#7982=DIRECTION('',(0.,0.,-1.));
#7983=DIRECTION('',(-1.,0.,0.));
#7984=DIRECTION('',(0.,0.,-1.));
#7985=DIRECTION('',(0.,0.,-1.));
#7986=DIRECTION('',(-1.,0.,0.));
#7987=DIRECTION('',(0.,-1.,0.));
#7988=DIRECTION('',(0.,0.,-1.));
#7989=DIRECTION('',(-1.,0.,0.));
#7990=DIRECTION('',(0.,0.,-1.));
#7991=DIRECTION('',(-1.,0.,0.));
#7992=DIRECTION('',(1.,0.,0.));
#7993=DIRECTION('',(0.,0.,-1.));
#7994=DIRECTION('',(0.,-1.,0.));
#7995=DIRECTION('',(0.,0.,-1.));
#7996=DIRECTION('',(0.,-1.,0.));
#7997=DIRECTION('',(0.,1.,0.));
#7998=DIRECTION('',(0.,0.,1.));
#7999=DIRECTION('',(1.,0.,0.));
#8000=DIRECTION('',(0.,0.,-1.));
#8001=DIRECTION('',(1.,0.,0.));
#8002=DIRECTION('',(-1.,0.,0.));
#8003=DIRECTION('',(0.,0.,1.));
#8004=DIRECTION('',(0.,1.,0.));
#8005=DIRECTION('',(0.,0.,-1.));
#8006=DIRECTION('',(0.,1.,0.));
#8007=DIRECTION('',(0.,-1.,0.));
#8008=DIRECTION('',(0.,0.,-1.));
#8009=DIRECTION('',(-1.,0.,0.));
#8010=DIRECTION('',(0.,0.,-1.));
#8011=DIRECTION('',(-1.,0.,0.));
#8012=DIRECTION('',(-1.,0.,0.));
#8013=DIRECTION('',(0.,0.,1.));
#8014=DIRECTION('',(0.,1.,0.));
#8015=DIRECTION('',(0.,1.,0.));
#8016=DIRECTION('',(0.,0.,-1.));
#8017=DIRECTION('',(-1.,0.,0.));
#8018=DIRECTION('',(0.,0.,-1.));
#8019=DIRECTION('',(-1.,0.,0.));
#8020=DIRECTION('',(0.,0.,-1.));
#8021=DIRECTION('',(-1.,0.,0.));
#8022=DIRECTION('',(0.,0.,-1.));
#8023=DIRECTION('',(-1.,0.,0.));
#8024=DIRECTION('',(0.,0.,-1.));
#8025=DIRECTION('',(-1.,0.,0.));
#8026=DIRECTION('',(0.,0.,-1.));
#8027=DIRECTION('',(-1.,0.,0.));
#8028=DIRECTION('',(0.,0.,-1.));
#8029=DIRECTION('',(-1.,0.,0.));
#8030=DIRECTION('',(0.,0.,-1.));
#8031=DIRECTION('',(-1.,0.,0.));
#8032=DIRECTION('',(0.,0.,-1.));
#8033=DIRECTION('',(-1.,0.,0.));
#8034=DIRECTION('',(0.,0.,-1.));
#8035=DIRECTION('',(-1.,0.,0.));
#8036=DIRECTION('',(0.,0.,-1.));
#8037=DIRECTION('',(-1.,0.,0.));
#8038=DIRECTION('',(0.,0.,-1.));
#8039=DIRECTION('',(-1.,0.,0.));
#8040=DIRECTION('',(0.,0.,-1.));
#8041=DIRECTION('',(-1.,0.,0.));
#8042=DIRECTION('',(0.,0.,-1.));
#8043=DIRECTION('',(-1.,0.,0.));
#8044=DIRECTION('',(0.,0.,-1.));
#8045=DIRECTION('',(-1.,0.,0.));
#8046=DIRECTION('',(0.,0.,-1.));
#8047=DIRECTION('',(-1.,0.,0.));
#8048=DIRECTION('',(0.,0.,-1.));
#8049=DIRECTION('',(-1.,0.,0.));
#8050=DIRECTION('',(0.,0.,-1.));
#8051=DIRECTION('',(-1.,0.,0.));
#8052=DIRECTION('',(0.,0.,-1.));
#8053=DIRECTION('',(-1.,0.,0.));
#8054=DIRECTION('',(0.,0.,-1.));
#8055=DIRECTION('',(-1.,0.,0.));
#8056=DIRECTION('',(0.,0.,-1.));
#8057=DIRECTION('',(-1.,0.,0.));
#8058=DIRECTION('',(0.,0.,-1.));
#8059=DIRECTION('',(-1.,0.,0.));
#8060=DIRECTION('',(0.,0.,-1.));
#8061=DIRECTION('',(-1.,0.,0.));
#8062=DIRECTION('',(0.,0.,-1.));
#8063=DIRECTION('',(-1.,0.,0.));
#8064=DIRECTION('',(0.,0.,-1.));
#8065=DIRECTION('',(-1.,0.,0.));
#8066=DIRECTION('',(0.,0.,-1.));
#8067=DIRECTION('',(-1.,0.,0.));
#8068=DIRECTION('',(0.,0.,-1.));
#8069=DIRECTION('',(-1.,0.,0.));
#8070=DIRECTION('',(0.,0.,-1.));
#8071=DIRECTION('',(-1.,0.,0.));
#8072=DIRECTION('',(0.,0.,-1.));
#8073=DIRECTION('',(-1.,0.,0.));
#8074=DIRECTION('',(0.,0.,-1.));
#8075=DIRECTION('',(-1.,0.,0.));
#8076=DIRECTION('',(0.,0.,-1.));
#8077=DIRECTION('',(-1.,0.,0.));
#8078=DIRECTION('',(0.,0.,-1.));
#8079=DIRECTION('',(-1.,0.,0.));
#8080=DIRECTION('',(0.,0.,-1.));
#8081=DIRECTION('',(-1.,0.,0.));
#8082=DIRECTION('',(0.,0.,-1.));
#8083=DIRECTION('',(-1.,0.,0.));
#8084=DIRECTION('',(0.,0.,-1.));
#8085=DIRECTION('',(-1.,0.,0.));
#8086=DIRECTION('',(0.,0.,-1.));
#8087=DIRECTION('',(-1.,0.,0.));
#8088=DIRECTION('',(0.,0.,-1.));
#8089=DIRECTION('',(-1.,0.,0.));
#8090=DIRECTION('',(0.,0.,-1.));
#8091=DIRECTION('',(-1.,0.,0.));
#8092=DIRECTION('',(0.,0.,-1.));
#8093=DIRECTION('',(-1.,0.,0.));
#8094=DIRECTION('',(0.,0.,-1.));
#8095=DIRECTION('',(-1.,0.,0.));
#8096=DIRECTION('',(0.,0.,-1.));
#8097=DIRECTION('',(-1.,0.,0.));
#8098=DIRECTION('',(0.,0.,-1.));
#8099=DIRECTION('',(-1.,0.,0.));
#8100=DIRECTION('',(0.,0.,-1.));
#8101=DIRECTION('',(-1.,0.,0.));
#8102=DIRECTION('',(0.,0.,-1.));
#8103=DIRECTION('',(-1.,0.,0.));
#8104=DIRECTION('',(0.,0.,-1.));
#8105=DIRECTION('',(-1.,0.,0.));
#8106=DIRECTION('',(0.,0.,-1.));
#8107=DIRECTION('',(-1.,0.,0.));
#8108=DIRECTION('',(0.,0.,-1.));
#8109=DIRECTION('',(-1.,0.,0.));
#8110=DIRECTION('',(0.,0.,-1.));
#8111=DIRECTION('',(-1.,0.,0.));
#8112=DIRECTION('',(0.,0.,-1.));
#8113=DIRECTION('',(-1.,0.,0.));
#8114=DIRECTION('',(0.,0.,-1.));
#8115=DIRECTION('',(-1.,0.,0.));
#8116=DIRECTION('',(0.,0.,-1.));
#8117=DIRECTION('',(-1.,0.,0.));
#8118=DIRECTION('',(0.,0.,-1.));
#8119=DIRECTION('',(-1.,0.,0.));
#8120=DIRECTION('',(0.,0.,-1.));
#8121=DIRECTION('',(-1.,0.,0.));
#8122=DIRECTION('',(0.,0.,-1.));
#8123=DIRECTION('',(-1.,0.,0.));
#8124=DIRECTION('',(0.,0.,-1.));
#8125=DIRECTION('',(-1.,0.,0.));
#8126=DIRECTION('',(0.,0.,-1.));
#8127=DIRECTION('',(-1.,0.,0.));
#8128=DIRECTION('',(0.,0.,-1.));
#8129=DIRECTION('',(-1.,0.,0.));
#8130=DIRECTION('',(0.,0.,-1.));
#8131=DIRECTION('',(-1.,0.,0.));
#8132=DIRECTION('',(0.,0.,-1.));
#8133=DIRECTION('',(-1.,0.,0.));
#8134=DIRECTION('',(0.,0.,-1.));
#8135=DIRECTION('',(-1.,0.,0.));
#8136=DIRECTION('',(0.,0.,-1.));
#8137=DIRECTION('',(-1.,0.,0.));
#8138=DIRECTION('',(0.,0.,-1.));
#8139=DIRECTION('',(-1.,0.,0.));
#8140=DIRECTION('',(0.,0.,-1.));
#8141=DIRECTION('',(-1.,0.,0.));
#8142=DIRECTION('',(0.,0.,-1.));
#8143=DIRECTION('',(-1.,0.,0.));
#8144=DIRECTION('',(0.,0.,-1.));
#8145=DIRECTION('',(-1.,0.,0.));
#8146=DIRECTION('',(0.,0.,-1.));
#8147=DIRECTION('',(-1.,0.,0.));
#8148=DIRECTION('',(0.,0.,-1.));
#8149=DIRECTION('',(-1.,0.,0.));
#8150=DIRECTION('',(0.,0.,-1.));
#8151=DIRECTION('',(-1.,0.,0.));
#8152=DIRECTION('',(0.,0.,-1.));
#8153=DIRECTION('',(-1.,0.,0.));
#8154=DIRECTION('',(0.,0.,-1.));
#8155=DIRECTION('',(-1.,0.,0.));
#8156=DIRECTION('',(0.,0.,-1.));
#8157=DIRECTION('',(-1.,0.,0.));
#8158=DIRECTION('',(0.,0.,-1.));
#8159=DIRECTION('',(-1.,0.,0.));
#8160=DIRECTION('',(0.,0.,-1.));
#8161=DIRECTION('',(-1.,0.,0.));
#8162=DIRECTION('',(0.,0.,-1.));
#8163=DIRECTION('',(-1.,0.,0.));
#8164=DIRECTION('',(0.,0.,-1.));
#8165=DIRECTION('',(-1.,0.,0.));
#8166=DIRECTION('',(0.,0.,-1.));
#8167=DIRECTION('',(-1.,0.,0.));
#8168=DIRECTION('',(0.,0.,-1.));
#8169=DIRECTION('',(-1.,0.,0.));
#8170=DIRECTION('',(0.,0.,-1.));
#8171=DIRECTION('',(-1.,0.,0.));
#8172=DIRECTION('',(0.,0.,-1.));
#8173=DIRECTION('',(-1.,0.,0.));
#8174=DIRECTION('',(0.,0.,-1.));
#8175=DIRECTION('',(-1.,0.,0.));
#8176=DIRECTION('',(0.,0.,-1.));
#8177=DIRECTION('',(-1.,0.,0.));
#8178=DIRECTION('',(0.,0.,-1.));
#8179=DIRECTION('',(-1.,0.,0.));
#8180=DIRECTION('',(0.,0.,-1.));
#8181=DIRECTION('',(-1.,0.,0.));
#8182=DIRECTION('',(0.,0.,-1.));
#8183=DIRECTION('',(-1.,0.,0.));
#8184=DIRECTION('',(0.,0.,-1.));
#8185=DIRECTION('',(-1.,0.,0.));
#8186=DIRECTION('',(0.,0.,-1.));
#8187=DIRECTION('',(-1.,0.,0.));
#8188=DIRECTION('',(0.,0.,-1.));
#8189=DIRECTION('',(-1.,0.,0.));
#8190=DIRECTION('',(0.,0.,-1.));
#8191=DIRECTION('',(-1.,0.,0.));
#8192=DIRECTION('',(0.,0.,-1.));
#8193=DIRECTION('',(-1.,0.,0.));
#8194=DIRECTION('',(0.,0.,-1.));
#8195=DIRECTION('',(-1.,0.,0.));
#8196=DIRECTION('',(0.,0.,-1.));
#8197=DIRECTION('',(-1.,0.,0.));
#8198=DIRECTION('',(0.,0.,-1.));
#8199=DIRECTION('',(-1.,0.,0.));
#8200=DIRECTION('',(0.,0.,-1.));
#8201=DIRECTION('',(-1.,0.,0.));
#8202=DIRECTION('',(0.,0.,-1.));
#8203=DIRECTION('',(-1.,0.,0.));
#8204=DIRECTION('',(0.,0.,-1.));
#8205=DIRECTION('',(-1.,0.,0.));
#8206=DIRECTION('',(0.,0.,-1.));
#8207=DIRECTION('',(-1.,0.,0.));
#8208=DIRECTION('',(0.,0.,-1.));
#8209=DIRECTION('',(-1.,0.,0.));
#8210=DIRECTION('',(0.,0.,-1.));
#8211=DIRECTION('',(-1.,0.,0.));
#8212=DIRECTION('',(0.,0.,-1.));
#8213=DIRECTION('',(-1.,0.,0.));
#8214=DIRECTION('',(0.,0.,-1.));
#8215=DIRECTION('',(-1.,0.,0.));
#8216=DIRECTION('',(0.,0.,-1.));
#8217=DIRECTION('',(-1.,0.,0.));
#8218=DIRECTION('',(0.,0.,-1.));
#8219=DIRECTION('',(-1.,0.,0.));
#8220=DIRECTION('',(0.,0.,-1.));
#8221=DIRECTION('',(-1.,0.,0.));
#8222=DIRECTION('',(0.,0.,-1.));
#8223=DIRECTION('',(-1.,0.,0.));
#8224=DIRECTION('',(0.,0.,-1.));
#8225=DIRECTION('',(-1.,0.,0.));
#8226=DIRECTION('',(0.,0.,-1.));
#8227=DIRECTION('',(-1.,0.,0.));
#8228=DIRECTION('',(0.,0.,-1.));
#8229=DIRECTION('',(-1.,0.,0.));
#8230=DIRECTION('',(0.,0.,-1.));
#8231=DIRECTION('',(-1.,0.,0.));
#8232=DIRECTION('',(0.,0.,-1.));
#8233=DIRECTION('',(-1.,0.,0.));
#8234=DIRECTION('',(0.,0.,-1.));
#8235=DIRECTION('',(-1.,0.,0.));
#8236=DIRECTION('',(0.,0.,-1.));
#8237=DIRECTION('',(-1.,0.,0.));
#8238=DIRECTION('',(0.,0.,-1.));
#8239=DIRECTION('',(-1.,0.,0.));
#8240=DIRECTION('',(0.,0.,-1.));
#8241=DIRECTION('',(-1.,0.,0.));
#8242=DIRECTION('',(0.,0.,-1.));
#8243=DIRECTION('',(-1.,0.,0.));
#8244=DIRECTION('',(0.,0.,-1.));
#8245=DIRECTION('',(-1.,0.,0.));
#8246=DIRECTION('',(0.,0.,-1.));
#8247=DIRECTION('',(-1.,0.,0.));
#8248=DIRECTION('',(0.,0.,-1.));
#8249=DIRECTION('',(-1.,0.,0.));
#8250=DIRECTION('',(0.,0.,-1.));
#8251=DIRECTION('',(-1.,0.,0.));
#8252=DIRECTION('',(0.,0.,-1.));
#8253=DIRECTION('',(-1.,0.,0.));
#8254=DIRECTION('',(0.,0.,-1.));
#8255=DIRECTION('',(-1.,0.,0.));
#8256=DIRECTION('',(0.,0.,-1.));
#8257=DIRECTION('',(-1.,0.,0.));
#8258=DIRECTION('',(0.,0.,-1.));
#8259=DIRECTION('',(-1.,0.,0.));
#8260=DIRECTION('',(0.,0.,-1.));
#8261=DIRECTION('',(-1.,0.,0.));
#8262=DIRECTION('',(0.,0.,-1.));
#8263=DIRECTION('',(-1.,0.,0.));
#8264=DIRECTION('',(0.,0.,-1.));
#8265=DIRECTION('',(-1.,0.,0.));
#8266=DIRECTION('',(0.,0.,-1.));
#8267=DIRECTION('',(-1.,0.,0.));
#8268=DIRECTION('',(0.,0.,-1.));
#8269=DIRECTION('',(-1.,0.,0.));
#8270=DIRECTION('',(0.,0.,-1.));
#8271=DIRECTION('',(-1.,0.,0.));
#8272=DIRECTION('',(0.,0.,-1.));
#8273=DIRECTION('',(-1.,0.,0.));
#8274=DIRECTION('',(0.,0.,-1.));
#8275=DIRECTION('',(-1.,0.,0.));
#8276=DIRECTION('',(0.,0.,-1.));
#8277=DIRECTION('',(-1.,0.,0.));
#8278=DIRECTION('',(0.,0.,-1.));
#8279=DIRECTION('',(-1.,0.,0.));
#8280=DIRECTION('',(0.,0.,-1.));
#8281=DIRECTION('',(-1.,0.,0.));
#8282=DIRECTION('',(0.,0.,-1.));
#8283=DIRECTION('',(-1.,0.,0.));
#8284=DIRECTION('',(0.,0.,-1.));
#8285=DIRECTION('',(-1.,0.,0.));
#8286=DIRECTION('',(0.,0.,-1.));
#8287=DIRECTION('',(-1.,0.,0.));
#8288=DIRECTION('',(0.,0.,-1.));
#8289=DIRECTION('',(-1.,0.,0.));
#8290=DIRECTION('',(0.,0.,-1.));
#8291=DIRECTION('',(-1.,0.,0.));
#8292=DIRECTION('',(0.,0.,-1.));
#8293=DIRECTION('',(-1.,0.,0.));
#8294=DIRECTION('',(0.,0.,-1.));
#8295=DIRECTION('',(-1.,0.,0.));
#8296=DIRECTION('',(0.,0.,-1.));
#8297=DIRECTION('',(-1.,0.,0.));
#8298=DIRECTION('',(0.,0.,-1.));
#8299=DIRECTION('',(-1.,0.,0.));
#8300=DIRECTION('',(0.,0.,-1.));
#8301=DIRECTION('',(-1.,0.,0.));
#8302=DIRECTION('',(0.,0.,-1.));
#8303=DIRECTION('',(-1.,0.,0.));
#8304=DIRECTION('',(0.,0.,-1.));
#8305=DIRECTION('',(-1.,0.,0.));
#8306=DIRECTION('',(0.,0.,-1.));
#8307=DIRECTION('',(-1.,0.,0.));
#8308=DIRECTION('',(0.,0.,-1.));
#8309=DIRECTION('',(-1.,0.,0.));
#8310=DIRECTION('',(0.,0.,-1.));
#8311=DIRECTION('',(-1.,0.,0.));
#8312=DIRECTION('',(0.,0.,-1.));
#8313=DIRECTION('',(-1.,0.,0.));
#8314=DIRECTION('',(0.,0.,-1.));
#8315=DIRECTION('',(-1.,0.,0.));
#8316=DIRECTION('',(0.,0.,-1.));
#8317=DIRECTION('',(-1.,0.,0.));
#8318=DIRECTION('',(0.,0.,-1.));
#8319=DIRECTION('',(-1.,0.,0.));
#8320=DIRECTION('',(0.,0.,-1.));
#8321=DIRECTION('',(-1.,0.,0.));
#8322=DIRECTION('',(0.,0.,-1.));
#8323=DIRECTION('',(-1.,0.,0.));
#8324=DIRECTION('',(0.,0.,-1.));
#8325=DIRECTION('',(-1.,0.,0.));
#8326=DIRECTION('',(0.,0.,-1.));
#8327=DIRECTION('',(-1.,0.,0.));
#8328=DIRECTION('',(0.,0.,-1.));
#8329=DIRECTION('',(-1.,0.,0.));
#8330=DIRECTION('',(0.,0.,-1.));
#8331=DIRECTION('',(-1.,0.,0.));
#8332=DIRECTION('',(0.,0.,-1.));
#8333=DIRECTION('',(-1.,0.,0.));
#8334=DIRECTION('',(0.,0.,-1.));
#8335=DIRECTION('',(-1.,0.,0.));
#8336=DIRECTION('',(0.,0.,-1.));
#8337=DIRECTION('',(-1.,0.,0.));
#8338=DIRECTION('',(0.,0.,-1.));
#8339=DIRECTION('',(-1.,0.,0.));
#8340=DIRECTION('',(0.,0.,-1.));
#8341=DIRECTION('',(-1.,0.,0.));
#8342=DIRECTION('',(0.,0.,-1.));
#8343=DIRECTION('',(-1.,0.,0.));
#8344=DIRECTION('',(0.,0.,-1.));
#8345=DIRECTION('',(-1.,0.,0.));
#8346=DIRECTION('',(0.,0.,-1.));
#8347=DIRECTION('',(-1.,0.,0.));
#8348=DIRECTION('',(0.,0.,-1.));
#8349=DIRECTION('',(-1.,0.,0.));
#8350=DIRECTION('',(0.,0.,-1.));
#8351=DIRECTION('',(-1.,0.,0.));
#8352=DIRECTION('',(0.,0.,-1.));
#8353=DIRECTION('',(-1.,0.,0.));
#8354=DIRECTION('',(0.,0.,-1.));
#8355=DIRECTION('',(-1.,0.,0.));
#8356=DIRECTION('',(0.,0.,-1.));
#8357=DIRECTION('',(-1.,0.,0.));
#8358=DIRECTION('',(0.,0.,-1.));
#8359=DIRECTION('',(-1.,0.,0.));
#8360=DIRECTION('',(0.,0.,-1.));
#8361=DIRECTION('',(-1.,0.,0.));
#8362=DIRECTION('',(0.,0.,-1.));
#8363=DIRECTION('',(-1.,0.,0.));
#8364=DIRECTION('',(0.,0.,-1.));
#8365=DIRECTION('',(-1.,0.,0.));
#8366=DIRECTION('',(0.,0.,-1.));
#8367=DIRECTION('',(-1.,0.,0.));
#8368=DIRECTION('',(0.,0.,-1.));
#8369=DIRECTION('',(-1.,0.,0.));
#8370=DIRECTION('',(0.,0.,-1.));
#8371=DIRECTION('',(-1.,0.,0.));
#8372=DIRECTION('',(0.,0.,-1.));
#8373=DIRECTION('',(-1.,0.,0.));
#8374=DIRECTION('',(0.,0.,-1.));
#8375=DIRECTION('',(-1.,0.,0.));
#8376=DIRECTION('',(0.,0.,-1.));
#8377=DIRECTION('',(-1.,0.,0.));
#8378=DIRECTION('',(0.,0.,-1.));
#8379=DIRECTION('',(-1.,0.,0.));
#8380=DIRECTION('',(0.,0.,-1.));
#8381=DIRECTION('',(-1.,0.,0.));
#8382=DIRECTION('',(0.,0.,-1.));
#8383=DIRECTION('',(-1.,0.,0.));
#8384=DIRECTION('',(0.,0.,-1.));
#8385=DIRECTION('',(-1.,0.,0.));
#8386=DIRECTION('',(0.,0.,-1.));
#8387=DIRECTION('',(-1.,0.,0.));
#8388=DIRECTION('',(0.,0.,-1.));
#8389=DIRECTION('',(-1.,0.,0.));
#8390=DIRECTION('',(0.,0.,-1.));
#8391=DIRECTION('',(-1.,0.,0.));
#8392=DIRECTION('',(0.,0.,-1.));
#8393=DIRECTION('',(-1.,0.,0.));
#8394=DIRECTION('',(0.,0.,-1.));
#8395=DIRECTION('',(-1.,0.,0.));
#8396=DIRECTION('',(0.,0.,-1.));
#8397=DIRECTION('',(-1.,0.,0.));
#8398=DIRECTION('',(0.,0.,-1.));
#8399=DIRECTION('',(-1.,0.,0.));
#8400=DIRECTION('',(0.,0.,-1.));
#8401=DIRECTION('',(-1.,0.,0.));
#8402=DIRECTION('',(0.,0.,-1.));
#8403=DIRECTION('',(-1.,0.,0.));
#8404=DIRECTION('',(0.,0.,-1.));
#8405=DIRECTION('',(-1.,0.,0.));
#8406=DIRECTION('',(0.,0.,-1.));
#8407=DIRECTION('',(-1.,0.,0.));
#8408=DIRECTION('',(0.,0.,-1.));
#8409=DIRECTION('',(-1.,0.,0.));
#8410=DIRECTION('',(0.,0.,-1.));
#8411=DIRECTION('',(-1.,0.,0.));
#8412=DIRECTION('',(0.,0.,-1.));
#8413=DIRECTION('',(-1.,0.,0.));
#8414=DIRECTION('',(0.,0.,-1.));
#8415=DIRECTION('',(-1.,0.,0.));
#8416=DIRECTION('',(0.,0.,-1.));
#8417=DIRECTION('',(-1.,0.,0.));
#8418=DIRECTION('',(0.,0.,-1.));
#8419=DIRECTION('',(-1.,0.,0.));
#8420=DIRECTION('',(0.,0.,-1.));
#8421=DIRECTION('',(-1.,0.,0.));
#8422=DIRECTION('',(0.,0.,-1.));
#8423=DIRECTION('',(-1.,0.,0.));
#8424=DIRECTION('',(0.,0.,-1.));
#8425=DIRECTION('',(-1.,0.,0.));
#8426=DIRECTION('',(0.,0.,-1.));
#8427=DIRECTION('',(-1.,0.,0.));
#8428=DIRECTION('',(0.,0.,-1.));
#8429=DIRECTION('',(-1.,0.,0.));
#8430=DIRECTION('',(0.,0.,-1.));
#8431=DIRECTION('',(-1.,0.,0.));
#8432=DIRECTION('',(0.,0.,-1.));
#8433=DIRECTION('',(-1.,0.,0.));
#8434=DIRECTION('',(0.,0.,-1.));
#8435=DIRECTION('',(-1.,0.,0.));
#8436=DIRECTION('',(0.,-1.,0.));
#8437=DIRECTION('',(0.,0.,-1.));
#8438=DIRECTION('',(-1.,0.,0.));
#8439=DIRECTION('',(0.,0.,-1.));
#8440=DIRECTION('',(-1.,0.,0.));
#8441=DIRECTION('',(0.,0.,-1.));
#8442=DIRECTION('',(-1.,0.,0.));
#8443=DIRECTION('',(0.,0.,1.));
#8444=DIRECTION('',(0.,1.,0.));
#8445=DIRECTION('',(0.,0.,-1.));
#8446=DIRECTION('',(0.,1.,0.));
#8447=DIRECTION('',(0.,-1.,0.));
#8448=DIRECTION('',(0.,0.,-1.));
#8449=DIRECTION('',(-1.,0.,0.));
#8450=DIRECTION('',(0.,0.,-1.));
#8451=DIRECTION('',(-1.,0.,0.));
#8452=DIRECTION('',(-1.,0.,0.));
#8453=DIRECTION('',(0.,0.,1.));
#8454=DIRECTION('',(0.,1.,0.));
#8455=DIRECTION('',(0.,1.,0.));
#8456=DIRECTION('',(1.,0.,0.));
#8457=DIRECTION('',(0.,0.,-1.));
#8458=DIRECTION('',(0.,-1.,0.));
#8459=DIRECTION('',(0.,0.,-1.));
#8460=DIRECTION('',(0.,-1.,0.));
#8461=DIRECTION('',(0.,0.,-1.));
#8462=DIRECTION('',(0.,1.,0.));
#8463=DIRECTION('',(0.,0.,1.));
#8464=DIRECTION('',(1.,0.,0.));
#8465=DIRECTION('',(0.,0.,-1.));
#8466=DIRECTION('',(1.,0.,0.));
#8467=DIRECTION('',(1.,0.,0.));
#8468=DIRECTION('',(0.,0.,-1.));
#8469=DIRECTION('',(0.,-1.,0.));
#8470=DIRECTION('',(0.,0.,-1.));
#8471=DIRECTION('',(0.,-1.,0.));
#8472=DIRECTION('',(0.,-1.,0.));
#8473=DIRECTION('',(0.,0.,-1.));
#8474=DIRECTION('',(-1.,0.,0.));
#8475=DIRECTION('',(0.,0.,-1.));
#8476=DIRECTION('',(-1.,0.,0.));
#8477=DIRECTION('',(0.,0.,-1.));
#8478=DIRECTION('',(-1.,0.,0.));
#8479=DIRECTION('',(0.,0.,-1.));
#8480=DIRECTION('',(-1.,0.,0.));
#8481=DIRECTION('',(0.,0.,-1.));
#8482=DIRECTION('',(0.,0.,-1.));
#8483=DIRECTION('',(-1.,0.,0.));
#8484=DIRECTION('',(0.,-1.,0.));
#8485=DIRECTION('',(0.,0.,-1.));
#8486=DIRECTION('',(-1.,0.,0.));
#8487=DIRECTION('',(0.,0.,-1.));
#8488=DIRECTION('',(-1.,0.,0.));
#8489=DIRECTION('',(1.,0.,0.));
#8490=DIRECTION('',(0.,0.,-1.));
#8491=DIRECTION('',(0.,-1.,0.));
#8492=DIRECTION('',(0.,0.,-1.));
#8493=DIRECTION('',(0.,-1.,0.));
#8494=DIRECTION('',(0.,1.,0.));
#8495=DIRECTION('',(0.,0.,1.));
#8496=DIRECTION('',(1.,0.,0.));
#8497=DIRECTION('',(0.,0.,-1.));
#8498=DIRECTION('',(1.,0.,0.));
#8499=DIRECTION('',(0.,0.,-1.));
#8500=DIRECTION('',(-1.,0.,0.));
#8501=DIRECTION('',(0.,0.,-1.));
#8502=DIRECTION('',(-1.,0.,0.));
#8503=DIRECTION('',(0.,0.,-1.));
#8504=DIRECTION('',(0.,0.,-1.));
#8505=DIRECTION('',(-1.,0.,0.));
#8506=DIRECTION('',(0.,1.,0.));
#8507=DIRECTION('',(0.,0.,1.));
#8508=DIRECTION('',(1.,0.,0.));
#8509=DIRECTION('',(0.,0.,-1.));
#8510=DIRECTION('',(1.,0.,0.));
#8511=DIRECTION('',(0.,0.,-1.));
#8512=DIRECTION('',(-1.,0.,0.));
#8513=DIRECTION('',(0.,0.,-1.));
#8514=DIRECTION('',(-1.,0.,0.));
#8515=DIRECTION('',(0.,0.,-1.));
#8516=DIRECTION('',(0.,0.,-1.));
#8517=DIRECTION('',(-1.,0.,0.));
#8518=DIRECTION('',(0.,1.,0.));
#8519=DIRECTION('',(0.,0.,1.));
#8520=DIRECTION('',(1.,0.,0.));
#8521=DIRECTION('',(0.,0.,-1.));
#8522=DIRECTION('',(1.,0.,0.));
#8523=DIRECTION('',(0.,0.,-1.));
#8524=DIRECTION('',(-1.,0.,0.));
#8525=DIRECTION('',(0.,0.,-1.));
#8526=DIRECTION('',(-1.,0.,0.));
#8527=DIRECTION('',(0.,0.,-1.));
#8528=DIRECTION('',(0.,0.,-1.));
#8529=DIRECTION('',(-1.,0.,0.));
#8530=DIRECTION('',(0.,1.,0.));
#8531=DIRECTION('',(0.,0.,1.));
#8532=DIRECTION('',(1.,0.,0.));
#8533=DIRECTION('',(0.,0.,-1.));
#8534=DIRECTION('',(1.,0.,0.));
#8535=DIRECTION('',(0.,0.,-1.));
#8536=DIRECTION('',(-1.,0.,0.));
#8537=DIRECTION('',(0.,0.,-1.));
#8538=DIRECTION('',(-1.,0.,0.));
#8539=DIRECTION('',(0.,0.,-1.));
#8540=DIRECTION('',(0.,0.,-1.));
#8541=DIRECTION('',(-1.,0.,0.));
#8542=DIRECTION('',(0.,1.,0.));
#8543=DIRECTION('',(0.,0.,1.));
#8544=DIRECTION('',(1.,0.,0.));
#8545=DIRECTION('',(0.,0.,-1.));
#8546=DIRECTION('',(1.,0.,0.));
#8547=DIRECTION('',(1.,0.,0.));
#8548=DIRECTION('',(0.,0.,-1.));
#8549=DIRECTION('',(0.,-1.,0.));
#8550=DIRECTION('',(0.,0.,-1.));
#8551=DIRECTION('',(0.,-1.,0.));
#8552=DIRECTION('',(0.,-1.,0.));
#8553=DIRECTION('',(0.,0.,-1.));
#8554=DIRECTION('',(-1.,0.,0.));
#8555=DIRECTION('',(0.,0.,-1.));
#8556=DIRECTION('',(-1.,0.,0.));
#8557=DIRECTION('',(0.,0.,-1.));
#8558=DIRECTION('',(-1.,0.,0.));
#8559=DIRECTION('',(0.,0.,-1.));
#8560=DIRECTION('',(-1.,0.,0.));
#8561=DIRECTION('',(0.,0.,-1.));
#8562=DIRECTION('',(0.,0.,-1.));
#8563=DIRECTION('',(-1.,0.,0.));
#8564=DIRECTION('',(0.,-1.,0.));
#8565=DIRECTION('',(0.,0.,-1.));
#8566=DIRECTION('',(-1.,0.,0.));
#8567=DIRECTION('',(0.,0.,-1.));
#8568=DIRECTION('',(-1.,0.,0.));
#8569=DIRECTION('',(1.,0.,0.));
#8570=DIRECTION('',(0.,0.,-1.));
#8571=DIRECTION('',(0.,-1.,0.));
#8572=DIRECTION('',(0.,0.,-1.));
#8573=DIRECTION('',(0.,-1.,0.));
#8574=DIRECTION('',(0.,1.,0.));
#8575=DIRECTION('',(0.,0.,1.));
#8576=DIRECTION('',(1.,0.,0.));
#8577=DIRECTION('',(0.,0.,-1.));
#8578=DIRECTION('',(1.,0.,0.));
#8579=DIRECTION('',(1.,0.,0.));
#8580=DIRECTION('',(0.,0.,-1.));
#8581=DIRECTION('',(0.,-1.,0.));
#8582=DIRECTION('',(0.,0.,-1.));
#8583=DIRECTION('',(0.,-1.,0.));
#8584=DIRECTION('',(0.,-1.,0.));
#8585=DIRECTION('',(0.,0.,-1.));
#8586=DIRECTION('',(-1.,0.,0.));
#8587=DIRECTION('',(-1.,0.,0.));
#8588=DIRECTION('',(1.,0.,0.));
#8589=DIRECTION('',(0.,0.,-1.));
#8590=DIRECTION('',(0.,-1.,0.));
#8591=DIRECTION('',(0.,0.,-1.));
#8592=DIRECTION('',(0.,-1.,0.));
#8593=DIRECTION('',(0.,0.,-1.));
#8594=DIRECTION('',(0.,-1.,0.));
#8595=DIRECTION('',(0.,0.,-1.));
#8596=DIRECTION('',(-1.,0.,0.));
#8597=DIRECTION('',(0.,0.,-1.));
#8598=DIRECTION('',(-1.,0.,0.));
#8599=DIRECTION('',(1.,0.,0.));
#8600=DIRECTION('',(0.,0.,-1.));
#8601=DIRECTION('',(0.,-1.,0.));
#8602=DIRECTION('',(0.,0.,-1.));
#8603=DIRECTION('',(0.,-1.,0.));
#8604=DIRECTION('',(0.,-1.,0.));
#8605=DIRECTION('',(0.,0.,-1.));
#8606=DIRECTION('',(-1.,0.,0.));
#8607=DIRECTION('',(-1.,0.,0.));
#8608=DIRECTION('',(-1.,0.,0.));
#8609=DIRECTION('',(0.,0.,1.));
#8610=DIRECTION('',(0.,1.,0.));
#8611=DIRECTION('',(0.,0.,-1.));
#8612=DIRECTION('',(0.,1.,0.));
#8613=DIRECTION('',(0.,0.,-1.));
#8614=DIRECTION('',(0.,-1.,0.));
#8615=DIRECTION('',(0.,0.,-1.));
#8616=DIRECTION('',(-1.,0.,0.));
#8617=DIRECTION('',(0.,0.,-1.));
#8618=DIRECTION('',(-1.,0.,0.));
#8619=DIRECTION('',(-1.,0.,0.));
#8620=DIRECTION('',(0.,0.,1.));
#8621=DIRECTION('',(0.,1.,0.));
#8622=DIRECTION('',(0.,0.,-1.));
#8623=DIRECTION('',(0.,1.,0.));
#8624=DIRECTION('',(0.,-1.,0.));
#8625=DIRECTION('',(0.,0.,-1.));
#8626=DIRECTION('',(-1.,0.,0.));
#8627=DIRECTION('',(-1.,0.,0.));
#8628=DIRECTION('',(-1.,0.,0.));
#8629=DIRECTION('',(0.,0.,1.));
#8630=DIRECTION('',(0.,1.,0.));
#8631=DIRECTION('',(0.,0.,-1.));
#8632=DIRECTION('',(0.,1.,0.));
#8633=DIRECTION('',(0.,0.,-1.));
#8634=DIRECTION('',(0.,-1.,0.));
#8635=DIRECTION('',(0.,0.,-1.));
#8636=DIRECTION('',(-1.,0.,0.));
#8637=DIRECTION('',(0.,0.,-1.));
#8638=DIRECTION('',(-1.,0.,0.));
#8639=DIRECTION('',(-1.,0.,0.));
#8640=DIRECTION('',(0.,0.,1.));
#8641=DIRECTION('',(0.,1.,0.));
#8642=DIRECTION('',(0.,0.,-1.));
#8643=DIRECTION('',(0.,1.,0.));
#8644=DIRECTION('',(0.,-1.,0.));
#8645=DIRECTION('',(0.,0.,-1.));
#8646=DIRECTION('',(-1.,0.,0.));
#8647=DIRECTION('',(-1.,0.,0.));
#8648=DIRECTION('',(0.,-1.,0.));
#8649=DIRECTION('',(0.,0.,-1.));
#8650=DIRECTION('',(-1.,0.,0.));
#8651=DIRECTION('',(0.,0.,-1.));
#8652=DIRECTION('',(-1.,0.,0.));
#8653=DIRECTION('',(0.,0.,-1.));
#8654=DIRECTION('',(1.,0.,0.));
#8655=DIRECTION('',(0.,0.,-1.));
#8656=DIRECTION('',(0.,-1.,0.));
#8657=DIRECTION('',(0.,0.,-1.));
#8658=DIRECTION('',(0.,-1.,0.));
#8659=DIRECTION('',(0.,-1.,0.));
#8660=DIRECTION('',(0.,0.,-1.));
#8661=DIRECTION('',(-1.,0.,0.));
#8662=DIRECTION('',(0.,0.,-1.));
#8663=DIRECTION('',(-1.,0.,0.));
#8664=DIRECTION('',(1.,0.,0.));
#8665=DIRECTION('',(0.,0.,-1.));
#8666=DIRECTION('',(0.,-1.,0.));
#8667=DIRECTION('',(0.,-1.,0.));
#8668=DIRECTION('',(0.,-1.,0.));
#8669=DIRECTION('',(0.,0.,-1.));
#8670=DIRECTION('',(-1.,0.,0.));
#8671=DIRECTION('',(0.,0.,-1.));
#8672=DIRECTION('',(-1.,0.,0.));
#8673=DIRECTION('',(0.,0.,-1.));
#8674=DIRECTION('',(1.,0.,0.));
#8675=DIRECTION('',(0.,0.,-1.));
#8676=DIRECTION('',(0.,-1.,0.));
#8677=DIRECTION('',(0.,0.,-1.));
#8678=DIRECTION('',(0.,-1.,0.));
#8679=DIRECTION('',(0.,-1.,0.));
#8680=DIRECTION('',(0.,0.,-1.));
#8681=DIRECTION('',(-1.,0.,0.));
#8682=DIRECTION('',(0.,0.,-1.));
#8683=DIRECTION('',(-1.,0.,0.));
#8684=DIRECTION('',(1.,0.,0.));
#8685=DIRECTION('',(0.,0.,-1.));
#8686=DIRECTION('',(0.,-1.,0.));
#8687=DIRECTION('',(0.,-1.,0.));
#8688=DIRECTION('',(0.,-1.,0.));
#8689=DIRECTION('',(0.,0.,-1.));
#8690=DIRECTION('',(-1.,0.,0.));
#8691=DIRECTION('',(0.,0.,-1.));
#8692=DIRECTION('',(-1.,0.,0.));
#8693=DIRECTION('',(0.,0.,-1.));
#8694=DIRECTION('',(1.,0.,0.));
#8695=DIRECTION('',(0.,0.,-1.));
#8696=DIRECTION('',(0.,-1.,0.));
#8697=DIRECTION('',(0.,0.,-1.));
#8698=DIRECTION('',(0.,-1.,0.));
#8699=DIRECTION('',(0.,-1.,0.));
#8700=DIRECTION('',(0.,0.,-1.));
#8701=DIRECTION('',(-1.,0.,0.));
#8702=DIRECTION('',(0.,0.,-1.));
#8703=DIRECTION('',(-1.,0.,0.));
#8704=DIRECTION('',(1.,0.,0.));
#8705=DIRECTION('',(0.,0.,-1.));
#8706=DIRECTION('',(0.,-1.,0.));
#8707=DIRECTION('',(0.,-1.,0.));
#8708=DIRECTION('',(0.,-1.,0.));
#8709=DIRECTION('',(0.,0.,-1.));
#8710=DIRECTION('',(-1.,0.,0.));
#8711=DIRECTION('',(0.,0.,-1.));
#8712=DIRECTION('',(-1.,0.,0.));
#8713=DIRECTION('',(0.,0.,-1.));
#8714=DIRECTION('',(1.,0.,0.));
#8715=DIRECTION('',(0.,0.,-1.));
#8716=DIRECTION('',(0.,-1.,0.));
#8717=DIRECTION('',(0.,0.,-1.));
#8718=DIRECTION('',(0.,-1.,0.));
#8719=DIRECTION('',(0.,-1.,0.));
#8720=DIRECTION('',(0.,0.,-1.));
#8721=DIRECTION('',(-1.,0.,0.));
#8722=DIRECTION('',(0.,0.,-1.));
#8723=DIRECTION('',(-1.,0.,0.));
#8724=DIRECTION('',(1.,0.,0.));
#8725=DIRECTION('',(0.,0.,-1.));
#8726=DIRECTION('',(0.,-1.,0.));
#8727=DIRECTION('',(0.,-1.,0.));
#8728=DIRECTION('',(0.,-1.,0.));
#8729=DIRECTION('',(0.,0.,-1.));
#8730=DIRECTION('',(-1.,0.,0.));
#8731=DIRECTION('',(0.,0.,-1.));
#8732=DIRECTION('',(-1.,0.,0.));
#8733=DIRECTION('',(0.,0.,-1.));
#8734=DIRECTION('',(1.,0.,0.));
#8735=DIRECTION('',(0.,0.,-1.));
#8736=DIRECTION('',(0.,-1.,0.));
#8737=DIRECTION('',(0.,0.,-1.));
#8738=DIRECTION('',(0.,-1.,0.));
#8739=DIRECTION('',(0.,-1.,0.));
#8740=DIRECTION('',(0.,0.,-1.));
#8741=DIRECTION('',(-1.,0.,0.));
#8742=DIRECTION('',(0.,0.,-1.));
#8743=DIRECTION('',(-1.,0.,0.));
#8744=DIRECTION('',(1.,0.,0.));
#8745=DIRECTION('',(0.,0.,-1.));
#8746=DIRECTION('',(0.,-1.,0.));
#8747=DIRECTION('',(0.,-1.,0.));
#8748=DIRECTION('',(-1.,0.,0.));
#8749=DIRECTION('',(0.,0.,1.));
#8750=DIRECTION('',(0.,1.,0.));
#8751=DIRECTION('',(0.,0.,-1.));
#8752=DIRECTION('',(0.,1.,0.));
#8753=DIRECTION('',(0.,0.,-1.));
#8754=DIRECTION('',(0.,-1.,0.));
#8755=DIRECTION('',(0.,0.,-1.));
#8756=DIRECTION('',(-1.,0.,0.));
#8757=DIRECTION('',(0.,0.,-1.));
#8758=DIRECTION('',(-1.,0.,0.));
#8759=DIRECTION('',(-1.,0.,0.));
#8760=DIRECTION('',(0.,0.,1.));
#8761=DIRECTION('',(0.,1.,0.));
#8762=DIRECTION('',(0.,0.,-1.));
#8763=DIRECTION('',(0.,1.,0.));
#8764=DIRECTION('',(0.,-1.,0.));
#8765=DIRECTION('',(0.,0.,-1.));
#8766=DIRECTION('',(-1.,0.,0.));
#8767=DIRECTION('',(-1.,0.,0.));
#8768=DIRECTION('',(-1.,0.,0.));
#8769=DIRECTION('',(0.,0.,1.));
#8770=DIRECTION('',(0.,1.,0.));
#8771=DIRECTION('',(0.,0.,-1.));
#8772=DIRECTION('',(0.,1.,0.));
#8773=DIRECTION('',(0.,0.,-1.));
#8774=DIRECTION('',(0.,-1.,0.));
#8775=DIRECTION('',(0.,0.,-1.));
#8776=DIRECTION('',(-1.,0.,0.));
#8777=DIRECTION('',(0.,0.,-1.));
#8778=DIRECTION('',(-1.,0.,0.));
#8779=DIRECTION('',(-1.,0.,0.));
#8780=DIRECTION('',(0.,0.,1.));
#8781=DIRECTION('',(0.,1.,0.));
#8782=DIRECTION('',(0.,0.,-1.));
#8783=DIRECTION('',(0.,1.,0.));
#8784=DIRECTION('',(0.,-1.,0.));
#8785=DIRECTION('',(0.,0.,-1.));
#8786=DIRECTION('',(-1.,0.,0.));
#8787=DIRECTION('',(-1.,0.,0.));
#8788=DIRECTION('',(0.,-1.,0.));
#8789=DIRECTION('',(0.,0.,-1.));
#8790=DIRECTION('',(-1.,0.,0.));
#8791=DIRECTION('',(0.,0.,-1.));
#8792=DIRECTION('',(-1.,0.,0.));
#8793=DIRECTION('',(0.,0.,-1.));
#8794=DIRECTION('',(1.,0.,0.));
#8795=DIRECTION('',(0.,0.,-1.));
#8796=DIRECTION('',(0.,-1.,0.));
#8797=DIRECTION('',(0.,0.,-1.));
#8798=DIRECTION('',(0.,-1.,0.));
#8799=DIRECTION('',(0.,-1.,0.));
#8800=DIRECTION('',(0.,0.,-1.));
#8801=DIRECTION('',(-1.,0.,0.));
#8802=DIRECTION('',(0.,0.,-1.));
#8803=DIRECTION('',(-1.,0.,0.));
#8804=DIRECTION('',(1.,0.,0.));
#8805=DIRECTION('',(0.,0.,-1.));
#8806=DIRECTION('',(0.,-1.,0.));
#8807=DIRECTION('',(0.,-1.,0.));
#8808=DIRECTION('',(0.,-1.,0.));
#8809=DIRECTION('',(0.,0.,-1.));
#8810=DIRECTION('',(-1.,0.,0.));
#8811=DIRECTION('',(0.,0.,-1.));
#8812=DIRECTION('',(-1.,0.,0.));
#8813=DIRECTION('',(0.,0.,-1.));
#8814=DIRECTION('',(1.,0.,0.));
#8815=DIRECTION('',(0.,0.,-1.));
#8816=DIRECTION('',(0.,-1.,0.));
#8817=DIRECTION('',(0.,0.,-1.));
#8818=DIRECTION('',(0.,-1.,0.));
#8819=DIRECTION('',(0.,-1.,0.));
#8820=DIRECTION('',(0.,0.,-1.));
#8821=DIRECTION('',(-1.,0.,0.));
#8822=DIRECTION('',(0.,0.,-1.));
#8823=DIRECTION('',(-1.,0.,0.));
#8824=DIRECTION('',(1.,0.,0.));
#8825=DIRECTION('',(0.,0.,-1.));
#8826=DIRECTION('',(0.,-1.,0.));
#8827=DIRECTION('',(0.,-1.,0.));
#8828=DIRECTION('',(0.,-1.,0.));
#8829=DIRECTION('',(0.,0.,-1.));
#8830=DIRECTION('',(-1.,0.,0.));
#8831=DIRECTION('',(0.,0.,-1.));
#8832=DIRECTION('',(-1.,0.,0.));
#8833=DIRECTION('',(0.,0.,-1.));
#8834=DIRECTION('',(1.,0.,0.));
#8835=DIRECTION('',(0.,0.,-1.));
#8836=DIRECTION('',(0.,-1.,0.));
#8837=DIRECTION('',(0.,0.,-1.));
#8838=DIRECTION('',(0.,-1.,0.));
#8839=DIRECTION('',(0.,-1.,0.));
#8840=DIRECTION('',(0.,0.,-1.));
#8841=DIRECTION('',(-1.,0.,0.));
#8842=DIRECTION('',(0.,0.,-1.));
#8843=DIRECTION('',(-1.,0.,0.));
#8844=DIRECTION('',(1.,0.,0.));
#8845=DIRECTION('',(0.,0.,-1.));
#8846=DIRECTION('',(0.,-1.,0.));
#8847=DIRECTION('',(0.,-1.,0.));
#8848=DIRECTION('',(0.,-1.,0.));
#8849=DIRECTION('',(0.,0.,-1.));
#8850=DIRECTION('',(-1.,0.,0.));
#8851=DIRECTION('',(0.,0.,-1.));
#8852=DIRECTION('',(-1.,0.,0.));
#8853=DIRECTION('',(0.,0.,-1.));
#8854=DIRECTION('',(1.,0.,0.));
#8855=DIRECTION('',(0.,0.,-1.));
#8856=DIRECTION('',(0.,-1.,0.));
#8857=DIRECTION('',(0.,0.,-1.));
#8858=DIRECTION('',(0.,-1.,0.));
#8859=DIRECTION('',(0.,-1.,0.));
#8860=DIRECTION('',(0.,0.,-1.));
#8861=DIRECTION('',(-1.,0.,0.));
#8862=DIRECTION('',(0.,0.,-1.));
#8863=DIRECTION('',(-1.,0.,0.));
#8864=DIRECTION('',(1.,0.,0.));
#8865=DIRECTION('',(0.,0.,-1.));
#8866=DIRECTION('',(0.,-1.,0.));
#8867=DIRECTION('',(0.,-1.,0.));
#8868=DIRECTION('',(0.,-1.,0.));
#8869=DIRECTION('',(0.,0.,-1.));
#8870=DIRECTION('',(-1.,0.,0.));
#8871=DIRECTION('',(0.,0.,-1.));
#8872=DIRECTION('',(-1.,0.,0.));
#8873=DIRECTION('',(0.,0.,-1.));
#8874=DIRECTION('',(1.,0.,0.));
#8875=DIRECTION('',(0.,0.,-1.));
#8876=DIRECTION('',(0.,-1.,0.));
#8877=DIRECTION('',(0.,0.,-1.));
#8878=DIRECTION('',(0.,-1.,0.));
#8879=DIRECTION('',(0.,-1.,0.));
#8880=DIRECTION('',(0.,0.,-1.));
#8881=DIRECTION('',(-1.,0.,0.));
#8882=DIRECTION('',(0.,0.,-1.));
#8883=DIRECTION('',(-1.,0.,0.));
#8884=DIRECTION('',(1.,0.,0.));
#8885=DIRECTION('',(0.,0.,-1.));
#8886=DIRECTION('',(0.,-1.,0.));
#8887=DIRECTION('',(0.,-1.,0.));
#8888=DIRECTION('',(1.,0.,0.));
#8889=DIRECTION('',(0.,0.,-1.));
#8890=DIRECTION('',(0.,-1.,0.));
#8891=DIRECTION('',(0.,-1.,0.));
#8892=DIRECTION('',(0.,0.,-1.));
#8893=DIRECTION('',(0.,0.,-1.));
#8894=DIRECTION('',(-1.,0.,0.));
#8895=DIRECTION('',(0.,0.,-1.));
#8896=DIRECTION('',(-1.,0.,0.));
#8897=DIRECTION('',(0.,0.,-1.));
#8898=DIRECTION('',(0.,0.,-1.));
#8899=DIRECTION('',(-1.,0.,0.));
#8900=DIRECTION('',(0.,1.,0.));
#8901=DIRECTION('',(0.,0.,1.));
#8902=DIRECTION('',(1.,0.,0.));
#8903=DIRECTION('',(0.,0.,-1.));
#8904=DIRECTION('',(1.,0.,0.));
#8905=DIRECTION('',(0.,1.,0.));
#8906=DIRECTION('',(0.,0.,1.));
#8907=DIRECTION('',(0.,0.,-1.));
#8908=DIRECTION('',(1.,0.,0.));
#8909=DIRECTION('',(1.,0.,0.));
#8910=DIRECTION('',(0.,0.,1.));
#8911=DIRECTION('',(1.,0.,0.));
#8912=DIRECTION('',(-1.,0.,0.));
#8913=DIRECTION('',(-1.22464679914735E-16,1.,0.));
#8914=DIRECTION('',(-1.22464679914735E-16,1.,0.));
#8915=DIRECTION('',(1.,0.,0.));
#8916=DIRECTION('',(-1.22464679914735E-16,1.,0.));
#8917=DIRECTION('',(-1.,0.,0.));
#8918=DIRECTION('',(-1.22464679914735E-16,1.,0.));
#8919=DIRECTION('',(1.,1.22464679914735E-16,0.));
#8920=DIRECTION('',(-1.22464679914735E-16,1.,0.));
#8921=DIRECTION('',(-1.,0.,0.));
#8922=DIRECTION('',(-1.22464679914735E-16,1.,0.));
#8923=DIRECTION('',(1.,1.22464679914735E-16,0.));
#8924=DIRECTION('',(-1.22464679914735E-16,1.,0.));
#8925=DIRECTION('',(1.,0.,0.));
#8926=DIRECTION('',(1.,0.,0.));
#8927=DIRECTION('',(1.22464679914735E-16,-1.,0.));
#8928=DIRECTION('',(-1.,0.,0.));
#8929=DIRECTION('',(0.,0.,1.));
#8930=DIRECTION('',(1.,0.,0.));
#8931=DIRECTION('',(1.22464679914735E-16,-1.,0.));
#8932=DIRECTION('',(-1.,0.,0.));
#8933=DIRECTION('',(-1.,0.,0.));
#8934=DIRECTION('',(1.22464679914735E-16,-1.,0.));
#8935=DIRECTION('',(1.,0.,0.));
#8936=DIRECTION('',(1.,0.,0.));
#8937=DIRECTION('',(1.22464679914735E-16,-1.,0.));
#8938=DIRECTION('',(-1.,-1.22464679914735E-16,0.));
#8939=DIRECTION('',(1.22464679914735E-16,-1.,0.));
#8940=DIRECTION('',(1.,0.,0.));
#8941=DIRECTION('',(1.22464679914735E-16,-1.,0.));
#8942=DIRECTION('',(-1.,-1.22464679914735E-16,0.));
#8943=DIRECTION('',(1.22464679914735E-16,-1.,0.));
#8944=DIRECTION('',(1.,0.,0.));
#8945=DIRECTION('',(1.22464679914735E-16,-1.,0.));
#8946=DIRECTION('',(1.,0.,0.));
#8947=DIRECTION('',(1.22464679914735E-16,-1.,0.));
#8948=DIRECTION('',(0.,-1.,0.));
#8949=DIRECTION('',(0.,0.,-1.));
#8950=DIRECTION('',(0.,0.,1.));
#8951=DIRECTION('',(0.,-1.,0.));
#8952=DIRECTION('',(0.,0.,-1.));
#8953=DIRECTION('',(0.,0.,1.));
#8954=DIRECTION('',(0.,1.,0.));
#8955=DIRECTION('',(0.,0.,1.));
#8956=DIRECTION('',(0.,0.,1.));
#8957=DIRECTION('',(0.,1.,0.));
#8958=DIRECTION('',(0.,0.,1.));
#8959=DIRECTION('',(0.,0.,1.));
#8960=DIRECTION('',(1.,1.22464679914735E-16,0.));
#8961=DIRECTION('',(-1.22464679914735E-16,1.,0.));
#8962=DIRECTION('',(0.,-1.,0.));
#8963=DIRECTION('',(0.,0.,-1.));
#8964=DIRECTION('',(0.,0.,1.));
#8965=DIRECTION('',(0.,0.,1.));
#8966=DIRECTION('',(1.,1.22464679914735E-16,0.));
#8967=DIRECTION('',(-1.22464679914735E-16,1.,0.));
#8968=DIRECTION('',(0.,0.,1.));
#8969=DIRECTION('',(0.,1.,0.));
#8970=DIRECTION('',(0.,0.,1.));
#8971=DIRECTION('',(0.,0.,1.));
#8972=DIRECTION('',(1.,1.22464679914735E-16,0.));
#8973=DIRECTION('',(-1.22464679914735E-16,1.,0.));
#8974=DIRECTION('',(0.,0.,1.));
#8975=DIRECTION('',(1.22464679914735E-16,-1.,0.));
#8976=DIRECTION('',(1.,1.22464679914735E-16,0.));
#8977=DIRECTION('',(0.,0.,1.));
#8978=DIRECTION('',(1.,1.22464679914735E-16,0.));
#8979=DIRECTION('',(-1.22464679914735E-16,1.,0.));
#8980=DIRECTION('',(0.,0.,1.));
#8981=DIRECTION('',(0.,1.,0.));
#8982=DIRECTION('',(0.,0.,1.));
#8983=DIRECTION('',(0.,0.,1.));
#8984=DIRECTION('',(1.,1.22464679914735E-16,0.));
#8985=DIRECTION('',(-1.22464679914735E-16,1.,0.));
#8986=DIRECTION('',(0.,0.,1.));
#8987=DIRECTION('',(1.22464679914735E-16,-1.,0.));
#8988=DIRECTION('',(1.,1.22464679914735E-16,0.));
#8989=DIRECTION('',(0.,0.,1.));
#8990=DIRECTION('',(1.,1.22464679914735E-16,0.));
#8991=DIRECTION('',(-1.22464679914735E-16,1.,0.));
#8992=DIRECTION('',(1.,1.22464679914735E-16,0.));
#8993=DIRECTION('',(-1.22464679914735E-16,1.,0.));
#8994=DIRECTION('',(-1.,-1.22464679914735E-16,0.));
#8995=DIRECTION('',(1.22464679914735E-16,-1.,0.));
#8996=CARTESIAN_POINT('',(0.,0.,0.));
#8997=CARTESIAN_POINT('',(0.2348875,-0.159,0.00651));
#8998=CARTESIAN_POINT('',(0.2348875,-0.159,0.00651));
#8999=CARTESIAN_POINT('',(0.2348875,-0.157,0.00651));
#9000=CARTESIAN_POINT('',(0.2368875,-0.159,0.00651));
#9001=CARTESIAN_POINT('',(0.2348875,-0.157,0.00651));
#9002=CARTESIAN_POINT('',(0.2348875,-0.157,0.00501));
#9003=CARTESIAN_POINT('',(0.2348875,-0.159,0.00501));
#9004=CARTESIAN_POINT('',(0.2368875,-0.159,0.00501));
#9005=CARTESIAN_POINT('',(0.2368875,-0.159,0.00651));
#9006=CARTESIAN_POINT('',(0.2368875,-0.16,0.00651));
#9007=CARTESIAN_POINT('',(0.2368875,-0.16,0.00651));
#9008=CARTESIAN_POINT('',(0.2368875,-0.163,0.00651));
#9009=CARTESIAN_POINT('',(0.2368875,-0.16,0.00501));
#9010=CARTESIAN_POINT('',(0.2368875,-0.163,0.00501));
#9011=CARTESIAN_POINT('',(0.2368875,-0.163,0.00651));
#9012=CARTESIAN_POINT('',(0.2428875,-0.163,0.00651));
#9013=CARTESIAN_POINT('',(0.2428875,-0.163,0.00501));
#9014=CARTESIAN_POINT('',(0.2488875,-0.163,0.00501));
#9015=CARTESIAN_POINT('',(0.2488875,-0.163,0.00651));
#9016=CARTESIAN_POINT('',(0.2488875,-0.163,0.00651));
#9017=CARTESIAN_POINT('',(0.2428875,-0.163,0.00651));
#9018=CARTESIAN_POINT('',(0.2488875,-0.16,0.00651));
#9019=CARTESIAN_POINT('',(0.2488875,-0.16,0.00501));
#9020=CARTESIAN_POINT('',(0.2488875,-0.159,0.00501));
#9021=CARTESIAN_POINT('',(0.2488875,-0.159,0.00651));
#9022=CARTESIAN_POINT('',(0.2488875,-0.159,0.00651));
#9023=CARTESIAN_POINT('',(0.2488875,-0.16,0.00651));
#9024=CARTESIAN_POINT('',(0.2508875,-0.159,0.00651));
#9025=CARTESIAN_POINT('',(0.2508875,-0.159,0.00651));
#9026=CARTESIAN_POINT('',(0.2508875,-0.157,0.00651));
#9027=CARTESIAN_POINT('',(0.2508875,-0.159,0.00501));
#9028=CARTESIAN_POINT('',(0.2508875,-0.157,0.00501));
#9029=CARTESIAN_POINT('',(0.2508875,-0.157,0.00501));
#9030=CARTESIAN_POINT('',(0.462,-0.157,0.00651));
#9031=CARTESIAN_POINT('',(0.462,-0.157,0.00501));
#9032=CARTESIAN_POINT('',(0.307515625,-0.157,0.00501));
#9033=CARTESIAN_POINT('',(0.307515625,-0.157,0.00651));
#9034=CARTESIAN_POINT('',(0.307515625,-0.157,0.00651));
#9035=CARTESIAN_POINT('',(0.462,-0.157,0.00651));
#9036=CARTESIAN_POINT('',(0.307515625,-0.159,0.00651));
#9037=CARTESIAN_POINT('',(0.307515625,-0.159,0.00651));
#9038=CARTESIAN_POINT('',(0.309515625,-0.159,0.00651));
#9039=CARTESIAN_POINT('',(0.307515625,-0.159,0.00501));
#9040=CARTESIAN_POINT('',(0.309515625,-0.159,0.00501));
#9041=CARTESIAN_POINT('',(0.309515625,-0.159,0.00651));
#9042=CARTESIAN_POINT('',(0.309515625,-0.16,0.00651));
#9043=CARTESIAN_POINT('',(0.309515625,-0.16,0.00651));
#9044=CARTESIAN_POINT('',(0.309515625,-0.163,0.00651));
#9045=CARTESIAN_POINT('',(0.309515625,-0.16,0.00501));
#9046=CARTESIAN_POINT('',(0.309515625,-0.163,0.00501));
#9047=CARTESIAN_POINT('',(0.309515625,-0.163,0.00651));
#9048=CARTESIAN_POINT('',(0.315515625,-0.163,0.00651));
#9049=CARTESIAN_POINT('',(0.315515625,-0.163,0.00501));
#9050=CARTESIAN_POINT('',(0.321515625,-0.163,0.00501));
#9051=CARTESIAN_POINT('',(0.321515625,-0.163,0.00651));
#9052=CARTESIAN_POINT('',(0.321515625,-0.163,0.00651));
#9053=CARTESIAN_POINT('',(0.315515625,-0.163,0.00651));
#9054=CARTESIAN_POINT('',(0.321515625,-0.16,0.00651));
#9055=CARTESIAN_POINT('',(0.321515625,-0.16,0.00501));
#9056=CARTESIAN_POINT('',(0.321515625,-0.159,0.00501));
#9057=CARTESIAN_POINT('',(0.321515625,-0.159,0.00651));
#9058=CARTESIAN_POINT('',(0.321515625,-0.159,0.00651));
#9059=CARTESIAN_POINT('',(0.321515625,-0.16,0.00651));
#9060=CARTESIAN_POINT('',(0.323515625,-0.159,0.00651));
#9061=CARTESIAN_POINT('',(0.323515625,-0.159,0.00651));
#9062=CARTESIAN_POINT('',(0.323515625,-0.157,0.00651));
#9063=CARTESIAN_POINT('',(0.323515625,-0.159,0.00501));
#9064=CARTESIAN_POINT('',(0.323515625,-0.157,0.00501));
#9065=CARTESIAN_POINT('',(0.323515625,-0.157,0.00501));
#9066=CARTESIAN_POINT('',(0.32470625,-0.021,0.00651));
#9067=CARTESIAN_POINT('',(0.32470625,-0.021,0.00651));
#9068=CARTESIAN_POINT('',(0.32470625,-0.023,0.00651));
#9069=CARTESIAN_POINT('',(0.32270625,-0.021,0.00651));
#9070=CARTESIAN_POINT('',(0.32470625,-0.023,0.00651));
#9071=CARTESIAN_POINT('',(0.32470625,-0.023,0.00501));
#9072=CARTESIAN_POINT('',(0.32470625,-0.021,0.00501));
#9073=CARTESIAN_POINT('',(0.32270625,-0.021,0.00501));
#9074=CARTESIAN_POINT('',(0.32270625,-0.021,0.00501));
#9075=CARTESIAN_POINT('',(0.32270625,-0.02,0.00651));
#9076=CARTESIAN_POINT('',(0.32270625,-0.02,0.00651));
#9077=CARTESIAN_POINT('',(0.32270625,-0.017,0.00651));
#9078=CARTESIAN_POINT('',(0.32270625,-0.02,0.00501));
#9079=CARTESIAN_POINT('',(0.32270625,-0.017,0.00501));
#9080=CARTESIAN_POINT('',(0.32270625,-0.017,0.00651));
#9081=CARTESIAN_POINT('',(0.31670625,-0.017,0.00651));
#9082=CARTESIAN_POINT('',(0.31670625,-0.017,0.00501));
#9083=CARTESIAN_POINT('',(0.31070625,-0.017,0.00501));
#9084=CARTESIAN_POINT('',(0.31070625,-0.017,0.00651));
#9085=CARTESIAN_POINT('',(0.31070625,-0.017,0.00651));
#9086=CARTESIAN_POINT('',(0.31670625,-0.017,0.00651));
#9087=CARTESIAN_POINT('',(0.31070625,-0.02,0.00651));
#9088=CARTESIAN_POINT('',(0.31070625,-0.02,0.00501));
#9089=CARTESIAN_POINT('',(0.31070625,-0.021,0.00501));
#9090=CARTESIAN_POINT('',(0.31070625,-0.021,0.00651));
#9091=CARTESIAN_POINT('',(0.31070625,-0.021,0.00651));
#9092=CARTESIAN_POINT('',(0.31070625,-0.02,0.00651));
#9093=CARTESIAN_POINT('',(0.30870625,-0.021,0.00651));
#9094=CARTESIAN_POINT('',(0.30870625,-0.021,0.00651));
#9095=CARTESIAN_POINT('',(0.30870625,-0.023,0.00651));
#9096=CARTESIAN_POINT('',(0.30870625,-0.021,0.00501));
#9097=CARTESIAN_POINT('',(0.30870625,-0.023,0.00501));
#9098=CARTESIAN_POINT('',(0.30870625,-0.023,0.00651));
#9099=CARTESIAN_POINT('',(0.20955,-0.135875,0.00651));
#9100=CARTESIAN_POINT('',(0.20955,-0.135875,0.00501));
#9101=CARTESIAN_POINT('',(0.208026073820685,-0.135875,0.00501));
#9102=CARTESIAN_POINT('',(0.20615,-0.135875,0.00501));
#9103=CARTESIAN_POINT('',(0.208026073820685,-0.135875,0.00651));
#9104=CARTESIAN_POINT('',(0.208026073820685,-0.135875,0.00651));
#9105=CARTESIAN_POINT('',(0.20955,-0.135875,0.00651));
#9106=CARTESIAN_POINT('',(0.20615,-0.135875,0.00651));
#9107=CARTESIAN_POINT('',(0.20615,-0.135875,0.00651));
#9108=CARTESIAN_POINT('',(0.20955,-0.13589,0.00651));
#9109=CARTESIAN_POINT('',(0.20955,-0.13589,0.00501));
#9110=CARTESIAN_POINT('',(0.211073926179315,-0.135875,0.00501));
#9111=CARTESIAN_POINT('',(0.211073926179315,-0.135875,0.00651));
#9112=CARTESIAN_POINT('',(0.211073926179315,-0.135875,0.00651));
#9113=CARTESIAN_POINT('',(0.20955,-0.13589,0.00651));
#9114=CARTESIAN_POINT('',(0.20955,-0.135875,0.00651));
#9115=CARTESIAN_POINT('',(0.20955,-0.135875,0.00501));
#9116=CARTESIAN_POINT('',(0.21295,-0.135875,0.00501));
#9117=CARTESIAN_POINT('',(0.21295,-0.135875,0.00651));
#9118=CARTESIAN_POINT('',(0.21295,-0.135875,0.00651));
#9119=CARTESIAN_POINT('',(0.20955,-0.135875,0.00651));
#9120=CARTESIAN_POINT('',(0.21295,-0.141,0.00651));
#9121=CARTESIAN_POINT('',(0.21295,-0.141,0.00501));
#9122=CARTESIAN_POINT('',(0.21295,-0.151125,0.00501));
#9123=CARTESIAN_POINT('',(0.21295,-0.151125,0.00651));
#9124=CARTESIAN_POINT('',(0.21295,-0.151125,0.00651));
#9125=CARTESIAN_POINT('',(0.21295,-0.141,0.00651));
#9126=CARTESIAN_POINT('',(0.15954375,-0.151125,0.00651));
#9127=CARTESIAN_POINT('',(0.15954375,-0.151125,0.00501));
#9128=CARTESIAN_POINT('',(0.21154389373087,-0.151125,0.00501));
#9129=CARTESIAN_POINT('',(0.21154389373087,-0.151125,0.00651));
#9130=CARTESIAN_POINT('',(0.21154389373087,-0.151125,0.00651));
#9131=CARTESIAN_POINT('',(0.15954375,-0.151125,0.00651));
#9132=CARTESIAN_POINT('',(0.31670625,-0.02,0.00651));
#9133=CARTESIAN_POINT('',(0.31670625,-0.02,0.00651));
#9134=CARTESIAN_POINT('',(0.31780625,-0.02,0.00651));
#9135=CARTESIAN_POINT('',(0.31670625,-0.02,0.00501));
#9136=CARTESIAN_POINT('',(0.31780625,-0.02,0.00501));
#9137=CARTESIAN_POINT('',(0.2428875,-0.16,0.00651));
#9138=CARTESIAN_POINT('',(0.2428875,-0.16,0.00651));
#9139=CARTESIAN_POINT('',(0.2439875,-0.16,0.00651));
#9140=CARTESIAN_POINT('',(0.2428875,-0.16,0.00501));
#9141=CARTESIAN_POINT('',(0.2439875,-0.16,0.00501));
#9142=CARTESIAN_POINT('',(0.315515625,-0.16,0.00651));
#9143=CARTESIAN_POINT('',(0.315515625,-0.16,0.00651));
#9144=CARTESIAN_POINT('',(0.316615625,-0.16,0.00651));
#9145=CARTESIAN_POINT('',(0.315515625,-0.16,0.00501));
#9146=CARTESIAN_POINT('',(0.316615625,-0.16,0.00501));
#9147=CARTESIAN_POINT('',(0.1905,-0.059675,0.00651));
#9148=CARTESIAN_POINT('',(0.1905,-0.059675,0.00501));
#9149=CARTESIAN_POINT('',(0.1975,-0.059675,0.00501));
#9150=CARTESIAN_POINT('',(0.1835,-0.059675,0.00501));
#9151=CARTESIAN_POINT('',(0.1975,-0.059675,0.00651));
#9152=CARTESIAN_POINT('',(0.1975,-0.059675,0.00651));
#9153=CARTESIAN_POINT('',(0.1905,-0.059675,0.00651));
#9154=CARTESIAN_POINT('',(0.1835,-0.059675,0.00651));
#9155=CARTESIAN_POINT('',(0.1835,-0.059675,0.00651));
#9156=CARTESIAN_POINT('',(0.1975,-0.066675,0.00651));
#9157=CARTESIAN_POINT('',(0.1975,-0.066675,0.00501));
#9158=CARTESIAN_POINT('',(0.1975,-0.073675,0.00501));
#9159=CARTESIAN_POINT('',(0.1975,-0.073675,0.00651));
#9160=CARTESIAN_POINT('',(0.1975,-0.073675,0.00651));
#9161=CARTESIAN_POINT('',(0.1975,-0.066675,0.00651));
#9162=CARTESIAN_POINT('',(0.1905,-0.073675,0.00651));
#9163=CARTESIAN_POINT('',(0.1905,-0.073675,0.00501));
#9164=CARTESIAN_POINT('',(0.1835,-0.073675,0.00501));
#9165=CARTESIAN_POINT('',(0.1835,-0.073675,0.00651));
#9166=CARTESIAN_POINT('',(0.1835,-0.073675,0.00651));
#9167=CARTESIAN_POINT('',(0.1905,-0.073675,0.00651));
#9168=CARTESIAN_POINT('',(0.1835,-0.066675,0.00651));
#9169=CARTESIAN_POINT('',(0.1835,-0.066675,0.00501));
#9170=CARTESIAN_POINT('',(0.1835,-0.066675,0.00651));
#9171=CARTESIAN_POINT('',(0.20955,-0.059675,0.00651));
#9172=CARTESIAN_POINT('',(0.20955,-0.059675,0.00501));
#9173=CARTESIAN_POINT('',(0.21655,-0.059675,0.00501));
#9174=CARTESIAN_POINT('',(0.20255,-0.059675,0.00501));
#9175=CARTESIAN_POINT('',(0.21655,-0.059675,0.00651));
#9176=CARTESIAN_POINT('',(0.21655,-0.059675,0.00651));
#9177=CARTESIAN_POINT('',(0.20955,-0.059675,0.00651));
#9178=CARTESIAN_POINT('',(0.20255,-0.059675,0.00651));
#9179=CARTESIAN_POINT('',(0.20255,-0.059675,0.00651));
#9180=CARTESIAN_POINT('',(0.21655,-0.066675,0.00651));
#9181=CARTESIAN_POINT('',(0.21655,-0.066675,0.00501));
#9182=CARTESIAN_POINT('',(0.21655,-0.073675,0.00501));
#9183=CARTESIAN_POINT('',(0.21655,-0.073675,0.00651));
#9184=CARTESIAN_POINT('',(0.21655,-0.073675,0.00651));
#9185=CARTESIAN_POINT('',(0.21655,-0.066675,0.00651));
#9186=CARTESIAN_POINT('',(0.20955,-0.073675,0.00651));
#9187=CARTESIAN_POINT('',(0.20955,-0.073675,0.00501));
#9188=CARTESIAN_POINT('',(0.20255,-0.073675,0.00501));
#9189=CARTESIAN_POINT('',(0.20255,-0.073675,0.00651));
#9190=CARTESIAN_POINT('',(0.20255,-0.073675,0.00651));
#9191=CARTESIAN_POINT('',(0.20955,-0.073675,0.00651));
#9192=CARTESIAN_POINT('',(0.20255,-0.066675,0.00651));
#9193=CARTESIAN_POINT('',(0.20255,-0.066675,0.00501));
#9194=CARTESIAN_POINT('',(0.20255,-0.066675,0.00651));
#9195=CARTESIAN_POINT('',(0.2286,-0.059675,0.00651));
#9196=CARTESIAN_POINT('',(0.2286,-0.059675,0.00501));
#9197=CARTESIAN_POINT('',(0.2356,-0.059675,0.00501));
#9198=CARTESIAN_POINT('',(0.2216,-0.059675,0.00501));
#9199=CARTESIAN_POINT('',(0.2356,-0.059675,0.00651));
#9200=CARTESIAN_POINT('',(0.2356,-0.059675,0.00651));
#9201=CARTESIAN_POINT('',(0.2286,-0.059675,0.00651));
#9202=CARTESIAN_POINT('',(0.2216,-0.059675,0.00651));
#9203=CARTESIAN_POINT('',(0.2216,-0.059675,0.00651));
#9204=CARTESIAN_POINT('',(0.2356,-0.066675,0.00651));
#9205=CARTESIAN_POINT('',(0.2356,-0.066675,0.00501));
#9206=CARTESIAN_POINT('',(0.2356,-0.073675,0.00501));
#9207=CARTESIAN_POINT('',(0.2356,-0.073675,0.00651));
#9208=CARTESIAN_POINT('',(0.2356,-0.073675,0.00651));
#9209=CARTESIAN_POINT('',(0.2356,-0.066675,0.00651));
#9210=CARTESIAN_POINT('',(0.2286,-0.073675,0.00651));
#9211=CARTESIAN_POINT('',(0.2286,-0.073675,0.00501));
#9212=CARTESIAN_POINT('',(0.2216,-0.073675,0.00501));
#9213=CARTESIAN_POINT('',(0.2216,-0.073675,0.00651));
#9214=CARTESIAN_POINT('',(0.2216,-0.073675,0.00651));
#9215=CARTESIAN_POINT('',(0.2286,-0.073675,0.00651));
#9216=CARTESIAN_POINT('',(0.2216,-0.066675,0.00651));
#9217=CARTESIAN_POINT('',(0.2216,-0.066675,0.00501));
#9218=CARTESIAN_POINT('',(0.2216,-0.066675,0.00651));
#9219=CARTESIAN_POINT('',(0.24765,-0.059675,0.00651));
#9220=CARTESIAN_POINT('',(0.24765,-0.059675,0.00501));
#9221=CARTESIAN_POINT('',(0.25465,-0.059675,0.00501));
#9222=CARTESIAN_POINT('',(0.24065,-0.059675,0.00501));
#9223=CARTESIAN_POINT('',(0.25465,-0.059675,0.00651));
#9224=CARTESIAN_POINT('',(0.25465,-0.059675,0.00651));
#9225=CARTESIAN_POINT('',(0.24765,-0.059675,0.00651));
#9226=CARTESIAN_POINT('',(0.24065,-0.059675,0.00651));
#9227=CARTESIAN_POINT('',(0.24065,-0.059675,0.00651));
#9228=CARTESIAN_POINT('',(0.25465,-0.066675,0.00651));
#9229=CARTESIAN_POINT('',(0.25465,-0.066675,0.00501));
#9230=CARTESIAN_POINT('',(0.25465,-0.073675,0.00501));
#9231=CARTESIAN_POINT('',(0.25465,-0.073675,0.00651));
#9232=CARTESIAN_POINT('',(0.25465,-0.073675,0.00651));
#9233=CARTESIAN_POINT('',(0.25465,-0.066675,0.00651));
#9234=CARTESIAN_POINT('',(0.24765,-0.073675,0.00651));
#9235=CARTESIAN_POINT('',(0.24765,-0.073675,0.00501));
#9236=CARTESIAN_POINT('',(0.24065,-0.073675,0.00501));
#9237=CARTESIAN_POINT('',(0.24065,-0.073675,0.00651));
#9238=CARTESIAN_POINT('',(0.24065,-0.073675,0.00651));
#9239=CARTESIAN_POINT('',(0.24765,-0.073675,0.00651));
#9240=CARTESIAN_POINT('',(0.24065,-0.066675,0.00651));
#9241=CARTESIAN_POINT('',(0.24065,-0.066675,0.00501));
#9242=CARTESIAN_POINT('',(0.24065,-0.066675,0.00651));
#9243=CARTESIAN_POINT('',(0.2667,-0.059675,0.00651));
#9244=CARTESIAN_POINT('',(0.2667,-0.059675,0.00501));
#9245=CARTESIAN_POINT('',(0.2737,-0.059675,0.00501));
#9246=CARTESIAN_POINT('',(0.2597,-0.059675,0.00501));
#9247=CARTESIAN_POINT('',(0.2737,-0.059675,0.00651));
#9248=CARTESIAN_POINT('',(0.2737,-0.059675,0.00651));
#9249=CARTESIAN_POINT('',(0.2667,-0.059675,0.00651));
#9250=CARTESIAN_POINT('',(0.2597,-0.059675,0.00651));
#9251=CARTESIAN_POINT('',(0.2597,-0.059675,0.00651));
#9252=CARTESIAN_POINT('',(0.2737,-0.066675,0.00651));
#9253=CARTESIAN_POINT('',(0.2737,-0.066675,0.00501));
#9254=CARTESIAN_POINT('',(0.2737,-0.073675,0.00501));
#9255=CARTESIAN_POINT('',(0.2737,-0.073675,0.00651));
#9256=CARTESIAN_POINT('',(0.2737,-0.073675,0.00651));
#9257=CARTESIAN_POINT('',(0.2737,-0.066675,0.00651));
#9258=CARTESIAN_POINT('',(0.2667,-0.073675,0.00651));
#9259=CARTESIAN_POINT('',(0.2667,-0.073675,0.00501));
#9260=CARTESIAN_POINT('',(0.2597,-0.073675,0.00501));
#9261=CARTESIAN_POINT('',(0.2597,-0.073675,0.00651));
#9262=CARTESIAN_POINT('',(0.2597,-0.073675,0.00651));
#9263=CARTESIAN_POINT('',(0.2667,-0.073675,0.00651));
#9264=CARTESIAN_POINT('',(0.2597,-0.066675,0.00651));
#9265=CARTESIAN_POINT('',(0.2597,-0.066675,0.00501));
#9266=CARTESIAN_POINT('',(0.2597,-0.066675,0.00651));
#9267=CARTESIAN_POINT('',(0.1997075,-0.0311,0.00651));
#9268=CARTESIAN_POINT('',(0.1997075,-0.0311,0.00501));
#9269=CARTESIAN_POINT('',(0.2067075,-0.0311,0.00501));
#9270=CARTESIAN_POINT('',(0.1927075,-0.0311,0.00501));
#9271=CARTESIAN_POINT('',(0.2067075,-0.0311,0.00651));
#9272=CARTESIAN_POINT('',(0.2067075,-0.0311,0.00651));
#9273=CARTESIAN_POINT('',(0.1997075,-0.0311,0.00651));
#9274=CARTESIAN_POINT('',(0.1927075,-0.0311,0.00651));
#9275=CARTESIAN_POINT('',(0.1927075,-0.0311,0.00651));
#9276=CARTESIAN_POINT('',(0.2067075,-0.0381,0.00651));
#9277=CARTESIAN_POINT('',(0.2067075,-0.0381,0.00501));
#9278=CARTESIAN_POINT('',(0.2067075,-0.0451,0.00501));
#9279=CARTESIAN_POINT('',(0.2067075,-0.0451,0.00651));
#9280=CARTESIAN_POINT('',(0.2067075,-0.0451,0.00651));
#9281=CARTESIAN_POINT('',(0.2067075,-0.0381,0.00651));
#9282=CARTESIAN_POINT('',(0.1997075,-0.0451,0.00651));
#9283=CARTESIAN_POINT('',(0.1997075,-0.0451,0.00501));
#9284=CARTESIAN_POINT('',(0.1927075,-0.0451,0.00501));
#9285=CARTESIAN_POINT('',(0.1927075,-0.0451,0.00651));
#9286=CARTESIAN_POINT('',(0.1927075,-0.0451,0.00651));
#9287=CARTESIAN_POINT('',(0.1997075,-0.0451,0.00651));
#9288=CARTESIAN_POINT('',(0.1927075,-0.0381,0.00651));
#9289=CARTESIAN_POINT('',(0.1927075,-0.0381,0.00501));
#9290=CARTESIAN_POINT('',(0.1927075,-0.0381,0.00651));
#9291=CARTESIAN_POINT('',(0.2187575,-0.0311,0.00651));
#9292=CARTESIAN_POINT('',(0.2187575,-0.0311,0.00501));
#9293=CARTESIAN_POINT('',(0.2257575,-0.0311,0.00501));
#9294=CARTESIAN_POINT('',(0.2117575,-0.0311,0.00501));
#9295=CARTESIAN_POINT('',(0.2257575,-0.0311,0.00651));
#9296=CARTESIAN_POINT('',(0.2257575,-0.0311,0.00651));
#9297=CARTESIAN_POINT('',(0.2187575,-0.0311,0.00651));
#9298=CARTESIAN_POINT('',(0.2117575,-0.0311,0.00651));
#9299=CARTESIAN_POINT('',(0.2117575,-0.0311,0.00651));
#9300=CARTESIAN_POINT('',(0.2257575,-0.0381,0.00651));
#9301=CARTESIAN_POINT('',(0.2257575,-0.0381,0.00501));
#9302=CARTESIAN_POINT('',(0.2257575,-0.0451,0.00501));
#9303=CARTESIAN_POINT('',(0.2257575,-0.0451,0.00651));
#9304=CARTESIAN_POINT('',(0.2257575,-0.0451,0.00651));
#9305=CARTESIAN_POINT('',(0.2257575,-0.0381,0.00651));
#9306=CARTESIAN_POINT('',(0.2187575,-0.0451,0.00651));
#9307=CARTESIAN_POINT('',(0.2187575,-0.0451,0.00501));
#9308=CARTESIAN_POINT('',(0.2117575,-0.0451,0.00501));
#9309=CARTESIAN_POINT('',(0.2117575,-0.0451,0.00651));
#9310=CARTESIAN_POINT('',(0.2117575,-0.0451,0.00651));
#9311=CARTESIAN_POINT('',(0.2187575,-0.0451,0.00651));
#9312=CARTESIAN_POINT('',(0.2117575,-0.0381,0.00651));
#9313=CARTESIAN_POINT('',(0.2117575,-0.0381,0.00501));
#9314=CARTESIAN_POINT('',(0.2117575,-0.0381,0.00651));
#9315=CARTESIAN_POINT('',(0.24765,-0.0451,0.00651));
#9316=CARTESIAN_POINT('',(0.24765,-0.0451,0.00501));
#9317=CARTESIAN_POINT('',(0.25465,-0.0451,0.00501));
#9318=CARTESIAN_POINT('',(0.24065,-0.0451,0.00501));
#9319=CARTESIAN_POINT('',(0.24065,-0.0451,0.00651));
#9320=CARTESIAN_POINT('',(0.24065,-0.0451,0.00651));
#9321=CARTESIAN_POINT('',(0.24765,-0.0451,0.00651));
#9322=CARTESIAN_POINT('',(0.25465,-0.0451,0.00651));
#9323=CARTESIAN_POINT('',(0.25465,-0.0451,0.00651));
#9324=CARTESIAN_POINT('',(0.24065,-0.0381,0.00651));
#9325=CARTESIAN_POINT('',(0.24065,-0.0381,0.00501));
#9326=CARTESIAN_POINT('',(0.24065,-0.0311,0.00501));
#9327=CARTESIAN_POINT('',(0.24065,-0.0311,0.00651));
#9328=CARTESIAN_POINT('',(0.24065,-0.0311,0.00651));
#9329=CARTESIAN_POINT('',(0.24065,-0.0381,0.00651));
#9330=CARTESIAN_POINT('',(0.24765,-0.0311,0.00651));
#9331=CARTESIAN_POINT('',(0.24765,-0.0311,0.00501));
#9332=CARTESIAN_POINT('',(0.25465,-0.0311,0.00501));
#9333=CARTESIAN_POINT('',(0.25465,-0.0311,0.00651));
#9334=CARTESIAN_POINT('',(0.25465,-0.0311,0.00651));
#9335=CARTESIAN_POINT('',(0.24765,-0.0311,0.00651));
#9336=CARTESIAN_POINT('',(0.25465,-0.0381,0.00651));
#9337=CARTESIAN_POINT('',(0.25465,-0.0381,0.00501));
#9338=CARTESIAN_POINT('',(0.25465,-0.0381,0.00651));
#9339=CARTESIAN_POINT('',(0.27875,-0.0381,0.00651));
#9340=CARTESIAN_POINT('',(0.27875,-0.0381,0.00501));
#9341=CARTESIAN_POINT('',(0.27875,-0.0451,0.00501));
#9342=CARTESIAN_POINT('',(0.27875,-0.0311,0.00501));
#9343=CARTESIAN_POINT('',(0.27875,-0.0311,0.00651));
#9344=CARTESIAN_POINT('',(0.27875,-0.0311,0.00651));
#9345=CARTESIAN_POINT('',(0.27875,-0.0381,0.00651));
#9346=CARTESIAN_POINT('',(0.27875,-0.0451,0.00651));
#9347=CARTESIAN_POINT('',(0.27875,-0.0451,0.00651));
#9348=CARTESIAN_POINT('',(0.28575,-0.0311,0.00651));
#9349=CARTESIAN_POINT('',(0.28575,-0.0311,0.00501));
#9350=CARTESIAN_POINT('',(0.29275,-0.0311,0.00501));
#9351=CARTESIAN_POINT('',(0.29275,-0.0311,0.00651));
#9352=CARTESIAN_POINT('',(0.29275,-0.0311,0.00651));
#9353=CARTESIAN_POINT('',(0.28575,-0.0311,0.00651));
#9354=CARTESIAN_POINT('',(0.29275,-0.0381,0.00651));
#9355=CARTESIAN_POINT('',(0.29275,-0.0381,0.00501));
#9356=CARTESIAN_POINT('',(0.29275,-0.0451,0.00501));
#9357=CARTESIAN_POINT('',(0.29275,-0.0451,0.00651));
#9358=CARTESIAN_POINT('',(0.29275,-0.0451,0.00651));
#9359=CARTESIAN_POINT('',(0.29275,-0.0381,0.00651));
#9360=CARTESIAN_POINT('',(0.28575,-0.0451,0.00651));
#9361=CARTESIAN_POINT('',(0.28575,-0.0451,0.00501));
#9362=CARTESIAN_POINT('',(0.28575,-0.0451,0.00651));
#9363=CARTESIAN_POINT('',(0.3356125,-0.0381,0.00651));
#9364=CARTESIAN_POINT('',(0.3356125,-0.0381,0.00501));
#9365=CARTESIAN_POINT('',(0.3356125,-0.0311,0.00501));
#9366=CARTESIAN_POINT('',(0.3356125,-0.0451,0.00501));
#9367=CARTESIAN_POINT('',(0.3356125,-0.0451,0.00651));
#9368=CARTESIAN_POINT('',(0.3356125,-0.0451,0.00651));
#9369=CARTESIAN_POINT('',(0.3356125,-0.0381,0.00651));
#9370=CARTESIAN_POINT('',(0.3356125,-0.0311,0.00651));
#9371=CARTESIAN_POINT('',(0.3356125,-0.0311,0.00651));
#9372=CARTESIAN_POINT('',(0.3286125,-0.0451,0.00651));
#9373=CARTESIAN_POINT('',(0.3286125,-0.0451,0.00501));
#9374=CARTESIAN_POINT('',(0.3216125,-0.0451,0.00501));
#9375=CARTESIAN_POINT('',(0.3216125,-0.0451,0.00651));
#9376=CARTESIAN_POINT('',(0.3216125,-0.0451,0.00651));
#9377=CARTESIAN_POINT('',(0.3286125,-0.0451,0.00651));
#9378=CARTESIAN_POINT('',(0.3216125,-0.0381,0.00651));
#9379=CARTESIAN_POINT('',(0.3216125,-0.0381,0.00501));
#9380=CARTESIAN_POINT('',(0.3216125,-0.0311,0.00501));
#9381=CARTESIAN_POINT('',(0.3216125,-0.0311,0.00651));
#9382=CARTESIAN_POINT('',(0.3216125,-0.0311,0.00651));
#9383=CARTESIAN_POINT('',(0.3216125,-0.0381,0.00651));
#9384=CARTESIAN_POINT('',(0.3286125,-0.0311,0.00651));
#9385=CARTESIAN_POINT('',(0.3286125,-0.0311,0.00501));
#9386=CARTESIAN_POINT('',(0.3286125,-0.0311,0.00651));
#9387=CARTESIAN_POINT('',(0.2073125,-0.123825,0.00651));
#9388=CARTESIAN_POINT('',(0.2073125,-0.123825,0.00501));
#9389=CARTESIAN_POINT('',(0.2073125,-0.130825,0.00501));
#9390=CARTESIAN_POINT('',(0.2073125,-0.116825,0.00501));
#9391=CARTESIAN_POINT('',(0.2073125,-0.116825,0.00651));
#9392=CARTESIAN_POINT('',(0.2073125,-0.116825,0.00651));
#9393=CARTESIAN_POINT('',(0.2073125,-0.123825,0.00651));
#9394=CARTESIAN_POINT('',(0.2073125,-0.130825,0.00651));
#9395=CARTESIAN_POINT('',(0.2073125,-0.130825,0.00651));
#9396=CARTESIAN_POINT('',(0.2143125,-0.116825,0.00651));
#9397=CARTESIAN_POINT('',(0.2143125,-0.116825,0.00501));
#9398=CARTESIAN_POINT('',(0.2213125,-0.116825,0.00501));
#9399=CARTESIAN_POINT('',(0.2213125,-0.116825,0.00651));
#9400=CARTESIAN_POINT('',(0.2213125,-0.116825,0.00651));
#9401=CARTESIAN_POINT('',(0.2143125,-0.116825,0.00651));
#9402=CARTESIAN_POINT('',(0.2213125,-0.123825,0.00651));
#9403=CARTESIAN_POINT('',(0.2213125,-0.123825,0.00501));
#9404=CARTESIAN_POINT('',(0.2213125,-0.130825,0.00501));
#9405=CARTESIAN_POINT('',(0.2213125,-0.130825,0.00651));
#9406=CARTESIAN_POINT('',(0.2213125,-0.130825,0.00651));
#9407=CARTESIAN_POINT('',(0.2213125,-0.123825,0.00651));
#9408=CARTESIAN_POINT('',(0.2143125,-0.130825,0.00651));
#9409=CARTESIAN_POINT('',(0.2143125,-0.130825,0.00501));
#9410=CARTESIAN_POINT('',(0.2143125,-0.130825,0.00651));
#9411=CARTESIAN_POINT('',(0.2454125,-0.123825,0.00651));
#9412=CARTESIAN_POINT('',(0.2454125,-0.123825,0.00501));
#9413=CARTESIAN_POINT('',(0.2454125,-0.130825,0.00501));
#9414=CARTESIAN_POINT('',(0.2454125,-0.116825,0.00501));
#9415=CARTESIAN_POINT('',(0.2454125,-0.116825,0.00651));
#9416=CARTESIAN_POINT('',(0.2454125,-0.116825,0.00651));
#9417=CARTESIAN_POINT('',(0.2454125,-0.123825,0.00651));
#9418=CARTESIAN_POINT('',(0.2454125,-0.130825,0.00651));
#9419=CARTESIAN_POINT('',(0.2454125,-0.130825,0.00651));
#9420=CARTESIAN_POINT('',(0.2524125,-0.116825,0.00651));
#9421=CARTESIAN_POINT('',(0.2524125,-0.116825,0.00501));
#9422=CARTESIAN_POINT('',(0.2594125,-0.116825,0.00501));
#9423=CARTESIAN_POINT('',(0.2594125,-0.116825,0.00651));
#9424=CARTESIAN_POINT('',(0.2594125,-0.116825,0.00651));
#9425=CARTESIAN_POINT('',(0.2524125,-0.116825,0.00651));
#9426=CARTESIAN_POINT('',(0.2594125,-0.123825,0.00651));
#9427=CARTESIAN_POINT('',(0.2594125,-0.123825,0.00501));
#9428=CARTESIAN_POINT('',(0.2594125,-0.130825,0.00501));
#9429=CARTESIAN_POINT('',(0.2594125,-0.130825,0.00651));
#9430=CARTESIAN_POINT('',(0.2594125,-0.130825,0.00651));
#9431=CARTESIAN_POINT('',(0.2594125,-0.123825,0.00651));
#9432=CARTESIAN_POINT('',(0.2524125,-0.130825,0.00651));
#9433=CARTESIAN_POINT('',(0.2524125,-0.130825,0.00501));
#9434=CARTESIAN_POINT('',(0.2524125,-0.130825,0.00651));
#9435=CARTESIAN_POINT('',(0.3286125,-0.073675,0.00651));
#9436=CARTESIAN_POINT('',(0.3286125,-0.073675,0.00501));
#9437=CARTESIAN_POINT('',(0.3356125,-0.073675,0.00501));
#9438=CARTESIAN_POINT('',(0.3216125,-0.073675,0.00501));
#9439=CARTESIAN_POINT('',(0.3216125,-0.073675,0.00651));
#9440=CARTESIAN_POINT('',(0.3216125,-0.073675,0.00651));
#9441=CARTESIAN_POINT('',(0.3286125,-0.073675,0.00651));
#9442=CARTESIAN_POINT('',(0.3356125,-0.073675,0.00651));
#9443=CARTESIAN_POINT('',(0.3356125,-0.073675,0.00651));
#9444=CARTESIAN_POINT('',(0.3216125,-0.066675,0.00651));
#9445=CARTESIAN_POINT('',(0.3216125,-0.066675,0.00501));
#9446=CARTESIAN_POINT('',(0.3216125,-0.059675,0.00501));
#9447=CARTESIAN_POINT('',(0.3216125,-0.059675,0.00651));
#9448=CARTESIAN_POINT('',(0.3216125,-0.059675,0.00651));
#9449=CARTESIAN_POINT('',(0.3216125,-0.066675,0.00651));
#9450=CARTESIAN_POINT('',(0.3286125,-0.059675,0.00651));
#9451=CARTESIAN_POINT('',(0.3286125,-0.059675,0.00501));
#9452=CARTESIAN_POINT('',(0.3356125,-0.059675,0.00501));
#9453=CARTESIAN_POINT('',(0.3356125,-0.059675,0.00651));
#9454=CARTESIAN_POINT('',(0.3356125,-0.059675,0.00651));
#9455=CARTESIAN_POINT('',(0.3286125,-0.059675,0.00651));
#9456=CARTESIAN_POINT('',(0.3356125,-0.066675,0.00651));
#9457=CARTESIAN_POINT('',(0.3356125,-0.066675,0.00501));
#9458=CARTESIAN_POINT('',(0.3356125,-0.066675,0.00651));
#9459=CARTESIAN_POINT('',(0.3356125,-0.142875,0.00651));
#9460=CARTESIAN_POINT('',(0.3356125,-0.142875,0.00501));
#9461=CARTESIAN_POINT('',(0.3356125,-0.135875,0.00501));
#9462=CARTESIAN_POINT('',(0.3356125,-0.149875,0.00501));
#9463=CARTESIAN_POINT('',(0.3356125,-0.149875,0.00651));
#9464=CARTESIAN_POINT('',(0.3356125,-0.149875,0.00651));
#9465=CARTESIAN_POINT('',(0.3356125,-0.142875,0.00651));
#9466=CARTESIAN_POINT('',(0.3356125,-0.135875,0.00651));
#9467=CARTESIAN_POINT('',(0.3356125,-0.135875,0.00651));
#9468=CARTESIAN_POINT('',(0.3286125,-0.149875,0.00651));
#9469=CARTESIAN_POINT('',(0.3286125,-0.149875,0.00501));
#9470=CARTESIAN_POINT('',(0.3216125,-0.149875,0.00501));
#9471=CARTESIAN_POINT('',(0.3216125,-0.149875,0.00651));
#9472=CARTESIAN_POINT('',(0.3216125,-0.149875,0.00651));
#9473=CARTESIAN_POINT('',(0.3286125,-0.149875,0.00651));
#9474=CARTESIAN_POINT('',(0.3216125,-0.142875,0.00651));
#9475=CARTESIAN_POINT('',(0.3216125,-0.142875,0.00501));
#9476=CARTESIAN_POINT('',(0.3216125,-0.135875,0.00501));
#9477=CARTESIAN_POINT('',(0.3216125,-0.135875,0.00651));
#9478=CARTESIAN_POINT('',(0.3216125,-0.135875,0.00651));
#9479=CARTESIAN_POINT('',(0.3216125,-0.142875,0.00651));
#9480=CARTESIAN_POINT('',(0.3286125,-0.135875,0.00651));
#9481=CARTESIAN_POINT('',(0.3286125,-0.135875,0.00501));
#9482=CARTESIAN_POINT('',(0.3286125,-0.135875,0.00651));
#9483=CARTESIAN_POINT('',(0.23798125,-0.142875,0.00651));
#9484=CARTESIAN_POINT('',(0.23798125,-0.142875,0.00501));
#9485=CARTESIAN_POINT('',(0.23798125,-0.135875,0.00501));
#9486=CARTESIAN_POINT('',(0.23798125,-0.149875,0.00501));
#9487=CARTESIAN_POINT('',(0.23798125,-0.149875,0.00651));
#9488=CARTESIAN_POINT('',(0.23798125,-0.149875,0.00651));
#9489=CARTESIAN_POINT('',(0.23798125,-0.142875,0.00651));
#9490=CARTESIAN_POINT('',(0.23798125,-0.135875,0.00651));
#9491=CARTESIAN_POINT('',(0.23798125,-0.135875,0.00651));
#9492=CARTESIAN_POINT('',(0.23098125,-0.149875,0.00651));
#9493=CARTESIAN_POINT('',(0.23098125,-0.149875,0.00501));
#9494=CARTESIAN_POINT('',(0.22398125,-0.149875,0.00501));
#9495=CARTESIAN_POINT('',(0.22398125,-0.149875,0.00651));
#9496=CARTESIAN_POINT('',(0.22398125,-0.149875,0.00651));
#9497=CARTESIAN_POINT('',(0.23098125,-0.149875,0.00651));
#9498=CARTESIAN_POINT('',(0.22398125,-0.142875,0.00651));
#9499=CARTESIAN_POINT('',(0.22398125,-0.142875,0.00501));
#9500=CARTESIAN_POINT('',(0.22398125,-0.135875,0.00501));
#9501=CARTESIAN_POINT('',(0.22398125,-0.135875,0.00651));
#9502=CARTESIAN_POINT('',(0.22398125,-0.135875,0.00651));
#9503=CARTESIAN_POINT('',(0.22398125,-0.142875,0.00651));
#9504=CARTESIAN_POINT('',(0.23098125,-0.135875,0.00651));
#9505=CARTESIAN_POINT('',(0.23098125,-0.135875,0.00501));
#9506=CARTESIAN_POINT('',(0.23098125,-0.135875,0.00651));
#9507=CARTESIAN_POINT('',(0.25479375,-0.135875,0.00651));
#9508=CARTESIAN_POINT('',(0.25479375,-0.135875,0.00501));
#9509=CARTESIAN_POINT('',(0.26179375,-0.135875,0.00501));
#9510=CARTESIAN_POINT('',(0.24779375,-0.135875,0.00501));
#9511=CARTESIAN_POINT('',(0.26179375,-0.135875,0.00651));
#9512=CARTESIAN_POINT('',(0.26179375,-0.135875,0.00651));
#9513=CARTESIAN_POINT('',(0.25479375,-0.135875,0.00651));
#9514=CARTESIAN_POINT('',(0.24779375,-0.135875,0.00651));
#9515=CARTESIAN_POINT('',(0.24779375,-0.135875,0.00651));
#9516=CARTESIAN_POINT('',(0.26179375,-0.142875,0.00651));
#9517=CARTESIAN_POINT('',(0.26179375,-0.142875,0.00501));
#9518=CARTESIAN_POINT('',(0.26179375,-0.149875,0.00501));
#9519=CARTESIAN_POINT('',(0.26179375,-0.149875,0.00651));
#9520=CARTESIAN_POINT('',(0.26179375,-0.149875,0.00651));
#9521=CARTESIAN_POINT('',(0.26179375,-0.142875,0.00651));
#9522=CARTESIAN_POINT('',(0.25479375,-0.149875,0.00651));
#9523=CARTESIAN_POINT('',(0.25479375,-0.149875,0.00501));
#9524=CARTESIAN_POINT('',(0.24779375,-0.149875,0.00501));
#9525=CARTESIAN_POINT('',(0.24779375,-0.149875,0.00651));
#9526=CARTESIAN_POINT('',(0.24779375,-0.149875,0.00651));
#9527=CARTESIAN_POINT('',(0.25479375,-0.149875,0.00651));
#9528=CARTESIAN_POINT('',(0.24779375,-0.142875,0.00651));
#9529=CARTESIAN_POINT('',(0.24779375,-0.142875,0.00501));
#9530=CARTESIAN_POINT('',(0.24779375,-0.142875,0.00651));
#9531=CARTESIAN_POINT('',(0.27860625,-0.135875,0.00651));
#9532=CARTESIAN_POINT('',(0.27860625,-0.135875,0.00501));
#9533=CARTESIAN_POINT('',(0.28560625,-0.135875,0.00501));
#9534=CARTESIAN_POINT('',(0.27160625,-0.135875,0.00501));
#9535=CARTESIAN_POINT('',(0.28560625,-0.135875,0.00651));
#9536=CARTESIAN_POINT('',(0.28560625,-0.135875,0.00651));
#9537=CARTESIAN_POINT('',(0.27860625,-0.135875,0.00651));
#9538=CARTESIAN_POINT('',(0.27160625,-0.135875,0.00651));
#9539=CARTESIAN_POINT('',(0.27160625,-0.135875,0.00651));
#9540=CARTESIAN_POINT('',(0.28560625,-0.142875,0.00651));
#9541=CARTESIAN_POINT('',(0.28560625,-0.142875,0.00501));
#9542=CARTESIAN_POINT('',(0.28560625,-0.149875,0.00501));
#9543=CARTESIAN_POINT('',(0.28560625,-0.149875,0.00651));
#9544=CARTESIAN_POINT('',(0.28560625,-0.149875,0.00651));
#9545=CARTESIAN_POINT('',(0.28560625,-0.142875,0.00651));
#9546=CARTESIAN_POINT('',(0.27860625,-0.149875,0.00651));
#9547=CARTESIAN_POINT('',(0.27860625,-0.149875,0.00501));
#9548=CARTESIAN_POINT('',(0.27160625,-0.149875,0.00501));
#9549=CARTESIAN_POINT('',(0.27160625,-0.149875,0.00651));
#9550=CARTESIAN_POINT('',(0.27160625,-0.149875,0.00651));
#9551=CARTESIAN_POINT('',(0.27860625,-0.149875,0.00651));
#9552=CARTESIAN_POINT('',(0.27160625,-0.142875,0.00651));
#9553=CARTESIAN_POINT('',(0.27160625,-0.142875,0.00501));
#9554=CARTESIAN_POINT('',(0.27160625,-0.142875,0.00651));
#9555=CARTESIAN_POINT('',(0.30241875,-0.135875,0.00651));
#9556=CARTESIAN_POINT('',(0.30241875,-0.135875,0.00501));
#9557=CARTESIAN_POINT('',(0.30941875,-0.135875,0.00501));
#9558=CARTESIAN_POINT('',(0.29541875,-0.135875,0.00501));
#9559=CARTESIAN_POINT('',(0.30941875,-0.135875,0.00651));
#9560=CARTESIAN_POINT('',(0.30941875,-0.135875,0.00651));
#9561=CARTESIAN_POINT('',(0.30241875,-0.135875,0.00651));
#9562=CARTESIAN_POINT('',(0.29541875,-0.135875,0.00651));
#9563=CARTESIAN_POINT('',(0.29541875,-0.135875,0.00651));
#9564=CARTESIAN_POINT('',(0.30941875,-0.142875,0.00651));
#9565=CARTESIAN_POINT('',(0.30941875,-0.142875,0.00501));
#9566=CARTESIAN_POINT('',(0.30941875,-0.149875,0.00501));
#9567=CARTESIAN_POINT('',(0.30941875,-0.149875,0.00651));
#9568=CARTESIAN_POINT('',(0.30941875,-0.149875,0.00651));
#9569=CARTESIAN_POINT('',(0.30941875,-0.142875,0.00651));
#9570=CARTESIAN_POINT('',(0.30241875,-0.149875,0.00651));
#9571=CARTESIAN_POINT('',(0.30241875,-0.149875,0.00501));
#9572=CARTESIAN_POINT('',(0.29541875,-0.149875,0.00501));
#9573=CARTESIAN_POINT('',(0.29541875,-0.149875,0.00651));
#9574=CARTESIAN_POINT('',(0.29541875,-0.149875,0.00651));
#9575=CARTESIAN_POINT('',(0.30241875,-0.149875,0.00651));
#9576=CARTESIAN_POINT('',(0.29541875,-0.142875,0.00651));
#9577=CARTESIAN_POINT('',(0.29541875,-0.142875,0.00501));
#9578=CARTESIAN_POINT('',(0.29541875,-0.142875,0.00651));
#9579=CARTESIAN_POINT('',(0.29989375,-0.1029,0.00651));
#9580=CARTESIAN_POINT('',(0.29989375,-0.1029,0.00501));
#9581=CARTESIAN_POINT('',(0.29989375,-0.097775,0.00501));
#9582=CARTESIAN_POINT('',(0.29989375,-0.108025,0.00501));
#9583=CARTESIAN_POINT('',(0.29989375,-0.108025,0.00651));
#9584=CARTESIAN_POINT('',(0.29989375,-0.108025,0.00651));
#9585=CARTESIAN_POINT('',(0.29989375,-0.1029,0.00651));
#9586=CARTESIAN_POINT('',(0.29989375,-0.097775,0.00651));
#9587=CARTESIAN_POINT('',(0.29989375,-0.097775,0.00651));
#9588=CARTESIAN_POINT('',(0.300646875,-0.108025,0.00651));
#9589=CARTESIAN_POINT('',(0.300646875,-0.108025,0.00501));
#9590=CARTESIAN_POINT('',(0.3014,-0.108025,0.00501));
#9591=CARTESIAN_POINT('',(0.3014,-0.108025,0.00651));
#9592=CARTESIAN_POINT('',(0.3014,-0.108025,0.00651));
#9593=CARTESIAN_POINT('',(0.300646875,-0.108025,0.00651));
#9594=CARTESIAN_POINT('',(0.3014,-0.1029,0.00651));
#9595=CARTESIAN_POINT('',(0.3014,-0.1029,0.00501));
#9596=CARTESIAN_POINT('',(0.3014,-0.097775,0.00501));
#9597=CARTESIAN_POINT('',(0.3014,-0.097775,0.00651));
#9598=CARTESIAN_POINT('',(0.3014,-0.097775,0.00651));
#9599=CARTESIAN_POINT('',(0.3014,-0.1029,0.00651));
#9600=CARTESIAN_POINT('',(0.3048,-0.097775,0.00651));
#9601=CARTESIAN_POINT('',(0.3048,-0.097775,0.00501));
#9602=CARTESIAN_POINT('',(0.303276073820685,-0.097775,0.00501));
#9603=CARTESIAN_POINT('',(0.303276073820685,-0.097775,0.00651));
#9604=CARTESIAN_POINT('',(0.303276073820685,-0.097775,0.00651));
#9605=CARTESIAN_POINT('',(0.3048,-0.097775,0.00651));
#9606=CARTESIAN_POINT('',(0.3048,-0.09779,0.00651));
#9607=CARTESIAN_POINT('',(0.3048,-0.09779,0.00501));
#9608=CARTESIAN_POINT('',(0.306323926179315,-0.097775,0.00501));
#9609=CARTESIAN_POINT('',(0.306323926179315,-0.097775,0.00651));
#9610=CARTESIAN_POINT('',(0.306323926179315,-0.097775,0.00651));
#9611=CARTESIAN_POINT('',(0.3048,-0.09779,0.00651));
#9612=CARTESIAN_POINT('',(0.3048,-0.097775,0.00651));
#9613=CARTESIAN_POINT('',(0.3048,-0.097775,0.00501));
#9614=CARTESIAN_POINT('',(0.3082,-0.097775,0.00501));
#9615=CARTESIAN_POINT('',(0.3082,-0.097775,0.00651));
#9616=CARTESIAN_POINT('',(0.3082,-0.097775,0.00651));
#9617=CARTESIAN_POINT('',(0.3048,-0.097775,0.00651));
#9618=CARTESIAN_POINT('',(0.3082,-0.1029,0.00651));
#9619=CARTESIAN_POINT('',(0.3082,-0.1029,0.00501));
#9620=CARTESIAN_POINT('',(0.3082,-0.113025,0.00501));
#9621=CARTESIAN_POINT('',(0.3082,-0.113025,0.00651));
#9622=CARTESIAN_POINT('',(0.3082,-0.113025,0.00651));
#9623=CARTESIAN_POINT('',(0.3082,-0.1029,0.00651));
#9624=CARTESIAN_POINT('',(0.29289375,-0.113025,0.00651));
#9625=CARTESIAN_POINT('',(0.29289375,-0.113025,0.00501));
#9626=CARTESIAN_POINT('',(0.306793893730869,-0.113025,0.00501));
#9627=CARTESIAN_POINT('',(0.306793893730869,-0.113025,0.00651));
#9628=CARTESIAN_POINT('',(0.306793893730869,-0.113025,0.00651));
#9629=CARTESIAN_POINT('',(0.29289375,-0.113025,0.00651));
#9630=CARTESIAN_POINT('',(0.3048,-0.11303,0.00651));
#9631=CARTESIAN_POINT('',(0.3048,-0.11303,0.00501));
#9632=CARTESIAN_POINT('',(0.302806106269131,-0.113025,0.00501));
#9633=CARTESIAN_POINT('',(0.302806106269131,-0.113025,0.00651));
#9634=CARTESIAN_POINT('',(0.302806106269131,-0.113025,0.00651));
#9635=CARTESIAN_POINT('',(0.3048,-0.11303,0.00651));
#9636=CARTESIAN_POINT('',(0.29289375,-0.113025,0.00651));
#9637=CARTESIAN_POINT('',(0.29289375,-0.113025,0.00501));
#9638=CARTESIAN_POINT('',(0.295700718913883,-0.113025,0.00501));
#9639=CARTESIAN_POINT('',(0.295700718913883,-0.113025,0.00651));
#9640=CARTESIAN_POINT('',(0.295700718913883,-0.113025,0.00651));
#9641=CARTESIAN_POINT('',(0.29289375,-0.113025,0.00651));
#9642=CARTESIAN_POINT('',(0.29537,-0.11325,0.00651));
#9643=CARTESIAN_POINT('',(0.29537,-0.11325,0.00501));
#9644=CARTESIAN_POINT('',(0.295039281086117,-0.113025,0.00501));
#9645=CARTESIAN_POINT('',(0.295039281086117,-0.113025,0.00651));
#9646=CARTESIAN_POINT('',(0.295039281086117,-0.113025,0.00651));
#9647=CARTESIAN_POINT('',(0.29537,-0.11325,0.00651));
#9648=CARTESIAN_POINT('',(0.29289375,-0.113025,0.00651));
#9649=CARTESIAN_POINT('',(0.29289375,-0.113025,0.00501));
#9650=CARTESIAN_POINT('',(0.288080718913883,-0.113025,0.00501));
#9651=CARTESIAN_POINT('',(0.288080718913883,-0.113025,0.00651));
#9652=CARTESIAN_POINT('',(0.288080718913883,-0.113025,0.00651));
#9653=CARTESIAN_POINT('',(0.29289375,-0.113025,0.00651));
#9654=CARTESIAN_POINT('',(0.28775,-0.11325,0.00651));
#9655=CARTESIAN_POINT('',(0.28775,-0.11325,0.00501));
#9656=CARTESIAN_POINT('',(0.287419281086117,-0.113025,0.00501));
#9657=CARTESIAN_POINT('',(0.287419281086117,-0.113025,0.00651));
#9658=CARTESIAN_POINT('',(0.287419281086117,-0.113025,0.00651));
#9659=CARTESIAN_POINT('',(0.28775,-0.11325,0.00651));
#9660=CARTESIAN_POINT('',(0.29289375,-0.113025,0.00651));
#9661=CARTESIAN_POINT('',(0.29289375,-0.113025,0.00501));
#9662=CARTESIAN_POINT('',(0.28298139373087,-0.113025,0.00501));
#9663=CARTESIAN_POINT('',(0.28298139373087,-0.113025,0.00651));
#9664=CARTESIAN_POINT('',(0.28298139373087,-0.113025,0.00651));
#9665=CARTESIAN_POINT('',(0.29289375,-0.113025,0.00651));
#9666=CARTESIAN_POINT('',(0.2809875,-0.11303,0.00651));
#9667=CARTESIAN_POINT('',(0.2809875,-0.11303,0.00501));
#9668=CARTESIAN_POINT('',(0.278993606269131,-0.113025,0.00501));
#9669=CARTESIAN_POINT('',(0.278993606269131,-0.113025,0.00651));
#9670=CARTESIAN_POINT('',(0.278993606269131,-0.113025,0.00651));
#9671=CARTESIAN_POINT('',(0.2809875,-0.11303,0.00651));
#9672=CARTESIAN_POINT('',(0.29289375,-0.113025,0.00651));
#9673=CARTESIAN_POINT('',(0.29289375,-0.113025,0.00501));
#9674=CARTESIAN_POINT('',(0.2775875,-0.113025,0.00501));
#9675=CARTESIAN_POINT('',(0.2775875,-0.113025,0.00651));
#9676=CARTESIAN_POINT('',(0.2775875,-0.113025,0.00651));
#9677=CARTESIAN_POINT('',(0.29289375,-0.113025,0.00651));
#9678=CARTESIAN_POINT('',(0.2775875,-0.1124,0.00651));
#9679=CARTESIAN_POINT('',(0.2775875,-0.1124,0.00501));
#9680=CARTESIAN_POINT('',(0.2775875,-0.097775,0.00501));
#9681=CARTESIAN_POINT('',(0.2775875,-0.097775,0.00651));
#9682=CARTESIAN_POINT('',(0.2775875,-0.097775,0.00651));
#9683=CARTESIAN_POINT('',(0.2775875,-0.1124,0.00651));
#9684=CARTESIAN_POINT('',(0.2809875,-0.097775,0.00651));
#9685=CARTESIAN_POINT('',(0.2809875,-0.097775,0.00501));
#9686=CARTESIAN_POINT('',(0.279463573820686,-0.097775,0.00501));
#9687=CARTESIAN_POINT('',(0.279463573820686,-0.097775,0.00651));
#9688=CARTESIAN_POINT('',(0.279463573820686,-0.097775,0.00651));
#9689=CARTESIAN_POINT('',(0.2809875,-0.097775,0.00651));
#9690=CARTESIAN_POINT('',(0.2809875,-0.09779,0.00651));
#9691=CARTESIAN_POINT('',(0.2809875,-0.09779,0.00501));
#9692=CARTESIAN_POINT('',(0.282511426179315,-0.097775,0.00501));
#9693=CARTESIAN_POINT('',(0.282511426179315,-0.097775,0.00651));
#9694=CARTESIAN_POINT('',(0.282511426179315,-0.097775,0.00651));
#9695=CARTESIAN_POINT('',(0.2809875,-0.09779,0.00651));
#9696=CARTESIAN_POINT('',(0.2809875,-0.097775,0.00651));
#9697=CARTESIAN_POINT('',(0.2809875,-0.097775,0.00501));
#9698=CARTESIAN_POINT('',(0.2843875,-0.097775,0.00501));
#9699=CARTESIAN_POINT('',(0.2843875,-0.097775,0.00651));
#9700=CARTESIAN_POINT('',(0.2843875,-0.097775,0.00651));
#9701=CARTESIAN_POINT('',(0.2809875,-0.097775,0.00651));
#9702=CARTESIAN_POINT('',(0.2843875,-0.1029,0.00651));
#9703=CARTESIAN_POINT('',(0.2843875,-0.1029,0.00501));
#9704=CARTESIAN_POINT('',(0.2843875,-0.108025,0.00501));
#9705=CARTESIAN_POINT('',(0.2843875,-0.108025,0.00651));
#9706=CARTESIAN_POINT('',(0.2843875,-0.108025,0.00651));
#9707=CARTESIAN_POINT('',(0.2843875,-0.1029,0.00651));
#9708=CARTESIAN_POINT('',(0.285140625,-0.108025,0.00651));
#9709=CARTESIAN_POINT('',(0.285140625,-0.108025,0.00501));
#9710=CARTESIAN_POINT('',(0.28589375,-0.108025,0.00501));
#9711=CARTESIAN_POINT('',(0.28589375,-0.108025,0.00651));
#9712=CARTESIAN_POINT('',(0.28589375,-0.108025,0.00651));
#9713=CARTESIAN_POINT('',(0.285140625,-0.108025,0.00651));
#9714=CARTESIAN_POINT('',(0.28589375,-0.1029,0.00651));
#9715=CARTESIAN_POINT('',(0.28589375,-0.1029,0.00501));
#9716=CARTESIAN_POINT('',(0.28589375,-0.097775,0.00501));
#9717=CARTESIAN_POINT('',(0.28589375,-0.097775,0.00651));
#9718=CARTESIAN_POINT('',(0.28589375,-0.097775,0.00651));
#9719=CARTESIAN_POINT('',(0.28589375,-0.1029,0.00651));
#9720=CARTESIAN_POINT('',(0.29289375,-0.097775,0.00651));
#9721=CARTESIAN_POINT('',(0.29289375,-0.097775,0.00501));
#9722=CARTESIAN_POINT('',(0.29289375,-0.097775,0.00651));
#9723=CARTESIAN_POINT('',(0.295884375,-0.127075,0.00651));
#9724=CARTESIAN_POINT('',(0.295884375,-0.127075,0.00501));
#9725=CARTESIAN_POINT('',(0.29513125,-0.127075,0.00501));
#9726=CARTESIAN_POINT('',(0.2966375,-0.127075,0.00501));
#9727=CARTESIAN_POINT('',(0.2966375,-0.127075,0.00651));
#9728=CARTESIAN_POINT('',(0.2966375,-0.127075,0.00651));
#9729=CARTESIAN_POINT('',(0.295884375,-0.127075,0.00651));
#9730=CARTESIAN_POINT('',(0.29513125,-0.127075,0.00651));
#9731=CARTESIAN_POINT('',(0.29513125,-0.127075,0.00651));
#9732=CARTESIAN_POINT('',(0.2966375,-0.12195,0.00651));
#9733=CARTESIAN_POINT('',(0.2966375,-0.12195,0.00501));
#9734=CARTESIAN_POINT('',(0.2966375,-0.116825,0.00501));
#9735=CARTESIAN_POINT('',(0.2966375,-0.116825,0.00651));
#9736=CARTESIAN_POINT('',(0.2966375,-0.116825,0.00651));
#9737=CARTESIAN_POINT('',(0.2966375,-0.12195,0.00651));
#9738=CARTESIAN_POINT('',(0.3000375,-0.116825,0.00651));
#9739=CARTESIAN_POINT('',(0.3000375,-0.116825,0.00501));
#9740=CARTESIAN_POINT('',(0.298513573820685,-0.116825,0.00501));
#9741=CARTESIAN_POINT('',(0.298513573820685,-0.116825,0.00651));
#9742=CARTESIAN_POINT('',(0.298513573820685,-0.116825,0.00651));
#9743=CARTESIAN_POINT('',(0.3000375,-0.116825,0.00651));
#9744=CARTESIAN_POINT('',(0.3000375,-0.11684,0.00651));
#9745=CARTESIAN_POINT('',(0.3000375,-0.11684,0.00501));
#9746=CARTESIAN_POINT('',(0.301561426179315,-0.116825,0.00501));
#9747=CARTESIAN_POINT('',(0.301561426179315,-0.116825,0.00651));
#9748=CARTESIAN_POINT('',(0.301561426179315,-0.116825,0.00651));
#9749=CARTESIAN_POINT('',(0.3000375,-0.11684,0.00651));
#9750=CARTESIAN_POINT('',(0.3000375,-0.116825,0.00651));
#9751=CARTESIAN_POINT('',(0.3000375,-0.116825,0.00501));
#9752=CARTESIAN_POINT('',(0.3034375,-0.116825,0.00501));
#9753=CARTESIAN_POINT('',(0.3034375,-0.116825,0.00651));
#9754=CARTESIAN_POINT('',(0.3034375,-0.116825,0.00651));
#9755=CARTESIAN_POINT('',(0.3000375,-0.116825,0.00651));
#9756=CARTESIAN_POINT('',(0.3034375,-0.12195,0.00651));
#9757=CARTESIAN_POINT('',(0.3034375,-0.12195,0.00501));
#9758=CARTESIAN_POINT('',(0.3034375,-0.132075,0.00501));
#9759=CARTESIAN_POINT('',(0.3034375,-0.132075,0.00651));
#9760=CARTESIAN_POINT('',(0.3034375,-0.132075,0.00651));
#9761=CARTESIAN_POINT('',(0.3034375,-0.12195,0.00651));
#9762=CARTESIAN_POINT('',(0.28813125,-0.132075,0.00651));
#9763=CARTESIAN_POINT('',(0.28813125,-0.132075,0.00501));
#9764=CARTESIAN_POINT('',(0.302031393730869,-0.132075,0.00501));
#9765=CARTESIAN_POINT('',(0.302031393730869,-0.132075,0.00651));
#9766=CARTESIAN_POINT('',(0.302031393730869,-0.132075,0.00651));
#9767=CARTESIAN_POINT('',(0.28813125,-0.132075,0.00651));
#9768=CARTESIAN_POINT('',(0.3000375,-0.13208,0.00651));
#9769=CARTESIAN_POINT('',(0.3000375,-0.13208,0.00501));
#9770=CARTESIAN_POINT('',(0.298043606269131,-0.132075,0.00501));
#9771=CARTESIAN_POINT('',(0.298043606269131,-0.132075,0.00651));
#9772=CARTESIAN_POINT('',(0.298043606269131,-0.132075,0.00651));
#9773=CARTESIAN_POINT('',(0.3000375,-0.13208,0.00651));
#9774=CARTESIAN_POINT('',(0.28813125,-0.132075,0.00651));
#9775=CARTESIAN_POINT('',(0.28813125,-0.132075,0.00501));
#9776=CARTESIAN_POINT('',(0.278218893730869,-0.132075,0.00501));
#9777=CARTESIAN_POINT('',(0.278218893730869,-0.132075,0.00651));
#9778=CARTESIAN_POINT('',(0.278218893730869,-0.132075,0.00651));
#9779=CARTESIAN_POINT('',(0.28813125,-0.132075,0.00651));
#9780=CARTESIAN_POINT('',(0.276225,-0.13208,0.00651));
#9781=CARTESIAN_POINT('',(0.276225,-0.13208,0.00501));
#9782=CARTESIAN_POINT('',(0.27423110626913,-0.132075,0.00501));
#9783=CARTESIAN_POINT('',(0.27423110626913,-0.132075,0.00651));
#9784=CARTESIAN_POINT('',(0.27423110626913,-0.132075,0.00651));
#9785=CARTESIAN_POINT('',(0.276225,-0.13208,0.00651));
#9786=CARTESIAN_POINT('',(0.28813125,-0.132075,0.00651));
#9787=CARTESIAN_POINT('',(0.28813125,-0.132075,0.00501));
#9788=CARTESIAN_POINT('',(0.272825,-0.132075,0.00501));
#9789=CARTESIAN_POINT('',(0.272825,-0.132075,0.00651));
#9790=CARTESIAN_POINT('',(0.272825,-0.132075,0.00651));
#9791=CARTESIAN_POINT('',(0.28813125,-0.132075,0.00651));
#9792=CARTESIAN_POINT('',(0.272825,-0.13145,0.00651));
#9793=CARTESIAN_POINT('',(0.272825,-0.13145,0.00501));
#9794=CARTESIAN_POINT('',(0.272825,-0.116825,0.00501));
#9795=CARTESIAN_POINT('',(0.272825,-0.116825,0.00651));
#9796=CARTESIAN_POINT('',(0.272825,-0.116825,0.00651));
#9797=CARTESIAN_POINT('',(0.272825,-0.13145,0.00651));
#9798=CARTESIAN_POINT('',(0.276225,-0.116825,0.00651));
#9799=CARTESIAN_POINT('',(0.276225,-0.116825,0.00501));
#9800=CARTESIAN_POINT('',(0.274701073820686,-0.116825,0.00501));
#9801=CARTESIAN_POINT('',(0.274701073820686,-0.116825,0.00651));
#9802=CARTESIAN_POINT('',(0.274701073820686,-0.116825,0.00651));
#9803=CARTESIAN_POINT('',(0.276225,-0.116825,0.00651));
#9804=CARTESIAN_POINT('',(0.276225,-0.11684,0.00651));
#9805=CARTESIAN_POINT('',(0.276225,-0.11684,0.00501));
#9806=CARTESIAN_POINT('',(0.277748926179315,-0.116825,0.00501));
#9807=CARTESIAN_POINT('',(0.277748926179315,-0.116825,0.00651));
#9808=CARTESIAN_POINT('',(0.277748926179315,-0.116825,0.00651));
#9809=CARTESIAN_POINT('',(0.276225,-0.11684,0.00651));
#9810=CARTESIAN_POINT('',(0.276225,-0.116825,0.00651));
#9811=CARTESIAN_POINT('',(0.276225,-0.116825,0.00501));
#9812=CARTESIAN_POINT('',(0.279625,-0.116825,0.00501));
#9813=CARTESIAN_POINT('',(0.279625,-0.116825,0.00651));
#9814=CARTESIAN_POINT('',(0.279625,-0.116825,0.00651));
#9815=CARTESIAN_POINT('',(0.276225,-0.116825,0.00651));
#9816=CARTESIAN_POINT('',(0.279625,-0.12195,0.00651));
#9817=CARTESIAN_POINT('',(0.279625,-0.12195,0.00501));
#9818=CARTESIAN_POINT('',(0.279625,-0.127075,0.00501));
#9819=CARTESIAN_POINT('',(0.279625,-0.127075,0.00651));
#9820=CARTESIAN_POINT('',(0.279625,-0.127075,0.00651));
#9821=CARTESIAN_POINT('',(0.279625,-0.12195,0.00651));
#9822=CARTESIAN_POINT('',(0.280378125,-0.127075,0.00651));
#9823=CARTESIAN_POINT('',(0.280378125,-0.127075,0.00501));
#9824=CARTESIAN_POINT('',(0.28113125,-0.127075,0.00501));
#9825=CARTESIAN_POINT('',(0.28113125,-0.127075,0.00651));
#9826=CARTESIAN_POINT('',(0.28113125,-0.127075,0.00651));
#9827=CARTESIAN_POINT('',(0.280378125,-0.127075,0.00651));
#9828=CARTESIAN_POINT('',(0.28113125,-0.12195,0.00651));
#9829=CARTESIAN_POINT('',(0.28113125,-0.12195,0.00501));
#9830=CARTESIAN_POINT('',(0.28113125,-0.116825,0.00501));
#9831=CARTESIAN_POINT('',(0.28113125,-0.116825,0.00651));
#9832=CARTESIAN_POINT('',(0.28113125,-0.116825,0.00651));
#9833=CARTESIAN_POINT('',(0.28113125,-0.12195,0.00651));
#9834=CARTESIAN_POINT('',(0.28813125,-0.116825,0.00651));
#9835=CARTESIAN_POINT('',(0.28813125,-0.116825,0.00501));
#9836=CARTESIAN_POINT('',(0.29513125,-0.116825,0.00501));
#9837=CARTESIAN_POINT('',(0.29513125,-0.116825,0.00651));
#9838=CARTESIAN_POINT('',(0.29513125,-0.116825,0.00651));
#9839=CARTESIAN_POINT('',(0.28813125,-0.116825,0.00651));
#9840=CARTESIAN_POINT('',(0.29513125,-0.12195,0.00651));
#9841=CARTESIAN_POINT('',(0.29513125,-0.12195,0.00501));
#9842=CARTESIAN_POINT('',(0.29513125,-0.12195,0.00651));
#9843=CARTESIAN_POINT('',(0.226,-0.1515,0.00651));
#9844=CARTESIAN_POINT('',(0.226,-0.1515,0.00651));
#9845=CARTESIAN_POINT('',(0.2256,-0.1515,0.00651));
#9846=CARTESIAN_POINT('',(0.226,-0.1515,0.00501));
#9847=CARTESIAN_POINT('',(0.2256,-0.1515,0.00501));
#9848=CARTESIAN_POINT('',(0.23362,-0.1515,0.00651));
#9849=CARTESIAN_POINT('',(0.23362,-0.1515,0.00651));
#9850=CARTESIAN_POINT('',(0.23322,-0.1515,0.00651));
#9851=CARTESIAN_POINT('',(0.23362,-0.1515,0.00501));
#9852=CARTESIAN_POINT('',(0.23322,-0.1515,0.00501));
#9853=CARTESIAN_POINT('',(0.19025,-0.1325,0.00651));
#9854=CARTESIAN_POINT('',(0.19025,-0.1325,0.00651));
#9855=CARTESIAN_POINT('',(0.18985,-0.1325,0.00651));
#9856=CARTESIAN_POINT('',(0.19025,-0.1325,0.00501));
#9857=CARTESIAN_POINT('',(0.18985,-0.1325,0.00501));
#9858=CARTESIAN_POINT('',(0.19787,-0.1325,0.00651));
#9859=CARTESIAN_POINT('',(0.19787,-0.1325,0.00651));
#9860=CARTESIAN_POINT('',(0.19747,-0.1325,0.00651));
#9861=CARTESIAN_POINT('',(0.19787,-0.1325,0.00501));
#9862=CARTESIAN_POINT('',(0.19747,-0.1325,0.00501));
#9863=CARTESIAN_POINT('',(0.20949,-0.13235,0.00651));
#9864=CARTESIAN_POINT('',(0.20949,-0.13235,0.00651));
#9865=CARTESIAN_POINT('',(0.20909,-0.13235,0.00651));
#9866=CARTESIAN_POINT('',(0.20949,-0.13235,0.00501));
#9867=CARTESIAN_POINT('',(0.20909,-0.13235,0.00501));
#9868=CARTESIAN_POINT('',(0.21711,-0.13235,0.00651));
#9869=CARTESIAN_POINT('',(0.21711,-0.13235,0.00651));
#9870=CARTESIAN_POINT('',(0.21671,-0.13235,0.00651));
#9871=CARTESIAN_POINT('',(0.21711,-0.13235,0.00501));
#9872=CARTESIAN_POINT('',(0.21671,-0.13235,0.00501));
#9873=CARTESIAN_POINT('',(0.22825,-0.1325,0.00651));
#9874=CARTESIAN_POINT('',(0.22825,-0.1325,0.00651));
#9875=CARTESIAN_POINT('',(0.22785,-0.1325,0.00651));
#9876=CARTESIAN_POINT('',(0.22825,-0.1325,0.00501));
#9877=CARTESIAN_POINT('',(0.22785,-0.1325,0.00501));
#9878=CARTESIAN_POINT('',(0.23587,-0.1325,0.00651));
#9879=CARTESIAN_POINT('',(0.23587,-0.1325,0.00651));
#9880=CARTESIAN_POINT('',(0.23547,-0.1325,0.00651));
#9881=CARTESIAN_POINT('',(0.23587,-0.1325,0.00501));
#9882=CARTESIAN_POINT('',(0.23547,-0.1325,0.00501));
#9883=CARTESIAN_POINT('',(0.18075,-0.11325,0.00651));
#9884=CARTESIAN_POINT('',(0.18075,-0.11325,0.00651));
#9885=CARTESIAN_POINT('',(0.18035,-0.11325,0.00651));
#9886=CARTESIAN_POINT('',(0.18075,-0.11325,0.00501));
#9887=CARTESIAN_POINT('',(0.18035,-0.11325,0.00501));
#9888=CARTESIAN_POINT('',(0.18837,-0.11325,0.00651));
#9889=CARTESIAN_POINT('',(0.18837,-0.11325,0.00651));
#9890=CARTESIAN_POINT('',(0.18797,-0.11325,0.00651));
#9891=CARTESIAN_POINT('',(0.18837,-0.11325,0.00501));
#9892=CARTESIAN_POINT('',(0.18797,-0.11325,0.00501));
#9893=CARTESIAN_POINT('',(0.20025,-0.11325,0.00651));
#9894=CARTESIAN_POINT('',(0.20025,-0.11325,0.00651));
#9895=CARTESIAN_POINT('',(0.19985,-0.11325,0.00651));
#9896=CARTESIAN_POINT('',(0.20025,-0.11325,0.00501));
#9897=CARTESIAN_POINT('',(0.19985,-0.11325,0.00501));
#9898=CARTESIAN_POINT('',(0.20787,-0.11325,0.00651));
#9899=CARTESIAN_POINT('',(0.20787,-0.11325,0.00651));
#9900=CARTESIAN_POINT('',(0.20747,-0.11325,0.00651));
#9901=CARTESIAN_POINT('',(0.20787,-0.11325,0.00501));
#9902=CARTESIAN_POINT('',(0.20747,-0.11325,0.00501));
#9903=CARTESIAN_POINT('',(0.219,-0.11325,0.00651));
#9904=CARTESIAN_POINT('',(0.219,-0.11325,0.00651));
#9905=CARTESIAN_POINT('',(0.2186,-0.11325,0.00651));
#9906=CARTESIAN_POINT('',(0.219,-0.11325,0.00501));
#9907=CARTESIAN_POINT('',(0.2186,-0.11325,0.00501));
#9908=CARTESIAN_POINT('',(0.22662,-0.11325,0.00651));
#9909=CARTESIAN_POINT('',(0.22662,-0.11325,0.00651));
#9910=CARTESIAN_POINT('',(0.22622,-0.11325,0.00651));
#9911=CARTESIAN_POINT('',(0.22662,-0.11325,0.00501));
#9912=CARTESIAN_POINT('',(0.22622,-0.11325,0.00501));
#9913=CARTESIAN_POINT('',(0.238,-0.11325,0.00651));
#9914=CARTESIAN_POINT('',(0.238,-0.11325,0.00651));
#9915=CARTESIAN_POINT('',(0.2376,-0.11325,0.00651));
#9916=CARTESIAN_POINT('',(0.238,-0.11325,0.00501));
#9917=CARTESIAN_POINT('',(0.2376,-0.11325,0.00501));
#9918=CARTESIAN_POINT('',(0.24562,-0.11325,0.00651));
#9919=CARTESIAN_POINT('',(0.24562,-0.11325,0.00651));
#9920=CARTESIAN_POINT('',(0.24522,-0.11325,0.00651));
#9921=CARTESIAN_POINT('',(0.24562,-0.11325,0.00501));
#9922=CARTESIAN_POINT('',(0.24522,-0.11325,0.00501));
#9923=CARTESIAN_POINT('',(0.195,-0.09425,0.00651));
#9924=CARTESIAN_POINT('',(0.195,-0.09425,0.00651));
#9925=CARTESIAN_POINT('',(0.1946,-0.09425,0.00651));
#9926=CARTESIAN_POINT('',(0.195,-0.09425,0.00501));
#9927=CARTESIAN_POINT('',(0.1946,-0.09425,0.00501));
#9928=CARTESIAN_POINT('',(0.20262,-0.09425,0.00651));
#9929=CARTESIAN_POINT('',(0.20262,-0.09425,0.00651));
#9930=CARTESIAN_POINT('',(0.20222,-0.09425,0.00651));
#9931=CARTESIAN_POINT('',(0.20262,-0.09425,0.00501));
#9932=CARTESIAN_POINT('',(0.20222,-0.09425,0.00501));
#9933=CARTESIAN_POINT('',(0.214,-0.09425,0.00651));
#9934=CARTESIAN_POINT('',(0.214,-0.09425,0.00651));
#9935=CARTESIAN_POINT('',(0.2136,-0.09425,0.00651));
#9936=CARTESIAN_POINT('',(0.214,-0.09425,0.00501));
#9937=CARTESIAN_POINT('',(0.2136,-0.09425,0.00501));
#9938=CARTESIAN_POINT('',(0.22162,-0.09425,0.00651));
#9939=CARTESIAN_POINT('',(0.22162,-0.09425,0.00651));
#9940=CARTESIAN_POINT('',(0.22122,-0.09425,0.00651));
#9941=CARTESIAN_POINT('',(0.22162,-0.09425,0.00501));
#9942=CARTESIAN_POINT('',(0.22122,-0.09425,0.00501));
#9943=CARTESIAN_POINT('',(0.23325,-0.09425,0.00651));
#9944=CARTESIAN_POINT('',(0.23325,-0.09425,0.00651));
#9945=CARTESIAN_POINT('',(0.23285,-0.09425,0.00651));
#9946=CARTESIAN_POINT('',(0.23325,-0.09425,0.00501));
#9947=CARTESIAN_POINT('',(0.23285,-0.09425,0.00501));
#9948=CARTESIAN_POINT('',(0.24087,-0.09425,0.00651));
#9949=CARTESIAN_POINT('',(0.24087,-0.09425,0.00651));
#9950=CARTESIAN_POINT('',(0.24047,-0.09425,0.00651));
#9951=CARTESIAN_POINT('',(0.24087,-0.09425,0.00501));
#9952=CARTESIAN_POINT('',(0.24047,-0.09425,0.00501));
#9953=CARTESIAN_POINT('',(0.24975,-0.1515,0.00651));
#9954=CARTESIAN_POINT('',(0.24975,-0.1515,0.00651));
#9955=CARTESIAN_POINT('',(0.24935,-0.1515,0.00651));
#9956=CARTESIAN_POINT('',(0.24975,-0.1515,0.00501));
#9957=CARTESIAN_POINT('',(0.24935,-0.1515,0.00501));
#9958=CARTESIAN_POINT('',(0.25737,-0.1515,0.00651));
#9959=CARTESIAN_POINT('',(0.25737,-0.1515,0.00651));
#9960=CARTESIAN_POINT('',(0.25697,-0.1515,0.00651));
#9961=CARTESIAN_POINT('',(0.25737,-0.1515,0.00501));
#9962=CARTESIAN_POINT('',(0.25697,-0.1515,0.00501));
#9963=CARTESIAN_POINT('',(0.2735,-0.1515,0.00651));
#9964=CARTESIAN_POINT('',(0.2735,-0.1515,0.00651));
#9965=CARTESIAN_POINT('',(0.2731,-0.1515,0.00651));
#9966=CARTESIAN_POINT('',(0.2735,-0.1515,0.00501));
#9967=CARTESIAN_POINT('',(0.2731,-0.1515,0.00501));
#9968=CARTESIAN_POINT('',(0.28112,-0.1515,0.00651));
#9969=CARTESIAN_POINT('',(0.28112,-0.1515,0.00651));
#9970=CARTESIAN_POINT('',(0.28072,-0.1515,0.00651));
#9971=CARTESIAN_POINT('',(0.28112,-0.1515,0.00501));
#9972=CARTESIAN_POINT('',(0.28072,-0.1515,0.00501));
#9973=CARTESIAN_POINT('',(0.29725,-0.1515,0.00651));
#9974=CARTESIAN_POINT('',(0.29725,-0.1515,0.00651));
#9975=CARTESIAN_POINT('',(0.29685,-0.1515,0.00651));
#9976=CARTESIAN_POINT('',(0.29725,-0.1515,0.00501));
#9977=CARTESIAN_POINT('',(0.29685,-0.1515,0.00501));
#9978=CARTESIAN_POINT('',(0.30487,-0.1515,0.00651));
#9979=CARTESIAN_POINT('',(0.30487,-0.1515,0.00651));
#9980=CARTESIAN_POINT('',(0.30447,-0.1515,0.00651));
#9981=CARTESIAN_POINT('',(0.30487,-0.1515,0.00501));
#9982=CARTESIAN_POINT('',(0.30447,-0.1515,0.00501));
#9983=CARTESIAN_POINT('',(0.3235,-0.1515,0.00651));
#9984=CARTESIAN_POINT('',(0.3235,-0.1515,0.00651));
#9985=CARTESIAN_POINT('',(0.3231,-0.1515,0.00651));
#9986=CARTESIAN_POINT('',(0.3235,-0.1515,0.00501));
#9987=CARTESIAN_POINT('',(0.3231,-0.1515,0.00501));
#9988=CARTESIAN_POINT('',(0.33112,-0.1515,0.00651));
#9989=CARTESIAN_POINT('',(0.33112,-0.1515,0.00651));
#9990=CARTESIAN_POINT('',(0.33072,-0.1515,0.00651));
#9991=CARTESIAN_POINT('',(0.33112,-0.1515,0.00501));
#9992=CARTESIAN_POINT('',(0.33072,-0.1515,0.00501));
#9993=CARTESIAN_POINT('',(0.2475,-0.1325,0.00651));
#9994=CARTESIAN_POINT('',(0.2475,-0.1325,0.00651));
#9995=CARTESIAN_POINT('',(0.2471,-0.1325,0.00651));
#9996=CARTESIAN_POINT('',(0.2475,-0.1325,0.00501));
#9997=CARTESIAN_POINT('',(0.2471,-0.1325,0.00501));
#9998=CARTESIAN_POINT('',(0.25512,-0.1325,0.00651));
#9999=CARTESIAN_POINT('',(0.25512,-0.1325,0.00651));
#10000=CARTESIAN_POINT('',(0.25472,-0.1325,0.00651));
#10001=CARTESIAN_POINT('',(0.25512,-0.1325,0.00501));
#10002=CARTESIAN_POINT('',(0.25472,-0.1325,0.00501));
#10003=CARTESIAN_POINT('',(0.28325,-0.1325,0.00651));
#10004=CARTESIAN_POINT('',(0.28325,-0.1325,0.00651));
#10005=CARTESIAN_POINT('',(0.28285,-0.1325,0.00651));
#10006=CARTESIAN_POINT('',(0.28325,-0.1325,0.00501));
#10007=CARTESIAN_POINT('',(0.28285,-0.1325,0.00501));
#10008=CARTESIAN_POINT('',(0.29087,-0.1325,0.00651));
#10009=CARTESIAN_POINT('',(0.29087,-0.1325,0.00651));
#10010=CARTESIAN_POINT('',(0.29047,-0.1325,0.00651));
#10011=CARTESIAN_POINT('',(0.29087,-0.1325,0.00501));
#10012=CARTESIAN_POINT('',(0.29047,-0.1325,0.00501));
#10013=CARTESIAN_POINT('',(0.257,-0.11325,0.00651));
#10014=CARTESIAN_POINT('',(0.257,-0.11325,0.00651));
#10015=CARTESIAN_POINT('',(0.2566,-0.11325,0.00651));
#10016=CARTESIAN_POINT('',(0.257,-0.11325,0.00501));
#10017=CARTESIAN_POINT('',(0.2566,-0.11325,0.00501));
#10018=CARTESIAN_POINT('',(0.26462,-0.11325,0.00651));
#10019=CARTESIAN_POINT('',(0.26462,-0.11325,0.00651));
#10020=CARTESIAN_POINT('',(0.26422,-0.11325,0.00651));
#10021=CARTESIAN_POINT('',(0.26462,-0.11325,0.00501));
#10022=CARTESIAN_POINT('',(0.26422,-0.11325,0.00501));
#10023=CARTESIAN_POINT('',(0.25225,-0.09425,0.00651));
#10024=CARTESIAN_POINT('',(0.25225,-0.09425,0.00651));
#10025=CARTESIAN_POINT('',(0.25185,-0.09425,0.00651));
#10026=CARTESIAN_POINT('',(0.25225,-0.09425,0.00501));
#10027=CARTESIAN_POINT('',(0.25185,-0.09425,0.00501));
#10028=CARTESIAN_POINT('',(0.25987,-0.09425,0.00651));
#10029=CARTESIAN_POINT('',(0.25987,-0.09425,0.00651));
#10030=CARTESIAN_POINT('',(0.25947,-0.09425,0.00651));
#10031=CARTESIAN_POINT('',(0.25987,-0.09425,0.00501));
#10032=CARTESIAN_POINT('',(0.25947,-0.09425,0.00501));
#10033=CARTESIAN_POINT('',(0.27125,-0.09425,0.00651));
#10034=CARTESIAN_POINT('',(0.27125,-0.09425,0.00651));
#10035=CARTESIAN_POINT('',(0.27085,-0.09425,0.00651));
#10036=CARTESIAN_POINT('',(0.27125,-0.09425,0.00501));
#10037=CARTESIAN_POINT('',(0.27085,-0.09425,0.00501));
#10038=CARTESIAN_POINT('',(0.27887,-0.09425,0.00651));
#10039=CARTESIAN_POINT('',(0.27887,-0.09425,0.00651));
#10040=CARTESIAN_POINT('',(0.27847,-0.09425,0.00651));
#10041=CARTESIAN_POINT('',(0.27887,-0.09425,0.00501));
#10042=CARTESIAN_POINT('',(0.27847,-0.09425,0.00501));
#10043=CARTESIAN_POINT('',(0.295,-0.09425,0.00651));
#10044=CARTESIAN_POINT('',(0.295,-0.09425,0.00651));
#10045=CARTESIAN_POINT('',(0.2946,-0.09425,0.00651));
#10046=CARTESIAN_POINT('',(0.295,-0.09425,0.00501));
#10047=CARTESIAN_POINT('',(0.2946,-0.09425,0.00501));
#10048=CARTESIAN_POINT('',(0.30262,-0.09425,0.00651));
#10049=CARTESIAN_POINT('',(0.30262,-0.09425,0.00651));
#10050=CARTESIAN_POINT('',(0.30222,-0.09425,0.00651));
#10051=CARTESIAN_POINT('',(0.30262,-0.09425,0.00501));
#10052=CARTESIAN_POINT('',(0.30222,-0.09425,0.00501));
#10053=CARTESIAN_POINT('',(0.3235,-0.09425,0.00651));
#10054=CARTESIAN_POINT('',(0.3235,-0.09425,0.00651));
#10055=CARTESIAN_POINT('',(0.3231,-0.09425,0.00651));
#10056=CARTESIAN_POINT('',(0.3235,-0.09425,0.00501));
#10057=CARTESIAN_POINT('',(0.3231,-0.09425,0.00501));
#10058=CARTESIAN_POINT('',(0.33112,-0.09425,0.00651));
#10059=CARTESIAN_POINT('',(0.33112,-0.09425,0.00651));
#10060=CARTESIAN_POINT('',(0.33072,-0.09425,0.00651));
#10061=CARTESIAN_POINT('',(0.33112,-0.09425,0.00501));
#10062=CARTESIAN_POINT('',(0.33072,-0.09425,0.00501));
#10063=CARTESIAN_POINT('',(0.20475,-0.0755,0.00651));
#10064=CARTESIAN_POINT('',(0.20475,-0.0755,0.00651));
#10065=CARTESIAN_POINT('',(0.20435,-0.0755,0.00651));
#10066=CARTESIAN_POINT('',(0.20475,-0.0755,0.00501));
#10067=CARTESIAN_POINT('',(0.20435,-0.0755,0.00501));
#10068=CARTESIAN_POINT('',(0.21237,-0.0755,0.00651));
#10069=CARTESIAN_POINT('',(0.21237,-0.0755,0.00651));
#10070=CARTESIAN_POINT('',(0.21197,-0.0755,0.00651));
#10071=CARTESIAN_POINT('',(0.21237,-0.0755,0.00501));
#10072=CARTESIAN_POINT('',(0.21197,-0.0755,0.00501));
#10073=CARTESIAN_POINT('',(0.1855,-0.07525,0.00651));
#10074=CARTESIAN_POINT('',(0.1855,-0.07525,0.00651));
#10075=CARTESIAN_POINT('',(0.1851,-0.07525,0.00651));
#10076=CARTESIAN_POINT('',(0.1855,-0.07525,0.00501));
#10077=CARTESIAN_POINT('',(0.1851,-0.07525,0.00501));
#10078=CARTESIAN_POINT('',(0.19312,-0.07525,0.00651));
#10079=CARTESIAN_POINT('',(0.19312,-0.07525,0.00651));
#10080=CARTESIAN_POINT('',(0.19272,-0.07525,0.00651));
#10081=CARTESIAN_POINT('',(0.19312,-0.07525,0.00501));
#10082=CARTESIAN_POINT('',(0.19272,-0.07525,0.00501));
#10083=CARTESIAN_POINT('',(0.22375,-0.07525,0.00651));
#10084=CARTESIAN_POINT('',(0.22375,-0.07525,0.00651));
#10085=CARTESIAN_POINT('',(0.22335,-0.07525,0.00651));
#10086=CARTESIAN_POINT('',(0.22375,-0.07525,0.00501));
#10087=CARTESIAN_POINT('',(0.22335,-0.07525,0.00501));
#10088=CARTESIAN_POINT('',(0.23137,-0.07525,0.00651));
#10089=CARTESIAN_POINT('',(0.23137,-0.07525,0.00651));
#10090=CARTESIAN_POINT('',(0.23097,-0.07525,0.00651));
#10091=CARTESIAN_POINT('',(0.23137,-0.07525,0.00501));
#10092=CARTESIAN_POINT('',(0.23097,-0.07525,0.00501));
#10093=CARTESIAN_POINT('',(0.2425,-0.07525,0.00651));
#10094=CARTESIAN_POINT('',(0.2425,-0.07525,0.00651));
#10095=CARTESIAN_POINT('',(0.2421,-0.07525,0.00651));
#10096=CARTESIAN_POINT('',(0.2425,-0.07525,0.00501));
#10097=CARTESIAN_POINT('',(0.2421,-0.07525,0.00501));
#10098=CARTESIAN_POINT('',(0.19475,-0.04675,0.00651));
#10099=CARTESIAN_POINT('',(0.19475,-0.04675,0.00651));
#10100=CARTESIAN_POINT('',(0.19435,-0.04675,0.00651));
#10101=CARTESIAN_POINT('',(0.19475,-0.04675,0.00501));
#10102=CARTESIAN_POINT('',(0.19435,-0.04675,0.00501));
#10103=CARTESIAN_POINT('',(0.20237,-0.04675,0.00651));
#10104=CARTESIAN_POINT('',(0.20237,-0.04675,0.00651));
#10105=CARTESIAN_POINT('',(0.20197,-0.04675,0.00651));
#10106=CARTESIAN_POINT('',(0.20237,-0.04675,0.00501));
#10107=CARTESIAN_POINT('',(0.20197,-0.04675,0.00501));
#10108=CARTESIAN_POINT('',(0.21375,-0.04675,0.00651));
#10109=CARTESIAN_POINT('',(0.21375,-0.04675,0.00651));
#10110=CARTESIAN_POINT('',(0.21335,-0.04675,0.00651));
#10111=CARTESIAN_POINT('',(0.21375,-0.04675,0.00501));
#10112=CARTESIAN_POINT('',(0.21335,-0.04675,0.00501));
#10113=CARTESIAN_POINT('',(0.22137,-0.04675,0.00651));
#10114=CARTESIAN_POINT('',(0.22137,-0.04675,0.00651));
#10115=CARTESIAN_POINT('',(0.22097,-0.04675,0.00651));
#10116=CARTESIAN_POINT('',(0.22137,-0.04675,0.00501));
#10117=CARTESIAN_POINT('',(0.22097,-0.04675,0.00501));
#10118=CARTESIAN_POINT('',(0.24275,-0.04675,0.00651));
#10119=CARTESIAN_POINT('',(0.24275,-0.04675,0.00651));
#10120=CARTESIAN_POINT('',(0.24235,-0.04675,0.00651));
#10121=CARTESIAN_POINT('',(0.24275,-0.04675,0.00501));
#10122=CARTESIAN_POINT('',(0.24235,-0.04675,0.00501));
#10123=CARTESIAN_POINT('',(0.25012,-0.07525,0.00651));
#10124=CARTESIAN_POINT('',(0.25012,-0.07525,0.00651));
#10125=CARTESIAN_POINT('',(0.24972,-0.07525,0.00651));
#10126=CARTESIAN_POINT('',(0.25012,-0.07525,0.00501));
#10127=CARTESIAN_POINT('',(0.24972,-0.07525,0.00501));
#10128=CARTESIAN_POINT('',(0.26175,-0.07525,0.00651));
#10129=CARTESIAN_POINT('',(0.26175,-0.07525,0.00651));
#10130=CARTESIAN_POINT('',(0.26135,-0.07525,0.00651));
#10131=CARTESIAN_POINT('',(0.26175,-0.07525,0.00501));
#10132=CARTESIAN_POINT('',(0.26135,-0.07525,0.00501));
#10133=CARTESIAN_POINT('',(0.26937,-0.07525,0.00651));
#10134=CARTESIAN_POINT('',(0.26937,-0.07525,0.00651));
#10135=CARTESIAN_POINT('',(0.26897,-0.07525,0.00651));
#10136=CARTESIAN_POINT('',(0.26937,-0.07525,0.00501));
#10137=CARTESIAN_POINT('',(0.26897,-0.07525,0.00501));
#10138=CARTESIAN_POINT('',(0.32375,-0.07525,0.00651));
#10139=CARTESIAN_POINT('',(0.32375,-0.07525,0.00651));
#10140=CARTESIAN_POINT('',(0.32335,-0.07525,0.00651));
#10141=CARTESIAN_POINT('',(0.32375,-0.07525,0.00501));
#10142=CARTESIAN_POINT('',(0.32335,-0.07525,0.00501));
#10143=CARTESIAN_POINT('',(0.33137,-0.07525,0.00651));
#10144=CARTESIAN_POINT('',(0.33137,-0.07525,0.00651));
#10145=CARTESIAN_POINT('',(0.33097,-0.07525,0.00651));
#10146=CARTESIAN_POINT('',(0.33137,-0.07525,0.00501));
#10147=CARTESIAN_POINT('',(0.33097,-0.07525,0.00501));
#10148=CARTESIAN_POINT('',(0.25037,-0.04675,0.00651));
#10149=CARTESIAN_POINT('',(0.25037,-0.04675,0.00651));
#10150=CARTESIAN_POINT('',(0.24997,-0.04675,0.00651));
#10151=CARTESIAN_POINT('',(0.25037,-0.04675,0.00501));
#10152=CARTESIAN_POINT('',(0.24997,-0.04675,0.00501));
#10153=CARTESIAN_POINT('',(0.2615,-0.04675,0.00651));
#10154=CARTESIAN_POINT('',(0.2615,-0.04675,0.00651));
#10155=CARTESIAN_POINT('',(0.2611,-0.04675,0.00651));
#10156=CARTESIAN_POINT('',(0.2615,-0.04675,0.00501));
#10157=CARTESIAN_POINT('',(0.2611,-0.04675,0.00501));
#10158=CARTESIAN_POINT('',(0.26912,-0.04675,0.00651));
#10159=CARTESIAN_POINT('',(0.26912,-0.04675,0.00651));
#10160=CARTESIAN_POINT('',(0.26872,-0.04675,0.00651));
#10161=CARTESIAN_POINT('',(0.26912,-0.04675,0.00501));
#10162=CARTESIAN_POINT('',(0.26872,-0.04675,0.00501));
#10163=CARTESIAN_POINT('',(0.281,-0.04675,0.00651));
#10164=CARTESIAN_POINT('',(0.281,-0.04675,0.00651));
#10165=CARTESIAN_POINT('',(0.2806,-0.04675,0.00651));
#10166=CARTESIAN_POINT('',(0.281,-0.04675,0.00501));
#10167=CARTESIAN_POINT('',(0.2806,-0.04675,0.00501));
#10168=CARTESIAN_POINT('',(0.28862,-0.04675,0.00651));
#10169=CARTESIAN_POINT('',(0.28862,-0.04675,0.00651));
#10170=CARTESIAN_POINT('',(0.28822,-0.04675,0.00651));
#10171=CARTESIAN_POINT('',(0.28862,-0.04675,0.00501));
#10172=CARTESIAN_POINT('',(0.28822,-0.04675,0.00501));
#10173=CARTESIAN_POINT('',(0.29975,-0.04675,0.00651));
#10174=CARTESIAN_POINT('',(0.29975,-0.04675,0.00651));
#10175=CARTESIAN_POINT('',(0.29935,-0.04675,0.00651));
#10176=CARTESIAN_POINT('',(0.29975,-0.04675,0.00501));
#10177=CARTESIAN_POINT('',(0.29935,-0.04675,0.00501));
#10178=CARTESIAN_POINT('',(0.30737,-0.04675,0.00651));
#10179=CARTESIAN_POINT('',(0.30737,-0.04675,0.00651));
#10180=CARTESIAN_POINT('',(0.30697,-0.04675,0.00651));
#10181=CARTESIAN_POINT('',(0.30737,-0.04675,0.00501));
#10182=CARTESIAN_POINT('',(0.30697,-0.04675,0.00501));
#10183=CARTESIAN_POINT('',(0.32375,-0.04675,0.00651));
#10184=CARTESIAN_POINT('',(0.32375,-0.04675,0.00651));
#10185=CARTESIAN_POINT('',(0.32335,-0.04675,0.00651));
#10186=CARTESIAN_POINT('',(0.32375,-0.04675,0.00501));
#10187=CARTESIAN_POINT('',(0.32335,-0.04675,0.00501));
#10188=CARTESIAN_POINT('',(0.33137,-0.04675,0.00651));
#10189=CARTESIAN_POINT('',(0.33137,-0.04675,0.00651));
#10190=CARTESIAN_POINT('',(0.33097,-0.04675,0.00651));
#10191=CARTESIAN_POINT('',(0.33137,-0.04675,0.00501));
#10192=CARTESIAN_POINT('',(0.33097,-0.04675,0.00501));
#10193=CARTESIAN_POINT('',(0.3000375,-0.092725,0.00651));
#10194=CARTESIAN_POINT('',(0.3000375,-0.092725,0.00501));
#10195=CARTESIAN_POINT('',(0.3070375,-0.092725,0.00501));
#10196=CARTESIAN_POINT('',(0.2930375,-0.092725,0.00501));
#10197=CARTESIAN_POINT('',(0.2930375,-0.092725,0.00651));
#10198=CARTESIAN_POINT('',(0.2930375,-0.092725,0.00651));
#10199=CARTESIAN_POINT('',(0.3000375,-0.092725,0.00651));
#10200=CARTESIAN_POINT('',(0.3070375,-0.092725,0.00651));
#10201=CARTESIAN_POINT('',(0.3070375,-0.092725,0.00651));
#10202=CARTESIAN_POINT('',(0.2930375,-0.085725,0.00651));
#10203=CARTESIAN_POINT('',(0.2930375,-0.085725,0.00501));
#10204=CARTESIAN_POINT('',(0.2930375,-0.078725,0.00501));
#10205=CARTESIAN_POINT('',(0.2930375,-0.078725,0.00651));
#10206=CARTESIAN_POINT('',(0.2930375,-0.078725,0.00651));
#10207=CARTESIAN_POINT('',(0.2930375,-0.085725,0.00651));
#10208=CARTESIAN_POINT('',(0.3000375,-0.078725,0.00651));
#10209=CARTESIAN_POINT('',(0.3000375,-0.078725,0.00501));
#10210=CARTESIAN_POINT('',(0.3070375,-0.078725,0.00501));
#10211=CARTESIAN_POINT('',(0.3070375,-0.078725,0.00651));
#10212=CARTESIAN_POINT('',(0.3070375,-0.078725,0.00651));
#10213=CARTESIAN_POINT('',(0.3000375,-0.078725,0.00651));
#10214=CARTESIAN_POINT('',(0.3070375,-0.085725,0.00651));
#10215=CARTESIAN_POINT('',(0.3070375,-0.085725,0.00501));
#10216=CARTESIAN_POINT('',(0.3070375,-0.085725,0.00651));
#10217=CARTESIAN_POINT('',(0.302275,-0.0648,0.00651));
#10218=CARTESIAN_POINT('',(0.302275,-0.0648,0.00501));
#10219=CARTESIAN_POINT('',(0.302275,-0.059675,0.00501));
#10220=CARTESIAN_POINT('',(0.302275,-0.069925,0.00501));
#10221=CARTESIAN_POINT('',(0.302275,-0.069925,0.00651));
#10222=CARTESIAN_POINT('',(0.302275,-0.069925,0.00651));
#10223=CARTESIAN_POINT('',(0.302275,-0.0648,0.00651));
#10224=CARTESIAN_POINT('',(0.302275,-0.059675,0.00651));
#10225=CARTESIAN_POINT('',(0.302275,-0.059675,0.00651));
#10226=CARTESIAN_POINT('',(0.303028125,-0.069925,0.00651));
#10227=CARTESIAN_POINT('',(0.303028125,-0.069925,0.00501));
#10228=CARTESIAN_POINT('',(0.30378125,-0.069925,0.00501));
#10229=CARTESIAN_POINT('',(0.30378125,-0.069925,0.00651));
#10230=CARTESIAN_POINT('',(0.30378125,-0.069925,0.00651));
#10231=CARTESIAN_POINT('',(0.303028125,-0.069925,0.00651));
#10232=CARTESIAN_POINT('',(0.30378125,-0.0648,0.00651));
#10233=CARTESIAN_POINT('',(0.30378125,-0.0648,0.00501));
#10234=CARTESIAN_POINT('',(0.30378125,-0.059675,0.00501));
#10235=CARTESIAN_POINT('',(0.30378125,-0.059675,0.00651));
#10236=CARTESIAN_POINT('',(0.30378125,-0.059675,0.00651));
#10237=CARTESIAN_POINT('',(0.30378125,-0.0648,0.00651));
#10238=CARTESIAN_POINT('',(0.30718125,-0.059675,0.00651));
#10239=CARTESIAN_POINT('',(0.30718125,-0.059675,0.00501));
#10240=CARTESIAN_POINT('',(0.305657323820686,-0.059675,0.00501));
#10241=CARTESIAN_POINT('',(0.305657323820686,-0.059675,0.00651));
#10242=CARTESIAN_POINT('',(0.305657323820686,-0.059675,0.00651));
#10243=CARTESIAN_POINT('',(0.30718125,-0.059675,0.00651));
#10244=CARTESIAN_POINT('',(0.30718125,-0.05969,0.00651));
#10245=CARTESIAN_POINT('',(0.30718125,-0.05969,0.00501));
#10246=CARTESIAN_POINT('',(0.308705176179315,-0.059675,0.00501));
#10247=CARTESIAN_POINT('',(0.308705176179315,-0.059675,0.00651));
#10248=CARTESIAN_POINT('',(0.308705176179315,-0.059675,0.00651));
#10249=CARTESIAN_POINT('',(0.30718125,-0.05969,0.00651));
#10250=CARTESIAN_POINT('',(0.30718125,-0.059675,0.00651));
#10251=CARTESIAN_POINT('',(0.30718125,-0.059675,0.00501));
#10252=CARTESIAN_POINT('',(0.31058125,-0.059675,0.00501));
#10253=CARTESIAN_POINT('',(0.31058125,-0.059675,0.00651));
#10254=CARTESIAN_POINT('',(0.31058125,-0.059675,0.00651));
#10255=CARTESIAN_POINT('',(0.30718125,-0.059675,0.00651));
#10256=CARTESIAN_POINT('',(0.31058125,-0.0648,0.00651));
#10257=CARTESIAN_POINT('',(0.31058125,-0.0648,0.00501));
#10258=CARTESIAN_POINT('',(0.31058125,-0.074925,0.00501));
#10259=CARTESIAN_POINT('',(0.31058125,-0.074925,0.00651));
#10260=CARTESIAN_POINT('',(0.31058125,-0.074925,0.00651));
#10261=CARTESIAN_POINT('',(0.31058125,-0.0648,0.00651));
#10262=CARTESIAN_POINT('',(0.295275,-0.074925,0.00651));
#10263=CARTESIAN_POINT('',(0.295275,-0.074925,0.00501));
#10264=CARTESIAN_POINT('',(0.309175143730869,-0.074925,0.00501));
#10265=CARTESIAN_POINT('',(0.309175143730869,-0.074925,0.00651));
#10266=CARTESIAN_POINT('',(0.309175143730869,-0.074925,0.00651));
#10267=CARTESIAN_POINT('',(0.295275,-0.074925,0.00651));
#10268=CARTESIAN_POINT('',(0.30718125,-0.07493,0.00651));
#10269=CARTESIAN_POINT('',(0.30718125,-0.07493,0.00501));
#10270=CARTESIAN_POINT('',(0.305187356269131,-0.074925,0.00501));
#10271=CARTESIAN_POINT('',(0.305187356269131,-0.074925,0.00651));
#10272=CARTESIAN_POINT('',(0.305187356269131,-0.074925,0.00651));
#10273=CARTESIAN_POINT('',(0.30718125,-0.07493,0.00651));
#10274=CARTESIAN_POINT('',(0.295275,-0.074925,0.00651));
#10275=CARTESIAN_POINT('',(0.295275,-0.074925,0.00501));
#10276=CARTESIAN_POINT('',(0.298353184476327,-0.074925,0.00501));
#10277=CARTESIAN_POINT('',(0.298353184476327,-0.074925,0.00651));
#10278=CARTESIAN_POINT('',(0.298353184476327,-0.074925,0.00651));
#10279=CARTESIAN_POINT('',(0.295275,-0.074925,0.00651));
#10280=CARTESIAN_POINT('',(0.29812,-0.07525,0.00651));
#10281=CARTESIAN_POINT('',(0.29812,-0.07525,0.00501));
#10282=CARTESIAN_POINT('',(0.297886815523673,-0.074925,0.00501));
#10283=CARTESIAN_POINT('',(0.297886815523673,-0.074925,0.00651));
#10284=CARTESIAN_POINT('',(0.297886815523673,-0.074925,0.00651));
#10285=CARTESIAN_POINT('',(0.29812,-0.07525,0.00651));
#10286=CARTESIAN_POINT('',(0.295275,-0.074925,0.00651));
#10287=CARTESIAN_POINT('',(0.295275,-0.074925,0.00501));
#10288=CARTESIAN_POINT('',(0.290733184476327,-0.074925,0.00501));
#10289=CARTESIAN_POINT('',(0.290733184476327,-0.074925,0.00651));
#10290=CARTESIAN_POINT('',(0.290733184476327,-0.074925,0.00651));
#10291=CARTESIAN_POINT('',(0.295275,-0.074925,0.00651));
#10292=CARTESIAN_POINT('',(0.2905,-0.07525,0.00651));
#10293=CARTESIAN_POINT('',(0.2905,-0.07525,0.00501));
#10294=CARTESIAN_POINT('',(0.290266815523673,-0.074925,0.00501));
#10295=CARTESIAN_POINT('',(0.290266815523673,-0.074925,0.00651));
#10296=CARTESIAN_POINT('',(0.290266815523673,-0.074925,0.00651));
#10297=CARTESIAN_POINT('',(0.2905,-0.07525,0.00651));
#10298=CARTESIAN_POINT('',(0.295275,-0.074925,0.00651));
#10299=CARTESIAN_POINT('',(0.295275,-0.074925,0.00501));
#10300=CARTESIAN_POINT('',(0.28536264373087,-0.074925,0.00501));
#10301=CARTESIAN_POINT('',(0.28536264373087,-0.074925,0.00651));
#10302=CARTESIAN_POINT('',(0.28536264373087,-0.074925,0.00651));
#10303=CARTESIAN_POINT('',(0.295275,-0.074925,0.00651));
#10304=CARTESIAN_POINT('',(0.28336875,-0.07493,0.00651));
#10305=CARTESIAN_POINT('',(0.28336875,-0.07493,0.00501));
#10306=CARTESIAN_POINT('',(0.281374856269131,-0.074925,0.00501));
#10307=CARTESIAN_POINT('',(0.281374856269131,-0.074925,0.00651));
#10308=CARTESIAN_POINT('',(0.281374856269131,-0.074925,0.00651));
#10309=CARTESIAN_POINT('',(0.28336875,-0.07493,0.00651));
#10310=CARTESIAN_POINT('',(0.295275,-0.074925,0.00651));
#10311=CARTESIAN_POINT('',(0.295275,-0.074925,0.00501));
#10312=CARTESIAN_POINT('',(0.27996875,-0.074925,0.00501));
#10313=CARTESIAN_POINT('',(0.27996875,-0.074925,0.00651));
#10314=CARTESIAN_POINT('',(0.27996875,-0.074925,0.00651));
#10315=CARTESIAN_POINT('',(0.295275,-0.074925,0.00651));
#10316=CARTESIAN_POINT('',(0.27996875,-0.0743,0.00651));
#10317=CARTESIAN_POINT('',(0.27996875,-0.0743,0.00501));
#10318=CARTESIAN_POINT('',(0.27996875,-0.059675,0.00501));
#10319=CARTESIAN_POINT('',(0.27996875,-0.059675,0.00651));
#10320=CARTESIAN_POINT('',(0.27996875,-0.059675,0.00651));
#10321=CARTESIAN_POINT('',(0.27996875,-0.0743,0.00651));
#10322=CARTESIAN_POINT('',(0.28336875,-0.059675,0.00651));
#10323=CARTESIAN_POINT('',(0.28336875,-0.059675,0.00501));
#10324=CARTESIAN_POINT('',(0.281844823820686,-0.059675,0.00501));
#10325=CARTESIAN_POINT('',(0.281844823820686,-0.059675,0.00651));
#10326=CARTESIAN_POINT('',(0.281844823820686,-0.059675,0.00651));
#10327=CARTESIAN_POINT('',(0.28336875,-0.059675,0.00651));
#10328=CARTESIAN_POINT('',(0.28336875,-0.05969,0.00651));
#10329=CARTESIAN_POINT('',(0.28336875,-0.05969,0.00501));
#10330=CARTESIAN_POINT('',(0.284892676179315,-0.059675,0.00501));
#10331=CARTESIAN_POINT('',(0.284892676179315,-0.059675,0.00651));
#10332=CARTESIAN_POINT('',(0.284892676179315,-0.059675,0.00651));
#10333=CARTESIAN_POINT('',(0.28336875,-0.05969,0.00651));
#10334=CARTESIAN_POINT('',(0.28336875,-0.059675,0.00651));
#10335=CARTESIAN_POINT('',(0.28336875,-0.059675,0.00501));
#10336=CARTESIAN_POINT('',(0.28676875,-0.059675,0.00501));
#10337=CARTESIAN_POINT('',(0.28676875,-0.059675,0.00651));
#10338=CARTESIAN_POINT('',(0.28676875,-0.059675,0.00651));
#10339=CARTESIAN_POINT('',(0.28336875,-0.059675,0.00651));
#10340=CARTESIAN_POINT('',(0.28676875,-0.0648,0.00651));
#10341=CARTESIAN_POINT('',(0.28676875,-0.0648,0.00501));
#10342=CARTESIAN_POINT('',(0.28676875,-0.069925,0.00501));
#10343=CARTESIAN_POINT('',(0.28676875,-0.069925,0.00651));
#10344=CARTESIAN_POINT('',(0.28676875,-0.069925,0.00651));
#10345=CARTESIAN_POINT('',(0.28676875,-0.0648,0.00651));
#10346=CARTESIAN_POINT('',(0.287521875,-0.069925,0.00651));
#10347=CARTESIAN_POINT('',(0.287521875,-0.069925,0.00501));
#10348=CARTESIAN_POINT('',(0.288275,-0.069925,0.00501));
#10349=CARTESIAN_POINT('',(0.288275,-0.069925,0.00651));
#10350=CARTESIAN_POINT('',(0.288275,-0.069925,0.00651));
#10351=CARTESIAN_POINT('',(0.287521875,-0.069925,0.00651));
#10352=CARTESIAN_POINT('',(0.288275,-0.0648,0.00651));
#10353=CARTESIAN_POINT('',(0.288275,-0.0648,0.00501));
#10354=CARTESIAN_POINT('',(0.288275,-0.059675,0.00501));
#10355=CARTESIAN_POINT('',(0.288275,-0.059675,0.00651));
#10356=CARTESIAN_POINT('',(0.288275,-0.059675,0.00651));
#10357=CARTESIAN_POINT('',(0.288275,-0.0648,0.00651));
#10358=CARTESIAN_POINT('',(0.295275,-0.059675,0.00651));
#10359=CARTESIAN_POINT('',(0.295275,-0.059675,0.00501));
#10360=CARTESIAN_POINT('',(0.295275,-0.059675,0.00651));
#10361=CARTESIAN_POINT('',(0.3356125,-0.085725,0.00651));
#10362=CARTESIAN_POINT('',(0.3356125,-0.085725,0.00501));
#10363=CARTESIAN_POINT('',(0.3356125,-0.078725,0.00501));
#10364=CARTESIAN_POINT('',(0.3356125,-0.092725,0.00501));
#10365=CARTESIAN_POINT('',(0.3356125,-0.092725,0.00651));
#10366=CARTESIAN_POINT('',(0.3356125,-0.092725,0.00651));
#10367=CARTESIAN_POINT('',(0.3356125,-0.085725,0.00651));
#10368=CARTESIAN_POINT('',(0.3356125,-0.078725,0.00651));
#10369=CARTESIAN_POINT('',(0.3356125,-0.078725,0.00651));
#10370=CARTESIAN_POINT('',(0.3286125,-0.092725,0.00651));
#10371=CARTESIAN_POINT('',(0.3286125,-0.092725,0.00501));
#10372=CARTESIAN_POINT('',(0.3216125,-0.092725,0.00501));
#10373=CARTESIAN_POINT('',(0.3216125,-0.092725,0.00651));
#10374=CARTESIAN_POINT('',(0.3216125,-0.092725,0.00651));
#10375=CARTESIAN_POINT('',(0.3286125,-0.092725,0.00651));
#10376=CARTESIAN_POINT('',(0.3216125,-0.085725,0.00651));
#10377=CARTESIAN_POINT('',(0.3216125,-0.085725,0.00501));
#10378=CARTESIAN_POINT('',(0.3216125,-0.078725,0.00501));
#10379=CARTESIAN_POINT('',(0.3216125,-0.078725,0.00651));
#10380=CARTESIAN_POINT('',(0.3216125,-0.078725,0.00651));
#10381=CARTESIAN_POINT('',(0.3216125,-0.085725,0.00651));
#10382=CARTESIAN_POINT('',(0.3286125,-0.078725,0.00651));
#10383=CARTESIAN_POINT('',(0.3286125,-0.078725,0.00501));
#10384=CARTESIAN_POINT('',(0.3286125,-0.078725,0.00651));
#10385=CARTESIAN_POINT('',(0.2263625,-0.123825,0.00651));
#10386=CARTESIAN_POINT('',(0.2263625,-0.123825,0.00501));
#10387=CARTESIAN_POINT('',(0.2263625,-0.130825,0.00501));
#10388=CARTESIAN_POINT('',(0.2263625,-0.116825,0.00501));
#10389=CARTESIAN_POINT('',(0.2263625,-0.116825,0.00651));
#10390=CARTESIAN_POINT('',(0.2263625,-0.116825,0.00651));
#10391=CARTESIAN_POINT('',(0.2263625,-0.123825,0.00651));
#10392=CARTESIAN_POINT('',(0.2263625,-0.130825,0.00651));
#10393=CARTESIAN_POINT('',(0.2263625,-0.130825,0.00651));
#10394=CARTESIAN_POINT('',(0.2333625,-0.116825,0.00651));
#10395=CARTESIAN_POINT('',(0.2333625,-0.116825,0.00501));
#10396=CARTESIAN_POINT('',(0.2403625,-0.116825,0.00501));
#10397=CARTESIAN_POINT('',(0.2403625,-0.116825,0.00651));
#10398=CARTESIAN_POINT('',(0.2403625,-0.116825,0.00651));
#10399=CARTESIAN_POINT('',(0.2333625,-0.116825,0.00651));
#10400=CARTESIAN_POINT('',(0.2403625,-0.123825,0.00651));
#10401=CARTESIAN_POINT('',(0.2403625,-0.123825,0.00501));
#10402=CARTESIAN_POINT('',(0.2403625,-0.130825,0.00501));
#10403=CARTESIAN_POINT('',(0.2403625,-0.130825,0.00651));
#10404=CARTESIAN_POINT('',(0.2403625,-0.130825,0.00651));
#10405=CARTESIAN_POINT('',(0.2403625,-0.123825,0.00651));
#10406=CARTESIAN_POINT('',(0.2333625,-0.130825,0.00651));
#10407=CARTESIAN_POINT('',(0.2333625,-0.130825,0.00501));
#10408=CARTESIAN_POINT('',(0.2333625,-0.130825,0.00651));
#10409=CARTESIAN_POINT('',(0.1882625,-0.123825,0.00651));
#10410=CARTESIAN_POINT('',(0.1882625,-0.123825,0.00501));
#10411=CARTESIAN_POINT('',(0.1882625,-0.130825,0.00501));
#10412=CARTESIAN_POINT('',(0.1882625,-0.116825,0.00501));
#10413=CARTESIAN_POINT('',(0.1882625,-0.116825,0.00651));
#10414=CARTESIAN_POINT('',(0.1882625,-0.116825,0.00651));
#10415=CARTESIAN_POINT('',(0.1882625,-0.123825,0.00651));
#10416=CARTESIAN_POINT('',(0.1882625,-0.130825,0.00651));
#10417=CARTESIAN_POINT('',(0.1882625,-0.130825,0.00651));
#10418=CARTESIAN_POINT('',(0.1952625,-0.116825,0.00651));
#10419=CARTESIAN_POINT('',(0.1952625,-0.116825,0.00501));
#10420=CARTESIAN_POINT('',(0.2022625,-0.116825,0.00501));
#10421=CARTESIAN_POINT('',(0.2022625,-0.116825,0.00651));
#10422=CARTESIAN_POINT('',(0.2022625,-0.116825,0.00651));
#10423=CARTESIAN_POINT('',(0.1952625,-0.116825,0.00651));
#10424=CARTESIAN_POINT('',(0.2022625,-0.123825,0.00651));
#10425=CARTESIAN_POINT('',(0.2022625,-0.123825,0.00501));
#10426=CARTESIAN_POINT('',(0.2022625,-0.130825,0.00501));
#10427=CARTESIAN_POINT('',(0.2022625,-0.130825,0.00651));
#10428=CARTESIAN_POINT('',(0.2022625,-0.130825,0.00651));
#10429=CARTESIAN_POINT('',(0.2022625,-0.123825,0.00651));
#10430=CARTESIAN_POINT('',(0.1952625,-0.130825,0.00651));
#10431=CARTESIAN_POINT('',(0.1952625,-0.130825,0.00501));
#10432=CARTESIAN_POINT('',(0.1952625,-0.130825,0.00651));
#10433=CARTESIAN_POINT('',(0.2619375,-0.097775,0.00651));
#10434=CARTESIAN_POINT('',(0.2619375,-0.097775,0.00501));
#10435=CARTESIAN_POINT('',(0.2689375,-0.097775,0.00501));
#10436=CARTESIAN_POINT('',(0.2549375,-0.097775,0.00501));
#10437=CARTESIAN_POINT('',(0.2689375,-0.097775,0.00651));
#10438=CARTESIAN_POINT('',(0.2689375,-0.097775,0.00651));
#10439=CARTESIAN_POINT('',(0.2619375,-0.097775,0.00651));
#10440=CARTESIAN_POINT('',(0.2549375,-0.097775,0.00651));
#10441=CARTESIAN_POINT('',(0.2549375,-0.097775,0.00651));
#10442=CARTESIAN_POINT('',(0.2689375,-0.104775,0.00651));
#10443=CARTESIAN_POINT('',(0.2689375,-0.104775,0.00501));
#10444=CARTESIAN_POINT('',(0.2689375,-0.111775,0.00501));
#10445=CARTESIAN_POINT('',(0.2689375,-0.111775,0.00651));
#10446=CARTESIAN_POINT('',(0.2689375,-0.111775,0.00651));
#10447=CARTESIAN_POINT('',(0.2689375,-0.104775,0.00651));
#10448=CARTESIAN_POINT('',(0.2619375,-0.111775,0.00651));
#10449=CARTESIAN_POINT('',(0.2619375,-0.111775,0.00501));
#10450=CARTESIAN_POINT('',(0.2549375,-0.111775,0.00501));
#10451=CARTESIAN_POINT('',(0.2549375,-0.111775,0.00651));
#10452=CARTESIAN_POINT('',(0.2549375,-0.111775,0.00651));
#10453=CARTESIAN_POINT('',(0.2619375,-0.111775,0.00651));
#10454=CARTESIAN_POINT('',(0.2549375,-0.104775,0.00651));
#10455=CARTESIAN_POINT('',(0.2549375,-0.104775,0.00501));
#10456=CARTESIAN_POINT('',(0.2549375,-0.104775,0.00651));
#10457=CARTESIAN_POINT('',(0.2428875,-0.097775,0.00651));
#10458=CARTESIAN_POINT('',(0.2428875,-0.097775,0.00501));
#10459=CARTESIAN_POINT('',(0.2498875,-0.097775,0.00501));
#10460=CARTESIAN_POINT('',(0.2358875,-0.097775,0.00501));
#10461=CARTESIAN_POINT('',(0.2498875,-0.097775,0.00651));
#10462=CARTESIAN_POINT('',(0.2498875,-0.097775,0.00651));
#10463=CARTESIAN_POINT('',(0.2428875,-0.097775,0.00651));
#10464=CARTESIAN_POINT('',(0.2358875,-0.097775,0.00651));
#10465=CARTESIAN_POINT('',(0.2358875,-0.097775,0.00651));
#10466=CARTESIAN_POINT('',(0.2498875,-0.104775,0.00651));
#10467=CARTESIAN_POINT('',(0.2498875,-0.104775,0.00501));
#10468=CARTESIAN_POINT('',(0.2498875,-0.111775,0.00501));
#10469=CARTESIAN_POINT('',(0.2498875,-0.111775,0.00651));
#10470=CARTESIAN_POINT('',(0.2498875,-0.111775,0.00651));
#10471=CARTESIAN_POINT('',(0.2498875,-0.104775,0.00651));
#10472=CARTESIAN_POINT('',(0.2428875,-0.111775,0.00651));
#10473=CARTESIAN_POINT('',(0.2428875,-0.111775,0.00501));
#10474=CARTESIAN_POINT('',(0.2358875,-0.111775,0.00501));
#10475=CARTESIAN_POINT('',(0.2358875,-0.111775,0.00651));
#10476=CARTESIAN_POINT('',(0.2358875,-0.111775,0.00651));
#10477=CARTESIAN_POINT('',(0.2428875,-0.111775,0.00651));
#10478=CARTESIAN_POINT('',(0.2358875,-0.104775,0.00651));
#10479=CARTESIAN_POINT('',(0.2358875,-0.104775,0.00501));
#10480=CARTESIAN_POINT('',(0.2358875,-0.104775,0.00651));
#10481=CARTESIAN_POINT('',(0.2238375,-0.097775,0.00651));
#10482=CARTESIAN_POINT('',(0.2238375,-0.097775,0.00501));
#10483=CARTESIAN_POINT('',(0.2308375,-0.097775,0.00501));
#10484=CARTESIAN_POINT('',(0.2168375,-0.097775,0.00501));
#10485=CARTESIAN_POINT('',(0.2308375,-0.097775,0.00651));
#10486=CARTESIAN_POINT('',(0.2308375,-0.097775,0.00651));
#10487=CARTESIAN_POINT('',(0.2238375,-0.097775,0.00651));
#10488=CARTESIAN_POINT('',(0.2168375,-0.097775,0.00651));
#10489=CARTESIAN_POINT('',(0.2168375,-0.097775,0.00651));
#10490=CARTESIAN_POINT('',(0.2308375,-0.104775,0.00651));
#10491=CARTESIAN_POINT('',(0.2308375,-0.104775,0.00501));
#10492=CARTESIAN_POINT('',(0.2308375,-0.111775,0.00501));
#10493=CARTESIAN_POINT('',(0.2308375,-0.111775,0.00651));
#10494=CARTESIAN_POINT('',(0.2308375,-0.111775,0.00651));
#10495=CARTESIAN_POINT('',(0.2308375,-0.104775,0.00651));
#10496=CARTESIAN_POINT('',(0.2238375,-0.111775,0.00651));
#10497=CARTESIAN_POINT('',(0.2238375,-0.111775,0.00501));
#10498=CARTESIAN_POINT('',(0.2168375,-0.111775,0.00501));
#10499=CARTESIAN_POINT('',(0.2168375,-0.111775,0.00651));
#10500=CARTESIAN_POINT('',(0.2168375,-0.111775,0.00651));
#10501=CARTESIAN_POINT('',(0.2238375,-0.111775,0.00651));
#10502=CARTESIAN_POINT('',(0.2168375,-0.104775,0.00651));
#10503=CARTESIAN_POINT('',(0.2168375,-0.104775,0.00501));
#10504=CARTESIAN_POINT('',(0.2168375,-0.104775,0.00651));
#10505=CARTESIAN_POINT('',(0.2047875,-0.097775,0.00651));
#10506=CARTESIAN_POINT('',(0.2047875,-0.097775,0.00501));
#10507=CARTESIAN_POINT('',(0.2117875,-0.097775,0.00501));
#10508=CARTESIAN_POINT('',(0.1977875,-0.097775,0.00501));
#10509=CARTESIAN_POINT('',(0.2117875,-0.097775,0.00651));
#10510=CARTESIAN_POINT('',(0.2117875,-0.097775,0.00651));
#10511=CARTESIAN_POINT('',(0.2047875,-0.097775,0.00651));
#10512=CARTESIAN_POINT('',(0.1977875,-0.097775,0.00651));
#10513=CARTESIAN_POINT('',(0.1977875,-0.097775,0.00651));
#10514=CARTESIAN_POINT('',(0.2117875,-0.104775,0.00651));
#10515=CARTESIAN_POINT('',(0.2117875,-0.104775,0.00501));
#10516=CARTESIAN_POINT('',(0.2117875,-0.111775,0.00501));
#10517=CARTESIAN_POINT('',(0.2117875,-0.111775,0.00651));
#10518=CARTESIAN_POINT('',(0.2117875,-0.111775,0.00651));
#10519=CARTESIAN_POINT('',(0.2117875,-0.104775,0.00651));
#10520=CARTESIAN_POINT('',(0.2047875,-0.111775,0.00651));
#10521=CARTESIAN_POINT('',(0.2047875,-0.111775,0.00501));
#10522=CARTESIAN_POINT('',(0.1977875,-0.111775,0.00501));
#10523=CARTESIAN_POINT('',(0.1977875,-0.111775,0.00651));
#10524=CARTESIAN_POINT('',(0.1977875,-0.111775,0.00651));
#10525=CARTESIAN_POINT('',(0.2047875,-0.111775,0.00651));
#10526=CARTESIAN_POINT('',(0.1977875,-0.104775,0.00651));
#10527=CARTESIAN_POINT('',(0.1977875,-0.104775,0.00501));
#10528=CARTESIAN_POINT('',(0.1977875,-0.104775,0.00651));
#10529=CARTESIAN_POINT('',(0.1857375,-0.097775,0.00651));
#10530=CARTESIAN_POINT('',(0.1857375,-0.097775,0.00501));
#10531=CARTESIAN_POINT('',(0.1927375,-0.097775,0.00501));
#10532=CARTESIAN_POINT('',(0.1787375,-0.097775,0.00501));
#10533=CARTESIAN_POINT('',(0.1927375,-0.097775,0.00651));
#10534=CARTESIAN_POINT('',(0.1927375,-0.097775,0.00651));
#10535=CARTESIAN_POINT('',(0.1857375,-0.097775,0.00651));
#10536=CARTESIAN_POINT('',(0.1787375,-0.097775,0.00651));
#10537=CARTESIAN_POINT('',(0.1787375,-0.097775,0.00651));
#10538=CARTESIAN_POINT('',(0.1927375,-0.104775,0.00651));
#10539=CARTESIAN_POINT('',(0.1927375,-0.104775,0.00501));
#10540=CARTESIAN_POINT('',(0.1927375,-0.111775,0.00501));
#10541=CARTESIAN_POINT('',(0.1927375,-0.111775,0.00651));
#10542=CARTESIAN_POINT('',(0.1927375,-0.111775,0.00651));
#10543=CARTESIAN_POINT('',(0.1927375,-0.104775,0.00651));
#10544=CARTESIAN_POINT('',(0.1857375,-0.111775,0.00651));
#10545=CARTESIAN_POINT('',(0.1857375,-0.111775,0.00501));
#10546=CARTESIAN_POINT('',(0.1787375,-0.111775,0.00501));
#10547=CARTESIAN_POINT('',(0.1787375,-0.111775,0.00651));
#10548=CARTESIAN_POINT('',(0.1787375,-0.111775,0.00651));
#10549=CARTESIAN_POINT('',(0.1857375,-0.111775,0.00651));
#10550=CARTESIAN_POINT('',(0.1787375,-0.104775,0.00651));
#10551=CARTESIAN_POINT('',(0.1787375,-0.104775,0.00501));
#10552=CARTESIAN_POINT('',(0.1787375,-0.104775,0.00651));
#10553=CARTESIAN_POINT('',(0.2978,-0.0381,0.00651));
#10554=CARTESIAN_POINT('',(0.2978,-0.0381,0.00501));
#10555=CARTESIAN_POINT('',(0.2978,-0.0451,0.00501));
#10556=CARTESIAN_POINT('',(0.2978,-0.0311,0.00501));
#10557=CARTESIAN_POINT('',(0.2978,-0.0311,0.00651));
#10558=CARTESIAN_POINT('',(0.2978,-0.0311,0.00651));
#10559=CARTESIAN_POINT('',(0.2978,-0.0381,0.00651));
#10560=CARTESIAN_POINT('',(0.2978,-0.0451,0.00651));
#10561=CARTESIAN_POINT('',(0.2978,-0.0451,0.00651));
#10562=CARTESIAN_POINT('',(0.3048,-0.0311,0.00651));
#10563=CARTESIAN_POINT('',(0.3048,-0.0311,0.00501));
#10564=CARTESIAN_POINT('',(0.3118,-0.0311,0.00501));
#10565=CARTESIAN_POINT('',(0.3118,-0.0311,0.00651));
#10566=CARTESIAN_POINT('',(0.3118,-0.0311,0.00651));
#10567=CARTESIAN_POINT('',(0.3048,-0.0311,0.00651));
#10568=CARTESIAN_POINT('',(0.3118,-0.0381,0.00651));
#10569=CARTESIAN_POINT('',(0.3118,-0.0381,0.00501));
#10570=CARTESIAN_POINT('',(0.3118,-0.0451,0.00501));
#10571=CARTESIAN_POINT('',(0.3118,-0.0451,0.00651));
#10572=CARTESIAN_POINT('',(0.3118,-0.0451,0.00651));
#10573=CARTESIAN_POINT('',(0.3118,-0.0381,0.00651));
#10574=CARTESIAN_POINT('',(0.3048,-0.0451,0.00651));
#10575=CARTESIAN_POINT('',(0.3048,-0.0451,0.00501));
#10576=CARTESIAN_POINT('',(0.3048,-0.0451,0.00651));
#10577=CARTESIAN_POINT('',(0.2597,-0.0381,0.00651));
#10578=CARTESIAN_POINT('',(0.2597,-0.0381,0.00501));
#10579=CARTESIAN_POINT('',(0.2597,-0.0451,0.00501));
#10580=CARTESIAN_POINT('',(0.2597,-0.0311,0.00501));
#10581=CARTESIAN_POINT('',(0.2597,-0.0311,0.00651));
#10582=CARTESIAN_POINT('',(0.2597,-0.0311,0.00651));
#10583=CARTESIAN_POINT('',(0.2597,-0.0381,0.00651));
#10584=CARTESIAN_POINT('',(0.2597,-0.0451,0.00651));
#10585=CARTESIAN_POINT('',(0.2597,-0.0451,0.00651));
#10586=CARTESIAN_POINT('',(0.2667,-0.0311,0.00651));
#10587=CARTESIAN_POINT('',(0.2667,-0.0311,0.00501));
#10588=CARTESIAN_POINT('',(0.2737,-0.0311,0.00501));
#10589=CARTESIAN_POINT('',(0.2737,-0.0311,0.00651));
#10590=CARTESIAN_POINT('',(0.2737,-0.0311,0.00651));
#10591=CARTESIAN_POINT('',(0.2667,-0.0311,0.00651));
#10592=CARTESIAN_POINT('',(0.2737,-0.0381,0.00651));
#10593=CARTESIAN_POINT('',(0.2737,-0.0381,0.00501));
#10594=CARTESIAN_POINT('',(0.2737,-0.0451,0.00501));
#10595=CARTESIAN_POINT('',(0.2737,-0.0451,0.00651));
#10596=CARTESIAN_POINT('',(0.2737,-0.0451,0.00651));
#10597=CARTESIAN_POINT('',(0.2737,-0.0381,0.00651));
#10598=CARTESIAN_POINT('',(0.2667,-0.0451,0.00651));
#10599=CARTESIAN_POINT('',(0.2667,-0.0451,0.00501));
#10600=CARTESIAN_POINT('',(0.2667,-0.0451,0.00651));
#10601=CARTESIAN_POINT('',(0.276225,-0.078725,0.00651));
#10602=CARTESIAN_POINT('',(0.276225,-0.078725,0.00501));
#10603=CARTESIAN_POINT('',(0.283225,-0.078725,0.00501));
#10604=CARTESIAN_POINT('',(0.269225,-0.078725,0.00501));
#10605=CARTESIAN_POINT('',(0.283225,-0.078725,0.00651));
#10606=CARTESIAN_POINT('',(0.283225,-0.078725,0.00651));
#10607=CARTESIAN_POINT('',(0.276225,-0.078725,0.00651));
#10608=CARTESIAN_POINT('',(0.269225,-0.078725,0.00651));
#10609=CARTESIAN_POINT('',(0.269225,-0.078725,0.00651));
#10610=CARTESIAN_POINT('',(0.283225,-0.085725,0.00651));
#10611=CARTESIAN_POINT('',(0.283225,-0.085725,0.00501));
#10612=CARTESIAN_POINT('',(0.283225,-0.092725,0.00501));
#10613=CARTESIAN_POINT('',(0.283225,-0.092725,0.00651));
#10614=CARTESIAN_POINT('',(0.283225,-0.092725,0.00651));
#10615=CARTESIAN_POINT('',(0.283225,-0.085725,0.00651));
#10616=CARTESIAN_POINT('',(0.276225,-0.092725,0.00651));
#10617=CARTESIAN_POINT('',(0.276225,-0.092725,0.00501));
#10618=CARTESIAN_POINT('',(0.269225,-0.092725,0.00501));
#10619=CARTESIAN_POINT('',(0.269225,-0.092725,0.00651));
#10620=CARTESIAN_POINT('',(0.269225,-0.092725,0.00651));
#10621=CARTESIAN_POINT('',(0.276225,-0.092725,0.00651));
#10622=CARTESIAN_POINT('',(0.269225,-0.085725,0.00651));
#10623=CARTESIAN_POINT('',(0.269225,-0.085725,0.00501));
#10624=CARTESIAN_POINT('',(0.269225,-0.085725,0.00651));
#10625=CARTESIAN_POINT('',(0.257175,-0.078725,0.00651));
#10626=CARTESIAN_POINT('',(0.257175,-0.078725,0.00501));
#10627=CARTESIAN_POINT('',(0.264175,-0.078725,0.00501));
#10628=CARTESIAN_POINT('',(0.250175,-0.078725,0.00501));
#10629=CARTESIAN_POINT('',(0.264175,-0.078725,0.00651));
#10630=CARTESIAN_POINT('',(0.264175,-0.078725,0.00651));
#10631=CARTESIAN_POINT('',(0.257175,-0.078725,0.00651));
#10632=CARTESIAN_POINT('',(0.250175,-0.078725,0.00651));
#10633=CARTESIAN_POINT('',(0.250175,-0.078725,0.00651));
#10634=CARTESIAN_POINT('',(0.264175,-0.085725,0.00651));
#10635=CARTESIAN_POINT('',(0.264175,-0.085725,0.00501));
#10636=CARTESIAN_POINT('',(0.264175,-0.092725,0.00501));
#10637=CARTESIAN_POINT('',(0.264175,-0.092725,0.00651));
#10638=CARTESIAN_POINT('',(0.264175,-0.092725,0.00651));
#10639=CARTESIAN_POINT('',(0.264175,-0.085725,0.00651));
#10640=CARTESIAN_POINT('',(0.257175,-0.092725,0.00651));
#10641=CARTESIAN_POINT('',(0.257175,-0.092725,0.00501));
#10642=CARTESIAN_POINT('',(0.250175,-0.092725,0.00501));
#10643=CARTESIAN_POINT('',(0.250175,-0.092725,0.00651));
#10644=CARTESIAN_POINT('',(0.250175,-0.092725,0.00651));
#10645=CARTESIAN_POINT('',(0.257175,-0.092725,0.00651));
#10646=CARTESIAN_POINT('',(0.250175,-0.085725,0.00651));
#10647=CARTESIAN_POINT('',(0.250175,-0.085725,0.00501));
#10648=CARTESIAN_POINT('',(0.250175,-0.085725,0.00651));
#10649=CARTESIAN_POINT('',(0.238125,-0.078725,0.00651));
#10650=CARTESIAN_POINT('',(0.238125,-0.078725,0.00501));
#10651=CARTESIAN_POINT('',(0.245125,-0.078725,0.00501));
#10652=CARTESIAN_POINT('',(0.231125,-0.078725,0.00501));
#10653=CARTESIAN_POINT('',(0.245125,-0.078725,0.00651));
#10654=CARTESIAN_POINT('',(0.245125,-0.078725,0.00651));
#10655=CARTESIAN_POINT('',(0.238125,-0.078725,0.00651));
#10656=CARTESIAN_POINT('',(0.231125,-0.078725,0.00651));
#10657=CARTESIAN_POINT('',(0.231125,-0.078725,0.00651));
#10658=CARTESIAN_POINT('',(0.245125,-0.085725,0.00651));
#10659=CARTESIAN_POINT('',(0.245125,-0.085725,0.00501));
#10660=CARTESIAN_POINT('',(0.245125,-0.092725,0.00501));
#10661=CARTESIAN_POINT('',(0.245125,-0.092725,0.00651));
#10662=CARTESIAN_POINT('',(0.245125,-0.092725,0.00651));
#10663=CARTESIAN_POINT('',(0.245125,-0.085725,0.00651));
#10664=CARTESIAN_POINT('',(0.238125,-0.092725,0.00651));
#10665=CARTESIAN_POINT('',(0.238125,-0.092725,0.00501));
#10666=CARTESIAN_POINT('',(0.231125,-0.092725,0.00501));
#10667=CARTESIAN_POINT('',(0.231125,-0.092725,0.00651));
#10668=CARTESIAN_POINT('',(0.231125,-0.092725,0.00651));
#10669=CARTESIAN_POINT('',(0.238125,-0.092725,0.00651));
#10670=CARTESIAN_POINT('',(0.231125,-0.085725,0.00651));
#10671=CARTESIAN_POINT('',(0.231125,-0.085725,0.00501));
#10672=CARTESIAN_POINT('',(0.231125,-0.085725,0.00651));
#10673=CARTESIAN_POINT('',(0.219075,-0.078725,0.00651));
#10674=CARTESIAN_POINT('',(0.219075,-0.078725,0.00501));
#10675=CARTESIAN_POINT('',(0.226075,-0.078725,0.00501));
#10676=CARTESIAN_POINT('',(0.212075,-0.078725,0.00501));
#10677=CARTESIAN_POINT('',(0.226075,-0.078725,0.00651));
#10678=CARTESIAN_POINT('',(0.226075,-0.078725,0.00651));
#10679=CARTESIAN_POINT('',(0.219075,-0.078725,0.00651));
#10680=CARTESIAN_POINT('',(0.212075,-0.078725,0.00651));
#10681=CARTESIAN_POINT('',(0.212075,-0.078725,0.00651));
#10682=CARTESIAN_POINT('',(0.226075,-0.085725,0.00651));
#10683=CARTESIAN_POINT('',(0.226075,-0.085725,0.00501));
#10684=CARTESIAN_POINT('',(0.226075,-0.092725,0.00501));
#10685=CARTESIAN_POINT('',(0.226075,-0.092725,0.00651));
#10686=CARTESIAN_POINT('',(0.226075,-0.092725,0.00651));
#10687=CARTESIAN_POINT('',(0.226075,-0.085725,0.00651));
#10688=CARTESIAN_POINT('',(0.219075,-0.092725,0.00651));
#10689=CARTESIAN_POINT('',(0.219075,-0.092725,0.00501));
#10690=CARTESIAN_POINT('',(0.212075,-0.092725,0.00501));
#10691=CARTESIAN_POINT('',(0.212075,-0.092725,0.00651));
#10692=CARTESIAN_POINT('',(0.212075,-0.092725,0.00651));
#10693=CARTESIAN_POINT('',(0.219075,-0.092725,0.00651));
#10694=CARTESIAN_POINT('',(0.212075,-0.085725,0.00651));
#10695=CARTESIAN_POINT('',(0.212075,-0.085725,0.00501));
#10696=CARTESIAN_POINT('',(0.212075,-0.085725,0.00651));
#10697=CARTESIAN_POINT('',(0.200025,-0.078725,0.00651));
#10698=CARTESIAN_POINT('',(0.200025,-0.078725,0.00501));
#10699=CARTESIAN_POINT('',(0.207025,-0.078725,0.00501));
#10700=CARTESIAN_POINT('',(0.193025,-0.078725,0.00501));
#10701=CARTESIAN_POINT('',(0.207025,-0.078725,0.00651));
#10702=CARTESIAN_POINT('',(0.207025,-0.078725,0.00651));
#10703=CARTESIAN_POINT('',(0.200025,-0.078725,0.00651));
#10704=CARTESIAN_POINT('',(0.193025,-0.078725,0.00651));
#10705=CARTESIAN_POINT('',(0.193025,-0.078725,0.00651));
#10706=CARTESIAN_POINT('',(0.207025,-0.085725,0.00651));
#10707=CARTESIAN_POINT('',(0.207025,-0.085725,0.00501));
#10708=CARTESIAN_POINT('',(0.207025,-0.092725,0.00501));
#10709=CARTESIAN_POINT('',(0.207025,-0.092725,0.00651));
#10710=CARTESIAN_POINT('',(0.207025,-0.092725,0.00651));
#10711=CARTESIAN_POINT('',(0.207025,-0.085725,0.00651));
#10712=CARTESIAN_POINT('',(0.200025,-0.092725,0.00651));
#10713=CARTESIAN_POINT('',(0.200025,-0.092725,0.00501));
#10714=CARTESIAN_POINT('',(0.193025,-0.092725,0.00501));
#10715=CARTESIAN_POINT('',(0.193025,-0.092725,0.00651));
#10716=CARTESIAN_POINT('',(0.193025,-0.092725,0.00651));
#10717=CARTESIAN_POINT('',(0.200025,-0.092725,0.00651));
#10718=CARTESIAN_POINT('',(0.193025,-0.085725,0.00651));
#10719=CARTESIAN_POINT('',(0.193025,-0.085725,0.00501));
#10720=CARTESIAN_POINT('',(0.193025,-0.085725,0.00651));
#10721=CARTESIAN_POINT('',(0.20615,-0.141,0.00651));
#10722=CARTESIAN_POINT('',(0.20615,-0.141,0.00501));
#10723=CARTESIAN_POINT('',(0.20615,-0.146125,0.00501));
#10724=CARTESIAN_POINT('',(0.20615,-0.141,0.00651));
#10725=CARTESIAN_POINT('',(0.20615,-0.146125,0.00651));
#10726=CARTESIAN_POINT('',(0.20615,-0.146125,0.00651));
#10727=CARTESIAN_POINT('',(0.20955,-0.15113,0.00651));
#10728=CARTESIAN_POINT('',(0.20955,-0.15113,0.00501));
#10729=CARTESIAN_POINT('',(0.207556106269131,-0.151125,0.00501));
#10730=CARTESIAN_POINT('',(0.207556106269131,-0.151125,0.00651));
#10731=CARTESIAN_POINT('',(0.207556106269131,-0.151125,0.00651));
#10732=CARTESIAN_POINT('',(0.20955,-0.15113,0.00651));
#10733=CARTESIAN_POINT('',(0.186346875,-0.146125,0.00651));
#10734=CARTESIAN_POINT('',(0.186346875,-0.146125,0.00651));
#10735=CARTESIAN_POINT('',(0.1762125,-0.146125,0.00651));
#10736=CARTESIAN_POINT('',(0.1762125,-0.146125,0.00651));
#10737=CARTESIAN_POINT('',(0.1762125,-0.146125,0.00501));
#10738=CARTESIAN_POINT('',(0.186346875,-0.146125,0.00501));
#10739=CARTESIAN_POINT('',(0.15954375,-0.151125,0.00651));
#10740=CARTESIAN_POINT('',(0.1762125,-0.151125,0.00651));
#10741=CARTESIAN_POINT('',(0.1762125,-0.151125,0.00651));
#10742=CARTESIAN_POINT('',(0.1762125,-0.151125,0.00501));
#10743=CARTESIAN_POINT('',(0.15954375,-0.151125,0.00651));
#10744=CARTESIAN_POINT('',(0.15954375,-0.151125,0.00501));
#10745=CARTESIAN_POINT('',(0.2425,-0.09,0.00501));
#10746=CARTESIAN_POINT('',(0.462,-0.157,0.00501));
#10747=CARTESIAN_POINT('',(0.1762125,-0.157,0.0050099999999999));
#10748=CARTESIAN_POINT('',(0.1762125,-0.09,0.00501));
#10749=CARTESIAN_POINT('',(0.1762125,-0.09,0.00501));
#10750=CARTESIAN_POINT('',(0.1762125,-0.13335,0.0050099999999999));
#10751=CARTESIAN_POINT('',(0.2425,-0.13335,0.00501));
#10752=CARTESIAN_POINT('',(0.1857375,-0.13335,0.0050099999999999));
#10753=CARTESIAN_POINT('',(0.1857375,-0.09,0.00501));
#10754=CARTESIAN_POINT('',(0.1857375,-0.1143,0.0050099999999999));
#10755=CARTESIAN_POINT('',(0.2425,-0.1143,0.00501));
#10756=CARTESIAN_POINT('',(0.1762125,-0.1143,0.0050099999999999));
#10757=CARTESIAN_POINT('',(0.1762125,-0.09,0.00501));
#10758=CARTESIAN_POINT('',(0.1762125,-0.09525,0.0050099999999999));
#10759=CARTESIAN_POINT('',(0.2425,-0.09525,0.00501));
#10760=CARTESIAN_POINT('',(0.1905,-0.09525,0.0050099999999999));
#10761=CARTESIAN_POINT('',(0.1905,-0.09,0.00501));
#10762=CARTESIAN_POINT('',(0.1905,-0.0762,0.0050099999999999));
#10763=CARTESIAN_POINT('',(0.2425,-0.0762,0.00501));
#10764=CARTESIAN_POINT('',(0.180975,-0.0762,0.0050099999999999));
#10765=CARTESIAN_POINT('',(0.180975,-0.09,0.00501));
#10766=CARTESIAN_POINT('',(0.180975,-0.0523875,0.0050099999999999));
#10767=CARTESIAN_POINT('',(0.2425,-0.0523875,0.00501));
#10768=CARTESIAN_POINT('',(0.1901825,-0.0523875,0.0050099999999999));
#10769=CARTESIAN_POINT('',(0.1901825,-0.09,0.00501));
#10770=CARTESIAN_POINT('',(0.1901825,-0.023,0.0050099999999999));
#10771=CARTESIAN_POINT('',(0.023,-0.023,0.00501));
#10772=CARTESIAN_POINT('',(0.023,-0.023,0.00501));
#10773=CARTESIAN_POINT('',(0.3379875,-0.023,0.0050099999999999));
#10774=CARTESIAN_POINT('',(0.3379875,-0.09,0.00501));
#10775=CARTESIAN_POINT('',(0.3379875,-0.157,0.00501));
#10776=CARTESIAN_POINT('',(0.462,-0.157,0.00501));
#10777=CARTESIAN_POINT('',(0.2425,-0.09,0.00651));
#10778=CARTESIAN_POINT('',(0.1762125,-0.145756733775139,0.00651));
#10779=CARTESIAN_POINT('',(0.1762125,-0.157,0.00651));
#10780=CARTESIAN_POINT('',(0.462,-0.157,0.00651));
#10781=CARTESIAN_POINT('',(0.462,-0.157,0.00651));
#10782=CARTESIAN_POINT('',(0.3379875,-0.157,0.00651));
#10783=CARTESIAN_POINT('',(0.3379875,-0.09,0.00651));
#10784=CARTESIAN_POINT('',(0.3379875,-0.023,0.00651));
#10785=CARTESIAN_POINT('',(0.023,-0.023,0.00651));
#10786=CARTESIAN_POINT('',(0.023,-0.023,0.00651));
#10787=CARTESIAN_POINT('',(0.1901825,-0.023,0.00651));
#10788=CARTESIAN_POINT('',(0.1901825,-0.0370982149392367,0.00651));
#10789=CARTESIAN_POINT('',(0.1901825,-0.0523875,0.00651));
#10790=CARTESIAN_POINT('',(0.185245039498806,-0.0523875,0.00651));
#10791=CARTESIAN_POINT('',(0.180975,-0.0523875,0.00651));
#10792=CARTESIAN_POINT('',(0.180975,-0.0634591039270163,0.00651));
#10793=CARTESIAN_POINT('',(0.180975,-0.0762,0.00651));
#10794=CARTESIAN_POINT('',(0.185422653889656,-0.0762,0.00651));
#10795=CARTESIAN_POINT('',(0.1905,-0.0762,0.00651));
#10796=CARTESIAN_POINT('',(0.1905,-0.0852917842566967,0.00651));
#10797=CARTESIAN_POINT('',(0.1905,-0.09525,0.00651));
#10798=CARTESIAN_POINT('',(0.184622469508648,-0.09525,0.00651));
#10799=CARTESIAN_POINT('',(0.1762125,-0.09525,0.00651));
#10800=CARTESIAN_POINT('',(0.1762125,-0.10475730150938,0.00651));
#10801=CARTESIAN_POINT('',(0.1762125,-0.1143,0.00651));
#10802=CARTESIAN_POINT('',(0.182213696801662,-0.1143,0.00651));
#10803=CARTESIAN_POINT('',(0.1857375,-0.1143,0.00651));
#10804=CARTESIAN_POINT('',(0.1857375,-0.124285586178303,0.00651));
#10805=CARTESIAN_POINT('',(0.1857375,-0.13335,0.00651));
#10806=CARTESIAN_POINT('',(0.202382092821598,-0.13335,0.00651));
#10807=CARTESIAN_POINT('',(0.1762125,-0.13335,0.00651));
#10808=CARTESIAN_POINT('',(0.1762125,-0.145756733775139,0.00651));
#10809=CARTESIAN_POINT('',(0.462,-0.157,0.00651));
#10810=CARTESIAN_POINT('',(0.3379875,-0.157,-0.473844554191488));
#10811=CARTESIAN_POINT('',(0.462,-0.157,0.00651));
#10812=CARTESIAN_POINT('',(0.1762125,-0.157,-0.473844554191488));
#10813=CARTESIAN_POINT('',(0.023,-0.023,0.00651));
#10814=CARTESIAN_POINT('',(0.1901825,-0.023,-0.473844554191488));
#10815=CARTESIAN_POINT('',(0.023,-0.023,0.00651));
#10816=CARTESIAN_POINT('',(0.3379875,-0.023,-0.473844554191488));
#10817=CARTESIAN_POINT('',(0.1762125,-0.145756733775139,-0.473844554191488));
#10818=CARTESIAN_POINT('',(0.202382092821598,-0.13335,-0.473844554191488));
#10819=CARTESIAN_POINT('',(0.1762125,-0.13335,-0.473844554191488));
#10820=CARTESIAN_POINT('',(0.1857375,-0.13335,-0.473844554191488));
#10821=CARTESIAN_POINT('',(0.1857375,-0.124285586178303,-0.473844554191488));
#10822=CARTESIAN_POINT('',(0.1857375,-0.1143,-0.473844554191488));
#10823=CARTESIAN_POINT('',(0.182213696801662,-0.1143,-0.473844554191488));
#10824=CARTESIAN_POINT('',(0.1762125,-0.1143,-0.473844554191488));
#10825=CARTESIAN_POINT('',(0.1762125,-0.10475730150938,-0.473844554191488));
#10826=CARTESIAN_POINT('',(0.1762125,-0.09525,-0.473844554191488));
#10827=CARTESIAN_POINT('',(0.184622469508648,-0.09525,-0.473844554191488));
#10828=CARTESIAN_POINT('',(0.1905,-0.09525,-0.473844554191488));
#10829=CARTESIAN_POINT('',(0.1905,-0.0852917842566967,-0.473844554191488));
#10830=CARTESIAN_POINT('',(0.1905,-0.0762,-0.473844554191488));
#10831=CARTESIAN_POINT('',(0.185422653889656,-0.0762,-0.473844554191488));
#10832=CARTESIAN_POINT('',(0.180975,-0.0762,-0.473844554191488));
#10833=CARTESIAN_POINT('',(0.180975,-0.0634591039270163,-0.473844554191488));
#10834=CARTESIAN_POINT('',(0.180975,-0.0523875,-0.473844554191488));
#10835=CARTESIAN_POINT('',(0.185245039498806,-0.0523875,-0.473844554191488));
#10836=CARTESIAN_POINT('',(0.1901825,-0.0523875,-0.473844554191488));
#10837=CARTESIAN_POINT('',(0.1901825,-0.0370982149392367,-0.473844554191488));
#10838=CARTESIAN_POINT('',(0.1762125,-0.145756733775139,-0.473844554191488));
#10839=CARTESIAN_POINT('',(0.3379875,-0.09,-0.473844554191488));
#10840=MECHANICAL_DESIGN_GEOMETRIC_PRESENTATION_REPRESENTATION('',(#6747),
#10841);
#10841=(
GEOMETRIC_REPRESENTATION_CONTEXT(3)
GLOBAL_UNCERTAINTY_ASSIGNED_CONTEXT((#10842))
GLOBAL_UNIT_ASSIGNED_CONTEXT((#10845,#10844,#10843))
REPRESENTATION_CONTEXT('PlateMiddle','TOP_LEVEL_ASSEMBLY_PART')
);
#10842=UNCERTAINTY_MEASURE_WITH_UNIT(LENGTH_MEASURE(1.E-8),#10845,
'DISTANCE_ACCURACY_VALUE','Maximum Tolerance applied to model');
#10843=(
NAMED_UNIT(*)
SI_UNIT($,.STERADIAN.)
SOLID_ANGLE_UNIT()
);
#10844=(
NAMED_UNIT(*)
PLANE_ANGLE_UNIT()
SI_UNIT($,.RADIAN.)
);
#10845=(
LENGTH_UNIT()
NAMED_UNIT(*)
SI_UNIT($,.METRE.)
);
#10846=PRODUCT_DEFINITION_SHAPE('','',#10847);
#10847=PRODUCT_DEFINITION('','',#10849,#10848);
#10848=PRODUCT_DEFINITION_CONTEXT('',#10855,'design');
#10849=PRODUCT_DEFINITION_FORMATION_WITH_SPECIFIED_SOURCE('','',#10851,
 .NOT_KNOWN.);
#10850=PRODUCT_RELATED_PRODUCT_CATEGORY('','',(#10851));
#10851=PRODUCT('PlateMiddle','PlateMiddle','PlateMiddle',(#10853));
#10852=PRODUCT_CATEGORY('','');
#10853=PRODUCT_CONTEXT('',#10855,'mechanical');
#10854=APPLICATION_PROTOCOL_DEFINITION('international standard',
'ap242_managed_model_based_3d_engineering',2020,#10855);
#10855=APPLICATION_CONTEXT('managed model based 3d engineering');
ENDSEC;
END-ISO-10303-21;
