ISO-10303-21;
HEADER;
/* Generated by software containing ST-Developer
 * from STEP Tools, Inc. (www.steptools.com) 
 */
/* OPTION: using custom renumber hook */

FILE_DESCRIPTION(
/* description */ ('STEP AP242 Edition 2',
'CAx-IF Rec.Pracs.---Representation and Presentation of Product Manufa
cturing Information (PMI)---4.0---2014-10-13',
'CAx-IF Rec.Pracs.---3D Tessellated Geometry---0.4---2014-09-14','2;1',
'CAx-IF Rec.Pracs.---User Defined Attributes---1.5---2016-08-15'),
/* implementation_level */ '2;1');

FILE_NAME(
/* name */ 'Case - PlateLeft',
/* time_stamp */ '2026-10-05T22:06:01Z',
/* author */ (''),
/* organization */ (''),
/* preprocessor_version */ 'ST-DEVELOPER v20',
/* originating_system */ 'ONSHAPE BY PTC INC, 1.221',
/* authorisation */ '  ');

FILE_SCHEMA (('AP242_MANAGED_MODEL_BASED_3D_ENGINEERING_MIM_LF { 1 0 10303 442 3 1 4 }'));
ENDSEC;

DATA;
#10=SHAPE_REPRESENTATION_RELATIONSHIP('','',#6569,#11);
#11=ADVANCED_BREP_SHAPE_REPRESENTATION('',(#6567),#10513);
#12=CYLINDRICAL_SURFACE('',#6818,0.001524);
#13=CYLINDRICAL_SURFACE('',#6822,0.0019939);
#14=CYLINDRICAL_SURFACE('',#6824,0.0019939);
#15=CYLINDRICAL_SURFACE('',#6828,0.001524);
#16=CYLINDRICAL_SURFACE('',#6850,0.0004);
#17=CYLINDRICAL_SURFACE('',#6852,0.0004);
#18=CYLINDRICAL_SURFACE('',#6854,0.0019939);
#19=CYLINDRICAL_SURFACE('',#6858,0.001524);
#20=CYLINDRICAL_SURFACE('',#6934,0.0011);
#21=CYLINDRICAL_SURFACE('',#6935,0.0011);
#22=CYLINDRICAL_SURFACE('',#6936,0.0011);
#23=CYLINDRICAL_SURFACE('',#6953,0.0004);
#24=CYLINDRICAL_SURFACE('',#6954,0.0004);
#25=CYLINDRICAL_SURFACE('',#6955,0.0004);
#26=CYLINDRICAL_SURFACE('',#6956,0.0004);
#27=CYLINDRICAL_SURFACE('',#6957,0.0004);
#28=CYLINDRICAL_SURFACE('',#6958,0.0004);
#29=CYLINDRICAL_SURFACE('',#6959,0.0004);
#30=CYLINDRICAL_SURFACE('',#6960,0.0004);
#31=CYLINDRICAL_SURFACE('',#6961,0.0004);
#32=CYLINDRICAL_SURFACE('',#6962,0.0004);
#33=CYLINDRICAL_SURFACE('',#6963,0.0004);
#34=CYLINDRICAL_SURFACE('',#6964,0.0004);
#35=CYLINDRICAL_SURFACE('',#6965,0.0004);
#36=CYLINDRICAL_SURFACE('',#6966,0.0004);
#37=CYLINDRICAL_SURFACE('',#6967,0.0004);
#38=CYLINDRICAL_SURFACE('',#6968,0.0004);
#39=CYLINDRICAL_SURFACE('',#6969,0.0004);
#40=CYLINDRICAL_SURFACE('',#6970,0.0004);
#41=CYLINDRICAL_SURFACE('',#6971,0.0004);
#42=CYLINDRICAL_SURFACE('',#6972,0.0004);
#43=CYLINDRICAL_SURFACE('',#6973,0.0004);
#44=CYLINDRICAL_SURFACE('',#6974,0.0004);
#45=CYLINDRICAL_SURFACE('',#6975,0.0004);
#46=CYLINDRICAL_SURFACE('',#6976,0.0004);
#47=CYLINDRICAL_SURFACE('',#6977,0.0004);
#48=CYLINDRICAL_SURFACE('',#6978,0.0004);
#49=CYLINDRICAL_SURFACE('',#6979,0.0004);
#50=CYLINDRICAL_SURFACE('',#6980,0.0004);
#51=CYLINDRICAL_SURFACE('',#6981,0.0004);
#52=CYLINDRICAL_SURFACE('',#6982,0.0004);
#53=CYLINDRICAL_SURFACE('',#6983,0.0004);
#54=CYLINDRICAL_SURFACE('',#6984,0.0004);
#55=CYLINDRICAL_SURFACE('',#6985,0.0004);
#56=CYLINDRICAL_SURFACE('',#6986,0.0004);
#57=CYLINDRICAL_SURFACE('',#6987,0.0004);
#58=CYLINDRICAL_SURFACE('',#6988,0.0004);
#59=CYLINDRICAL_SURFACE('',#6989,0.0004);
#60=CYLINDRICAL_SURFACE('',#6990,0.0004);
#61=CYLINDRICAL_SURFACE('',#6991,0.0004);
#62=CYLINDRICAL_SURFACE('',#6992,0.0004);
#63=CYLINDRICAL_SURFACE('',#6993,0.0004);
#64=CYLINDRICAL_SURFACE('',#6994,0.0004);
#65=CYLINDRICAL_SURFACE('',#6995,0.0004);
#66=CYLINDRICAL_SURFACE('',#6996,0.0004);
#67=CYLINDRICAL_SURFACE('',#6997,0.0004);
#68=CYLINDRICAL_SURFACE('',#6998,0.0004);
#69=CYLINDRICAL_SURFACE('',#6999,0.0004);
#70=CYLINDRICAL_SURFACE('',#7000,0.0004);
#71=CYLINDRICAL_SURFACE('',#7001,0.0004);
#72=CYLINDRICAL_SURFACE('',#7002,0.0004);
#73=CYLINDRICAL_SURFACE('',#7003,0.0004);
#74=CYLINDRICAL_SURFACE('',#7004,0.0004);
#75=CYLINDRICAL_SURFACE('',#7005,0.0004);
#76=CYLINDRICAL_SURFACE('',#7006,0.0004);
#77=CYLINDRICAL_SURFACE('',#7007,0.0004);
#78=CYLINDRICAL_SURFACE('',#7008,0.0004);
#79=CYLINDRICAL_SURFACE('',#7009,0.0004);
#80=CYLINDRICAL_SURFACE('',#7010,0.0004);
#81=CYLINDRICAL_SURFACE('',#7011,0.0004);
#82=CYLINDRICAL_SURFACE('',#7012,0.0004);
#83=CYLINDRICAL_SURFACE('',#7013,0.0004);
#84=CYLINDRICAL_SURFACE('',#7014,0.0004);
#85=CYLINDRICAL_SURFACE('',#7015,0.0004);
#86=CYLINDRICAL_SURFACE('',#7016,0.0004);
#87=CYLINDRICAL_SURFACE('',#7017,0.0004);
#88=CYLINDRICAL_SURFACE('',#7018,0.0004);
#89=CYLINDRICAL_SURFACE('',#7019,0.0004);
#90=CYLINDRICAL_SURFACE('',#7020,0.0004);
#91=CYLINDRICAL_SURFACE('',#7021,0.0004);
#92=CYLINDRICAL_SURFACE('',#7022,0.0004);
#93=CYLINDRICAL_SURFACE('',#7023,0.0004);
#94=CYLINDRICAL_SURFACE('',#7024,0.0004);
#95=CYLINDRICAL_SURFACE('',#7025,0.0004);
#96=CYLINDRICAL_SURFACE('',#7026,0.0004);
#97=CYLINDRICAL_SURFACE('',#7027,0.0004);
#98=CYLINDRICAL_SURFACE('',#7028,0.0004);
#99=CYLINDRICAL_SURFACE('',#7029,0.0004);
#100=CYLINDRICAL_SURFACE('',#7030,0.0004);
#101=CYLINDRICAL_SURFACE('',#7031,0.0004);
#102=CYLINDRICAL_SURFACE('',#7032,0.0004);
#103=CYLINDRICAL_SURFACE('',#7058,0.002);
#104=CYLINDRICAL_SURFACE('',#7059,0.002);
#105=CYLINDRICAL_SURFACE('',#7060,0.002);
#106=CYLINDRICAL_SURFACE('',#7061,0.002);
#107=CYLINDRICAL_SURFACE('',#7062,0.002);
#108=CYLINDRICAL_SURFACE('',#7063,0.002);
#109=CIRCLE('',#6573,0.002);
#110=CIRCLE('',#6574,0.002);
#111=CIRCLE('',#6575,0.002);
#112=CIRCLE('',#6576,0.002);
#113=CIRCLE('',#6577,0.002);
#114=CIRCLE('',#6578,0.002);
#115=CIRCLE('',#6579,0.0004);
#116=CIRCLE('',#6580,0.0004);
#117=CIRCLE('',#6581,0.0019939);
#118=CIRCLE('',#6582,0.001524);
#119=CIRCLE('',#6583,0.0004);
#120=CIRCLE('',#6584,0.0004);
#121=CIRCLE('',#6585,0.0004);
#122=CIRCLE('',#6586,0.0004);
#123=CIRCLE('',#6587,0.0004);
#124=CIRCLE('',#6588,0.0004);
#125=CIRCLE('',#6589,0.0004);
#126=CIRCLE('',#6590,0.0004);
#127=CIRCLE('',#6591,0.0004);
#128=CIRCLE('',#6592,0.0004);
#129=CIRCLE('',#6593,0.0004);
#130=CIRCLE('',#6594,0.0004);
#131=CIRCLE('',#6595,0.0004);
#132=CIRCLE('',#6596,0.0004);
#133=CIRCLE('',#6597,0.0004);
#134=CIRCLE('',#6598,0.0004);
#135=CIRCLE('',#6599,0.0004);
#136=CIRCLE('',#6600,0.0004);
#137=CIRCLE('',#6601,0.0004);
#138=CIRCLE('',#6602,0.0004);
#139=CIRCLE('',#6603,0.0004);
#140=CIRCLE('',#6604,0.0004);
#141=CIRCLE('',#6605,0.0004);
#142=CIRCLE('',#6606,0.0004);
#143=CIRCLE('',#6607,0.0004);
#144=CIRCLE('',#6608,0.0004);
#145=CIRCLE('',#6609,0.0004);
#146=CIRCLE('',#6610,0.0004);
#147=CIRCLE('',#6611,0.0004);
#148=CIRCLE('',#6612,0.0004);
#149=CIRCLE('',#6613,0.0004);
#150=CIRCLE('',#6614,0.0004);
#151=CIRCLE('',#6615,0.0004);
#152=CIRCLE('',#6616,0.0004);
#153=CIRCLE('',#6617,0.0004);
#154=CIRCLE('',#6618,0.0004);
#155=CIRCLE('',#6619,0.0004);
#156=CIRCLE('',#6620,0.0004);
#157=CIRCLE('',#6621,0.0004);
#158=CIRCLE('',#6622,0.0004);
#159=CIRCLE('',#6623,0.0004);
#160=CIRCLE('',#6624,0.0004);
#161=CIRCLE('',#6625,0.0004);
#162=CIRCLE('',#6626,0.0004);
#163=CIRCLE('',#6627,0.0004);
#164=CIRCLE('',#6628,0.0004);
#165=CIRCLE('',#6629,0.0004);
#166=CIRCLE('',#6630,0.0004);
#167=CIRCLE('',#6631,0.0004);
#168=CIRCLE('',#6632,0.0004);
#169=CIRCLE('',#6633,0.0004);
#170=CIRCLE('',#6634,0.0004);
#171=CIRCLE('',#6635,0.0004);
#172=CIRCLE('',#6636,0.0004);
#173=CIRCLE('',#6637,0.0004);
#174=CIRCLE('',#6638,0.0004);
#175=CIRCLE('',#6639,0.0004);
#176=CIRCLE('',#6640,0.0004);
#177=CIRCLE('',#6641,0.0004);
#178=CIRCLE('',#6642,0.0004);
#179=CIRCLE('',#6643,0.0004);
#180=CIRCLE('',#6644,0.0004);
#181=CIRCLE('',#6645,0.0004);
#182=CIRCLE('',#6646,0.0004);
#183=CIRCLE('',#6647,0.0004);
#184=CIRCLE('',#6648,0.0004);
#185=CIRCLE('',#6649,0.0004);
#186=CIRCLE('',#6650,0.0004);
#187=CIRCLE('',#6651,0.0004);
#188=CIRCLE('',#6652,0.0004);
#189=CIRCLE('',#6653,0.0004);
#190=CIRCLE('',#6654,0.0004);
#191=CIRCLE('',#6655,0.0004);
#192=CIRCLE('',#6656,0.0004);
#193=CIRCLE('',#6657,0.0004);
#194=CIRCLE('',#6658,0.0004);
#195=CIRCLE('',#6659,0.0004);
#196=CIRCLE('',#6660,0.0004);
#197=CIRCLE('',#6661,0.0004);
#198=CIRCLE('',#6662,0.0004);
#199=CIRCLE('',#6663,0.001524);
#200=CIRCLE('',#6664,0.0019939);
#201=CIRCLE('',#6665,0.0019939);
#202=CIRCLE('',#6666,0.001524);
#203=CIRCLE('',#6667,0.0011);
#204=CIRCLE('',#6668,0.0011);
#205=CIRCLE('',#6669,0.0011);
#206=CIRCLE('',#6671,0.0011);
#207=CIRCLE('',#6672,0.0011);
#208=CIRCLE('',#6673,0.0011);
#209=CIRCLE('',#6674,0.001524);
#210=CIRCLE('',#6675,0.0019939);
#211=CIRCLE('',#6676,0.0019939);
#212=CIRCLE('',#6677,0.001524);
#213=CIRCLE('',#6678,0.0004);
#214=CIRCLE('',#6679,0.0004);
#215=CIRCLE('',#6680,0.0004);
#216=CIRCLE('',#6681,0.0004);
#217=CIRCLE('',#6682,0.0004);
#218=CIRCLE('',#6683,0.0004);
#219=CIRCLE('',#6684,0.0004);
#220=CIRCLE('',#6685,0.0004);
#221=CIRCLE('',#6686,0.0004);
#222=CIRCLE('',#6687,0.0004);
#223=CIRCLE('',#6688,0.0004);
#224=CIRCLE('',#6689,0.0004);
#225=CIRCLE('',#6690,0.0004);
#226=CIRCLE('',#6691,0.0004);
#227=CIRCLE('',#6692,0.0004);
#228=CIRCLE('',#6693,0.0004);
#229=CIRCLE('',#6694,0.0004);
#230=CIRCLE('',#6695,0.0004);
#231=CIRCLE('',#6696,0.0004);
#232=CIRCLE('',#6697,0.0004);
#233=CIRCLE('',#6698,0.0004);
#234=CIRCLE('',#6699,0.0004);
#235=CIRCLE('',#6700,0.0004);
#236=CIRCLE('',#6701,0.0004);
#237=CIRCLE('',#6702,0.0004);
#238=CIRCLE('',#6703,0.0004);
#239=CIRCLE('',#6704,0.0004);
#240=CIRCLE('',#6705,0.0004);
#241=CIRCLE('',#6706,0.0004);
#242=CIRCLE('',#6707,0.0004);
#243=CIRCLE('',#6708,0.0004);
#244=CIRCLE('',#6709,0.0004);
#245=CIRCLE('',#6710,0.0004);
#246=CIRCLE('',#6711,0.0004);
#247=CIRCLE('',#6712,0.0004);
#248=CIRCLE('',#6713,0.0004);
#249=CIRCLE('',#6714,0.0004);
#250=CIRCLE('',#6715,0.0004);
#251=CIRCLE('',#6716,0.0004);
#252=CIRCLE('',#6717,0.0004);
#253=CIRCLE('',#6718,0.0004);
#254=CIRCLE('',#6719,0.0004);
#255=CIRCLE('',#6720,0.0004);
#256=CIRCLE('',#6721,0.0004);
#257=CIRCLE('',#6722,0.0004);
#258=CIRCLE('',#6723,0.0004);
#259=CIRCLE('',#6724,0.0004);
#260=CIRCLE('',#6725,0.0004);
#261=CIRCLE('',#6726,0.0004);
#262=CIRCLE('',#6727,0.0004);
#263=CIRCLE('',#6728,0.0004);
#264=CIRCLE('',#6729,0.0004);
#265=CIRCLE('',#6730,0.0004);
#266=CIRCLE('',#6731,0.0004);
#267=CIRCLE('',#6732,0.0004);
#268=CIRCLE('',#6733,0.0004);
#269=CIRCLE('',#6734,0.0004);
#270=CIRCLE('',#6735,0.0004);
#271=CIRCLE('',#6736,0.0004);
#272=CIRCLE('',#6737,0.0004);
#273=CIRCLE('',#6738,0.0004);
#274=CIRCLE('',#6739,0.0004);
#275=CIRCLE('',#6740,0.0004);
#276=CIRCLE('',#6741,0.0004);
#277=CIRCLE('',#6742,0.0004);
#278=CIRCLE('',#6743,0.0004);
#279=CIRCLE('',#6744,0.0004);
#280=CIRCLE('',#6745,0.0004);
#281=CIRCLE('',#6746,0.0004);
#282=CIRCLE('',#6747,0.0004);
#283=CIRCLE('',#6748,0.0004);
#284=CIRCLE('',#6749,0.0004);
#285=CIRCLE('',#6750,0.0004);
#286=CIRCLE('',#6751,0.0004);
#287=CIRCLE('',#6752,0.0004);
#288=CIRCLE('',#6753,0.0004);
#289=CIRCLE('',#6754,0.0004);
#290=CIRCLE('',#6755,0.0004);
#291=CIRCLE('',#6756,0.0004);
#292=CIRCLE('',#6757,0.0004);
#293=CIRCLE('',#6758,0.001524);
#294=CIRCLE('',#6759,0.0019939);
#295=CIRCLE('',#6760,0.0004);
#296=CIRCLE('',#6761,0.0004);
#297=CIRCLE('',#6762,0.002);
#298=CIRCLE('',#6763,0.002);
#299=CIRCLE('',#6764,0.002);
#300=CIRCLE('',#6765,0.002);
#301=CIRCLE('',#6766,0.002);
#302=CIRCLE('',#6767,0.002);
#303=ORIENTED_EDGE('',*,*,#1991,.F.);
#304=ORIENTED_EDGE('',*,*,#1992,.T.);
#305=ORIENTED_EDGE('',*,*,#1993,.T.);
#306=ORIENTED_EDGE('',*,*,#1994,.T.);
#307=ORIENTED_EDGE('',*,*,#1995,.F.);
#308=ORIENTED_EDGE('',*,*,#1996,.F.);
#309=ORIENTED_EDGE('',*,*,#1997,.T.);
#310=ORIENTED_EDGE('',*,*,#1998,.F.);
#311=ORIENTED_EDGE('',*,*,#1999,.T.);
#312=ORIENTED_EDGE('',*,*,#2000,.T.);
#313=ORIENTED_EDGE('',*,*,#2001,.T.);
#314=ORIENTED_EDGE('',*,*,#2002,.F.);
#315=ORIENTED_EDGE('',*,*,#2003,.T.);
#316=ORIENTED_EDGE('',*,*,#2004,.F.);
#317=ORIENTED_EDGE('',*,*,#2005,.T.);
#318=ORIENTED_EDGE('',*,*,#2006,.T.);
#319=ORIENTED_EDGE('',*,*,#2007,.T.);
#320=ORIENTED_EDGE('',*,*,#2008,.F.);
#321=ORIENTED_EDGE('',*,*,#2009,.F.);
#322=ORIENTED_EDGE('',*,*,#2010,.F.);
#323=ORIENTED_EDGE('',*,*,#2011,.T.);
#324=ORIENTED_EDGE('',*,*,#2012,.T.);
#325=ORIENTED_EDGE('',*,*,#2013,.F.);
#326=ORIENTED_EDGE('',*,*,#2014,.F.);
#327=ORIENTED_EDGE('',*,*,#2015,.T.);
#328=ORIENTED_EDGE('',*,*,#1993,.F.);
#329=ORIENTED_EDGE('',*,*,#2016,.F.);
#330=ORIENTED_EDGE('',*,*,#2017,.F.);
#331=ORIENTED_EDGE('',*,*,#2018,.T.);
#332=ORIENTED_EDGE('',*,*,#2019,.F.);
#333=ORIENTED_EDGE('',*,*,#2020,.T.);
#334=ORIENTED_EDGE('',*,*,#2021,.F.);
#335=ORIENTED_EDGE('',*,*,#2022,.T.);
#336=ORIENTED_EDGE('',*,*,#2023,.F.);
#337=ORIENTED_EDGE('',*,*,#2024,.F.);
#338=ORIENTED_EDGE('',*,*,#2025,.F.);
#339=ORIENTED_EDGE('',*,*,#2026,.T.);
#340=ORIENTED_EDGE('',*,*,#2027,.F.);
#341=ORIENTED_EDGE('',*,*,#2028,.T.);
#342=ORIENTED_EDGE('',*,*,#2029,.T.);
#343=ORIENTED_EDGE('',*,*,#2030,.F.);
#344=ORIENTED_EDGE('',*,*,#2031,.F.);
#345=ORIENTED_EDGE('',*,*,#2032,.T.);
#346=ORIENTED_EDGE('',*,*,#2033,.T.);
#347=ORIENTED_EDGE('',*,*,#2034,.F.);
#348=ORIENTED_EDGE('',*,*,#2035,.F.);
#349=ORIENTED_EDGE('',*,*,#2036,.F.);
#350=ORIENTED_EDGE('',*,*,#2037,.F.);
#351=ORIENTED_EDGE('',*,*,#2038,.F.);
#352=ORIENTED_EDGE('',*,*,#2039,.F.);
#353=ORIENTED_EDGE('',*,*,#2040,.F.);
#354=ORIENTED_EDGE('',*,*,#2041,.F.);
#355=ORIENTED_EDGE('',*,*,#2042,.F.);
#356=ORIENTED_EDGE('',*,*,#2043,.F.);
#357=ORIENTED_EDGE('',*,*,#2044,.F.);
#358=ORIENTED_EDGE('',*,*,#2045,.T.);
#359=ORIENTED_EDGE('',*,*,#2046,.T.);
#360=ORIENTED_EDGE('',*,*,#2047,.F.);
#361=ORIENTED_EDGE('',*,*,#2048,.F.);
#362=ORIENTED_EDGE('',*,*,#2049,.T.);
#363=ORIENTED_EDGE('',*,*,#2050,.T.);
#364=ORIENTED_EDGE('',*,*,#2051,.F.);
#365=ORIENTED_EDGE('',*,*,#2052,.F.);
#366=ORIENTED_EDGE('',*,*,#2053,.F.);
#367=ORIENTED_EDGE('',*,*,#2054,.T.);
#368=ORIENTED_EDGE('',*,*,#2055,.T.);
#369=ORIENTED_EDGE('',*,*,#2056,.F.);
#370=ORIENTED_EDGE('',*,*,#2057,.F.);
#371=ORIENTED_EDGE('',*,*,#2058,.T.);
#372=ORIENTED_EDGE('',*,*,#2059,.T.);
#373=ORIENTED_EDGE('',*,*,#2060,.F.);
#374=ORIENTED_EDGE('',*,*,#2061,.F.);
#375=ORIENTED_EDGE('',*,*,#2062,.T.);
#376=ORIENTED_EDGE('',*,*,#2063,.T.);
#377=ORIENTED_EDGE('',*,*,#2064,.F.);
#378=ORIENTED_EDGE('',*,*,#2065,.F.);
#379=ORIENTED_EDGE('',*,*,#2066,.T.);
#380=ORIENTED_EDGE('',*,*,#2067,.T.);
#381=ORIENTED_EDGE('',*,*,#2068,.F.);
#382=ORIENTED_EDGE('',*,*,#2069,.F.);
#383=ORIENTED_EDGE('',*,*,#2070,.T.);
#384=ORIENTED_EDGE('',*,*,#2071,.T.);
#385=ORIENTED_EDGE('',*,*,#2072,.F.);
#386=ORIENTED_EDGE('',*,*,#2073,.F.);
#387=ORIENTED_EDGE('',*,*,#2074,.T.);
#388=ORIENTED_EDGE('',*,*,#2075,.T.);
#389=ORIENTED_EDGE('',*,*,#2076,.F.);
#390=ORIENTED_EDGE('',*,*,#2077,.F.);
#391=ORIENTED_EDGE('',*,*,#2078,.T.);
#392=ORIENTED_EDGE('',*,*,#2079,.T.);
#393=ORIENTED_EDGE('',*,*,#2080,.F.);
#394=ORIENTED_EDGE('',*,*,#2081,.F.);
#395=ORIENTED_EDGE('',*,*,#2082,.T.);
#396=ORIENTED_EDGE('',*,*,#2083,.T.);
#397=ORIENTED_EDGE('',*,*,#2084,.F.);
#398=ORIENTED_EDGE('',*,*,#2085,.F.);
#399=ORIENTED_EDGE('',*,*,#2086,.T.);
#400=ORIENTED_EDGE('',*,*,#2087,.T.);
#401=ORIENTED_EDGE('',*,*,#2088,.F.);
#402=ORIENTED_EDGE('',*,*,#2089,.T.);
#403=ORIENTED_EDGE('',*,*,#2090,.T.);
#404=ORIENTED_EDGE('',*,*,#2091,.F.);
#405=ORIENTED_EDGE('',*,*,#2092,.F.);
#406=ORIENTED_EDGE('',*,*,#2093,.F.);
#407=ORIENTED_EDGE('',*,*,#2094,.T.);
#408=ORIENTED_EDGE('',*,*,#2095,.T.);
#409=ORIENTED_EDGE('',*,*,#2096,.F.);
#410=ORIENTED_EDGE('',*,*,#2097,.F.);
#411=ORIENTED_EDGE('',*,*,#2098,.T.);
#412=ORIENTED_EDGE('',*,*,#2099,.T.);
#413=ORIENTED_EDGE('',*,*,#2100,.F.);
#414=ORIENTED_EDGE('',*,*,#2101,.F.);
#415=ORIENTED_EDGE('',*,*,#2102,.T.);
#416=ORIENTED_EDGE('',*,*,#2103,.T.);
#417=ORIENTED_EDGE('',*,*,#2104,.F.);
#418=ORIENTED_EDGE('',*,*,#2105,.F.);
#419=ORIENTED_EDGE('',*,*,#2106,.T.);
#420=ORIENTED_EDGE('',*,*,#2107,.T.);
#421=ORIENTED_EDGE('',*,*,#2108,.F.);
#422=ORIENTED_EDGE('',*,*,#2109,.F.);
#423=ORIENTED_EDGE('',*,*,#2110,.T.);
#424=ORIENTED_EDGE('',*,*,#2111,.T.);
#425=ORIENTED_EDGE('',*,*,#2112,.F.);
#426=ORIENTED_EDGE('',*,*,#2113,.T.);
#427=ORIENTED_EDGE('',*,*,#2114,.T.);
#428=ORIENTED_EDGE('',*,*,#2115,.F.);
#429=ORIENTED_EDGE('',*,*,#2116,.T.);
#430=ORIENTED_EDGE('',*,*,#2117,.T.);
#431=ORIENTED_EDGE('',*,*,#2118,.F.);
#432=ORIENTED_EDGE('',*,*,#2119,.F.);
#433=ORIENTED_EDGE('',*,*,#2120,.T.);
#434=ORIENTED_EDGE('',*,*,#2121,.T.);
#435=ORIENTED_EDGE('',*,*,#2122,.F.);
#436=ORIENTED_EDGE('',*,*,#2123,.F.);
#437=ORIENTED_EDGE('',*,*,#2124,.F.);
#438=ORIENTED_EDGE('',*,*,#2125,.T.);
#439=ORIENTED_EDGE('',*,*,#2126,.T.);
#440=ORIENTED_EDGE('',*,*,#2127,.F.);
#441=ORIENTED_EDGE('',*,*,#2128,.F.);
#442=ORIENTED_EDGE('',*,*,#2129,.T.);
#443=ORIENTED_EDGE('',*,*,#2130,.T.);
#444=ORIENTED_EDGE('',*,*,#2131,.F.);
#445=ORIENTED_EDGE('',*,*,#2132,.F.);
#446=ORIENTED_EDGE('',*,*,#2133,.F.);
#447=ORIENTED_EDGE('',*,*,#2134,.T.);
#448=ORIENTED_EDGE('',*,*,#2135,.T.);
#449=ORIENTED_EDGE('',*,*,#2136,.F.);
#450=ORIENTED_EDGE('',*,*,#2137,.F.);
#451=ORIENTED_EDGE('',*,*,#2138,.T.);
#452=ORIENTED_EDGE('',*,*,#2139,.T.);
#453=ORIENTED_EDGE('',*,*,#2140,.T.);
#454=ORIENTED_EDGE('',*,*,#2141,.T.);
#455=ORIENTED_EDGE('',*,*,#2142,.T.);
#456=ORIENTED_EDGE('',*,*,#2143,.T.);
#457=ORIENTED_EDGE('',*,*,#2144,.T.);
#458=ORIENTED_EDGE('',*,*,#2145,.T.);
#459=ORIENTED_EDGE('',*,*,#2146,.T.);
#460=ORIENTED_EDGE('',*,*,#2147,.T.);
#461=ORIENTED_EDGE('',*,*,#2148,.T.);
#462=ORIENTED_EDGE('',*,*,#2149,.T.);
#463=ORIENTED_EDGE('',*,*,#2150,.T.);
#464=ORIENTED_EDGE('',*,*,#2151,.T.);
#465=ORIENTED_EDGE('',*,*,#2152,.T.);
#466=ORIENTED_EDGE('',*,*,#2153,.T.);
#467=ORIENTED_EDGE('',*,*,#2154,.T.);
#468=ORIENTED_EDGE('',*,*,#2155,.T.);
#469=ORIENTED_EDGE('',*,*,#2156,.T.);
#470=ORIENTED_EDGE('',*,*,#2157,.T.);
#471=ORIENTED_EDGE('',*,*,#2158,.T.);
#472=ORIENTED_EDGE('',*,*,#2159,.T.);
#473=ORIENTED_EDGE('',*,*,#2160,.T.);
#474=ORIENTED_EDGE('',*,*,#2161,.T.);
#475=ORIENTED_EDGE('',*,*,#2162,.T.);
#476=ORIENTED_EDGE('',*,*,#2163,.T.);
#477=ORIENTED_EDGE('',*,*,#2164,.T.);
#478=ORIENTED_EDGE('',*,*,#2165,.T.);
#479=ORIENTED_EDGE('',*,*,#2166,.T.);
#480=ORIENTED_EDGE('',*,*,#2167,.T.);
#481=ORIENTED_EDGE('',*,*,#2168,.T.);
#482=ORIENTED_EDGE('',*,*,#2169,.T.);
#483=ORIENTED_EDGE('',*,*,#2170,.T.);
#484=ORIENTED_EDGE('',*,*,#2171,.T.);
#485=ORIENTED_EDGE('',*,*,#2172,.T.);
#486=ORIENTED_EDGE('',*,*,#2173,.T.);
#487=ORIENTED_EDGE('',*,*,#2174,.T.);
#488=ORIENTED_EDGE('',*,*,#2175,.T.);
#489=ORIENTED_EDGE('',*,*,#2176,.T.);
#490=ORIENTED_EDGE('',*,*,#2177,.T.);
#491=ORIENTED_EDGE('',*,*,#2178,.T.);
#492=ORIENTED_EDGE('',*,*,#2179,.T.);
#493=ORIENTED_EDGE('',*,*,#2180,.T.);
#494=ORIENTED_EDGE('',*,*,#2181,.T.);
#495=ORIENTED_EDGE('',*,*,#2182,.T.);
#496=ORIENTED_EDGE('',*,*,#2183,.T.);
#497=ORIENTED_EDGE('',*,*,#2184,.T.);
#498=ORIENTED_EDGE('',*,*,#2185,.T.);
#499=ORIENTED_EDGE('',*,*,#2186,.T.);
#500=ORIENTED_EDGE('',*,*,#2187,.T.);
#501=ORIENTED_EDGE('',*,*,#2188,.T.);
#502=ORIENTED_EDGE('',*,*,#2189,.T.);
#503=ORIENTED_EDGE('',*,*,#2190,.T.);
#504=ORIENTED_EDGE('',*,*,#2191,.T.);
#505=ORIENTED_EDGE('',*,*,#2192,.T.);
#506=ORIENTED_EDGE('',*,*,#2193,.T.);
#507=ORIENTED_EDGE('',*,*,#2194,.T.);
#508=ORIENTED_EDGE('',*,*,#2195,.T.);
#509=ORIENTED_EDGE('',*,*,#2196,.T.);
#510=ORIENTED_EDGE('',*,*,#2197,.T.);
#511=ORIENTED_EDGE('',*,*,#2198,.T.);
#512=ORIENTED_EDGE('',*,*,#2199,.T.);
#513=ORIENTED_EDGE('',*,*,#2200,.T.);
#514=ORIENTED_EDGE('',*,*,#2201,.T.);
#515=ORIENTED_EDGE('',*,*,#2202,.T.);
#516=ORIENTED_EDGE('',*,*,#2203,.T.);
#517=ORIENTED_EDGE('',*,*,#2204,.T.);
#518=ORIENTED_EDGE('',*,*,#2205,.T.);
#519=ORIENTED_EDGE('',*,*,#2206,.T.);
#520=ORIENTED_EDGE('',*,*,#2207,.T.);
#521=ORIENTED_EDGE('',*,*,#2208,.T.);
#522=ORIENTED_EDGE('',*,*,#2209,.T.);
#523=ORIENTED_EDGE('',*,*,#2210,.T.);
#524=ORIENTED_EDGE('',*,*,#2211,.T.);
#525=ORIENTED_EDGE('',*,*,#2212,.T.);
#526=ORIENTED_EDGE('',*,*,#2213,.T.);
#527=ORIENTED_EDGE('',*,*,#2214,.T.);
#528=ORIENTED_EDGE('',*,*,#2215,.T.);
#529=ORIENTED_EDGE('',*,*,#2216,.T.);
#530=ORIENTED_EDGE('',*,*,#2217,.T.);
#531=ORIENTED_EDGE('',*,*,#2218,.T.);
#532=ORIENTED_EDGE('',*,*,#2219,.T.);
#533=ORIENTED_EDGE('',*,*,#2220,.F.);
#534=ORIENTED_EDGE('',*,*,#2221,.T.);
#535=ORIENTED_EDGE('',*,*,#2222,.T.);
#536=ORIENTED_EDGE('',*,*,#2223,.F.);
#537=ORIENTED_EDGE('',*,*,#2224,.F.);
#538=ORIENTED_EDGE('',*,*,#2225,.T.);
#539=ORIENTED_EDGE('',*,*,#2226,.F.);
#540=ORIENTED_EDGE('',*,*,#2227,.T.);
#541=ORIENTED_EDGE('',*,*,#2228,.F.);
#542=ORIENTED_EDGE('',*,*,#2229,.T.);
#543=ORIENTED_EDGE('',*,*,#2230,.F.);
#544=ORIENTED_EDGE('',*,*,#2231,.T.);
#545=ORIENTED_EDGE('',*,*,#2232,.F.);
#546=ORIENTED_EDGE('',*,*,#2233,.F.);
#547=ORIENTED_EDGE('',*,*,#2234,.F.);
#548=ORIENTED_EDGE('',*,*,#2235,.T.);
#549=ORIENTED_EDGE('',*,*,#2236,.F.);
#550=ORIENTED_EDGE('',*,*,#2237,.T.);
#551=ORIENTED_EDGE('',*,*,#2238,.T.);
#552=ORIENTED_EDGE('',*,*,#2239,.F.);
#553=ORIENTED_EDGE('',*,*,#2240,.F.);
#554=ORIENTED_EDGE('',*,*,#2241,.T.);
#555=ORIENTED_EDGE('',*,*,#2242,.T.);
#556=ORIENTED_EDGE('',*,*,#2243,.F.);
#557=ORIENTED_EDGE('',*,*,#2244,.T.);
#558=ORIENTED_EDGE('',*,*,#2245,.T.);
#559=ORIENTED_EDGE('',*,*,#2246,.F.);
#560=ORIENTED_EDGE('',*,*,#2247,.F.);
#561=ORIENTED_EDGE('',*,*,#2248,.T.);
#562=ORIENTED_EDGE('',*,*,#2249,.T.);
#563=ORIENTED_EDGE('',*,*,#2250,.F.);
#564=ORIENTED_EDGE('',*,*,#2251,.F.);
#565=ORIENTED_EDGE('',*,*,#2252,.T.);
#566=ORIENTED_EDGE('',*,*,#2253,.T.);
#567=ORIENTED_EDGE('',*,*,#2254,.F.);
#568=ORIENTED_EDGE('',*,*,#2255,.F.);
#569=ORIENTED_EDGE('',*,*,#2256,.F.);
#570=ORIENTED_EDGE('',*,*,#2257,.F.);
#571=ORIENTED_EDGE('',*,*,#2258,.T.);
#572=ORIENTED_EDGE('',*,*,#2259,.T.);
#573=ORIENTED_EDGE('',*,*,#2260,.F.);
#574=ORIENTED_EDGE('',*,*,#2261,.T.);
#575=ORIENTED_EDGE('',*,*,#2262,.T.);
#576=ORIENTED_EDGE('',*,*,#2263,.F.);
#577=ORIENTED_EDGE('',*,*,#2264,.F.);
#578=ORIENTED_EDGE('',*,*,#2265,.F.);
#579=ORIENTED_EDGE('',*,*,#2266,.T.);
#580=ORIENTED_EDGE('',*,*,#2267,.T.);
#581=ORIENTED_EDGE('',*,*,#2268,.F.);
#582=ORIENTED_EDGE('',*,*,#2269,.F.);
#583=ORIENTED_EDGE('',*,*,#2270,.T.);
#584=ORIENTED_EDGE('',*,*,#2271,.T.);
#585=ORIENTED_EDGE('',*,*,#2272,.F.);
#586=ORIENTED_EDGE('',*,*,#2273,.F.);
#587=ORIENTED_EDGE('',*,*,#2274,.T.);
#588=ORIENTED_EDGE('',*,*,#2275,.T.);
#589=ORIENTED_EDGE('',*,*,#2276,.F.);
#590=ORIENTED_EDGE('',*,*,#2277,.F.);
#591=ORIENTED_EDGE('',*,*,#2278,.T.);
#592=ORIENTED_EDGE('',*,*,#2279,.T.);
#593=ORIENTED_EDGE('',*,*,#2280,.F.);
#594=ORIENTED_EDGE('',*,*,#2281,.F.);
#595=ORIENTED_EDGE('',*,*,#2282,.T.);
#596=ORIENTED_EDGE('',*,*,#2283,.T.);
#597=ORIENTED_EDGE('',*,*,#2284,.F.);
#598=ORIENTED_EDGE('',*,*,#2285,.F.);
#599=ORIENTED_EDGE('',*,*,#2286,.T.);
#600=ORIENTED_EDGE('',*,*,#2287,.T.);
#601=ORIENTED_EDGE('',*,*,#2288,.F.);
#602=ORIENTED_EDGE('',*,*,#2289,.F.);
#603=ORIENTED_EDGE('',*,*,#2290,.T.);
#604=ORIENTED_EDGE('',*,*,#2291,.T.);
#605=ORIENTED_EDGE('',*,*,#2292,.F.);
#606=ORIENTED_EDGE('',*,*,#2293,.T.);
#607=ORIENTED_EDGE('',*,*,#2294,.T.);
#608=ORIENTED_EDGE('',*,*,#2295,.F.);
#609=ORIENTED_EDGE('',*,*,#2296,.F.);
#610=ORIENTED_EDGE('',*,*,#2297,.T.);
#611=ORIENTED_EDGE('',*,*,#2298,.T.);
#612=ORIENTED_EDGE('',*,*,#2299,.F.);
#613=ORIENTED_EDGE('',*,*,#2300,.F.);
#614=ORIENTED_EDGE('',*,*,#2301,.F.);
#615=ORIENTED_EDGE('',*,*,#2302,.F.);
#616=ORIENTED_EDGE('',*,*,#2303,.T.);
#617=ORIENTED_EDGE('',*,*,#2304,.T.);
#618=ORIENTED_EDGE('',*,*,#2305,.T.);
#619=ORIENTED_EDGE('',*,*,#2306,.T.);
#620=ORIENTED_EDGE('',*,*,#2307,.T.);
#621=ORIENTED_EDGE('',*,*,#2308,.F.);
#622=ORIENTED_EDGE('',*,*,#2309,.F.);
#623=ORIENTED_EDGE('',*,*,#2310,.T.);
#624=ORIENTED_EDGE('',*,*,#2311,.T.);
#625=ORIENTED_EDGE('',*,*,#2312,.F.);
#626=ORIENTED_EDGE('',*,*,#2313,.F.);
#627=ORIENTED_EDGE('',*,*,#2314,.T.);
#628=ORIENTED_EDGE('',*,*,#2315,.F.);
#629=ORIENTED_EDGE('',*,*,#2316,.F.);
#630=ORIENTED_EDGE('',*,*,#2317,.T.);
#631=ORIENTED_EDGE('',*,*,#2318,.T.);
#632=ORIENTED_EDGE('',*,*,#2319,.F.);
#633=ORIENTED_EDGE('',*,*,#2320,.F.);
#634=ORIENTED_EDGE('',*,*,#2321,.T.);
#635=ORIENTED_EDGE('',*,*,#2322,.T.);
#636=ORIENTED_EDGE('',*,*,#2323,.F.);
#637=ORIENTED_EDGE('',*,*,#2324,.F.);
#638=ORIENTED_EDGE('',*,*,#2325,.T.);
#639=ORIENTED_EDGE('',*,*,#2326,.T.);
#640=ORIENTED_EDGE('',*,*,#2327,.F.);
#641=ORIENTED_EDGE('',*,*,#2328,.F.);
#642=ORIENTED_EDGE('',*,*,#2329,.T.);
#643=ORIENTED_EDGE('',*,*,#2330,.T.);
#644=ORIENTED_EDGE('',*,*,#2331,.F.);
#645=ORIENTED_EDGE('',*,*,#2332,.F.);
#646=ORIENTED_EDGE('',*,*,#2333,.T.);
#647=ORIENTED_EDGE('',*,*,#2334,.T.);
#648=ORIENTED_EDGE('',*,*,#2335,.F.);
#649=ORIENTED_EDGE('',*,*,#2336,.F.);
#650=ORIENTED_EDGE('',*,*,#2337,.T.);
#651=ORIENTED_EDGE('',*,*,#2338,.T.);
#652=ORIENTED_EDGE('',*,*,#2339,.F.);
#653=ORIENTED_EDGE('',*,*,#2340,.F.);
#654=ORIENTED_EDGE('',*,*,#2341,.T.);
#655=ORIENTED_EDGE('',*,*,#2342,.T.);
#656=ORIENTED_EDGE('',*,*,#2343,.T.);
#657=ORIENTED_EDGE('',*,*,#2344,.F.);
#658=ORIENTED_EDGE('',*,*,#2345,.F.);
#659=ORIENTED_EDGE('',*,*,#2346,.T.);
#660=ORIENTED_EDGE('',*,*,#2347,.F.);
#661=ORIENTED_EDGE('',*,*,#2348,.F.);
#662=ORIENTED_EDGE('',*,*,#2349,.T.);
#663=ORIENTED_EDGE('',*,*,#2350,.F.);
#664=ORIENTED_EDGE('',*,*,#2351,.T.);
#665=ORIENTED_EDGE('',*,*,#2352,.T.);
#666=ORIENTED_EDGE('',*,*,#2353,.F.);
#667=ORIENTED_EDGE('',*,*,#2354,.F.);
#668=ORIENTED_EDGE('',*,*,#2355,.T.);
#669=ORIENTED_EDGE('',*,*,#2356,.T.);
#670=ORIENTED_EDGE('',*,*,#2357,.F.);
#671=ORIENTED_EDGE('',*,*,#2358,.F.);
#672=ORIENTED_EDGE('',*,*,#2359,.T.);
#673=ORIENTED_EDGE('',*,*,#2360,.T.);
#674=ORIENTED_EDGE('',*,*,#2361,.F.);
#675=ORIENTED_EDGE('',*,*,#2362,.T.);
#676=ORIENTED_EDGE('',*,*,#2363,.T.);
#677=ORIENTED_EDGE('',*,*,#2364,.F.);
#678=ORIENTED_EDGE('',*,*,#2365,.F.);
#679=ORIENTED_EDGE('',*,*,#2366,.T.);
#680=ORIENTED_EDGE('',*,*,#2367,.T.);
#681=ORIENTED_EDGE('',*,*,#2368,.F.);
#682=ORIENTED_EDGE('',*,*,#2369,.F.);
#683=ORIENTED_EDGE('',*,*,#2370,.T.);
#684=ORIENTED_EDGE('',*,*,#2371,.F.);
#685=ORIENTED_EDGE('',*,*,#2372,.T.);
#686=ORIENTED_EDGE('',*,*,#2373,.T.);
#687=ORIENTED_EDGE('',*,*,#2374,.T.);
#688=ORIENTED_EDGE('',*,*,#2375,.F.);
#689=ORIENTED_EDGE('',*,*,#2376,.T.);
#690=ORIENTED_EDGE('',*,*,#2377,.F.);
#691=ORIENTED_EDGE('',*,*,#2378,.T.);
#692=ORIENTED_EDGE('',*,*,#2379,.F.);
#693=ORIENTED_EDGE('',*,*,#2380,.T.);
#694=ORIENTED_EDGE('',*,*,#2381,.F.);
#695=ORIENTED_EDGE('',*,*,#2382,.T.);
#696=ORIENTED_EDGE('',*,*,#2383,.T.);
#697=ORIENTED_EDGE('',*,*,#2384,.F.);
#698=ORIENTED_EDGE('',*,*,#2385,.F.);
#699=ORIENTED_EDGE('',*,*,#2386,.F.);
#700=ORIENTED_EDGE('',*,*,#2387,.F.);
#701=ORIENTED_EDGE('',*,*,#2388,.F.);
#702=ORIENTED_EDGE('',*,*,#2389,.F.);
#703=ORIENTED_EDGE('',*,*,#2390,.F.);
#704=ORIENTED_EDGE('',*,*,#2391,.F.);
#705=ORIENTED_EDGE('',*,*,#2392,.F.);
#706=ORIENTED_EDGE('',*,*,#2393,.F.);
#707=ORIENTED_EDGE('',*,*,#2394,.F.);
#708=ORIENTED_EDGE('',*,*,#2395,.F.);
#709=ORIENTED_EDGE('',*,*,#2396,.F.);
#710=ORIENTED_EDGE('',*,*,#2397,.F.);
#711=ORIENTED_EDGE('',*,*,#2398,.F.);
#712=ORIENTED_EDGE('',*,*,#2399,.F.);
#713=ORIENTED_EDGE('',*,*,#2400,.F.);
#714=ORIENTED_EDGE('',*,*,#2401,.F.);
#715=ORIENTED_EDGE('',*,*,#2402,.F.);
#716=ORIENTED_EDGE('',*,*,#2403,.F.);
#717=ORIENTED_EDGE('',*,*,#2404,.F.);
#718=ORIENTED_EDGE('',*,*,#2405,.F.);
#719=ORIENTED_EDGE('',*,*,#2406,.F.);
#720=ORIENTED_EDGE('',*,*,#2407,.F.);
#721=ORIENTED_EDGE('',*,*,#2408,.F.);
#722=ORIENTED_EDGE('',*,*,#2409,.F.);
#723=ORIENTED_EDGE('',*,*,#2410,.F.);
#724=ORIENTED_EDGE('',*,*,#2411,.F.);
#725=ORIENTED_EDGE('',*,*,#2412,.F.);
#726=ORIENTED_EDGE('',*,*,#2413,.F.);
#727=ORIENTED_EDGE('',*,*,#2414,.F.);
#728=ORIENTED_EDGE('',*,*,#2415,.F.);
#729=ORIENTED_EDGE('',*,*,#2416,.F.);
#730=ORIENTED_EDGE('',*,*,#2417,.F.);
#731=ORIENTED_EDGE('',*,*,#2418,.F.);
#732=ORIENTED_EDGE('',*,*,#2419,.F.);
#733=ORIENTED_EDGE('',*,*,#2420,.F.);
#734=ORIENTED_EDGE('',*,*,#2421,.F.);
#735=ORIENTED_EDGE('',*,*,#2422,.F.);
#736=ORIENTED_EDGE('',*,*,#2423,.F.);
#737=ORIENTED_EDGE('',*,*,#2424,.F.);
#738=ORIENTED_EDGE('',*,*,#2425,.F.);
#739=ORIENTED_EDGE('',*,*,#2426,.F.);
#740=ORIENTED_EDGE('',*,*,#2427,.F.);
#741=ORIENTED_EDGE('',*,*,#2428,.F.);
#742=ORIENTED_EDGE('',*,*,#2429,.F.);
#743=ORIENTED_EDGE('',*,*,#2430,.F.);
#744=ORIENTED_EDGE('',*,*,#2431,.F.);
#745=ORIENTED_EDGE('',*,*,#2432,.F.);
#746=ORIENTED_EDGE('',*,*,#2433,.F.);
#747=ORIENTED_EDGE('',*,*,#2434,.F.);
#748=ORIENTED_EDGE('',*,*,#2435,.F.);
#749=ORIENTED_EDGE('',*,*,#2436,.F.);
#750=ORIENTED_EDGE('',*,*,#2437,.F.);
#751=ORIENTED_EDGE('',*,*,#2438,.F.);
#752=ORIENTED_EDGE('',*,*,#2439,.F.);
#753=ORIENTED_EDGE('',*,*,#2440,.F.);
#754=ORIENTED_EDGE('',*,*,#2441,.F.);
#755=ORIENTED_EDGE('',*,*,#2442,.F.);
#756=ORIENTED_EDGE('',*,*,#2443,.F.);
#757=ORIENTED_EDGE('',*,*,#2444,.F.);
#758=ORIENTED_EDGE('',*,*,#2445,.F.);
#759=ORIENTED_EDGE('',*,*,#2446,.F.);
#760=ORIENTED_EDGE('',*,*,#2447,.F.);
#761=ORIENTED_EDGE('',*,*,#2448,.F.);
#762=ORIENTED_EDGE('',*,*,#2449,.F.);
#763=ORIENTED_EDGE('',*,*,#2450,.F.);
#764=ORIENTED_EDGE('',*,*,#2451,.F.);
#765=ORIENTED_EDGE('',*,*,#2452,.F.);
#766=ORIENTED_EDGE('',*,*,#2453,.F.);
#767=ORIENTED_EDGE('',*,*,#2454,.F.);
#768=ORIENTED_EDGE('',*,*,#2455,.F.);
#769=ORIENTED_EDGE('',*,*,#2456,.F.);
#770=ORIENTED_EDGE('',*,*,#2457,.F.);
#771=ORIENTED_EDGE('',*,*,#2458,.F.);
#772=ORIENTED_EDGE('',*,*,#2459,.F.);
#773=ORIENTED_EDGE('',*,*,#2460,.F.);
#774=ORIENTED_EDGE('',*,*,#2461,.F.);
#775=ORIENTED_EDGE('',*,*,#2462,.F.);
#776=ORIENTED_EDGE('',*,*,#2463,.F.);
#777=ORIENTED_EDGE('',*,*,#2464,.F.);
#778=ORIENTED_EDGE('',*,*,#2465,.F.);
#779=ORIENTED_EDGE('',*,*,#2466,.T.);
#780=ORIENTED_EDGE('',*,*,#2467,.T.);
#781=ORIENTED_EDGE('',*,*,#2468,.T.);
#782=ORIENTED_EDGE('',*,*,#2469,.T.);
#783=ORIENTED_EDGE('',*,*,#2470,.T.);
#784=ORIENTED_EDGE('',*,*,#2471,.T.);
#785=ORIENTED_EDGE('',*,*,#2472,.T.);
#786=ORIENTED_EDGE('',*,*,#2473,.T.);
#787=ORIENTED_EDGE('',*,*,#2474,.T.);
#788=ORIENTED_EDGE('',*,*,#2475,.T.);
#789=ORIENTED_EDGE('',*,*,#2476,.T.);
#790=ORIENTED_EDGE('',*,*,#2477,.T.);
#791=ORIENTED_EDGE('',*,*,#2478,.F.);
#792=ORIENTED_EDGE('',*,*,#2479,.F.);
#793=ORIENTED_EDGE('',*,*,#2480,.T.);
#794=ORIENTED_EDGE('',*,*,#2481,.T.);
#795=ORIENTED_EDGE('',*,*,#2482,.F.);
#796=ORIENTED_EDGE('',*,*,#2483,.F.);
#797=ORIENTED_EDGE('',*,*,#2484,.T.);
#798=ORIENTED_EDGE('',*,*,#2485,.F.);
#799=ORIENTED_EDGE('',*,*,#2486,.T.);
#800=ORIENTED_EDGE('',*,*,#2487,.T.);
#801=ORIENTED_EDGE('',*,*,#2488,.T.);
#802=ORIENTED_EDGE('',*,*,#2489,.F.);
#803=ORIENTED_EDGE('',*,*,#2490,.T.);
#804=ORIENTED_EDGE('',*,*,#2491,.F.);
#805=ORIENTED_EDGE('',*,*,#2492,.T.);
#806=ORIENTED_EDGE('',*,*,#2493,.F.);
#807=ORIENTED_EDGE('',*,*,#2494,.T.);
#808=ORIENTED_EDGE('',*,*,#2495,.T.);
#809=ORIENTED_EDGE('',*,*,#1991,.T.);
#810=ORIENTED_EDGE('',*,*,#2496,.T.);
#811=ORIENTED_EDGE('',*,*,#2497,.T.);
#812=ORIENTED_EDGE('',*,*,#2498,.T.);
#813=ORIENTED_EDGE('',*,*,#2499,.F.);
#814=ORIENTED_EDGE('',*,*,#2500,.T.);
#815=ORIENTED_EDGE('',*,*,#2501,.T.);
#816=ORIENTED_EDGE('',*,*,#2502,.T.);
#817=ORIENTED_EDGE('',*,*,#2503,.T.);
#818=ORIENTED_EDGE('',*,*,#2504,.T.);
#819=ORIENTED_EDGE('',*,*,#2505,.F.);
#820=ORIENTED_EDGE('',*,*,#2506,.F.);
#821=ORIENTED_EDGE('',*,*,#2507,.T.);
#822=ORIENTED_EDGE('',*,*,#2508,.T.);
#823=ORIENTED_EDGE('',*,*,#2509,.T.);
#824=ORIENTED_EDGE('',*,*,#2510,.T.);
#825=ORIENTED_EDGE('',*,*,#2511,.F.);
#826=ORIENTED_EDGE('',*,*,#2512,.F.);
#827=ORIENTED_EDGE('',*,*,#2513,.T.);
#828=ORIENTED_EDGE('',*,*,#2514,.T.);
#829=ORIENTED_EDGE('',*,*,#2515,.T.);
#830=ORIENTED_EDGE('',*,*,#2516,.F.);
#831=ORIENTED_EDGE('',*,*,#2517,.F.);
#832=ORIENTED_EDGE('',*,*,#2518,.T.);
#833=ORIENTED_EDGE('',*,*,#2519,.T.);
#834=ORIENTED_EDGE('',*,*,#2520,.F.);
#835=ORIENTED_EDGE('',*,*,#2521,.F.);
#836=ORIENTED_EDGE('',*,*,#2522,.T.);
#837=ORIENTED_EDGE('',*,*,#2523,.T.);
#838=ORIENTED_EDGE('',*,*,#2524,.T.);
#839=ORIENTED_EDGE('',*,*,#2525,.F.);
#840=ORIENTED_EDGE('',*,*,#2526,.F.);
#841=ORIENTED_EDGE('',*,*,#2527,.T.);
#842=ORIENTED_EDGE('',*,*,#2528,.T.);
#843=ORIENTED_EDGE('',*,*,#2529,.F.);
#844=ORIENTED_EDGE('',*,*,#2530,.F.);
#845=ORIENTED_EDGE('',*,*,#2531,.F.);
#846=ORIENTED_EDGE('',*,*,#2532,.T.);
#847=ORIENTED_EDGE('',*,*,#2533,.T.);
#848=ORIENTED_EDGE('',*,*,#2534,.F.);
#849=ORIENTED_EDGE('',*,*,#2535,.F.);
#850=ORIENTED_EDGE('',*,*,#2536,.T.);
#851=ORIENTED_EDGE('',*,*,#2537,.T.);
#852=ORIENTED_EDGE('',*,*,#2538,.F.);
#853=ORIENTED_EDGE('',*,*,#2539,.T.);
#854=ORIENTED_EDGE('',*,*,#2540,.T.);
#855=ORIENTED_EDGE('',*,*,#2541,.F.);
#856=ORIENTED_EDGE('',*,*,#2542,.F.);
#857=ORIENTED_EDGE('',*,*,#2543,.T.);
#858=ORIENTED_EDGE('',*,*,#2544,.F.);
#859=ORIENTED_EDGE('',*,*,#2545,.F.);
#860=ORIENTED_EDGE('',*,*,#2546,.T.);
#861=ORIENTED_EDGE('',*,*,#2547,.T.);
#862=ORIENTED_EDGE('',*,*,#2548,.F.);
#863=ORIENTED_EDGE('',*,*,#2549,.F.);
#864=ORIENTED_EDGE('',*,*,#2550,.T.);
#865=ORIENTED_EDGE('',*,*,#2551,.T.);
#866=ORIENTED_EDGE('',*,*,#2552,.F.);
#867=ORIENTED_EDGE('',*,*,#2553,.F.);
#868=ORIENTED_EDGE('',*,*,#2554,.T.);
#869=ORIENTED_EDGE('',*,*,#2555,.T.);
#870=ORIENTED_EDGE('',*,*,#2556,.F.);
#871=ORIENTED_EDGE('',*,*,#2557,.F.);
#872=ORIENTED_EDGE('',*,*,#2558,.T.);
#873=ORIENTED_EDGE('',*,*,#2559,.T.);
#874=ORIENTED_EDGE('',*,*,#2560,.F.);
#875=ORIENTED_EDGE('',*,*,#2561,.F.);
#876=ORIENTED_EDGE('',*,*,#2562,.T.);
#877=ORIENTED_EDGE('',*,*,#2563,.T.);
#878=ORIENTED_EDGE('',*,*,#2564,.T.);
#879=ORIENTED_EDGE('',*,*,#2565,.F.);
#880=ORIENTED_EDGE('',*,*,#2566,.F.);
#881=ORIENTED_EDGE('',*,*,#2567,.T.);
#882=ORIENTED_EDGE('',*,*,#2568,.F.);
#883=ORIENTED_EDGE('',*,*,#2569,.F.);
#884=ORIENTED_EDGE('',*,*,#2570,.T.);
#885=ORIENTED_EDGE('',*,*,#2571,.T.);
#886=ORIENTED_EDGE('',*,*,#2572,.F.);
#887=ORIENTED_EDGE('',*,*,#2573,.F.);
#888=ORIENTED_EDGE('',*,*,#2574,.T.);
#889=ORIENTED_EDGE('',*,*,#2575,.T.);
#890=ORIENTED_EDGE('',*,*,#2576,.F.);
#891=ORIENTED_EDGE('',*,*,#2577,.F.);
#892=ORIENTED_EDGE('',*,*,#2578,.T.);
#893=ORIENTED_EDGE('',*,*,#2579,.T.);
#894=ORIENTED_EDGE('',*,*,#2580,.F.);
#895=ORIENTED_EDGE('',*,*,#2581,.F.);
#896=ORIENTED_EDGE('',*,*,#2582,.T.);
#897=ORIENTED_EDGE('',*,*,#2583,.T.);
#898=ORIENTED_EDGE('',*,*,#2584,.F.);
#899=ORIENTED_EDGE('',*,*,#2585,.F.);
#900=ORIENTED_EDGE('',*,*,#2586,.T.);
#901=ORIENTED_EDGE('',*,*,#2587,.T.);
#902=ORIENTED_EDGE('',*,*,#2588,.F.);
#903=ORIENTED_EDGE('',*,*,#2589,.F.);
#904=ORIENTED_EDGE('',*,*,#2590,.T.);
#905=ORIENTED_EDGE('',*,*,#2591,.T.);
#906=ORIENTED_EDGE('',*,*,#2592,.F.);
#907=ORIENTED_EDGE('',*,*,#2593,.F.);
#908=ORIENTED_EDGE('',*,*,#2594,.T.);
#909=ORIENTED_EDGE('',*,*,#2595,.T.);
#910=ORIENTED_EDGE('',*,*,#2596,.F.);
#911=ORIENTED_EDGE('',*,*,#2597,.F.);
#912=ORIENTED_EDGE('',*,*,#2598,.T.);
#913=ORIENTED_EDGE('',*,*,#2599,.T.);
#914=ORIENTED_EDGE('',*,*,#2600,.F.);
#915=ORIENTED_EDGE('',*,*,#2601,.F.);
#916=ORIENTED_EDGE('',*,*,#2602,.T.);
#917=ORIENTED_EDGE('',*,*,#2603,.T.);
#918=ORIENTED_EDGE('',*,*,#2604,.T.);
#919=ORIENTED_EDGE('',*,*,#2605,.F.);
#920=ORIENTED_EDGE('',*,*,#2606,.F.);
#921=ORIENTED_EDGE('',*,*,#2607,.T.);
#922=ORIENTED_EDGE('',*,*,#2608,.T.);
#923=ORIENTED_EDGE('',*,*,#2609,.F.);
#924=ORIENTED_EDGE('',*,*,#2610,.F.);
#925=ORIENTED_EDGE('',*,*,#2306,.F.);
#926=ORIENTED_EDGE('',*,*,#2611,.F.);
#927=ORIENTED_EDGE('',*,*,#2296,.T.);
#928=ORIENTED_EDGE('',*,*,#2612,.T.);
#929=ORIENTED_EDGE('',*,*,#2309,.T.);
#930=ORIENTED_EDGE('',*,*,#2613,.F.);
#931=ORIENTED_EDGE('',*,*,#2297,.F.);
#932=ORIENTED_EDGE('',*,*,#2611,.T.);
#933=ORIENTED_EDGE('',*,*,#2308,.T.);
#934=ORIENTED_EDGE('',*,*,#2614,.F.);
#935=ORIENTED_EDGE('',*,*,#2298,.F.);
#936=ORIENTED_EDGE('',*,*,#2613,.T.);
#937=ORIENTED_EDGE('',*,*,#2310,.F.);
#938=ORIENTED_EDGE('',*,*,#2615,.F.);
#939=ORIENTED_EDGE('',*,*,#2292,.T.);
#940=ORIENTED_EDGE('',*,*,#2616,.T.);
#941=ORIENTED_EDGE('',*,*,#2313,.T.);
#942=ORIENTED_EDGE('',*,*,#2617,.F.);
#943=ORIENTED_EDGE('',*,*,#2293,.F.);
#944=ORIENTED_EDGE('',*,*,#2615,.T.);
#945=ORIENTED_EDGE('',*,*,#2312,.T.);
#946=ORIENTED_EDGE('',*,*,#2618,.F.);
#947=ORIENTED_EDGE('',*,*,#2294,.F.);
#948=ORIENTED_EDGE('',*,*,#2617,.T.);
#949=ORIENTED_EDGE('',*,*,#2314,.F.);
#950=ORIENTED_EDGE('',*,*,#2619,.F.);
#951=ORIENTED_EDGE('',*,*,#2288,.T.);
#952=ORIENTED_EDGE('',*,*,#2620,.T.);
#953=ORIENTED_EDGE('',*,*,#2317,.F.);
#954=ORIENTED_EDGE('',*,*,#2621,.F.);
#955=ORIENTED_EDGE('',*,*,#2289,.T.);
#956=ORIENTED_EDGE('',*,*,#2619,.T.);
#957=ORIENTED_EDGE('',*,*,#2316,.T.);
#958=ORIENTED_EDGE('',*,*,#2622,.F.);
#959=ORIENTED_EDGE('',*,*,#2290,.F.);
#960=ORIENTED_EDGE('',*,*,#2621,.T.);
#961=ORIENTED_EDGE('',*,*,#2318,.F.);
#962=ORIENTED_EDGE('',*,*,#2623,.F.);
#963=ORIENTED_EDGE('',*,*,#2284,.T.);
#964=ORIENTED_EDGE('',*,*,#2624,.T.);
#965=ORIENTED_EDGE('',*,*,#2321,.F.);
#966=ORIENTED_EDGE('',*,*,#2625,.F.);
#967=ORIENTED_EDGE('',*,*,#2285,.T.);
#968=ORIENTED_EDGE('',*,*,#2623,.T.);
#969=ORIENTED_EDGE('',*,*,#2320,.T.);
#970=ORIENTED_EDGE('',*,*,#2626,.F.);
#971=ORIENTED_EDGE('',*,*,#2286,.F.);
#972=ORIENTED_EDGE('',*,*,#2625,.T.);
#973=ORIENTED_EDGE('',*,*,#2322,.F.);
#974=ORIENTED_EDGE('',*,*,#2627,.F.);
#975=ORIENTED_EDGE('',*,*,#2280,.T.);
#976=ORIENTED_EDGE('',*,*,#2628,.T.);
#977=ORIENTED_EDGE('',*,*,#2325,.F.);
#978=ORIENTED_EDGE('',*,*,#2629,.F.);
#979=ORIENTED_EDGE('',*,*,#2281,.T.);
#980=ORIENTED_EDGE('',*,*,#2627,.T.);
#981=ORIENTED_EDGE('',*,*,#2324,.T.);
#982=ORIENTED_EDGE('',*,*,#2630,.F.);
#983=ORIENTED_EDGE('',*,*,#2282,.F.);
#984=ORIENTED_EDGE('',*,*,#2629,.T.);
#985=ORIENTED_EDGE('',*,*,#2326,.F.);
#986=ORIENTED_EDGE('',*,*,#2631,.F.);
#987=ORIENTED_EDGE('',*,*,#2276,.T.);
#988=ORIENTED_EDGE('',*,*,#2632,.T.);
#989=ORIENTED_EDGE('',*,*,#2329,.F.);
#990=ORIENTED_EDGE('',*,*,#2633,.F.);
#991=ORIENTED_EDGE('',*,*,#2277,.T.);
#992=ORIENTED_EDGE('',*,*,#2631,.T.);
#993=ORIENTED_EDGE('',*,*,#2328,.T.);
#994=ORIENTED_EDGE('',*,*,#2634,.F.);
#995=ORIENTED_EDGE('',*,*,#2278,.F.);
#996=ORIENTED_EDGE('',*,*,#2633,.T.);
#997=ORIENTED_EDGE('',*,*,#2330,.F.);
#998=ORIENTED_EDGE('',*,*,#2635,.F.);
#999=ORIENTED_EDGE('',*,*,#2272,.T.);
#1000=ORIENTED_EDGE('',*,*,#2636,.T.);
#1001=ORIENTED_EDGE('',*,*,#2333,.F.);
#1002=ORIENTED_EDGE('',*,*,#2637,.F.);
#1003=ORIENTED_EDGE('',*,*,#2273,.T.);
#1004=ORIENTED_EDGE('',*,*,#2635,.T.);
#1005=ORIENTED_EDGE('',*,*,#2332,.T.);
#1006=ORIENTED_EDGE('',*,*,#2638,.F.);
#1007=ORIENTED_EDGE('',*,*,#2274,.F.);
#1008=ORIENTED_EDGE('',*,*,#2637,.T.);
#1009=ORIENTED_EDGE('',*,*,#2334,.F.);
#1010=ORIENTED_EDGE('',*,*,#2639,.F.);
#1011=ORIENTED_EDGE('',*,*,#2268,.T.);
#1012=ORIENTED_EDGE('',*,*,#2640,.T.);
#1013=ORIENTED_EDGE('',*,*,#2337,.F.);
#1014=ORIENTED_EDGE('',*,*,#2641,.F.);
#1015=ORIENTED_EDGE('',*,*,#2269,.T.);
#1016=ORIENTED_EDGE('',*,*,#2639,.T.);
#1017=ORIENTED_EDGE('',*,*,#2336,.T.);
#1018=ORIENTED_EDGE('',*,*,#2642,.F.);
#1019=ORIENTED_EDGE('',*,*,#2270,.F.);
#1020=ORIENTED_EDGE('',*,*,#2641,.T.);
#1021=ORIENTED_EDGE('',*,*,#2338,.F.);
#1022=ORIENTED_EDGE('',*,*,#2643,.F.);
#1023=ORIENTED_EDGE('',*,*,#2264,.T.);
#1024=ORIENTED_EDGE('',*,*,#2644,.T.);
#1025=ORIENTED_EDGE('',*,*,#2341,.F.);
#1026=ORIENTED_EDGE('',*,*,#2645,.F.);
#1027=ORIENTED_EDGE('',*,*,#2265,.T.);
#1028=ORIENTED_EDGE('',*,*,#2643,.T.);
#1029=ORIENTED_EDGE('',*,*,#2340,.T.);
#1030=ORIENTED_EDGE('',*,*,#2646,.F.);
#1031=ORIENTED_EDGE('',*,*,#2266,.F.);
#1032=ORIENTED_EDGE('',*,*,#2645,.T.);
#1033=ORIENTED_EDGE('',*,*,#2342,.F.);
#1034=ORIENTED_EDGE('',*,*,#2647,.F.);
#1035=ORIENTED_EDGE('',*,*,#2260,.T.);
#1036=ORIENTED_EDGE('',*,*,#2648,.T.);
#1037=ORIENTED_EDGE('',*,*,#2345,.T.);
#1038=ORIENTED_EDGE('',*,*,#2649,.F.);
#1039=ORIENTED_EDGE('',*,*,#2261,.F.);
#1040=ORIENTED_EDGE('',*,*,#2647,.T.);
#1041=ORIENTED_EDGE('',*,*,#2344,.T.);
#1042=ORIENTED_EDGE('',*,*,#2650,.F.);
#1043=ORIENTED_EDGE('',*,*,#2262,.F.);
#1044=ORIENTED_EDGE('',*,*,#2649,.T.);
#1045=ORIENTED_EDGE('',*,*,#2346,.F.);
#1046=ORIENTED_EDGE('',*,*,#2651,.F.);
#1047=ORIENTED_EDGE('',*,*,#2256,.T.);
#1048=ORIENTED_EDGE('',*,*,#2652,.T.);
#1049=ORIENTED_EDGE('',*,*,#2349,.F.);
#1050=ORIENTED_EDGE('',*,*,#2653,.F.);
#1051=ORIENTED_EDGE('',*,*,#2257,.T.);
#1052=ORIENTED_EDGE('',*,*,#2651,.T.);
#1053=ORIENTED_EDGE('',*,*,#2348,.T.);
#1054=ORIENTED_EDGE('',*,*,#2654,.F.);
#1055=ORIENTED_EDGE('',*,*,#2258,.F.);
#1056=ORIENTED_EDGE('',*,*,#2653,.T.);
#1057=ORIENTED_EDGE('',*,*,#2350,.T.);
#1058=ORIENTED_EDGE('',*,*,#2655,.F.);
#1059=ORIENTED_EDGE('',*,*,#2252,.F.);
#1060=ORIENTED_EDGE('',*,*,#2656,.T.);
#1061=ORIENTED_EDGE('',*,*,#2353,.T.);
#1062=ORIENTED_EDGE('',*,*,#2657,.F.);
#1063=ORIENTED_EDGE('',*,*,#2253,.F.);
#1064=ORIENTED_EDGE('',*,*,#2655,.T.);
#1065=ORIENTED_EDGE('',*,*,#2352,.F.);
#1066=ORIENTED_EDGE('',*,*,#2658,.F.);
#1067=ORIENTED_EDGE('',*,*,#2254,.T.);
#1068=ORIENTED_EDGE('',*,*,#2657,.T.);
#1069=ORIENTED_EDGE('',*,*,#2354,.T.);
#1070=ORIENTED_EDGE('',*,*,#2659,.F.);
#1071=ORIENTED_EDGE('',*,*,#2248,.F.);
#1072=ORIENTED_EDGE('',*,*,#2660,.T.);
#1073=ORIENTED_EDGE('',*,*,#2357,.T.);
#1074=ORIENTED_EDGE('',*,*,#2661,.F.);
#1075=ORIENTED_EDGE('',*,*,#2249,.F.);
#1076=ORIENTED_EDGE('',*,*,#2659,.T.);
#1077=ORIENTED_EDGE('',*,*,#2356,.F.);
#1078=ORIENTED_EDGE('',*,*,#2662,.F.);
#1079=ORIENTED_EDGE('',*,*,#2250,.T.);
#1080=ORIENTED_EDGE('',*,*,#2661,.T.);
#1081=ORIENTED_EDGE('',*,*,#2358,.T.);
#1082=ORIENTED_EDGE('',*,*,#2663,.F.);
#1083=ORIENTED_EDGE('',*,*,#2244,.F.);
#1084=ORIENTED_EDGE('',*,*,#2664,.T.);
#1085=ORIENTED_EDGE('',*,*,#2361,.T.);
#1086=ORIENTED_EDGE('',*,*,#2665,.F.);
#1087=ORIENTED_EDGE('',*,*,#2245,.F.);
#1088=ORIENTED_EDGE('',*,*,#2663,.T.);
#1089=ORIENTED_EDGE('',*,*,#2360,.F.);
#1090=ORIENTED_EDGE('',*,*,#2666,.F.);
#1091=ORIENTED_EDGE('',*,*,#2246,.T.);
#1092=ORIENTED_EDGE('',*,*,#2665,.T.);
#1093=ORIENTED_EDGE('',*,*,#2362,.F.);
#1094=ORIENTED_EDGE('',*,*,#2667,.F.);
#1095=ORIENTED_EDGE('',*,*,#2240,.T.);
#1096=ORIENTED_EDGE('',*,*,#2668,.T.);
#1097=ORIENTED_EDGE('',*,*,#2365,.T.);
#1098=ORIENTED_EDGE('',*,*,#2669,.F.);
#1099=ORIENTED_EDGE('',*,*,#2241,.F.);
#1100=ORIENTED_EDGE('',*,*,#2667,.T.);
#1101=ORIENTED_EDGE('',*,*,#2364,.T.);
#1102=ORIENTED_EDGE('',*,*,#2670,.F.);
#1103=ORIENTED_EDGE('',*,*,#2242,.F.);
#1104=ORIENTED_EDGE('',*,*,#2669,.T.);
#1105=ORIENTED_EDGE('',*,*,#2366,.F.);
#1106=ORIENTED_EDGE('',*,*,#2671,.F.);
#1107=ORIENTED_EDGE('',*,*,#2220,.T.);
#1108=ORIENTED_EDGE('',*,*,#2672,.T.);
#1109=ORIENTED_EDGE('',*,*,#2385,.T.);
#1110=ORIENTED_EDGE('',*,*,#2673,.F.);
#1111=ORIENTED_EDGE('',*,*,#2221,.F.);
#1112=ORIENTED_EDGE('',*,*,#2671,.T.);
#1113=ORIENTED_EDGE('',*,*,#2384,.T.);
#1114=ORIENTED_EDGE('',*,*,#2674,.F.);
#1115=ORIENTED_EDGE('',*,*,#2222,.F.);
#1116=ORIENTED_EDGE('',*,*,#2673,.T.);
#1117=ORIENTED_EDGE('',*,*,#2383,.F.);
#1118=ORIENTED_EDGE('',*,*,#2675,.F.);
#1119=ORIENTED_EDGE('',*,*,#2223,.T.);
#1120=ORIENTED_EDGE('',*,*,#2674,.T.);
#1121=ORIENTED_EDGE('',*,*,#2382,.F.);
#1122=ORIENTED_EDGE('',*,*,#2676,.F.);
#1123=ORIENTED_EDGE('',*,*,#2224,.T.);
#1124=ORIENTED_EDGE('',*,*,#2675,.T.);
#1125=ORIENTED_EDGE('',*,*,#2381,.T.);
#1126=ORIENTED_EDGE('',*,*,#2677,.F.);
#1127=ORIENTED_EDGE('',*,*,#2225,.F.);
#1128=ORIENTED_EDGE('',*,*,#2676,.T.);
#1129=ORIENTED_EDGE('',*,*,#2380,.F.);
#1130=ORIENTED_EDGE('',*,*,#2678,.F.);
#1131=ORIENTED_EDGE('',*,*,#2226,.T.);
#1132=ORIENTED_EDGE('',*,*,#2677,.T.);
#1133=ORIENTED_EDGE('',*,*,#2379,.T.);
#1134=ORIENTED_EDGE('',*,*,#2679,.F.);
#1135=ORIENTED_EDGE('',*,*,#2227,.F.);
#1136=ORIENTED_EDGE('',*,*,#2678,.T.);
#1137=ORIENTED_EDGE('',*,*,#2378,.F.);
#1138=ORIENTED_EDGE('',*,*,#2680,.F.);
#1139=ORIENTED_EDGE('',*,*,#2228,.T.);
#1140=ORIENTED_EDGE('',*,*,#2679,.T.);
#1141=ORIENTED_EDGE('',*,*,#2377,.T.);
#1142=ORIENTED_EDGE('',*,*,#2681,.F.);
#1143=ORIENTED_EDGE('',*,*,#2229,.F.);
#1144=ORIENTED_EDGE('',*,*,#2680,.T.);
#1145=ORIENTED_EDGE('',*,*,#2376,.F.);
#1146=ORIENTED_EDGE('',*,*,#2682,.F.);
#1147=ORIENTED_EDGE('',*,*,#2230,.T.);
#1148=ORIENTED_EDGE('',*,*,#2681,.T.);
#1149=ORIENTED_EDGE('',*,*,#2375,.T.);
#1150=ORIENTED_EDGE('',*,*,#2683,.F.);
#1151=ORIENTED_EDGE('',*,*,#2231,.F.);
#1152=ORIENTED_EDGE('',*,*,#2682,.T.);
#1153=ORIENTED_EDGE('',*,*,#2374,.F.);
#1154=ORIENTED_EDGE('',*,*,#2684,.F.);
#1155=ORIENTED_EDGE('',*,*,#2232,.T.);
#1156=ORIENTED_EDGE('',*,*,#2683,.T.);
#1157=ORIENTED_EDGE('',*,*,#2373,.F.);
#1158=ORIENTED_EDGE('',*,*,#2685,.F.);
#1159=ORIENTED_EDGE('',*,*,#2233,.T.);
#1160=ORIENTED_EDGE('',*,*,#2684,.T.);
#1161=ORIENTED_EDGE('',*,*,#2372,.F.);
#1162=ORIENTED_EDGE('',*,*,#2686,.F.);
#1163=ORIENTED_EDGE('',*,*,#2234,.T.);
#1164=ORIENTED_EDGE('',*,*,#2685,.T.);
#1165=ORIENTED_EDGE('',*,*,#2371,.T.);
#1166=ORIENTED_EDGE('',*,*,#2687,.F.);
#1167=ORIENTED_EDGE('',*,*,#2235,.F.);
#1168=ORIENTED_EDGE('',*,*,#2686,.T.);
#1169=ORIENTED_EDGE('',*,*,#2370,.F.);
#1170=ORIENTED_EDGE('',*,*,#2688,.F.);
#1171=ORIENTED_EDGE('',*,*,#2236,.T.);
#1172=ORIENTED_EDGE('',*,*,#2687,.T.);
#1173=ORIENTED_EDGE('',*,*,#2369,.T.);
#1174=ORIENTED_EDGE('',*,*,#2689,.F.);
#1175=ORIENTED_EDGE('',*,*,#2237,.F.);
#1176=ORIENTED_EDGE('',*,*,#2688,.T.);
#1177=ORIENTED_EDGE('',*,*,#2368,.T.);
#1178=ORIENTED_EDGE('',*,*,#2690,.F.);
#1179=ORIENTED_EDGE('',*,*,#2238,.F.);
#1180=ORIENTED_EDGE('',*,*,#2689,.T.);
#1181=ORIENTED_EDGE('',*,*,#2691,.F.);
#1182=ORIENTED_EDGE('',*,*,#2466,.F.);
#1183=ORIENTED_EDGE('',*,*,#2692,.T.);
#1184=ORIENTED_EDGE('',*,*,#1996,.T.);
#1185=ORIENTED_EDGE('',*,*,#1998,.T.);
#1186=ORIENTED_EDGE('',*,*,#2693,.T.);
#1187=ORIENTED_EDGE('',*,*,#2513,.F.);
#1188=ORIENTED_EDGE('',*,*,#2694,.F.);
#1189=ORIENTED_EDGE('',*,*,#2512,.T.);
#1190=ORIENTED_EDGE('',*,*,#2695,.F.);
#1191=ORIENTED_EDGE('',*,*,#1999,.F.);
#1192=ORIENTED_EDGE('',*,*,#2694,.T.);
#1193=ORIENTED_EDGE('',*,*,#2511,.T.);
#1194=ORIENTED_EDGE('',*,*,#2696,.T.);
#1195=ORIENTED_EDGE('',*,*,#2000,.F.);
#1196=ORIENTED_EDGE('',*,*,#2695,.T.);
#1197=ORIENTED_EDGE('',*,*,#2509,.F.);
#1198=ORIENTED_EDGE('',*,*,#2697,.T.);
#1199=ORIENTED_EDGE('',*,*,#2002,.T.);
#1200=ORIENTED_EDGE('',*,*,#2698,.T.);
#1201=ORIENTED_EDGE('',*,*,#2004,.T.);
#1202=ORIENTED_EDGE('',*,*,#2699,.T.);
#1203=ORIENTED_EDGE('',*,*,#2507,.F.);
#1204=ORIENTED_EDGE('',*,*,#2700,.F.);
#1205=ORIENTED_EDGE('',*,*,#2506,.T.);
#1206=ORIENTED_EDGE('',*,*,#2701,.F.);
#1207=ORIENTED_EDGE('',*,*,#2005,.F.);
#1208=ORIENTED_EDGE('',*,*,#2700,.T.);
#1209=ORIENTED_EDGE('',*,*,#2505,.T.);
#1210=ORIENTED_EDGE('',*,*,#2702,.T.);
#1211=ORIENTED_EDGE('',*,*,#2006,.F.);
#1212=ORIENTED_EDGE('',*,*,#2701,.T.);
#1213=ORIENTED_EDGE('',*,*,#2008,.T.);
#1214=ORIENTED_EDGE('',*,*,#2703,.T.);
#1215=ORIENTED_EDGE('',*,*,#2503,.F.);
#1216=ORIENTED_EDGE('',*,*,#2704,.F.);
#1217=ORIENTED_EDGE('',*,*,#2502,.F.);
#1218=ORIENTED_EDGE('',*,*,#2705,.F.);
#1219=ORIENTED_EDGE('',*,*,#2009,.T.);
#1220=ORIENTED_EDGE('',*,*,#2704,.T.);
#1221=ORIENTED_EDGE('',*,*,#2501,.F.);
#1222=ORIENTED_EDGE('',*,*,#2706,.T.);
#1223=ORIENTED_EDGE('',*,*,#2010,.T.);
#1224=ORIENTED_EDGE('',*,*,#2705,.T.);
#1225=ORIENTED_EDGE('',*,*,#2012,.F.);
#1226=ORIENTED_EDGE('',*,*,#2707,.T.);
#1227=ORIENTED_EDGE('',*,*,#2499,.T.);
#1228=ORIENTED_EDGE('',*,*,#2708,.F.);
#1229=ORIENTED_EDGE('',*,*,#2498,.F.);
#1230=ORIENTED_EDGE('',*,*,#2709,.F.);
#1231=ORIENTED_EDGE('',*,*,#2013,.T.);
#1232=ORIENTED_EDGE('',*,*,#2708,.T.);
#1233=ORIENTED_EDGE('',*,*,#2497,.F.);
#1234=ORIENTED_EDGE('',*,*,#2710,.T.);
#1235=ORIENTED_EDGE('',*,*,#2014,.T.);
#1236=ORIENTED_EDGE('',*,*,#2709,.T.);
#1237=ORIENTED_EDGE('',*,*,#2480,.F.);
#1238=ORIENTED_EDGE('',*,*,#2711,.F.);
#1239=ORIENTED_EDGE('',*,*,#2031,.T.);
#1240=ORIENTED_EDGE('',*,*,#2712,.T.);
#1241=ORIENTED_EDGE('',*,*,#2479,.T.);
#1242=ORIENTED_EDGE('',*,*,#2713,.F.);
#1243=ORIENTED_EDGE('',*,*,#2032,.F.);
#1244=ORIENTED_EDGE('',*,*,#2711,.T.);
#1245=ORIENTED_EDGE('',*,*,#2478,.T.);
#1246=ORIENTED_EDGE('',*,*,#2714,.T.);
#1247=ORIENTED_EDGE('',*,*,#2033,.F.);
#1248=ORIENTED_EDGE('',*,*,#2713,.T.);
#1249=ORIENTED_EDGE('',*,*,#2715,.F.);
#1250=ORIENTED_EDGE('',*,*,#2494,.F.);
#1251=ORIENTED_EDGE('',*,*,#2716,.F.);
#1252=ORIENTED_EDGE('',*,*,#2017,.T.);
#1253=ORIENTED_EDGE('',*,*,#2493,.T.);
#1254=ORIENTED_EDGE('',*,*,#2717,.F.);
#1255=ORIENTED_EDGE('',*,*,#2018,.F.);
#1256=ORIENTED_EDGE('',*,*,#2716,.T.);
#1257=ORIENTED_EDGE('',*,*,#2492,.F.);
#1258=ORIENTED_EDGE('',*,*,#2718,.F.);
#1259=ORIENTED_EDGE('',*,*,#2019,.T.);
#1260=ORIENTED_EDGE('',*,*,#2717,.T.);
#1261=ORIENTED_EDGE('',*,*,#2491,.T.);
#1262=ORIENTED_EDGE('',*,*,#2719,.F.);
#1263=ORIENTED_EDGE('',*,*,#2020,.F.);
#1264=ORIENTED_EDGE('',*,*,#2718,.T.);
#1265=ORIENTED_EDGE('',*,*,#2490,.F.);
#1266=ORIENTED_EDGE('',*,*,#2720,.F.);
#1267=ORIENTED_EDGE('',*,*,#2021,.T.);
#1268=ORIENTED_EDGE('',*,*,#2719,.T.);
#1269=ORIENTED_EDGE('',*,*,#2489,.T.);
#1270=ORIENTED_EDGE('',*,*,#2721,.F.);
#1271=ORIENTED_EDGE('',*,*,#2022,.F.);
#1272=ORIENTED_EDGE('',*,*,#2720,.T.);
#1273=ORIENTED_EDGE('',*,*,#2488,.F.);
#1274=ORIENTED_EDGE('',*,*,#2722,.F.);
#1275=ORIENTED_EDGE('',*,*,#2023,.T.);
#1276=ORIENTED_EDGE('',*,*,#2721,.T.);
#1277=ORIENTED_EDGE('',*,*,#2487,.F.);
#1278=ORIENTED_EDGE('',*,*,#2723,.F.);
#1279=ORIENTED_EDGE('',*,*,#2024,.T.);
#1280=ORIENTED_EDGE('',*,*,#2722,.T.);
#1281=ORIENTED_EDGE('',*,*,#2486,.F.);
#1282=ORIENTED_EDGE('',*,*,#2724,.F.);
#1283=ORIENTED_EDGE('',*,*,#2025,.T.);
#1284=ORIENTED_EDGE('',*,*,#2723,.T.);
#1285=ORIENTED_EDGE('',*,*,#2485,.T.);
#1286=ORIENTED_EDGE('',*,*,#2725,.F.);
#1287=ORIENTED_EDGE('',*,*,#2026,.F.);
#1288=ORIENTED_EDGE('',*,*,#2724,.T.);
#1289=ORIENTED_EDGE('',*,*,#2484,.F.);
#1290=ORIENTED_EDGE('',*,*,#2726,.F.);
#1291=ORIENTED_EDGE('',*,*,#2027,.T.);
#1292=ORIENTED_EDGE('',*,*,#2725,.T.);
#1293=ORIENTED_EDGE('',*,*,#2483,.T.);
#1294=ORIENTED_EDGE('',*,*,#2727,.F.);
#1295=ORIENTED_EDGE('',*,*,#2028,.F.);
#1296=ORIENTED_EDGE('',*,*,#2726,.T.);
#1297=ORIENTED_EDGE('',*,*,#2482,.T.);
#1298=ORIENTED_EDGE('',*,*,#2728,.F.);
#1299=ORIENTED_EDGE('',*,*,#2029,.F.);
#1300=ORIENTED_EDGE('',*,*,#2727,.T.);
#1301=ORIENTED_EDGE('',*,*,#2515,.F.);
#1302=ORIENTED_EDGE('',*,*,#2729,.F.);
#1303=ORIENTED_EDGE('',*,*,#2136,.T.);
#1304=ORIENTED_EDGE('',*,*,#2730,.T.);
#1305=ORIENTED_EDGE('',*,*,#2518,.F.);
#1306=ORIENTED_EDGE('',*,*,#2731,.F.);
#1307=ORIENTED_EDGE('',*,*,#2137,.T.);
#1308=ORIENTED_EDGE('',*,*,#2729,.T.);
#1309=ORIENTED_EDGE('',*,*,#2517,.T.);
#1310=ORIENTED_EDGE('',*,*,#2732,.F.);
#1311=ORIENTED_EDGE('',*,*,#2138,.F.);
#1312=ORIENTED_EDGE('',*,*,#2731,.T.);
#1313=ORIENTED_EDGE('',*,*,#2519,.F.);
#1314=ORIENTED_EDGE('',*,*,#2733,.F.);
#1315=ORIENTED_EDGE('',*,*,#2132,.T.);
#1316=ORIENTED_EDGE('',*,*,#2734,.T.);
#1317=ORIENTED_EDGE('',*,*,#2522,.F.);
#1318=ORIENTED_EDGE('',*,*,#2735,.F.);
#1319=ORIENTED_EDGE('',*,*,#2133,.T.);
#1320=ORIENTED_EDGE('',*,*,#2733,.T.);
#1321=ORIENTED_EDGE('',*,*,#2521,.T.);
#1322=ORIENTED_EDGE('',*,*,#2736,.F.);
#1323=ORIENTED_EDGE('',*,*,#2134,.F.);
#1324=ORIENTED_EDGE('',*,*,#2735,.T.);
#1325=ORIENTED_EDGE('',*,*,#2523,.F.);
#1326=ORIENTED_EDGE('',*,*,#2737,.F.);
#1327=ORIENTED_EDGE('',*,*,#2128,.T.);
#1328=ORIENTED_EDGE('',*,*,#2738,.T.);
#1329=ORIENTED_EDGE('',*,*,#2526,.T.);
#1330=ORIENTED_EDGE('',*,*,#2739,.F.);
#1331=ORIENTED_EDGE('',*,*,#2129,.F.);
#1332=ORIENTED_EDGE('',*,*,#2737,.T.);
#1333=ORIENTED_EDGE('',*,*,#2525,.T.);
#1334=ORIENTED_EDGE('',*,*,#2740,.F.);
#1335=ORIENTED_EDGE('',*,*,#2130,.F.);
#1336=ORIENTED_EDGE('',*,*,#2739,.T.);
#1337=ORIENTED_EDGE('',*,*,#2527,.F.);
#1338=ORIENTED_EDGE('',*,*,#2741,.F.);
#1339=ORIENTED_EDGE('',*,*,#2124,.T.);
#1340=ORIENTED_EDGE('',*,*,#2742,.T.);
#1341=ORIENTED_EDGE('',*,*,#2530,.T.);
#1342=ORIENTED_EDGE('',*,*,#2743,.F.);
#1343=ORIENTED_EDGE('',*,*,#2125,.F.);
#1344=ORIENTED_EDGE('',*,*,#2741,.T.);
#1345=ORIENTED_EDGE('',*,*,#2529,.T.);
#1346=ORIENTED_EDGE('',*,*,#2744,.F.);
#1347=ORIENTED_EDGE('',*,*,#2126,.F.);
#1348=ORIENTED_EDGE('',*,*,#2743,.T.);
#1349=ORIENTED_EDGE('',*,*,#2531,.T.);
#1350=ORIENTED_EDGE('',*,*,#2745,.F.);
#1351=ORIENTED_EDGE('',*,*,#2120,.F.);
#1352=ORIENTED_EDGE('',*,*,#2746,.T.);
#1353=ORIENTED_EDGE('',*,*,#2534,.T.);
#1354=ORIENTED_EDGE('',*,*,#2747,.F.);
#1355=ORIENTED_EDGE('',*,*,#2121,.F.);
#1356=ORIENTED_EDGE('',*,*,#2745,.T.);
#1357=ORIENTED_EDGE('',*,*,#2533,.F.);
#1358=ORIENTED_EDGE('',*,*,#2748,.F.);
#1359=ORIENTED_EDGE('',*,*,#2122,.T.);
#1360=ORIENTED_EDGE('',*,*,#2747,.T.);
#1361=ORIENTED_EDGE('',*,*,#2535,.T.);
#1362=ORIENTED_EDGE('',*,*,#2749,.F.);
#1363=ORIENTED_EDGE('',*,*,#2116,.F.);
#1364=ORIENTED_EDGE('',*,*,#2750,.T.);
#1365=ORIENTED_EDGE('',*,*,#2538,.T.);
#1366=ORIENTED_EDGE('',*,*,#2751,.F.);
#1367=ORIENTED_EDGE('',*,*,#2117,.F.);
#1368=ORIENTED_EDGE('',*,*,#2749,.T.);
#1369=ORIENTED_EDGE('',*,*,#2537,.F.);
#1370=ORIENTED_EDGE('',*,*,#2752,.F.);
#1371=ORIENTED_EDGE('',*,*,#2118,.T.);
#1372=ORIENTED_EDGE('',*,*,#2751,.T.);
#1373=ORIENTED_EDGE('',*,*,#2539,.F.);
#1374=ORIENTED_EDGE('',*,*,#2753,.F.);
#1375=ORIENTED_EDGE('',*,*,#2112,.T.);
#1376=ORIENTED_EDGE('',*,*,#2754,.T.);
#1377=ORIENTED_EDGE('',*,*,#2542,.T.);
#1378=ORIENTED_EDGE('',*,*,#2755,.F.);
#1379=ORIENTED_EDGE('',*,*,#2113,.F.);
#1380=ORIENTED_EDGE('',*,*,#2753,.T.);
#1381=ORIENTED_EDGE('',*,*,#2541,.T.);
#1382=ORIENTED_EDGE('',*,*,#2756,.F.);
#1383=ORIENTED_EDGE('',*,*,#2114,.F.);
#1384=ORIENTED_EDGE('',*,*,#2755,.T.);
#1385=ORIENTED_EDGE('',*,*,#2543,.F.);
#1386=ORIENTED_EDGE('',*,*,#2757,.F.);
#1387=ORIENTED_EDGE('',*,*,#2108,.T.);
#1388=ORIENTED_EDGE('',*,*,#2758,.T.);
#1389=ORIENTED_EDGE('',*,*,#2546,.F.);
#1390=ORIENTED_EDGE('',*,*,#2759,.F.);
#1391=ORIENTED_EDGE('',*,*,#2109,.T.);
#1392=ORIENTED_EDGE('',*,*,#2757,.T.);
#1393=ORIENTED_EDGE('',*,*,#2545,.T.);
#1394=ORIENTED_EDGE('',*,*,#2760,.F.);
#1395=ORIENTED_EDGE('',*,*,#2110,.F.);
#1396=ORIENTED_EDGE('',*,*,#2759,.T.);
#1397=ORIENTED_EDGE('',*,*,#2547,.F.);
#1398=ORIENTED_EDGE('',*,*,#2761,.F.);
#1399=ORIENTED_EDGE('',*,*,#2104,.T.);
#1400=ORIENTED_EDGE('',*,*,#2762,.T.);
#1401=ORIENTED_EDGE('',*,*,#2550,.F.);
#1402=ORIENTED_EDGE('',*,*,#2763,.F.);
#1403=ORIENTED_EDGE('',*,*,#2105,.T.);
#1404=ORIENTED_EDGE('',*,*,#2761,.T.);
#1405=ORIENTED_EDGE('',*,*,#2549,.T.);
#1406=ORIENTED_EDGE('',*,*,#2764,.F.);
#1407=ORIENTED_EDGE('',*,*,#2106,.F.);
#1408=ORIENTED_EDGE('',*,*,#2763,.T.);
#1409=ORIENTED_EDGE('',*,*,#2551,.F.);
#1410=ORIENTED_EDGE('',*,*,#2765,.F.);
#1411=ORIENTED_EDGE('',*,*,#2100,.T.);
#1412=ORIENTED_EDGE('',*,*,#2766,.T.);
#1413=ORIENTED_EDGE('',*,*,#2554,.F.);
#1414=ORIENTED_EDGE('',*,*,#2767,.F.);
#1415=ORIENTED_EDGE('',*,*,#2101,.T.);
#1416=ORIENTED_EDGE('',*,*,#2765,.T.);
#1417=ORIENTED_EDGE('',*,*,#2553,.T.);
#1418=ORIENTED_EDGE('',*,*,#2768,.F.);
#1419=ORIENTED_EDGE('',*,*,#2102,.F.);
#1420=ORIENTED_EDGE('',*,*,#2767,.T.);
#1421=ORIENTED_EDGE('',*,*,#2555,.F.);
#1422=ORIENTED_EDGE('',*,*,#2769,.F.);
#1423=ORIENTED_EDGE('',*,*,#2096,.T.);
#1424=ORIENTED_EDGE('',*,*,#2770,.T.);
#1425=ORIENTED_EDGE('',*,*,#2558,.F.);
#1426=ORIENTED_EDGE('',*,*,#2771,.F.);
#1427=ORIENTED_EDGE('',*,*,#2097,.T.);
#1428=ORIENTED_EDGE('',*,*,#2769,.T.);
#1429=ORIENTED_EDGE('',*,*,#2557,.T.);
#1430=ORIENTED_EDGE('',*,*,#2772,.F.);
#1431=ORIENTED_EDGE('',*,*,#2098,.F.);
#1432=ORIENTED_EDGE('',*,*,#2771,.T.);
#1433=ORIENTED_EDGE('',*,*,#2559,.F.);
#1434=ORIENTED_EDGE('',*,*,#2773,.F.);
#1435=ORIENTED_EDGE('',*,*,#2092,.T.);
#1436=ORIENTED_EDGE('',*,*,#2774,.T.);
#1437=ORIENTED_EDGE('',*,*,#2562,.F.);
#1438=ORIENTED_EDGE('',*,*,#2775,.F.);
#1439=ORIENTED_EDGE('',*,*,#2093,.T.);
#1440=ORIENTED_EDGE('',*,*,#2773,.T.);
#1441=ORIENTED_EDGE('',*,*,#2561,.T.);
#1442=ORIENTED_EDGE('',*,*,#2776,.F.);
#1443=ORIENTED_EDGE('',*,*,#2094,.F.);
#1444=ORIENTED_EDGE('',*,*,#2775,.T.);
#1445=ORIENTED_EDGE('',*,*,#2563,.F.);
#1446=ORIENTED_EDGE('',*,*,#2777,.F.);
#1447=ORIENTED_EDGE('',*,*,#2088,.T.);
#1448=ORIENTED_EDGE('',*,*,#2778,.T.);
#1449=ORIENTED_EDGE('',*,*,#2566,.T.);
#1450=ORIENTED_EDGE('',*,*,#2779,.F.);
#1451=ORIENTED_EDGE('',*,*,#2089,.F.);
#1452=ORIENTED_EDGE('',*,*,#2777,.T.);
#1453=ORIENTED_EDGE('',*,*,#2565,.T.);
#1454=ORIENTED_EDGE('',*,*,#2780,.F.);
#1455=ORIENTED_EDGE('',*,*,#2090,.F.);
#1456=ORIENTED_EDGE('',*,*,#2779,.T.);
#1457=ORIENTED_EDGE('',*,*,#2567,.F.);
#1458=ORIENTED_EDGE('',*,*,#2781,.F.);
#1459=ORIENTED_EDGE('',*,*,#2084,.T.);
#1460=ORIENTED_EDGE('',*,*,#2782,.T.);
#1461=ORIENTED_EDGE('',*,*,#2570,.F.);
#1462=ORIENTED_EDGE('',*,*,#2783,.F.);
#1463=ORIENTED_EDGE('',*,*,#2085,.T.);
#1464=ORIENTED_EDGE('',*,*,#2781,.T.);
#1465=ORIENTED_EDGE('',*,*,#2569,.T.);
#1466=ORIENTED_EDGE('',*,*,#2784,.F.);
#1467=ORIENTED_EDGE('',*,*,#2086,.F.);
#1468=ORIENTED_EDGE('',*,*,#2783,.T.);
#1469=ORIENTED_EDGE('',*,*,#2571,.F.);
#1470=ORIENTED_EDGE('',*,*,#2785,.F.);
#1471=ORIENTED_EDGE('',*,*,#2080,.T.);
#1472=ORIENTED_EDGE('',*,*,#2786,.T.);
#1473=ORIENTED_EDGE('',*,*,#2574,.F.);
#1474=ORIENTED_EDGE('',*,*,#2787,.F.);
#1475=ORIENTED_EDGE('',*,*,#2081,.T.);
#1476=ORIENTED_EDGE('',*,*,#2785,.T.);
#1477=ORIENTED_EDGE('',*,*,#2573,.T.);
#1478=ORIENTED_EDGE('',*,*,#2788,.F.);
#1479=ORIENTED_EDGE('',*,*,#2082,.F.);
#1480=ORIENTED_EDGE('',*,*,#2787,.T.);
#1481=ORIENTED_EDGE('',*,*,#2575,.F.);
#1482=ORIENTED_EDGE('',*,*,#2789,.F.);
#1483=ORIENTED_EDGE('',*,*,#2076,.T.);
#1484=ORIENTED_EDGE('',*,*,#2790,.T.);
#1485=ORIENTED_EDGE('',*,*,#2578,.F.);
#1486=ORIENTED_EDGE('',*,*,#2791,.F.);
#1487=ORIENTED_EDGE('',*,*,#2077,.T.);
#1488=ORIENTED_EDGE('',*,*,#2789,.T.);
#1489=ORIENTED_EDGE('',*,*,#2577,.T.);
#1490=ORIENTED_EDGE('',*,*,#2792,.F.);
#1491=ORIENTED_EDGE('',*,*,#2078,.F.);
#1492=ORIENTED_EDGE('',*,*,#2791,.T.);
#1493=ORIENTED_EDGE('',*,*,#2579,.F.);
#1494=ORIENTED_EDGE('',*,*,#2793,.F.);
#1495=ORIENTED_EDGE('',*,*,#2072,.T.);
#1496=ORIENTED_EDGE('',*,*,#2794,.T.);
#1497=ORIENTED_EDGE('',*,*,#2582,.F.);
#1498=ORIENTED_EDGE('',*,*,#2795,.F.);
#1499=ORIENTED_EDGE('',*,*,#2073,.T.);
#1500=ORIENTED_EDGE('',*,*,#2793,.T.);
#1501=ORIENTED_EDGE('',*,*,#2581,.T.);
#1502=ORIENTED_EDGE('',*,*,#2796,.F.);
#1503=ORIENTED_EDGE('',*,*,#2074,.F.);
#1504=ORIENTED_EDGE('',*,*,#2795,.T.);
#1505=ORIENTED_EDGE('',*,*,#2583,.F.);
#1506=ORIENTED_EDGE('',*,*,#2797,.F.);
#1507=ORIENTED_EDGE('',*,*,#2068,.T.);
#1508=ORIENTED_EDGE('',*,*,#2798,.T.);
#1509=ORIENTED_EDGE('',*,*,#2586,.F.);
#1510=ORIENTED_EDGE('',*,*,#2799,.F.);
#1511=ORIENTED_EDGE('',*,*,#2069,.T.);
#1512=ORIENTED_EDGE('',*,*,#2797,.T.);
#1513=ORIENTED_EDGE('',*,*,#2585,.T.);
#1514=ORIENTED_EDGE('',*,*,#2800,.F.);
#1515=ORIENTED_EDGE('',*,*,#2070,.F.);
#1516=ORIENTED_EDGE('',*,*,#2799,.T.);
#1517=ORIENTED_EDGE('',*,*,#2587,.F.);
#1518=ORIENTED_EDGE('',*,*,#2801,.F.);
#1519=ORIENTED_EDGE('',*,*,#2064,.T.);
#1520=ORIENTED_EDGE('',*,*,#2802,.T.);
#1521=ORIENTED_EDGE('',*,*,#2590,.F.);
#1522=ORIENTED_EDGE('',*,*,#2803,.F.);
#1523=ORIENTED_EDGE('',*,*,#2065,.T.);
#1524=ORIENTED_EDGE('',*,*,#2801,.T.);
#1525=ORIENTED_EDGE('',*,*,#2589,.T.);
#1526=ORIENTED_EDGE('',*,*,#2804,.F.);
#1527=ORIENTED_EDGE('',*,*,#2066,.F.);
#1528=ORIENTED_EDGE('',*,*,#2803,.T.);
#1529=ORIENTED_EDGE('',*,*,#2591,.F.);
#1530=ORIENTED_EDGE('',*,*,#2805,.F.);
#1531=ORIENTED_EDGE('',*,*,#2060,.T.);
#1532=ORIENTED_EDGE('',*,*,#2806,.T.);
#1533=ORIENTED_EDGE('',*,*,#2594,.F.);
#1534=ORIENTED_EDGE('',*,*,#2807,.F.);
#1535=ORIENTED_EDGE('',*,*,#2061,.T.);
#1536=ORIENTED_EDGE('',*,*,#2805,.T.);
#1537=ORIENTED_EDGE('',*,*,#2593,.T.);
#1538=ORIENTED_EDGE('',*,*,#2808,.F.);
#1539=ORIENTED_EDGE('',*,*,#2062,.F.);
#1540=ORIENTED_EDGE('',*,*,#2807,.T.);
#1541=ORIENTED_EDGE('',*,*,#2595,.F.);
#1542=ORIENTED_EDGE('',*,*,#2809,.F.);
#1543=ORIENTED_EDGE('',*,*,#2056,.T.);
#1544=ORIENTED_EDGE('',*,*,#2810,.T.);
#1545=ORIENTED_EDGE('',*,*,#2598,.F.);
#1546=ORIENTED_EDGE('',*,*,#2811,.F.);
#1547=ORIENTED_EDGE('',*,*,#2057,.T.);
#1548=ORIENTED_EDGE('',*,*,#2809,.T.);
#1549=ORIENTED_EDGE('',*,*,#2597,.T.);
#1550=ORIENTED_EDGE('',*,*,#2812,.F.);
#1551=ORIENTED_EDGE('',*,*,#2058,.F.);
#1552=ORIENTED_EDGE('',*,*,#2811,.T.);
#1553=ORIENTED_EDGE('',*,*,#2599,.F.);
#1554=ORIENTED_EDGE('',*,*,#2813,.F.);
#1555=ORIENTED_EDGE('',*,*,#2052,.T.);
#1556=ORIENTED_EDGE('',*,*,#2814,.T.);
#1557=ORIENTED_EDGE('',*,*,#2602,.F.);
#1558=ORIENTED_EDGE('',*,*,#2815,.F.);
#1559=ORIENTED_EDGE('',*,*,#2053,.T.);
#1560=ORIENTED_EDGE('',*,*,#2813,.T.);
#1561=ORIENTED_EDGE('',*,*,#2601,.T.);
#1562=ORIENTED_EDGE('',*,*,#2816,.F.);
#1563=ORIENTED_EDGE('',*,*,#2054,.F.);
#1564=ORIENTED_EDGE('',*,*,#2815,.T.);
#1565=ORIENTED_EDGE('',*,*,#2603,.F.);
#1566=ORIENTED_EDGE('',*,*,#2817,.F.);
#1567=ORIENTED_EDGE('',*,*,#2048,.T.);
#1568=ORIENTED_EDGE('',*,*,#2818,.T.);
#1569=ORIENTED_EDGE('',*,*,#2606,.T.);
#1570=ORIENTED_EDGE('',*,*,#2819,.F.);
#1571=ORIENTED_EDGE('',*,*,#2049,.F.);
#1572=ORIENTED_EDGE('',*,*,#2817,.T.);
#1573=ORIENTED_EDGE('',*,*,#2605,.T.);
#1574=ORIENTED_EDGE('',*,*,#2820,.F.);
#1575=ORIENTED_EDGE('',*,*,#2050,.F.);
#1576=ORIENTED_EDGE('',*,*,#2819,.T.);
#1577=ORIENTED_EDGE('',*,*,#2607,.F.);
#1578=ORIENTED_EDGE('',*,*,#2821,.F.);
#1579=ORIENTED_EDGE('',*,*,#2044,.T.);
#1580=ORIENTED_EDGE('',*,*,#2822,.T.);
#1581=ORIENTED_EDGE('',*,*,#2610,.T.);
#1582=ORIENTED_EDGE('',*,*,#2823,.F.);
#1583=ORIENTED_EDGE('',*,*,#2045,.F.);
#1584=ORIENTED_EDGE('',*,*,#2821,.T.);
#1585=ORIENTED_EDGE('',*,*,#2609,.T.);
#1586=ORIENTED_EDGE('',*,*,#2824,.F.);
#1587=ORIENTED_EDGE('',*,*,#2046,.F.);
#1588=ORIENTED_EDGE('',*,*,#2823,.T.);
#1589=ORIENTED_EDGE('',*,*,#2302,.T.);
#1590=ORIENTED_EDGE('',*,*,#2303,.F.);
#1591=ORIENTED_EDGE('',*,*,#2301,.T.);
#1592=ORIENTED_EDGE('',*,*,#2304,.F.);
#1593=ORIENTED_EDGE('',*,*,#2300,.T.);
#1594=ORIENTED_EDGE('',*,*,#2305,.F.);
#1595=ORIENTED_EDGE('',*,*,#2307,.F.);
#1596=ORIENTED_EDGE('',*,*,#2612,.F.);
#1597=ORIENTED_EDGE('',*,*,#2299,.T.);
#1598=ORIENTED_EDGE('',*,*,#2614,.T.);
#1599=ORIENTED_EDGE('',*,*,#2311,.F.);
#1600=ORIENTED_EDGE('',*,*,#2616,.F.);
#1601=ORIENTED_EDGE('',*,*,#2295,.T.);
#1602=ORIENTED_EDGE('',*,*,#2618,.T.);
#1603=ORIENTED_EDGE('',*,*,#2315,.T.);
#1604=ORIENTED_EDGE('',*,*,#2620,.F.);
#1605=ORIENTED_EDGE('',*,*,#2291,.F.);
#1606=ORIENTED_EDGE('',*,*,#2622,.T.);
#1607=ORIENTED_EDGE('',*,*,#2319,.T.);
#1608=ORIENTED_EDGE('',*,*,#2624,.F.);
#1609=ORIENTED_EDGE('',*,*,#2287,.F.);
#1610=ORIENTED_EDGE('',*,*,#2626,.T.);
#1611=ORIENTED_EDGE('',*,*,#2323,.T.);
#1612=ORIENTED_EDGE('',*,*,#2628,.F.);
#1613=ORIENTED_EDGE('',*,*,#2283,.F.);
#1614=ORIENTED_EDGE('',*,*,#2630,.T.);
#1615=ORIENTED_EDGE('',*,*,#2327,.T.);
#1616=ORIENTED_EDGE('',*,*,#2632,.F.);
#1617=ORIENTED_EDGE('',*,*,#2279,.F.);
#1618=ORIENTED_EDGE('',*,*,#2634,.T.);
#1619=ORIENTED_EDGE('',*,*,#2331,.T.);
#1620=ORIENTED_EDGE('',*,*,#2636,.F.);
#1621=ORIENTED_EDGE('',*,*,#2275,.F.);
#1622=ORIENTED_EDGE('',*,*,#2638,.T.);
#1623=ORIENTED_EDGE('',*,*,#2335,.T.);
#1624=ORIENTED_EDGE('',*,*,#2640,.F.);
#1625=ORIENTED_EDGE('',*,*,#2271,.F.);
#1626=ORIENTED_EDGE('',*,*,#2642,.T.);
#1627=ORIENTED_EDGE('',*,*,#2339,.T.);
#1628=ORIENTED_EDGE('',*,*,#2644,.F.);
#1629=ORIENTED_EDGE('',*,*,#2267,.F.);
#1630=ORIENTED_EDGE('',*,*,#2646,.T.);
#1631=ORIENTED_EDGE('',*,*,#2343,.F.);
#1632=ORIENTED_EDGE('',*,*,#2648,.F.);
#1633=ORIENTED_EDGE('',*,*,#2263,.T.);
#1634=ORIENTED_EDGE('',*,*,#2650,.T.);
#1635=ORIENTED_EDGE('',*,*,#2347,.T.);
#1636=ORIENTED_EDGE('',*,*,#2652,.F.);
#1637=ORIENTED_EDGE('',*,*,#2259,.F.);
#1638=ORIENTED_EDGE('',*,*,#2654,.T.);
#1639=ORIENTED_EDGE('',*,*,#2351,.F.);
#1640=ORIENTED_EDGE('',*,*,#2656,.F.);
#1641=ORIENTED_EDGE('',*,*,#2255,.T.);
#1642=ORIENTED_EDGE('',*,*,#2658,.T.);
#1643=ORIENTED_EDGE('',*,*,#2355,.F.);
#1644=ORIENTED_EDGE('',*,*,#2660,.F.);
#1645=ORIENTED_EDGE('',*,*,#2251,.T.);
#1646=ORIENTED_EDGE('',*,*,#2662,.T.);
#1647=ORIENTED_EDGE('',*,*,#2359,.F.);
#1648=ORIENTED_EDGE('',*,*,#2664,.F.);
#1649=ORIENTED_EDGE('',*,*,#2247,.T.);
#1650=ORIENTED_EDGE('',*,*,#2666,.T.);
#1651=ORIENTED_EDGE('',*,*,#2363,.F.);
#1652=ORIENTED_EDGE('',*,*,#2668,.F.);
#1653=ORIENTED_EDGE('',*,*,#2243,.T.);
#1654=ORIENTED_EDGE('',*,*,#2670,.T.);
#1655=ORIENTED_EDGE('',*,*,#2367,.F.);
#1656=ORIENTED_EDGE('',*,*,#2672,.F.);
#1657=ORIENTED_EDGE('',*,*,#2239,.T.);
#1658=ORIENTED_EDGE('',*,*,#2690,.T.);
#1659=ORIENTED_EDGE('',*,*,#2219,.F.);
#1660=ORIENTED_EDGE('',*,*,#2386,.T.);
#1661=ORIENTED_EDGE('',*,*,#2218,.F.);
#1662=ORIENTED_EDGE('',*,*,#2387,.T.);
#1663=ORIENTED_EDGE('',*,*,#2217,.F.);
#1664=ORIENTED_EDGE('',*,*,#2388,.T.);
#1665=ORIENTED_EDGE('',*,*,#2216,.F.);
#1666=ORIENTED_EDGE('',*,*,#2389,.T.);
#1667=ORIENTED_EDGE('',*,*,#2215,.F.);
#1668=ORIENTED_EDGE('',*,*,#2390,.T.);
#1669=ORIENTED_EDGE('',*,*,#2214,.F.);
#1670=ORIENTED_EDGE('',*,*,#2391,.T.);
#1671=ORIENTED_EDGE('',*,*,#2213,.F.);
#1672=ORIENTED_EDGE('',*,*,#2392,.T.);
#1673=ORIENTED_EDGE('',*,*,#2212,.F.);
#1674=ORIENTED_EDGE('',*,*,#2393,.T.);
#1675=ORIENTED_EDGE('',*,*,#2211,.F.);
#1676=ORIENTED_EDGE('',*,*,#2394,.T.);
#1677=ORIENTED_EDGE('',*,*,#2210,.F.);
#1678=ORIENTED_EDGE('',*,*,#2395,.T.);
#1679=ORIENTED_EDGE('',*,*,#2209,.F.);
#1680=ORIENTED_EDGE('',*,*,#2396,.T.);
#1681=ORIENTED_EDGE('',*,*,#2208,.F.);
#1682=ORIENTED_EDGE('',*,*,#2397,.T.);
#1683=ORIENTED_EDGE('',*,*,#2207,.F.);
#1684=ORIENTED_EDGE('',*,*,#2398,.T.);
#1685=ORIENTED_EDGE('',*,*,#2206,.F.);
#1686=ORIENTED_EDGE('',*,*,#2399,.T.);
#1687=ORIENTED_EDGE('',*,*,#2205,.F.);
#1688=ORIENTED_EDGE('',*,*,#2400,.T.);
#1689=ORIENTED_EDGE('',*,*,#2204,.F.);
#1690=ORIENTED_EDGE('',*,*,#2401,.T.);
#1691=ORIENTED_EDGE('',*,*,#2203,.F.);
#1692=ORIENTED_EDGE('',*,*,#2402,.T.);
#1693=ORIENTED_EDGE('',*,*,#2202,.F.);
#1694=ORIENTED_EDGE('',*,*,#2403,.T.);
#1695=ORIENTED_EDGE('',*,*,#2201,.F.);
#1696=ORIENTED_EDGE('',*,*,#2404,.T.);
#1697=ORIENTED_EDGE('',*,*,#2200,.F.);
#1698=ORIENTED_EDGE('',*,*,#2405,.T.);
#1699=ORIENTED_EDGE('',*,*,#2199,.F.);
#1700=ORIENTED_EDGE('',*,*,#2406,.T.);
#1701=ORIENTED_EDGE('',*,*,#2198,.F.);
#1702=ORIENTED_EDGE('',*,*,#2407,.T.);
#1703=ORIENTED_EDGE('',*,*,#2197,.F.);
#1704=ORIENTED_EDGE('',*,*,#2408,.T.);
#1705=ORIENTED_EDGE('',*,*,#2196,.F.);
#1706=ORIENTED_EDGE('',*,*,#2409,.T.);
#1707=ORIENTED_EDGE('',*,*,#2195,.F.);
#1708=ORIENTED_EDGE('',*,*,#2410,.T.);
#1709=ORIENTED_EDGE('',*,*,#2194,.F.);
#1710=ORIENTED_EDGE('',*,*,#2411,.T.);
#1711=ORIENTED_EDGE('',*,*,#2193,.F.);
#1712=ORIENTED_EDGE('',*,*,#2412,.T.);
#1713=ORIENTED_EDGE('',*,*,#2192,.F.);
#1714=ORIENTED_EDGE('',*,*,#2413,.T.);
#1715=ORIENTED_EDGE('',*,*,#2191,.F.);
#1716=ORIENTED_EDGE('',*,*,#2414,.T.);
#1717=ORIENTED_EDGE('',*,*,#2190,.F.);
#1718=ORIENTED_EDGE('',*,*,#2415,.T.);
#1719=ORIENTED_EDGE('',*,*,#2189,.F.);
#1720=ORIENTED_EDGE('',*,*,#2416,.T.);
#1721=ORIENTED_EDGE('',*,*,#2188,.F.);
#1722=ORIENTED_EDGE('',*,*,#2417,.T.);
#1723=ORIENTED_EDGE('',*,*,#2187,.F.);
#1724=ORIENTED_EDGE('',*,*,#2418,.T.);
#1725=ORIENTED_EDGE('',*,*,#2186,.F.);
#1726=ORIENTED_EDGE('',*,*,#2419,.T.);
#1727=ORIENTED_EDGE('',*,*,#2185,.F.);
#1728=ORIENTED_EDGE('',*,*,#2420,.T.);
#1729=ORIENTED_EDGE('',*,*,#2184,.F.);
#1730=ORIENTED_EDGE('',*,*,#2421,.T.);
#1731=ORIENTED_EDGE('',*,*,#2183,.F.);
#1732=ORIENTED_EDGE('',*,*,#2422,.T.);
#1733=ORIENTED_EDGE('',*,*,#2182,.F.);
#1734=ORIENTED_EDGE('',*,*,#2423,.T.);
#1735=ORIENTED_EDGE('',*,*,#2181,.F.);
#1736=ORIENTED_EDGE('',*,*,#2424,.T.);
#1737=ORIENTED_EDGE('',*,*,#2180,.F.);
#1738=ORIENTED_EDGE('',*,*,#2425,.T.);
#1739=ORIENTED_EDGE('',*,*,#2179,.F.);
#1740=ORIENTED_EDGE('',*,*,#2426,.T.);
#1741=ORIENTED_EDGE('',*,*,#2178,.F.);
#1742=ORIENTED_EDGE('',*,*,#2427,.T.);
#1743=ORIENTED_EDGE('',*,*,#2177,.F.);
#1744=ORIENTED_EDGE('',*,*,#2428,.T.);
#1745=ORIENTED_EDGE('',*,*,#2176,.F.);
#1746=ORIENTED_EDGE('',*,*,#2429,.T.);
#1747=ORIENTED_EDGE('',*,*,#2175,.F.);
#1748=ORIENTED_EDGE('',*,*,#2430,.T.);
#1749=ORIENTED_EDGE('',*,*,#2174,.F.);
#1750=ORIENTED_EDGE('',*,*,#2431,.T.);
#1751=ORIENTED_EDGE('',*,*,#2173,.F.);
#1752=ORIENTED_EDGE('',*,*,#2432,.T.);
#1753=ORIENTED_EDGE('',*,*,#2172,.F.);
#1754=ORIENTED_EDGE('',*,*,#2433,.T.);
#1755=ORIENTED_EDGE('',*,*,#2171,.F.);
#1756=ORIENTED_EDGE('',*,*,#2434,.T.);
#1757=ORIENTED_EDGE('',*,*,#2170,.F.);
#1758=ORIENTED_EDGE('',*,*,#2435,.T.);
#1759=ORIENTED_EDGE('',*,*,#2169,.F.);
#1760=ORIENTED_EDGE('',*,*,#2436,.T.);
#1761=ORIENTED_EDGE('',*,*,#2168,.F.);
#1762=ORIENTED_EDGE('',*,*,#2437,.T.);
#1763=ORIENTED_EDGE('',*,*,#2167,.F.);
#1764=ORIENTED_EDGE('',*,*,#2438,.T.);
#1765=ORIENTED_EDGE('',*,*,#2166,.F.);
#1766=ORIENTED_EDGE('',*,*,#2439,.T.);
#1767=ORIENTED_EDGE('',*,*,#2165,.F.);
#1768=ORIENTED_EDGE('',*,*,#2440,.T.);
#1769=ORIENTED_EDGE('',*,*,#2164,.F.);
#1770=ORIENTED_EDGE('',*,*,#2441,.T.);
#1771=ORIENTED_EDGE('',*,*,#2163,.F.);
#1772=ORIENTED_EDGE('',*,*,#2442,.T.);
#1773=ORIENTED_EDGE('',*,*,#2162,.F.);
#1774=ORIENTED_EDGE('',*,*,#2443,.T.);
#1775=ORIENTED_EDGE('',*,*,#2161,.F.);
#1776=ORIENTED_EDGE('',*,*,#2444,.T.);
#1777=ORIENTED_EDGE('',*,*,#2160,.F.);
#1778=ORIENTED_EDGE('',*,*,#2445,.T.);
#1779=ORIENTED_EDGE('',*,*,#2159,.F.);
#1780=ORIENTED_EDGE('',*,*,#2446,.T.);
#1781=ORIENTED_EDGE('',*,*,#2158,.F.);
#1782=ORIENTED_EDGE('',*,*,#2447,.T.);
#1783=ORIENTED_EDGE('',*,*,#2157,.F.);
#1784=ORIENTED_EDGE('',*,*,#2448,.T.);
#1785=ORIENTED_EDGE('',*,*,#2156,.F.);
#1786=ORIENTED_EDGE('',*,*,#2449,.T.);
#1787=ORIENTED_EDGE('',*,*,#2155,.F.);
#1788=ORIENTED_EDGE('',*,*,#2450,.T.);
#1789=ORIENTED_EDGE('',*,*,#2154,.F.);
#1790=ORIENTED_EDGE('',*,*,#2451,.T.);
#1791=ORIENTED_EDGE('',*,*,#2153,.F.);
#1792=ORIENTED_EDGE('',*,*,#2452,.T.);
#1793=ORIENTED_EDGE('',*,*,#2152,.F.);
#1794=ORIENTED_EDGE('',*,*,#2453,.T.);
#1795=ORIENTED_EDGE('',*,*,#2151,.F.);
#1796=ORIENTED_EDGE('',*,*,#2454,.T.);
#1797=ORIENTED_EDGE('',*,*,#2150,.F.);
#1798=ORIENTED_EDGE('',*,*,#2455,.T.);
#1799=ORIENTED_EDGE('',*,*,#2149,.F.);
#1800=ORIENTED_EDGE('',*,*,#2456,.T.);
#1801=ORIENTED_EDGE('',*,*,#2148,.F.);
#1802=ORIENTED_EDGE('',*,*,#2457,.T.);
#1803=ORIENTED_EDGE('',*,*,#2147,.F.);
#1804=ORIENTED_EDGE('',*,*,#2458,.T.);
#1805=ORIENTED_EDGE('',*,*,#2146,.F.);
#1806=ORIENTED_EDGE('',*,*,#2459,.T.);
#1807=ORIENTED_EDGE('',*,*,#2145,.F.);
#1808=ORIENTED_EDGE('',*,*,#2460,.T.);
#1809=ORIENTED_EDGE('',*,*,#2144,.F.);
#1810=ORIENTED_EDGE('',*,*,#2461,.T.);
#1811=ORIENTED_EDGE('',*,*,#2143,.F.);
#1812=ORIENTED_EDGE('',*,*,#2462,.T.);
#1813=ORIENTED_EDGE('',*,*,#2142,.F.);
#1814=ORIENTED_EDGE('',*,*,#2463,.T.);
#1815=ORIENTED_EDGE('',*,*,#2141,.F.);
#1816=ORIENTED_EDGE('',*,*,#2464,.T.);
#1817=ORIENTED_EDGE('',*,*,#2140,.F.);
#1818=ORIENTED_EDGE('',*,*,#2465,.T.);
#1819=ORIENTED_EDGE('',*,*,#2481,.F.);
#1820=ORIENTED_EDGE('',*,*,#2712,.F.);
#1821=ORIENTED_EDGE('',*,*,#2030,.T.);
#1822=ORIENTED_EDGE('',*,*,#2728,.T.);
#1823=ORIENTED_EDGE('',*,*,#2516,.T.);
#1824=ORIENTED_EDGE('',*,*,#2730,.F.);
#1825=ORIENTED_EDGE('',*,*,#2139,.F.);
#1826=ORIENTED_EDGE('',*,*,#2732,.T.);
#1827=ORIENTED_EDGE('',*,*,#2520,.T.);
#1828=ORIENTED_EDGE('',*,*,#2734,.F.);
#1829=ORIENTED_EDGE('',*,*,#2135,.F.);
#1830=ORIENTED_EDGE('',*,*,#2736,.T.);
#1831=ORIENTED_EDGE('',*,*,#2524,.F.);
#1832=ORIENTED_EDGE('',*,*,#2738,.F.);
#1833=ORIENTED_EDGE('',*,*,#2131,.T.);
#1834=ORIENTED_EDGE('',*,*,#2740,.T.);
#1835=ORIENTED_EDGE('',*,*,#2528,.F.);
#1836=ORIENTED_EDGE('',*,*,#2742,.F.);
#1837=ORIENTED_EDGE('',*,*,#2127,.T.);
#1838=ORIENTED_EDGE('',*,*,#2744,.T.);
#1839=ORIENTED_EDGE('',*,*,#2532,.F.);
#1840=ORIENTED_EDGE('',*,*,#2746,.F.);
#1841=ORIENTED_EDGE('',*,*,#2123,.T.);
#1842=ORIENTED_EDGE('',*,*,#2748,.T.);
#1843=ORIENTED_EDGE('',*,*,#2536,.F.);
#1844=ORIENTED_EDGE('',*,*,#2750,.F.);
#1845=ORIENTED_EDGE('',*,*,#2119,.T.);
#1846=ORIENTED_EDGE('',*,*,#2752,.T.);
#1847=ORIENTED_EDGE('',*,*,#2540,.F.);
#1848=ORIENTED_EDGE('',*,*,#2754,.F.);
#1849=ORIENTED_EDGE('',*,*,#2115,.T.);
#1850=ORIENTED_EDGE('',*,*,#2756,.T.);
#1851=ORIENTED_EDGE('',*,*,#2544,.T.);
#1852=ORIENTED_EDGE('',*,*,#2758,.F.);
#1853=ORIENTED_EDGE('',*,*,#2111,.F.);
#1854=ORIENTED_EDGE('',*,*,#2760,.T.);
#1855=ORIENTED_EDGE('',*,*,#2548,.T.);
#1856=ORIENTED_EDGE('',*,*,#2762,.F.);
#1857=ORIENTED_EDGE('',*,*,#2107,.F.);
#1858=ORIENTED_EDGE('',*,*,#2764,.T.);
#1859=ORIENTED_EDGE('',*,*,#2552,.T.);
#1860=ORIENTED_EDGE('',*,*,#2766,.F.);
#1861=ORIENTED_EDGE('',*,*,#2103,.F.);
#1862=ORIENTED_EDGE('',*,*,#2768,.T.);
#1863=ORIENTED_EDGE('',*,*,#2556,.T.);
#1864=ORIENTED_EDGE('',*,*,#2770,.F.);
#1865=ORIENTED_EDGE('',*,*,#2099,.F.);
#1866=ORIENTED_EDGE('',*,*,#2772,.T.);
#1867=ORIENTED_EDGE('',*,*,#2560,.T.);
#1868=ORIENTED_EDGE('',*,*,#2774,.F.);
#1869=ORIENTED_EDGE('',*,*,#2095,.F.);
#1870=ORIENTED_EDGE('',*,*,#2776,.T.);
#1871=ORIENTED_EDGE('',*,*,#2564,.F.);
#1872=ORIENTED_EDGE('',*,*,#2778,.F.);
#1873=ORIENTED_EDGE('',*,*,#2091,.T.);
#1874=ORIENTED_EDGE('',*,*,#2780,.T.);
#1875=ORIENTED_EDGE('',*,*,#2568,.T.);
#1876=ORIENTED_EDGE('',*,*,#2782,.F.);
#1877=ORIENTED_EDGE('',*,*,#2087,.F.);
#1878=ORIENTED_EDGE('',*,*,#2784,.T.);
#1879=ORIENTED_EDGE('',*,*,#2572,.T.);
#1880=ORIENTED_EDGE('',*,*,#2786,.F.);
#1881=ORIENTED_EDGE('',*,*,#2083,.F.);
#1882=ORIENTED_EDGE('',*,*,#2788,.T.);
#1883=ORIENTED_EDGE('',*,*,#2576,.T.);
#1884=ORIENTED_EDGE('',*,*,#2790,.F.);
#1885=ORIENTED_EDGE('',*,*,#2079,.F.);
#1886=ORIENTED_EDGE('',*,*,#2792,.T.);
#1887=ORIENTED_EDGE('',*,*,#2580,.T.);
#1888=ORIENTED_EDGE('',*,*,#2794,.F.);
#1889=ORIENTED_EDGE('',*,*,#2075,.F.);
#1890=ORIENTED_EDGE('',*,*,#2796,.T.);
#1891=ORIENTED_EDGE('',*,*,#2584,.T.);
#1892=ORIENTED_EDGE('',*,*,#2798,.F.);
#1893=ORIENTED_EDGE('',*,*,#2071,.F.);
#1894=ORIENTED_EDGE('',*,*,#2800,.T.);
#1895=ORIENTED_EDGE('',*,*,#2588,.T.);
#1896=ORIENTED_EDGE('',*,*,#2802,.F.);
#1897=ORIENTED_EDGE('',*,*,#2067,.F.);
#1898=ORIENTED_EDGE('',*,*,#2804,.T.);
#1899=ORIENTED_EDGE('',*,*,#2592,.T.);
#1900=ORIENTED_EDGE('',*,*,#2806,.F.);
#1901=ORIENTED_EDGE('',*,*,#2063,.F.);
#1902=ORIENTED_EDGE('',*,*,#2808,.T.);
#1903=ORIENTED_EDGE('',*,*,#2596,.T.);
#1904=ORIENTED_EDGE('',*,*,#2810,.F.);
#1905=ORIENTED_EDGE('',*,*,#2059,.F.);
#1906=ORIENTED_EDGE('',*,*,#2812,.T.);
#1907=ORIENTED_EDGE('',*,*,#2600,.T.);
#1908=ORIENTED_EDGE('',*,*,#2814,.F.);
#1909=ORIENTED_EDGE('',*,*,#2055,.F.);
#1910=ORIENTED_EDGE('',*,*,#2816,.T.);
#1911=ORIENTED_EDGE('',*,*,#2604,.F.);
#1912=ORIENTED_EDGE('',*,*,#2818,.F.);
#1913=ORIENTED_EDGE('',*,*,#2051,.T.);
#1914=ORIENTED_EDGE('',*,*,#2820,.T.);
#1915=ORIENTED_EDGE('',*,*,#2608,.F.);
#1916=ORIENTED_EDGE('',*,*,#2822,.F.);
#1917=ORIENTED_EDGE('',*,*,#2047,.T.);
#1918=ORIENTED_EDGE('',*,*,#2824,.T.);
#1919=ORIENTED_EDGE('',*,*,#1997,.F.);
#1920=ORIENTED_EDGE('',*,*,#2692,.F.);
#1921=ORIENTED_EDGE('',*,*,#2514,.F.);
#1922=ORIENTED_EDGE('',*,*,#2693,.F.);
#1923=ORIENTED_EDGE('',*,*,#2001,.F.);
#1924=ORIENTED_EDGE('',*,*,#2696,.F.);
#1925=ORIENTED_EDGE('',*,*,#2510,.F.);
#1926=ORIENTED_EDGE('',*,*,#2698,.F.);
#1927=ORIENTED_EDGE('',*,*,#2007,.F.);
#1928=ORIENTED_EDGE('',*,*,#2702,.F.);
#1929=ORIENTED_EDGE('',*,*,#2504,.F.);
#1930=ORIENTED_EDGE('',*,*,#2703,.F.);
#1931=ORIENTED_EDGE('',*,*,#2003,.F.);
#1932=ORIENTED_EDGE('',*,*,#2697,.F.);
#1933=ORIENTED_EDGE('',*,*,#2508,.F.);
#1934=ORIENTED_EDGE('',*,*,#2699,.F.);
#1935=ORIENTED_EDGE('',*,*,#2011,.F.);
#1936=ORIENTED_EDGE('',*,*,#2706,.F.);
#1937=ORIENTED_EDGE('',*,*,#2500,.F.);
#1938=ORIENTED_EDGE('',*,*,#2707,.F.);
#1939=ORIENTED_EDGE('',*,*,#2015,.F.);
#1940=ORIENTED_EDGE('',*,*,#2710,.F.);
#1941=ORIENTED_EDGE('',*,*,#2496,.F.);
#1942=ORIENTED_EDGE('',*,*,#1994,.F.);
#1943=ORIENTED_EDGE('',*,*,#2715,.T.);
#1944=ORIENTED_EDGE('',*,*,#2016,.T.);
#1945=ORIENTED_EDGE('',*,*,#1992,.F.);
#1946=ORIENTED_EDGE('',*,*,#2495,.F.);
#1947=ORIENTED_EDGE('',*,*,#2825,.T.);
#1948=ORIENTED_EDGE('',*,*,#2034,.T.);
#1949=ORIENTED_EDGE('',*,*,#2714,.F.);
#1950=ORIENTED_EDGE('',*,*,#2477,.F.);
#1951=ORIENTED_EDGE('',*,*,#2826,.T.);
#1952=ORIENTED_EDGE('',*,*,#2035,.T.);
#1953=ORIENTED_EDGE('',*,*,#2825,.F.);
#1954=ORIENTED_EDGE('',*,*,#2476,.F.);
#1955=ORIENTED_EDGE('',*,*,#2827,.T.);
#1956=ORIENTED_EDGE('',*,*,#2036,.T.);
#1957=ORIENTED_EDGE('',*,*,#2826,.F.);
#1958=ORIENTED_EDGE('',*,*,#2475,.F.);
#1959=ORIENTED_EDGE('',*,*,#2828,.T.);
#1960=ORIENTED_EDGE('',*,*,#2037,.T.);
#1961=ORIENTED_EDGE('',*,*,#2827,.F.);
#1962=ORIENTED_EDGE('',*,*,#2474,.F.);
#1963=ORIENTED_EDGE('',*,*,#2829,.T.);
#1964=ORIENTED_EDGE('',*,*,#2038,.T.);
#1965=ORIENTED_EDGE('',*,*,#2828,.F.);
#1966=ORIENTED_EDGE('',*,*,#2473,.F.);
#1967=ORIENTED_EDGE('',*,*,#2830,.T.);
#1968=ORIENTED_EDGE('',*,*,#2039,.T.);
#1969=ORIENTED_EDGE('',*,*,#2829,.F.);
#1970=ORIENTED_EDGE('',*,*,#2472,.F.);
#1971=ORIENTED_EDGE('',*,*,#2831,.T.);
#1972=ORIENTED_EDGE('',*,*,#2040,.T.);
#1973=ORIENTED_EDGE('',*,*,#2830,.F.);
#1974=ORIENTED_EDGE('',*,*,#2471,.F.);
#1975=ORIENTED_EDGE('',*,*,#2832,.T.);
#1976=ORIENTED_EDGE('',*,*,#2041,.T.);
#1977=ORIENTED_EDGE('',*,*,#2831,.F.);
#1978=ORIENTED_EDGE('',*,*,#2470,.F.);
#1979=ORIENTED_EDGE('',*,*,#2833,.T.);
#1980=ORIENTED_EDGE('',*,*,#2042,.T.);
#1981=ORIENTED_EDGE('',*,*,#2832,.F.);
#1982=ORIENTED_EDGE('',*,*,#2469,.F.);
#1983=ORIENTED_EDGE('',*,*,#2834,.T.);
#1984=ORIENTED_EDGE('',*,*,#2043,.T.);
#1985=ORIENTED_EDGE('',*,*,#2833,.F.);
#1986=ORIENTED_EDGE('',*,*,#2468,.F.);
#1987=ORIENTED_EDGE('',*,*,#2691,.T.);
#1988=ORIENTED_EDGE('',*,*,#1995,.T.);
#1989=ORIENTED_EDGE('',*,*,#2834,.F.);
#1990=ORIENTED_EDGE('',*,*,#2467,.F.);
#1991=EDGE_CURVE('',#2835,#2836,#3453,.T.);
#1992=EDGE_CURVE('',#2835,#2837,#3454,.T.);
#1993=EDGE_CURVE('',#2837,#2838,#3455,.T.);
#1994=EDGE_CURVE('',#2838,#2836,#3456,.T.);
#1995=EDGE_CURVE('',#2839,#2840,#3457,.T.);
#1996=EDGE_CURVE('',#2841,#2839,#3458,.T.);
#1997=EDGE_CURVE('',#2841,#2842,#109,.F.);
#1998=EDGE_CURVE('',#2843,#2842,#3459,.T.);
#1999=EDGE_CURVE('',#2843,#2844,#3460,.T.);
#2000=EDGE_CURVE('',#2844,#2845,#3461,.T.);
#2001=EDGE_CURVE('',#2845,#2846,#110,.F.);
#2002=EDGE_CURVE('',#2847,#2846,#3462,.T.);
#2003=EDGE_CURVE('',#2847,#2848,#111,.F.);
#2004=EDGE_CURVE('',#2849,#2848,#3463,.T.);
#2005=EDGE_CURVE('',#2849,#2850,#3464,.T.);
#2006=EDGE_CURVE('',#2850,#2851,#3465,.T.);
#2007=EDGE_CURVE('',#2851,#2852,#112,.F.);
#2008=EDGE_CURVE('',#2853,#2852,#3466,.T.);
#2009=EDGE_CURVE('',#2854,#2853,#3467,.T.);
#2010=EDGE_CURVE('',#2855,#2854,#3468,.T.);
#2011=EDGE_CURVE('',#2855,#2856,#113,.F.);
#2012=EDGE_CURVE('',#2856,#2857,#3469,.T.);
#2013=EDGE_CURVE('',#2858,#2857,#3470,.T.);
#2014=EDGE_CURVE('',#2859,#2858,#3471,.T.);
#2015=EDGE_CURVE('',#2859,#2838,#114,.F.);
#2016=EDGE_CURVE('',#2860,#2837,#3472,.T.);
#2017=EDGE_CURVE('',#2861,#2860,#3473,.T.);
#2018=EDGE_CURVE('',#2861,#2862,#115,.T.);
#2019=EDGE_CURVE('',#2863,#2862,#3474,.T.);
#2020=EDGE_CURVE('',#2863,#2864,#116,.T.);
#2021=EDGE_CURVE('',#2865,#2864,#3475,.T.);
#2022=EDGE_CURVE('',#2865,#2866,#117,.T.);
#2023=EDGE_CURVE('',#2867,#2866,#3476,.T.);
#2024=EDGE_CURVE('',#2868,#2867,#3477,.T.);
#2025=EDGE_CURVE('',#2869,#2868,#3478,.T.);
#2026=EDGE_CURVE('',#2869,#2870,#118,.T.);
#2027=EDGE_CURVE('',#2871,#2870,#3479,.T.);
#2028=EDGE_CURVE('',#2871,#2872,#3480,.T.);
#2029=EDGE_CURVE('',#2872,#2873,#3481,.T.);
#2030=EDGE_CURVE('',#2874,#2873,#3482,.T.);
#2031=EDGE_CURVE('',#2875,#2874,#3483,.T.);
#2032=EDGE_CURVE('',#2875,#2876,#3484,.T.);
#2033=EDGE_CURVE('',#2876,#2877,#3485,.T.);
#2034=EDGE_CURVE('',#2878,#2877,#3486,.T.);
#2035=EDGE_CURVE('',#2879,#2878,#3487,.F.);
#2036=EDGE_CURVE('',#2880,#2879,#3488,.T.);
#2037=EDGE_CURVE('',#2881,#2880,#3489,.T.);
#2038=EDGE_CURVE('',#2882,#2881,#3490,.T.);
#2039=EDGE_CURVE('',#2883,#2882,#3491,.T.);
#2040=EDGE_CURVE('',#2884,#2883,#3492,.T.);
#2041=EDGE_CURVE('',#2885,#2884,#3493,.T.);
#2042=EDGE_CURVE('',#2886,#2885,#3494,.T.);
#2043=EDGE_CURVE('',#2840,#2886,#3495,.T.);
#2044=EDGE_CURVE('',#2887,#2888,#3496,.T.);
#2045=EDGE_CURVE('',#2887,#2889,#3497,.T.);
#2046=EDGE_CURVE('',#2889,#2890,#3498,.T.);
#2047=EDGE_CURVE('',#2888,#2890,#3499,.T.);
#2048=EDGE_CURVE('',#2891,#2892,#3500,.T.);
#2049=EDGE_CURVE('',#2891,#2893,#3501,.T.);
#2050=EDGE_CURVE('',#2893,#2894,#3502,.T.);
#2051=EDGE_CURVE('',#2892,#2894,#3503,.T.);
#2052=EDGE_CURVE('',#2895,#2896,#3504,.T.);
#2053=EDGE_CURVE('',#2897,#2895,#3505,.T.);
#2054=EDGE_CURVE('',#2897,#2898,#3506,.T.);
#2055=EDGE_CURVE('',#2898,#2896,#3507,.T.);
#2056=EDGE_CURVE('',#2899,#2900,#3508,.T.);
#2057=EDGE_CURVE('',#2901,#2899,#3509,.T.);
#2058=EDGE_CURVE('',#2901,#2902,#3510,.T.);
#2059=EDGE_CURVE('',#2902,#2900,#3511,.T.);
#2060=EDGE_CURVE('',#2903,#2904,#3512,.T.);
#2061=EDGE_CURVE('',#2905,#2903,#3513,.T.);
#2062=EDGE_CURVE('',#2905,#2906,#3514,.T.);
#2063=EDGE_CURVE('',#2906,#2904,#3515,.T.);
#2064=EDGE_CURVE('',#2907,#2908,#3516,.T.);
#2065=EDGE_CURVE('',#2909,#2907,#3517,.T.);
#2066=EDGE_CURVE('',#2909,#2910,#3518,.T.);
#2067=EDGE_CURVE('',#2910,#2908,#3519,.T.);
#2068=EDGE_CURVE('',#2911,#2912,#3520,.T.);
#2069=EDGE_CURVE('',#2913,#2911,#3521,.T.);
#2070=EDGE_CURVE('',#2913,#2914,#3522,.T.);
#2071=EDGE_CURVE('',#2914,#2912,#3523,.T.);
#2072=EDGE_CURVE('',#2915,#2916,#3524,.T.);
#2073=EDGE_CURVE('',#2917,#2915,#3525,.T.);
#2074=EDGE_CURVE('',#2917,#2918,#3526,.T.);
#2075=EDGE_CURVE('',#2918,#2916,#3527,.T.);
#2076=EDGE_CURVE('',#2919,#2920,#3528,.T.);
#2077=EDGE_CURVE('',#2921,#2919,#3529,.T.);
#2078=EDGE_CURVE('',#2921,#2922,#3530,.T.);
#2079=EDGE_CURVE('',#2922,#2920,#3531,.T.);
#2080=EDGE_CURVE('',#2923,#2924,#3532,.T.);
#2081=EDGE_CURVE('',#2925,#2923,#3533,.T.);
#2082=EDGE_CURVE('',#2925,#2926,#3534,.T.);
#2083=EDGE_CURVE('',#2926,#2924,#3535,.T.);
#2084=EDGE_CURVE('',#2927,#2928,#3536,.T.);
#2085=EDGE_CURVE('',#2929,#2927,#3537,.T.);
#2086=EDGE_CURVE('',#2929,#2930,#3538,.T.);
#2087=EDGE_CURVE('',#2930,#2928,#3539,.T.);
#2088=EDGE_CURVE('',#2931,#2932,#3540,.T.);
#2089=EDGE_CURVE('',#2931,#2933,#3541,.T.);
#2090=EDGE_CURVE('',#2933,#2934,#3542,.T.);
#2091=EDGE_CURVE('',#2932,#2934,#3543,.T.);
#2092=EDGE_CURVE('',#2935,#2936,#3544,.T.);
#2093=EDGE_CURVE('',#2937,#2935,#3545,.T.);
#2094=EDGE_CURVE('',#2937,#2938,#3546,.T.);
#2095=EDGE_CURVE('',#2938,#2936,#3547,.T.);
#2096=EDGE_CURVE('',#2939,#2940,#3548,.T.);
#2097=EDGE_CURVE('',#2941,#2939,#3549,.T.);
#2098=EDGE_CURVE('',#2941,#2942,#3550,.T.);
#2099=EDGE_CURVE('',#2942,#2940,#3551,.T.);
#2100=EDGE_CURVE('',#2943,#2944,#3552,.T.);
#2101=EDGE_CURVE('',#2945,#2943,#3553,.T.);
#2102=EDGE_CURVE('',#2945,#2946,#3554,.T.);
#2103=EDGE_CURVE('',#2946,#2944,#3555,.T.);
#2104=EDGE_CURVE('',#2947,#2948,#3556,.T.);
#2105=EDGE_CURVE('',#2949,#2947,#3557,.T.);
#2106=EDGE_CURVE('',#2949,#2950,#3558,.T.);
#2107=EDGE_CURVE('',#2950,#2948,#3559,.T.);
#2108=EDGE_CURVE('',#2951,#2952,#3560,.T.);
#2109=EDGE_CURVE('',#2953,#2951,#3561,.T.);
#2110=EDGE_CURVE('',#2953,#2954,#3562,.T.);
#2111=EDGE_CURVE('',#2954,#2952,#3563,.T.);
#2112=EDGE_CURVE('',#2955,#2956,#3564,.T.);
#2113=EDGE_CURVE('',#2955,#2957,#3565,.T.);
#2114=EDGE_CURVE('',#2957,#2958,#3566,.T.);
#2115=EDGE_CURVE('',#2956,#2958,#3567,.T.);
#2116=EDGE_CURVE('',#2959,#2960,#3568,.T.);
#2117=EDGE_CURVE('',#2960,#2961,#3569,.T.);
#2118=EDGE_CURVE('',#2962,#2961,#3570,.T.);
#2119=EDGE_CURVE('',#2959,#2962,#3571,.T.);
#2120=EDGE_CURVE('',#2963,#2964,#3572,.T.);
#2121=EDGE_CURVE('',#2964,#2965,#3573,.T.);
#2122=EDGE_CURVE('',#2966,#2965,#3574,.T.);
#2123=EDGE_CURVE('',#2963,#2966,#3575,.T.);
#2124=EDGE_CURVE('',#2967,#2968,#3576,.T.);
#2125=EDGE_CURVE('',#2967,#2969,#3577,.T.);
#2126=EDGE_CURVE('',#2969,#2970,#3578,.T.);
#2127=EDGE_CURVE('',#2968,#2970,#3579,.T.);
#2128=EDGE_CURVE('',#2971,#2972,#3580,.T.);
#2129=EDGE_CURVE('',#2971,#2973,#3581,.T.);
#2130=EDGE_CURVE('',#2973,#2974,#3582,.T.);
#2131=EDGE_CURVE('',#2972,#2974,#3583,.T.);
#2132=EDGE_CURVE('',#2975,#2976,#3584,.T.);
#2133=EDGE_CURVE('',#2977,#2975,#3585,.T.);
#2134=EDGE_CURVE('',#2977,#2978,#3586,.T.);
#2135=EDGE_CURVE('',#2978,#2976,#3587,.T.);
#2136=EDGE_CURVE('',#2979,#2980,#3588,.T.);
#2137=EDGE_CURVE('',#2981,#2979,#3589,.T.);
#2138=EDGE_CURVE('',#2981,#2982,#3590,.T.);
#2139=EDGE_CURVE('',#2982,#2980,#3591,.T.);
#2140=EDGE_CURVE('',#2983,#2983,#119,.T.);
#2141=EDGE_CURVE('',#2984,#2984,#120,.T.);
#2142=EDGE_CURVE('',#2985,#2985,#121,.T.);
#2143=EDGE_CURVE('',#2986,#2986,#122,.T.);
#2144=EDGE_CURVE('',#2987,#2987,#123,.T.);
#2145=EDGE_CURVE('',#2988,#2988,#124,.T.);
#2146=EDGE_CURVE('',#2989,#2989,#125,.T.);
#2147=EDGE_CURVE('',#2990,#2990,#126,.T.);
#2148=EDGE_CURVE('',#2991,#2991,#127,.T.);
#2149=EDGE_CURVE('',#2992,#2992,#128,.T.);
#2150=EDGE_CURVE('',#2993,#2993,#129,.T.);
#2151=EDGE_CURVE('',#2994,#2994,#130,.T.);
#2152=EDGE_CURVE('',#2995,#2995,#131,.T.);
#2153=EDGE_CURVE('',#2996,#2996,#132,.T.);
#2154=EDGE_CURVE('',#2997,#2997,#133,.T.);
#2155=EDGE_CURVE('',#2998,#2998,#134,.T.);
#2156=EDGE_CURVE('',#2999,#2999,#135,.T.);
#2157=EDGE_CURVE('',#3000,#3000,#136,.T.);
#2158=EDGE_CURVE('',#3001,#3001,#137,.T.);
#2159=EDGE_CURVE('',#3002,#3002,#138,.T.);
#2160=EDGE_CURVE('',#3003,#3003,#139,.T.);
#2161=EDGE_CURVE('',#3004,#3004,#140,.T.);
#2162=EDGE_CURVE('',#3005,#3005,#141,.T.);
#2163=EDGE_CURVE('',#3006,#3006,#142,.T.);
#2164=EDGE_CURVE('',#3007,#3007,#143,.T.);
#2165=EDGE_CURVE('',#3008,#3008,#144,.T.);
#2166=EDGE_CURVE('',#3009,#3009,#145,.T.);
#2167=EDGE_CURVE('',#3010,#3010,#146,.T.);
#2168=EDGE_CURVE('',#3011,#3011,#147,.T.);
#2169=EDGE_CURVE('',#3012,#3012,#148,.T.);
#2170=EDGE_CURVE('',#3013,#3013,#149,.T.);
#2171=EDGE_CURVE('',#3014,#3014,#150,.T.);
#2172=EDGE_CURVE('',#3015,#3015,#151,.T.);
#2173=EDGE_CURVE('',#3016,#3016,#152,.T.);
#2174=EDGE_CURVE('',#3017,#3017,#153,.T.);
#2175=EDGE_CURVE('',#3018,#3018,#154,.T.);
#2176=EDGE_CURVE('',#3019,#3019,#155,.T.);
#2177=EDGE_CURVE('',#3020,#3020,#156,.T.);
#2178=EDGE_CURVE('',#3021,#3021,#157,.T.);
#2179=EDGE_CURVE('',#3022,#3022,#158,.T.);
#2180=EDGE_CURVE('',#3023,#3023,#159,.T.);
#2181=EDGE_CURVE('',#3024,#3024,#160,.T.);
#2182=EDGE_CURVE('',#3025,#3025,#161,.T.);
#2183=EDGE_CURVE('',#3026,#3026,#162,.T.);
#2184=EDGE_CURVE('',#3027,#3027,#163,.T.);
#2185=EDGE_CURVE('',#3028,#3028,#164,.T.);
#2186=EDGE_CURVE('',#3029,#3029,#165,.T.);
#2187=EDGE_CURVE('',#3030,#3030,#166,.T.);
#2188=EDGE_CURVE('',#3031,#3031,#167,.T.);
#2189=EDGE_CURVE('',#3032,#3032,#168,.T.);
#2190=EDGE_CURVE('',#3033,#3033,#169,.T.);
#2191=EDGE_CURVE('',#3034,#3034,#170,.T.);
#2192=EDGE_CURVE('',#3035,#3035,#171,.T.);
#2193=EDGE_CURVE('',#3036,#3036,#172,.T.);
#2194=EDGE_CURVE('',#3037,#3037,#173,.T.);
#2195=EDGE_CURVE('',#3038,#3038,#174,.T.);
#2196=EDGE_CURVE('',#3039,#3039,#175,.T.);
#2197=EDGE_CURVE('',#3040,#3040,#176,.T.);
#2198=EDGE_CURVE('',#3041,#3041,#177,.T.);
#2199=EDGE_CURVE('',#3042,#3042,#178,.T.);
#2200=EDGE_CURVE('',#3043,#3043,#179,.T.);
#2201=EDGE_CURVE('',#3044,#3044,#180,.T.);
#2202=EDGE_CURVE('',#3045,#3045,#181,.T.);
#2203=EDGE_CURVE('',#3046,#3046,#182,.T.);
#2204=EDGE_CURVE('',#3047,#3047,#183,.T.);
#2205=EDGE_CURVE('',#3048,#3048,#184,.T.);
#2206=EDGE_CURVE('',#3049,#3049,#185,.T.);
#2207=EDGE_CURVE('',#3050,#3050,#186,.T.);
#2208=EDGE_CURVE('',#3051,#3051,#187,.T.);
#2209=EDGE_CURVE('',#3052,#3052,#188,.T.);
#2210=EDGE_CURVE('',#3053,#3053,#189,.T.);
#2211=EDGE_CURVE('',#3054,#3054,#190,.T.);
#2212=EDGE_CURVE('',#3055,#3055,#191,.T.);
#2213=EDGE_CURVE('',#3056,#3056,#192,.T.);
#2214=EDGE_CURVE('',#3057,#3057,#193,.T.);
#2215=EDGE_CURVE('',#3058,#3058,#194,.T.);
#2216=EDGE_CURVE('',#3059,#3059,#195,.T.);
#2217=EDGE_CURVE('',#3060,#3060,#196,.T.);
#2218=EDGE_CURVE('',#3061,#3061,#197,.T.);
#2219=EDGE_CURVE('',#3062,#3062,#198,.T.);
#2220=EDGE_CURVE('',#3063,#3064,#3592,.T.);
#2221=EDGE_CURVE('',#3063,#3065,#3593,.T.);
#2222=EDGE_CURVE('',#3065,#3066,#3594,.T.);
#2223=EDGE_CURVE('',#3067,#3066,#3595,.T.);
#2224=EDGE_CURVE('',#3068,#3067,#3596,.T.);
#2225=EDGE_CURVE('',#3068,#3069,#199,.T.);
#2226=EDGE_CURVE('',#3070,#3069,#3597,.T.);
#2227=EDGE_CURVE('',#3070,#3071,#3598,.T.);
#2228=EDGE_CURVE('',#3072,#3071,#3599,.T.);
#2229=EDGE_CURVE('',#3072,#3073,#200,.T.);
#2230=EDGE_CURVE('',#3074,#3073,#3600,.T.);
#2231=EDGE_CURVE('',#3074,#3075,#201,.T.);
#2232=EDGE_CURVE('',#3076,#3075,#3601,.T.);
#2233=EDGE_CURVE('',#3077,#3076,#3602,.T.);
#2234=EDGE_CURVE('',#3078,#3077,#3603,.T.);
#2235=EDGE_CURVE('',#3078,#3079,#202,.T.);
#2236=EDGE_CURVE('',#3080,#3079,#3604,.T.);
#2237=EDGE_CURVE('',#3080,#3081,#3605,.T.);
#2238=EDGE_CURVE('',#3081,#3082,#3606,.T.);
#2239=EDGE_CURVE('',#3064,#3082,#3607,.T.);
#2240=EDGE_CURVE('',#3083,#3084,#3608,.T.);
#2241=EDGE_CURVE('',#3083,#3085,#3609,.T.);
#2242=EDGE_CURVE('',#3085,#3086,#3610,.T.);
#2243=EDGE_CURVE('',#3084,#3086,#3611,.T.);
#2244=EDGE_CURVE('',#3087,#3088,#3612,.T.);
#2245=EDGE_CURVE('',#3088,#3089,#3613,.T.);
#2246=EDGE_CURVE('',#3090,#3089,#3614,.T.);
#2247=EDGE_CURVE('',#3087,#3090,#3615,.T.);
#2248=EDGE_CURVE('',#3091,#3092,#3616,.T.);
#2249=EDGE_CURVE('',#3092,#3093,#3617,.T.);
#2250=EDGE_CURVE('',#3094,#3093,#3618,.T.);
#2251=EDGE_CURVE('',#3091,#3094,#3619,.T.);
#2252=EDGE_CURVE('',#3095,#3096,#3620,.T.);
#2253=EDGE_CURVE('',#3096,#3097,#3621,.T.);
#2254=EDGE_CURVE('',#3098,#3097,#3622,.T.);
#2255=EDGE_CURVE('',#3095,#3098,#3623,.T.);
#2256=EDGE_CURVE('',#3099,#3100,#3624,.T.);
#2257=EDGE_CURVE('',#3101,#3099,#3625,.T.);
#2258=EDGE_CURVE('',#3101,#3102,#3626,.T.);
#2259=EDGE_CURVE('',#3102,#3100,#3627,.T.);
#2260=EDGE_CURVE('',#3103,#3104,#3628,.T.);
#2261=EDGE_CURVE('',#3103,#3105,#3629,.T.);
#2262=EDGE_CURVE('',#3105,#3106,#3630,.T.);
#2263=EDGE_CURVE('',#3104,#3106,#3631,.T.);
#2264=EDGE_CURVE('',#3107,#3108,#3632,.T.);
#2265=EDGE_CURVE('',#3109,#3107,#3633,.T.);
#2266=EDGE_CURVE('',#3109,#3110,#3634,.T.);
#2267=EDGE_CURVE('',#3110,#3108,#3635,.T.);
#2268=EDGE_CURVE('',#3111,#3112,#3636,.T.);
#2269=EDGE_CURVE('',#3113,#3111,#3637,.T.);
#2270=EDGE_CURVE('',#3113,#3114,#3638,.T.);
#2271=EDGE_CURVE('',#3114,#3112,#3639,.T.);
#2272=EDGE_CURVE('',#3115,#3116,#3640,.T.);
#2273=EDGE_CURVE('',#3117,#3115,#3641,.T.);
#2274=EDGE_CURVE('',#3117,#3118,#3642,.T.);
#2275=EDGE_CURVE('',#3118,#3116,#3643,.T.);
#2276=EDGE_CURVE('',#3119,#3120,#3644,.T.);
#2277=EDGE_CURVE('',#3121,#3119,#3645,.T.);
#2278=EDGE_CURVE('',#3121,#3122,#3646,.T.);
#2279=EDGE_CURVE('',#3122,#3120,#3647,.T.);
#2280=EDGE_CURVE('',#3123,#3124,#3648,.T.);
#2281=EDGE_CURVE('',#3125,#3123,#3649,.T.);
#2282=EDGE_CURVE('',#3125,#3126,#3650,.T.);
#2283=EDGE_CURVE('',#3126,#3124,#3651,.T.);
#2284=EDGE_CURVE('',#3127,#3128,#3652,.T.);
#2285=EDGE_CURVE('',#3129,#3127,#3653,.T.);
#2286=EDGE_CURVE('',#3129,#3130,#3654,.T.);
#2287=EDGE_CURVE('',#3130,#3128,#3655,.T.);
#2288=EDGE_CURVE('',#3131,#3132,#3656,.T.);
#2289=EDGE_CURVE('',#3133,#3131,#3657,.T.);
#2290=EDGE_CURVE('',#3133,#3134,#3658,.T.);
#2291=EDGE_CURVE('',#3134,#3132,#3659,.T.);
#2292=EDGE_CURVE('',#3135,#3136,#3660,.T.);
#2293=EDGE_CURVE('',#3135,#3137,#3661,.T.);
#2294=EDGE_CURVE('',#3137,#3138,#3662,.T.);
#2295=EDGE_CURVE('',#3136,#3138,#3663,.T.);
#2296=EDGE_CURVE('',#3139,#3140,#3664,.T.);
#2297=EDGE_CURVE('',#3139,#3141,#3665,.T.);
#2298=EDGE_CURVE('',#3141,#3142,#3666,.T.);
#2299=EDGE_CURVE('',#3140,#3142,#3667,.T.);
#2300=EDGE_CURVE('',#3143,#3143,#203,.T.);
#2301=EDGE_CURVE('',#3144,#3144,#204,.T.);
#2302=EDGE_CURVE('',#3145,#3145,#205,.T.);
#2303=EDGE_CURVE('',#3146,#3146,#206,.T.);
#2304=EDGE_CURVE('',#3147,#3147,#207,.T.);
#2305=EDGE_CURVE('',#3148,#3148,#208,.T.);
#2306=EDGE_CURVE('',#3149,#3150,#3668,.T.);
#2307=EDGE_CURVE('',#3150,#3151,#3669,.T.);
#2308=EDGE_CURVE('',#3152,#3151,#3670,.T.);
#2309=EDGE_CURVE('',#3149,#3152,#3671,.T.);
#2310=EDGE_CURVE('',#3153,#3154,#3672,.T.);
#2311=EDGE_CURVE('',#3154,#3155,#3673,.T.);
#2312=EDGE_CURVE('',#3156,#3155,#3674,.T.);
#2313=EDGE_CURVE('',#3153,#3156,#3675,.T.);
#2314=EDGE_CURVE('',#3157,#3158,#3676,.T.);
#2315=EDGE_CURVE('',#3159,#3158,#3677,.T.);
#2316=EDGE_CURVE('',#3160,#3159,#3678,.T.);
#2317=EDGE_CURVE('',#3160,#3157,#3679,.T.);
#2318=EDGE_CURVE('',#3161,#3162,#3680,.T.);
#2319=EDGE_CURVE('',#3163,#3162,#3681,.T.);
#2320=EDGE_CURVE('',#3164,#3163,#3682,.T.);
#2321=EDGE_CURVE('',#3164,#3161,#3683,.T.);
#2322=EDGE_CURVE('',#3165,#3166,#3684,.T.);
#2323=EDGE_CURVE('',#3167,#3166,#3685,.T.);
#2324=EDGE_CURVE('',#3168,#3167,#3686,.T.);
#2325=EDGE_CURVE('',#3168,#3165,#3687,.T.);
#2326=EDGE_CURVE('',#3169,#3170,#3688,.T.);
#2327=EDGE_CURVE('',#3171,#3170,#3689,.T.);
#2328=EDGE_CURVE('',#3172,#3171,#3690,.T.);
#2329=EDGE_CURVE('',#3172,#3169,#3691,.T.);
#2330=EDGE_CURVE('',#3173,#3174,#3692,.T.);
#2331=EDGE_CURVE('',#3175,#3174,#3693,.T.);
#2332=EDGE_CURVE('',#3176,#3175,#3694,.T.);
#2333=EDGE_CURVE('',#3176,#3173,#3695,.T.);
#2334=EDGE_CURVE('',#3177,#3178,#3696,.T.);
#2335=EDGE_CURVE('',#3179,#3178,#3697,.T.);
#2336=EDGE_CURVE('',#3180,#3179,#3698,.T.);
#2337=EDGE_CURVE('',#3180,#3177,#3699,.T.);
#2338=EDGE_CURVE('',#3181,#3182,#3700,.T.);
#2339=EDGE_CURVE('',#3183,#3182,#3701,.T.);
#2340=EDGE_CURVE('',#3184,#3183,#3702,.T.);
#2341=EDGE_CURVE('',#3184,#3181,#3703,.T.);
#2342=EDGE_CURVE('',#3185,#3186,#3704,.T.);
#2343=EDGE_CURVE('',#3186,#3187,#3705,.T.);
#2344=EDGE_CURVE('',#3188,#3187,#3706,.T.);
#2345=EDGE_CURVE('',#3185,#3188,#3707,.T.);
#2346=EDGE_CURVE('',#3189,#3190,#3708,.T.);
#2347=EDGE_CURVE('',#3191,#3190,#3709,.T.);
#2348=EDGE_CURVE('',#3192,#3191,#3710,.T.);
#2349=EDGE_CURVE('',#3192,#3189,#3711,.T.);
#2350=EDGE_CURVE('',#3193,#3194,#3712,.T.);
#2351=EDGE_CURVE('',#3193,#3195,#3713,.T.);
#2352=EDGE_CURVE('',#3195,#3196,#3714,.T.);
#2353=EDGE_CURVE('',#3194,#3196,#3715,.T.);
#2354=EDGE_CURVE('',#3197,#3198,#3716,.T.);
#2355=EDGE_CURVE('',#3197,#3199,#3717,.T.);
#2356=EDGE_CURVE('',#3199,#3200,#3718,.T.);
#2357=EDGE_CURVE('',#3198,#3200,#3719,.T.);
#2358=EDGE_CURVE('',#3201,#3202,#3720,.T.);
#2359=EDGE_CURVE('',#3201,#3203,#3721,.T.);
#2360=EDGE_CURVE('',#3203,#3204,#3722,.T.);
#2361=EDGE_CURVE('',#3202,#3204,#3723,.T.);
#2362=EDGE_CURVE('',#3205,#3206,#3724,.T.);
#2363=EDGE_CURVE('',#3206,#3207,#3725,.T.);
#2364=EDGE_CURVE('',#3208,#3207,#3726,.T.);
#2365=EDGE_CURVE('',#3205,#3208,#3727,.T.);
#2366=EDGE_CURVE('',#3209,#3210,#3728,.T.);
#2367=EDGE_CURVE('',#3210,#3211,#3729,.T.);
#2368=EDGE_CURVE('',#3212,#3211,#3730,.T.);
#2369=EDGE_CURVE('',#3213,#3212,#3731,.T.);
#2370=EDGE_CURVE('',#3213,#3214,#3732,.T.);
#2371=EDGE_CURVE('',#3215,#3214,#209,.T.);
#2372=EDGE_CURVE('',#3215,#3216,#3733,.T.);
#2373=EDGE_CURVE('',#3216,#3217,#3734,.T.);
#2374=EDGE_CURVE('',#3217,#3218,#3735,.T.);
#2375=EDGE_CURVE('',#3219,#3218,#210,.T.);
#2376=EDGE_CURVE('',#3219,#3220,#3736,.T.);
#2377=EDGE_CURVE('',#3221,#3220,#211,.T.);
#2378=EDGE_CURVE('',#3221,#3222,#3737,.T.);
#2379=EDGE_CURVE('',#3223,#3222,#3738,.T.);
#2380=EDGE_CURVE('',#3223,#3224,#3739,.T.);
#2381=EDGE_CURVE('',#3225,#3224,#212,.T.);
#2382=EDGE_CURVE('',#3225,#3226,#3740,.T.);
#2383=EDGE_CURVE('',#3226,#3227,#3741,.T.);
#2384=EDGE_CURVE('',#3228,#3227,#3742,.T.);
#2385=EDGE_CURVE('',#3209,#3228,#3743,.T.);
#2386=EDGE_CURVE('',#3229,#3229,#213,.T.);
#2387=EDGE_CURVE('',#3230,#3230,#214,.T.);
#2388=EDGE_CURVE('',#3231,#3231,#215,.T.);
#2389=EDGE_CURVE('',#3232,#3232,#216,.T.);
#2390=EDGE_CURVE('',#3233,#3233,#217,.T.);
#2391=EDGE_CURVE('',#3234,#3234,#218,.T.);
#2392=EDGE_CURVE('',#3235,#3235,#219,.T.);
#2393=EDGE_CURVE('',#3236,#3236,#220,.T.);
#2394=EDGE_CURVE('',#3237,#3237,#221,.T.);
#2395=EDGE_CURVE('',#3238,#3238,#222,.T.);
#2396=EDGE_CURVE('',#3239,#3239,#223,.T.);
#2397=EDGE_CURVE('',#3240,#3240,#224,.T.);
#2398=EDGE_CURVE('',#3241,#3241,#225,.T.);
#2399=EDGE_CURVE('',#3242,#3242,#226,.T.);
#2400=EDGE_CURVE('',#3243,#3243,#227,.T.);
#2401=EDGE_CURVE('',#3244,#3244,#228,.T.);
#2402=EDGE_CURVE('',#3245,#3245,#229,.T.);
#2403=EDGE_CURVE('',#3246,#3246,#230,.T.);
#2404=EDGE_CURVE('',#3247,#3247,#231,.T.);
#2405=EDGE_CURVE('',#3248,#3248,#232,.T.);
#2406=EDGE_CURVE('',#3249,#3249,#233,.T.);
#2407=EDGE_CURVE('',#3250,#3250,#234,.T.);
#2408=EDGE_CURVE('',#3251,#3251,#235,.T.);
#2409=EDGE_CURVE('',#3252,#3252,#236,.T.);
#2410=EDGE_CURVE('',#3253,#3253,#237,.T.);
#2411=EDGE_CURVE('',#3254,#3254,#238,.T.);
#2412=EDGE_CURVE('',#3255,#3255,#239,.T.);
#2413=EDGE_CURVE('',#3256,#3256,#240,.T.);
#2414=EDGE_CURVE('',#3257,#3257,#241,.T.);
#2415=EDGE_CURVE('',#3258,#3258,#242,.T.);
#2416=EDGE_CURVE('',#3259,#3259,#243,.T.);
#2417=EDGE_CURVE('',#3260,#3260,#244,.T.);
#2418=EDGE_CURVE('',#3261,#3261,#245,.T.);
#2419=EDGE_CURVE('',#3262,#3262,#246,.T.);
#2420=EDGE_CURVE('',#3263,#3263,#247,.T.);
#2421=EDGE_CURVE('',#3264,#3264,#248,.T.);
#2422=EDGE_CURVE('',#3265,#3265,#249,.T.);
#2423=EDGE_CURVE('',#3266,#3266,#250,.T.);
#2424=EDGE_CURVE('',#3267,#3267,#251,.T.);
#2425=EDGE_CURVE('',#3268,#3268,#252,.T.);
#2426=EDGE_CURVE('',#3269,#3269,#253,.T.);
#2427=EDGE_CURVE('',#3270,#3270,#254,.T.);
#2428=EDGE_CURVE('',#3271,#3271,#255,.T.);
#2429=EDGE_CURVE('',#3272,#3272,#256,.T.);
#2430=EDGE_CURVE('',#3273,#3273,#257,.T.);
#2431=EDGE_CURVE('',#3274,#3274,#258,.T.);
#2432=EDGE_CURVE('',#3275,#3275,#259,.T.);
#2433=EDGE_CURVE('',#3276,#3276,#260,.T.);
#2434=EDGE_CURVE('',#3277,#3277,#261,.T.);
#2435=EDGE_CURVE('',#3278,#3278,#262,.T.);
#2436=EDGE_CURVE('',#3279,#3279,#263,.T.);
#2437=EDGE_CURVE('',#3280,#3280,#264,.T.);
#2438=EDGE_CURVE('',#3281,#3281,#265,.T.);
#2439=EDGE_CURVE('',#3282,#3282,#266,.T.);
#2440=EDGE_CURVE('',#3283,#3283,#267,.T.);
#2441=EDGE_CURVE('',#3284,#3284,#268,.T.);
#2442=EDGE_CURVE('',#3285,#3285,#269,.T.);
#2443=EDGE_CURVE('',#3286,#3286,#270,.T.);
#2444=EDGE_CURVE('',#3287,#3287,#271,.T.);
#2445=EDGE_CURVE('',#3288,#3288,#272,.T.);
#2446=EDGE_CURVE('',#3289,#3289,#273,.T.);
#2447=EDGE_CURVE('',#3290,#3290,#274,.T.);
#2448=EDGE_CURVE('',#3291,#3291,#275,.T.);
#2449=EDGE_CURVE('',#3292,#3292,#276,.T.);
#2450=EDGE_CURVE('',#3293,#3293,#277,.T.);
#2451=EDGE_CURVE('',#3294,#3294,#278,.T.);
#2452=EDGE_CURVE('',#3295,#3295,#279,.T.);
#2453=EDGE_CURVE('',#3296,#3296,#280,.T.);
#2454=EDGE_CURVE('',#3297,#3297,#281,.T.);
#2455=EDGE_CURVE('',#3298,#3298,#282,.T.);
#2456=EDGE_CURVE('',#3299,#3299,#283,.T.);
#2457=EDGE_CURVE('',#3300,#3300,#284,.T.);
#2458=EDGE_CURVE('',#3301,#3301,#285,.T.);
#2459=EDGE_CURVE('',#3302,#3302,#286,.T.);
#2460=EDGE_CURVE('',#3303,#3303,#287,.T.);
#2461=EDGE_CURVE('',#3304,#3304,#288,.T.);
#2462=EDGE_CURVE('',#3305,#3305,#289,.T.);
#2463=EDGE_CURVE('',#3306,#3306,#290,.T.);
#2464=EDGE_CURVE('',#3307,#3307,#291,.T.);
#2465=EDGE_CURVE('',#3308,#3308,#292,.T.);
#2466=EDGE_CURVE('',#3309,#3310,#3744,.T.);
#2467=EDGE_CURVE('',#3310,#3311,#3745,.T.);
#2468=EDGE_CURVE('',#3311,#3312,#3746,.T.);
#2469=EDGE_CURVE('',#3312,#3313,#3747,.T.);
#2470=EDGE_CURVE('',#3313,#3314,#3748,.T.);
#2471=EDGE_CURVE('',#3314,#3315,#3749,.T.);
#2472=EDGE_CURVE('',#3315,#3316,#3750,.T.);
#2473=EDGE_CURVE('',#3316,#3317,#3751,.T.);
#2474=EDGE_CURVE('',#3317,#3318,#3752,.T.);
#2475=EDGE_CURVE('',#3318,#3319,#3753,.T.);
#2476=EDGE_CURVE('',#3319,#3320,#3754,.T.);
#2477=EDGE_CURVE('',#3320,#3321,#3755,.T.);
#2478=EDGE_CURVE('',#3322,#3321,#3756,.T.);
#2479=EDGE_CURVE('',#3323,#3322,#3757,.T.);
#2480=EDGE_CURVE('',#3323,#3324,#3758,.T.);
#2481=EDGE_CURVE('',#3324,#3325,#3759,.T.);
#2482=EDGE_CURVE('',#3326,#3325,#3760,.T.);
#2483=EDGE_CURVE('',#3327,#3326,#3761,.T.);
#2484=EDGE_CURVE('',#3327,#3328,#3762,.T.);
#2485=EDGE_CURVE('',#3329,#3328,#293,.T.);
#2486=EDGE_CURVE('',#3329,#3330,#3763,.T.);
#2487=EDGE_CURVE('',#3330,#3331,#3764,.T.);
#2488=EDGE_CURVE('',#3331,#3332,#3765,.T.);
#2489=EDGE_CURVE('',#3333,#3332,#294,.T.);
#2490=EDGE_CURVE('',#3333,#3334,#3766,.T.);
#2491=EDGE_CURVE('',#3335,#3334,#295,.T.);
#2492=EDGE_CURVE('',#3335,#3336,#3767,.T.);
#2493=EDGE_CURVE('',#3337,#3336,#296,.T.);
#2494=EDGE_CURVE('',#3337,#3338,#3768,.T.);
#2495=EDGE_CURVE('',#3338,#2835,#3769,.T.);
#2496=EDGE_CURVE('',#2836,#3339,#297,.T.);
#2497=EDGE_CURVE('',#3339,#3340,#3770,.T.);
#2498=EDGE_CURVE('',#3340,#3341,#3771,.T.);
#2499=EDGE_CURVE('',#3342,#3341,#3772,.T.);
#2500=EDGE_CURVE('',#3342,#3343,#298,.T.);
#2501=EDGE_CURVE('',#3343,#3344,#3773,.T.);
#2502=EDGE_CURVE('',#3344,#3345,#3774,.T.);
#2503=EDGE_CURVE('',#3345,#3346,#3775,.T.);
#2504=EDGE_CURVE('',#3346,#3347,#299,.T.);
#2505=EDGE_CURVE('',#3348,#3347,#3776,.T.);
#2506=EDGE_CURVE('',#3349,#3348,#3777,.T.);
#2507=EDGE_CURVE('',#3349,#3350,#3778,.T.);
#2508=EDGE_CURVE('',#3350,#3351,#300,.T.);
#2509=EDGE_CURVE('',#3351,#3352,#3779,.T.);
#2510=EDGE_CURVE('',#3352,#3353,#301,.T.);
#2511=EDGE_CURVE('',#3354,#3353,#3780,.T.);
#2512=EDGE_CURVE('',#3355,#3354,#3781,.T.);
#2513=EDGE_CURVE('',#3355,#3356,#3782,.T.);
#2514=EDGE_CURVE('',#3356,#3309,#302,.T.);
#2515=EDGE_CURVE('',#3357,#3358,#3783,.T.);
#2516=EDGE_CURVE('',#3359,#3358,#3784,.T.);
#2517=EDGE_CURVE('',#3360,#3359,#3785,.T.);
#2518=EDGE_CURVE('',#3360,#3357,#3786,.T.);
#2519=EDGE_CURVE('',#3361,#3362,#3787,.T.);
#2520=EDGE_CURVE('',#3363,#3362,#3788,.T.);
#2521=EDGE_CURVE('',#3364,#3363,#3789,.T.);
#2522=EDGE_CURVE('',#3364,#3361,#3790,.T.);
#2523=EDGE_CURVE('',#3365,#3366,#3791,.T.);
#2524=EDGE_CURVE('',#3366,#3367,#3792,.T.);
#2525=EDGE_CURVE('',#3368,#3367,#3793,.T.);
#2526=EDGE_CURVE('',#3365,#3368,#3794,.T.);
#2527=EDGE_CURVE('',#3369,#3370,#3795,.T.);
#2528=EDGE_CURVE('',#3370,#3371,#3796,.T.);
#2529=EDGE_CURVE('',#3372,#3371,#3797,.T.);
#2530=EDGE_CURVE('',#3369,#3372,#3798,.T.);
#2531=EDGE_CURVE('',#3373,#3374,#3799,.T.);
#2532=EDGE_CURVE('',#3373,#3375,#3800,.T.);
#2533=EDGE_CURVE('',#3375,#3376,#3801,.T.);
#2534=EDGE_CURVE('',#3374,#3376,#3802,.T.);
#2535=EDGE_CURVE('',#3377,#3378,#3803,.T.);
#2536=EDGE_CURVE('',#3377,#3379,#3804,.T.);
#2537=EDGE_CURVE('',#3379,#3380,#3805,.T.);
#2538=EDGE_CURVE('',#3378,#3380,#3806,.T.);
#2539=EDGE_CURVE('',#3381,#3382,#3807,.T.);
#2540=EDGE_CURVE('',#3382,#3383,#3808,.T.);
#2541=EDGE_CURVE('',#3384,#3383,#3809,.T.);
#2542=EDGE_CURVE('',#3381,#3384,#3810,.T.);
#2543=EDGE_CURVE('',#3385,#3386,#3811,.T.);
#2544=EDGE_CURVE('',#3387,#3386,#3812,.T.);
#2545=EDGE_CURVE('',#3388,#3387,#3813,.T.);
#2546=EDGE_CURVE('',#3388,#3385,#3814,.T.);
#2547=EDGE_CURVE('',#3389,#3390,#3815,.T.);
#2548=EDGE_CURVE('',#3391,#3390,#3816,.T.);
#2549=EDGE_CURVE('',#3392,#3391,#3817,.T.);
#2550=EDGE_CURVE('',#3392,#3389,#3818,.T.);
#2551=EDGE_CURVE('',#3393,#3394,#3819,.T.);
#2552=EDGE_CURVE('',#3395,#3394,#3820,.T.);
#2553=EDGE_CURVE('',#3396,#3395,#3821,.T.);
#2554=EDGE_CURVE('',#3396,#3393,#3822,.T.);
#2555=EDGE_CURVE('',#3397,#3398,#3823,.T.);
#2556=EDGE_CURVE('',#3399,#3398,#3824,.T.);
#2557=EDGE_CURVE('',#3400,#3399,#3825,.T.);
#2558=EDGE_CURVE('',#3400,#3397,#3826,.T.);
#2559=EDGE_CURVE('',#3401,#3402,#3827,.T.);
#2560=EDGE_CURVE('',#3403,#3402,#3828,.T.);
#2561=EDGE_CURVE('',#3404,#3403,#3829,.T.);
#2562=EDGE_CURVE('',#3404,#3401,#3830,.T.);
#2563=EDGE_CURVE('',#3405,#3406,#3831,.T.);
#2564=EDGE_CURVE('',#3406,#3407,#3832,.T.);
#2565=EDGE_CURVE('',#3408,#3407,#3833,.T.);
#2566=EDGE_CURVE('',#3405,#3408,#3834,.T.);
#2567=EDGE_CURVE('',#3409,#3410,#3835,.T.);
#2568=EDGE_CURVE('',#3411,#3410,#3836,.T.);
#2569=EDGE_CURVE('',#3412,#3411,#3837,.T.);
#2570=EDGE_CURVE('',#3412,#3409,#3838,.T.);
#2571=EDGE_CURVE('',#3413,#3414,#3839,.T.);
#2572=EDGE_CURVE('',#3415,#3414,#3840,.T.);
#2573=EDGE_CURVE('',#3416,#3415,#3841,.T.);
#2574=EDGE_CURVE('',#3416,#3413,#3842,.T.);
#2575=EDGE_CURVE('',#3417,#3418,#3843,.T.);
#2576=EDGE_CURVE('',#3419,#3418,#3844,.T.);
#2577=EDGE_CURVE('',#3420,#3419,#3845,.T.);
#2578=EDGE_CURVE('',#3420,#3417,#3846,.T.);
#2579=EDGE_CURVE('',#3421,#3422,#3847,.T.);
#2580=EDGE_CURVE('',#3423,#3422,#3848,.T.);
#2581=EDGE_CURVE('',#3424,#3423,#3849,.T.);
#2582=EDGE_CURVE('',#3424,#3421,#3850,.T.);
#2583=EDGE_CURVE('',#3425,#3426,#3851,.T.);
#2584=EDGE_CURVE('',#3427,#3426,#3852,.T.);
#2585=EDGE_CURVE('',#3428,#3427,#3853,.T.);
#2586=EDGE_CURVE('',#3428,#3425,#3854,.T.);
#2587=EDGE_CURVE('',#3429,#3430,#3855,.T.);
#2588=EDGE_CURVE('',#3431,#3430,#3856,.T.);
#2589=EDGE_CURVE('',#3432,#3431,#3857,.T.);
#2590=EDGE_CURVE('',#3432,#3429,#3858,.T.);
#2591=EDGE_CURVE('',#3433,#3434,#3859,.T.);
#2592=EDGE_CURVE('',#3435,#3434,#3860,.T.);
#2593=EDGE_CURVE('',#3436,#3435,#3861,.T.);
#2594=EDGE_CURVE('',#3436,#3433,#3862,.T.);
#2595=EDGE_CURVE('',#3437,#3438,#3863,.T.);
#2596=EDGE_CURVE('',#3439,#3438,#3864,.T.);
#2597=EDGE_CURVE('',#3440,#3439,#3865,.T.);
#2598=EDGE_CURVE('',#3440,#3437,#3866,.T.);
#2599=EDGE_CURVE('',#3441,#3442,#3867,.T.);
#2600=EDGE_CURVE('',#3443,#3442,#3868,.T.);
#2601=EDGE_CURVE('',#3444,#3443,#3869,.T.);
#2602=EDGE_CURVE('',#3444,#3441,#3870,.T.);
#2603=EDGE_CURVE('',#3445,#3446,#3871,.T.);
#2604=EDGE_CURVE('',#3446,#3447,#3872,.T.);
#2605=EDGE_CURVE('',#3448,#3447,#3873,.T.);
#2606=EDGE_CURVE('',#3445,#3448,#3874,.T.);
#2607=EDGE_CURVE('',#3449,#3450,#3875,.T.);
#2608=EDGE_CURVE('',#3450,#3451,#3876,.T.);
#2609=EDGE_CURVE('',#3452,#3451,#3877,.T.);
#2610=EDGE_CURVE('',#3449,#3452,#3878,.T.);
#2611=EDGE_CURVE('',#3139,#3149,#3879,.T.);
#2612=EDGE_CURVE('',#3140,#3150,#3880,.T.);
#2613=EDGE_CURVE('',#3141,#3152,#3881,.T.);
#2614=EDGE_CURVE('',#3142,#3151,#3882,.T.);
#2615=EDGE_CURVE('',#3135,#3153,#3883,.T.);
#2616=EDGE_CURVE('',#3136,#3154,#3884,.T.);
#2617=EDGE_CURVE('',#3137,#3156,#3885,.T.);
#2618=EDGE_CURVE('',#3138,#3155,#3886,.T.);
#2619=EDGE_CURVE('',#3131,#3157,#3887,.T.);
#2620=EDGE_CURVE('',#3132,#3158,#3888,.T.);
#2621=EDGE_CURVE('',#3133,#3160,#3889,.T.);
#2622=EDGE_CURVE('',#3134,#3159,#3890,.T.);
#2623=EDGE_CURVE('',#3127,#3161,#3891,.T.);
#2624=EDGE_CURVE('',#3128,#3162,#3892,.T.);
#2625=EDGE_CURVE('',#3129,#3164,#3893,.T.);
#2626=EDGE_CURVE('',#3130,#3163,#3894,.T.);
#2627=EDGE_CURVE('',#3123,#3165,#3895,.T.);
#2628=EDGE_CURVE('',#3124,#3166,#3896,.T.);
#2629=EDGE_CURVE('',#3125,#3168,#3897,.T.);
#2630=EDGE_CURVE('',#3126,#3167,#3898,.T.);
#2631=EDGE_CURVE('',#3119,#3169,#3899,.T.);
#2632=EDGE_CURVE('',#3120,#3170,#3900,.T.);
#2633=EDGE_CURVE('',#3121,#3172,#3901,.T.);
#2634=EDGE_CURVE('',#3122,#3171,#3902,.T.);
#2635=EDGE_CURVE('',#3115,#3173,#3903,.T.);
#2636=EDGE_CURVE('',#3116,#3174,#3904,.T.);
#2637=EDGE_CURVE('',#3117,#3176,#3905,.T.);
#2638=EDGE_CURVE('',#3118,#3175,#3906,.T.);
#2639=EDGE_CURVE('',#3111,#3177,#3907,.T.);
#2640=EDGE_CURVE('',#3112,#3178,#3908,.T.);
#2641=EDGE_CURVE('',#3113,#3180,#3909,.T.);
#2642=EDGE_CURVE('',#3114,#3179,#3910,.T.);
#2643=EDGE_CURVE('',#3107,#3181,#3911,.T.);
#2644=EDGE_CURVE('',#3108,#3182,#3912,.T.);
#2645=EDGE_CURVE('',#3109,#3184,#3913,.T.);
#2646=EDGE_CURVE('',#3110,#3183,#3914,.T.);
#2647=EDGE_CURVE('',#3103,#3185,#3915,.T.);
#2648=EDGE_CURVE('',#3104,#3186,#3916,.T.);
#2649=EDGE_CURVE('',#3105,#3188,#3917,.T.);
#2650=EDGE_CURVE('',#3106,#3187,#3918,.T.);
#2651=EDGE_CURVE('',#3099,#3189,#3919,.T.);
#2652=EDGE_CURVE('',#3100,#3190,#3920,.T.);
#2653=EDGE_CURVE('',#3101,#3192,#3921,.T.);
#2654=EDGE_CURVE('',#3102,#3191,#3922,.T.);
#2655=EDGE_CURVE('',#3096,#3194,#3923,.T.);
#2656=EDGE_CURVE('',#3095,#3193,#3924,.T.);
#2657=EDGE_CURVE('',#3097,#3196,#3925,.T.);
#2658=EDGE_CURVE('',#3098,#3195,#3926,.T.);
#2659=EDGE_CURVE('',#3092,#3198,#3927,.T.);
#2660=EDGE_CURVE('',#3091,#3197,#3928,.T.);
#2661=EDGE_CURVE('',#3093,#3200,#3929,.T.);
#2662=EDGE_CURVE('',#3094,#3199,#3930,.T.);
#2663=EDGE_CURVE('',#3088,#3202,#3931,.T.);
#2664=EDGE_CURVE('',#3087,#3201,#3932,.T.);
#2665=EDGE_CURVE('',#3089,#3204,#3933,.T.);
#2666=EDGE_CURVE('',#3090,#3203,#3934,.T.);
#2667=EDGE_CURVE('',#3083,#3205,#3935,.T.);
#2668=EDGE_CURVE('',#3084,#3206,#3936,.T.);
#2669=EDGE_CURVE('',#3085,#3208,#3937,.T.);
#2670=EDGE_CURVE('',#3086,#3207,#3938,.T.);
#2671=EDGE_CURVE('',#3063,#3209,#3939,.T.);
#2672=EDGE_CURVE('',#3064,#3210,#3940,.T.);
#2673=EDGE_CURVE('',#3065,#3228,#3941,.T.);
#2674=EDGE_CURVE('',#3066,#3227,#3942,.T.);
#2675=EDGE_CURVE('',#3067,#3226,#3943,.T.);
#2676=EDGE_CURVE('',#3068,#3225,#3944,.T.);
#2677=EDGE_CURVE('',#3069,#3224,#3945,.T.);
#2678=EDGE_CURVE('',#3070,#3223,#3946,.T.);
#2679=EDGE_CURVE('',#3071,#3222,#3947,.T.);
#2680=EDGE_CURVE('',#3072,#3221,#3948,.T.);
#2681=EDGE_CURVE('',#3073,#3220,#3949,.T.);
#2682=EDGE_CURVE('',#3074,#3219,#3950,.T.);
#2683=EDGE_CURVE('',#3075,#3218,#3951,.T.);
#2684=EDGE_CURVE('',#3076,#3217,#3952,.T.);
#2685=EDGE_CURVE('',#3077,#3216,#3953,.T.);
#2686=EDGE_CURVE('',#3078,#3215,#3954,.T.);
#2687=EDGE_CURVE('',#3079,#3214,#3955,.T.);
#2688=EDGE_CURVE('',#3080,#3213,#3956,.T.);
#2689=EDGE_CURVE('',#3081,#3212,#3957,.T.);
#2690=EDGE_CURVE('',#3082,#3211,#3958,.T.);
#2691=EDGE_CURVE('',#3310,#2839,#3959,.T.);
#2692=EDGE_CURVE('',#3309,#2841,#3960,.F.);
#2693=EDGE_CURVE('',#2842,#3356,#3961,.T.);
#2694=EDGE_CURVE('',#2843,#3355,#3962,.T.);
#2695=EDGE_CURVE('',#2844,#3354,#3963,.T.);
#2696=EDGE_CURVE('',#3353,#2845,#3964,.F.);
#2697=EDGE_CURVE('',#3351,#2847,#3965,.F.);
#2698=EDGE_CURVE('',#2846,#3352,#3966,.T.);
#2699=EDGE_CURVE('',#2848,#3350,#3967,.T.);
#2700=EDGE_CURVE('',#2849,#3349,#3968,.T.);
#2701=EDGE_CURVE('',#2850,#3348,#3969,.T.);
#2702=EDGE_CURVE('',#3347,#2851,#3970,.F.);
#2703=EDGE_CURVE('',#2852,#3346,#3971,.T.);
#2704=EDGE_CURVE('',#2853,#3345,#3972,.T.);
#2705=EDGE_CURVE('',#2854,#3344,#3973,.T.);
#2706=EDGE_CURVE('',#3343,#2855,#3974,.F.);
#2707=EDGE_CURVE('',#2856,#3342,#3975,.T.);
#2708=EDGE_CURVE('',#2857,#3341,#3976,.T.);
#2709=EDGE_CURVE('',#2858,#3340,#3977,.T.);
#2710=EDGE_CURVE('',#3339,#2859,#3978,.F.);
#2711=EDGE_CURVE('',#2875,#3323,#3979,.T.);
#2712=EDGE_CURVE('',#2874,#3324,#3980,.T.);
#2713=EDGE_CURVE('',#2876,#3322,#3981,.T.);
#2714=EDGE_CURVE('',#3321,#2877,#3982,.T.);
#2715=EDGE_CURVE('',#3338,#2860,#3983,.T.);
#2716=EDGE_CURVE('',#2861,#3337,#3984,.T.);
#2717=EDGE_CURVE('',#2862,#3336,#3985,.T.);
#2718=EDGE_CURVE('',#2863,#3335,#3986,.T.);
#2719=EDGE_CURVE('',#2864,#3334,#3987,.T.);
#2720=EDGE_CURVE('',#2865,#3333,#3988,.T.);
#2721=EDGE_CURVE('',#2866,#3332,#3989,.T.);
#2722=EDGE_CURVE('',#2867,#3331,#3990,.T.);
#2723=EDGE_CURVE('',#2868,#3330,#3991,.T.);
#2724=EDGE_CURVE('',#2869,#3329,#3992,.T.);
#2725=EDGE_CURVE('',#2870,#3328,#3993,.T.);
#2726=EDGE_CURVE('',#2871,#3327,#3994,.T.);
#2727=EDGE_CURVE('',#2872,#3326,#3995,.T.);
#2728=EDGE_CURVE('',#2873,#3325,#3996,.T.);
#2729=EDGE_CURVE('',#2979,#3357,#3997,.T.);
#2730=EDGE_CURVE('',#2980,#3358,#3998,.T.);
#2731=EDGE_CURVE('',#2981,#3360,#3999,.T.);
#2732=EDGE_CURVE('',#2982,#3359,#4000,.T.);
#2733=EDGE_CURVE('',#2975,#3361,#4001,.T.);
#2734=EDGE_CURVE('',#2976,#3362,#4002,.T.);
#2735=EDGE_CURVE('',#2977,#3364,#4003,.T.);
#2736=EDGE_CURVE('',#2978,#3363,#4004,.T.);
#2737=EDGE_CURVE('',#2971,#3365,#4005,.T.);
#2738=EDGE_CURVE('',#2972,#3366,#4006,.T.);
#2739=EDGE_CURVE('',#2973,#3368,#4007,.T.);
#2740=EDGE_CURVE('',#2974,#3367,#4008,.T.);
#2741=EDGE_CURVE('',#2967,#3369,#4009,.T.);
#2742=EDGE_CURVE('',#2968,#3370,#4010,.T.);
#2743=EDGE_CURVE('',#2969,#3372,#4011,.T.);
#2744=EDGE_CURVE('',#2970,#3371,#4012,.T.);
#2745=EDGE_CURVE('',#2964,#3374,#4013,.T.);
#2746=EDGE_CURVE('',#2963,#3373,#4014,.T.);
#2747=EDGE_CURVE('',#2965,#3376,#4015,.T.);
#2748=EDGE_CURVE('',#2966,#3375,#4016,.T.);
#2749=EDGE_CURVE('',#2960,#3378,#4017,.T.);
#2750=EDGE_CURVE('',#2959,#3377,#4018,.T.);
#2751=EDGE_CURVE('',#2961,#3380,#4019,.T.);
#2752=EDGE_CURVE('',#2962,#3379,#4020,.T.);
#2753=EDGE_CURVE('',#2955,#3381,#4021,.T.);
#2754=EDGE_CURVE('',#2956,#3382,#4022,.T.);
#2755=EDGE_CURVE('',#2957,#3384,#4023,.T.);
#2756=EDGE_CURVE('',#2958,#3383,#4024,.T.);
#2757=EDGE_CURVE('',#2951,#3385,#4025,.T.);
#2758=EDGE_CURVE('',#2952,#3386,#4026,.T.);
#2759=EDGE_CURVE('',#2953,#3388,#4027,.T.);
#2760=EDGE_CURVE('',#2954,#3387,#4028,.T.);
#2761=EDGE_CURVE('',#2947,#3389,#4029,.T.);
#2762=EDGE_CURVE('',#2948,#3390,#4030,.T.);
#2763=EDGE_CURVE('',#2949,#3392,#4031,.T.);
#2764=EDGE_CURVE('',#2950,#3391,#4032,.T.);
#2765=EDGE_CURVE('',#2943,#3393,#4033,.T.);
#2766=EDGE_CURVE('',#2944,#3394,#4034,.T.);
#2767=EDGE_CURVE('',#2945,#3396,#4035,.T.);
#2768=EDGE_CURVE('',#2946,#3395,#4036,.T.);
#2769=EDGE_CURVE('',#2939,#3397,#4037,.T.);
#2770=EDGE_CURVE('',#2940,#3398,#4038,.T.);
#2771=EDGE_CURVE('',#2941,#3400,#4039,.T.);
#2772=EDGE_CURVE('',#2942,#3399,#4040,.T.);
#2773=EDGE_CURVE('',#2935,#3401,#4041,.T.);
#2774=EDGE_CURVE('',#2936,#3402,#4042,.T.);
#2775=EDGE_CURVE('',#2937,#3404,#4043,.T.);
#2776=EDGE_CURVE('',#2938,#3403,#4044,.T.);
#2777=EDGE_CURVE('',#2931,#3405,#4045,.T.);
#2778=EDGE_CURVE('',#2932,#3406,#4046,.T.);
#2779=EDGE_CURVE('',#2933,#3408,#4047,.T.);
#2780=EDGE_CURVE('',#2934,#3407,#4048,.T.);
#2781=EDGE_CURVE('',#2927,#3409,#4049,.T.);
#2782=EDGE_CURVE('',#2928,#3410,#4050,.T.);
#2783=EDGE_CURVE('',#2929,#3412,#4051,.T.);
#2784=EDGE_CURVE('',#2930,#3411,#4052,.T.);
#2785=EDGE_CURVE('',#2923,#3413,#4053,.T.);
#2786=EDGE_CURVE('',#2924,#3414,#4054,.T.);
#2787=EDGE_CURVE('',#2925,#3416,#4055,.T.);
#2788=EDGE_CURVE('',#2926,#3415,#4056,.T.);
#2789=EDGE_CURVE('',#2919,#3417,#4057,.T.);
#2790=EDGE_CURVE('',#2920,#3418,#4058,.T.);
#2791=EDGE_CURVE('',#2921,#3420,#4059,.T.);
#2792=EDGE_CURVE('',#2922,#3419,#4060,.T.);
#2793=EDGE_CURVE('',#2915,#3421,#4061,.T.);
#2794=EDGE_CURVE('',#2916,#3422,#4062,.T.);
#2795=EDGE_CURVE('',#2917,#3424,#4063,.T.);
#2796=EDGE_CURVE('',#2918,#3423,#4064,.T.);
#2797=EDGE_CURVE('',#2911,#3425,#4065,.T.);
#2798=EDGE_CURVE('',#2912,#3426,#4066,.T.);
#2799=EDGE_CURVE('',#2913,#3428,#4067,.T.);
#2800=EDGE_CURVE('',#2914,#3427,#4068,.T.);
#2801=EDGE_CURVE('',#2907,#3429,#4069,.T.);
#2802=EDGE_CURVE('',#2908,#3430,#4070,.T.);
#2803=EDGE_CURVE('',#2909,#3432,#4071,.T.);
#2804=EDGE_CURVE('',#2910,#3431,#4072,.T.);
#2805=EDGE_CURVE('',#2903,#3433,#4073,.T.);
#2806=EDGE_CURVE('',#2904,#3434,#4074,.T.);
#2807=EDGE_CURVE('',#2905,#3436,#4075,.T.);
#2808=EDGE_CURVE('',#2906,#3435,#4076,.T.);
#2809=EDGE_CURVE('',#2899,#3437,#4077,.T.);
#2810=EDGE_CURVE('',#2900,#3438,#4078,.T.);
#2811=EDGE_CURVE('',#2901,#3440,#4079,.T.);
#2812=EDGE_CURVE('',#2902,#3439,#4080,.T.);
#2813=EDGE_CURVE('',#2895,#3441,#4081,.T.);
#2814=EDGE_CURVE('',#2896,#3442,#4082,.T.);
#2815=EDGE_CURVE('',#2897,#3444,#4083,.T.);
#2816=EDGE_CURVE('',#2898,#3443,#4084,.T.);
#2817=EDGE_CURVE('',#2891,#3445,#4085,.T.);
#2818=EDGE_CURVE('',#2892,#3446,#4086,.T.);
#2819=EDGE_CURVE('',#2893,#3448,#4087,.T.);
#2820=EDGE_CURVE('',#2894,#3447,#4088,.T.);
#2821=EDGE_CURVE('',#2887,#3449,#4089,.T.);
#2822=EDGE_CURVE('',#2888,#3450,#4090,.T.);
#2823=EDGE_CURVE('',#2889,#3452,#4091,.T.);
#2824=EDGE_CURVE('',#2890,#3451,#4092,.T.);
#2825=EDGE_CURVE('',#3320,#2878,#4093,.T.);
#2826=EDGE_CURVE('',#3319,#2879,#4094,.T.);
#2827=EDGE_CURVE('',#3318,#2880,#4095,.T.);
#2828=EDGE_CURVE('',#3317,#2881,#4096,.T.);
#2829=EDGE_CURVE('',#3316,#2882,#4097,.T.);
#2830=EDGE_CURVE('',#3315,#2883,#4098,.T.);
#2831=EDGE_CURVE('',#3314,#2884,#4099,.T.);
#2832=EDGE_CURVE('',#3313,#2885,#4100,.T.);
#2833=EDGE_CURVE('',#3312,#2886,#4101,.T.);
#2834=EDGE_CURVE('',#3311,#2840,#4102,.T.);
#2835=VERTEX_POINT('',#8741);
#2836=VERTEX_POINT('',#8742);
#2837=VERTEX_POINT('',#8744);
#2838=VERTEX_POINT('',#8746);
#2839=VERTEX_POINT('',#8750);
#2840=VERTEX_POINT('',#8751);
#2841=VERTEX_POINT('',#8753);
#2842=VERTEX_POINT('',#8755);
#2843=VERTEX_POINT('',#8757);
#2844=VERTEX_POINT('',#8759);
#2845=VERTEX_POINT('',#8761);
#2846=VERTEX_POINT('',#8763);
#2847=VERTEX_POINT('',#8765);
#2848=VERTEX_POINT('',#8767);
#2849=VERTEX_POINT('',#8769);
#2850=VERTEX_POINT('',#8771);
#2851=VERTEX_POINT('',#8773);
#2852=VERTEX_POINT('',#8775);
#2853=VERTEX_POINT('',#8777);
#2854=VERTEX_POINT('',#8779);
#2855=VERTEX_POINT('',#8781);
#2856=VERTEX_POINT('',#8783);
#2857=VERTEX_POINT('',#8785);
#2858=VERTEX_POINT('',#8787);
#2859=VERTEX_POINT('',#8789);
#2860=VERTEX_POINT('',#8792);
#2861=VERTEX_POINT('',#8794);
#2862=VERTEX_POINT('',#8796);
#2863=VERTEX_POINT('',#8798);
#2864=VERTEX_POINT('',#8800);
#2865=VERTEX_POINT('',#8802);
#2866=VERTEX_POINT('',#8804);
#2867=VERTEX_POINT('',#8806);
#2868=VERTEX_POINT('',#8808);
#2869=VERTEX_POINT('',#8810);
#2870=VERTEX_POINT('',#8812);
#2871=VERTEX_POINT('',#8814);
#2872=VERTEX_POINT('',#8816);
#2873=VERTEX_POINT('',#8818);
#2874=VERTEX_POINT('',#8820);
#2875=VERTEX_POINT('',#8822);
#2876=VERTEX_POINT('',#8824);
#2877=VERTEX_POINT('',#8826);
#2878=VERTEX_POINT('',#8828);
#2879=VERTEX_POINT('',#8830);
#2880=VERTEX_POINT('',#8832);
#2881=VERTEX_POINT('',#8834);
#2882=VERTEX_POINT('',#8836);
#2883=VERTEX_POINT('',#8838);
#2884=VERTEX_POINT('',#8840);
#2885=VERTEX_POINT('',#8842);
#2886=VERTEX_POINT('',#8844);
#2887=VERTEX_POINT('',#8847);
#2888=VERTEX_POINT('',#8848);
#2889=VERTEX_POINT('',#8850);
#2890=VERTEX_POINT('',#8852);
#2891=VERTEX_POINT('',#8855);
#2892=VERTEX_POINT('',#8856);
#2893=VERTEX_POINT('',#8858);
#2894=VERTEX_POINT('',#8860);
#2895=VERTEX_POINT('',#8863);
#2896=VERTEX_POINT('',#8864);
#2897=VERTEX_POINT('',#8866);
#2898=VERTEX_POINT('',#8868);
#2899=VERTEX_POINT('',#8871);
#2900=VERTEX_POINT('',#8872);
#2901=VERTEX_POINT('',#8874);
#2902=VERTEX_POINT('',#8876);
#2903=VERTEX_POINT('',#8879);
#2904=VERTEX_POINT('',#8880);
#2905=VERTEX_POINT('',#8882);
#2906=VERTEX_POINT('',#8884);
#2907=VERTEX_POINT('',#8887);
#2908=VERTEX_POINT('',#8888);
#2909=VERTEX_POINT('',#8890);
#2910=VERTEX_POINT('',#8892);
#2911=VERTEX_POINT('',#8895);
#2912=VERTEX_POINT('',#8896);
#2913=VERTEX_POINT('',#8898);
#2914=VERTEX_POINT('',#8900);
#2915=VERTEX_POINT('',#8903);
#2916=VERTEX_POINT('',#8904);
#2917=VERTEX_POINT('',#8906);
#2918=VERTEX_POINT('',#8908);
#2919=VERTEX_POINT('',#8911);
#2920=VERTEX_POINT('',#8912);
#2921=VERTEX_POINT('',#8914);
#2922=VERTEX_POINT('',#8916);
#2923=VERTEX_POINT('',#8919);
#2924=VERTEX_POINT('',#8920);
#2925=VERTEX_POINT('',#8922);
#2926=VERTEX_POINT('',#8924);
#2927=VERTEX_POINT('',#8927);
#2928=VERTEX_POINT('',#8928);
#2929=VERTEX_POINT('',#8930);
#2930=VERTEX_POINT('',#8932);
#2931=VERTEX_POINT('',#8935);
#2932=VERTEX_POINT('',#8936);
#2933=VERTEX_POINT('',#8938);
#2934=VERTEX_POINT('',#8940);
#2935=VERTEX_POINT('',#8943);
#2936=VERTEX_POINT('',#8944);
#2937=VERTEX_POINT('',#8946);
#2938=VERTEX_POINT('',#8948);
#2939=VERTEX_POINT('',#8951);
#2940=VERTEX_POINT('',#8952);
#2941=VERTEX_POINT('',#8954);
#2942=VERTEX_POINT('',#8956);
#2943=VERTEX_POINT('',#8959);
#2944=VERTEX_POINT('',#8960);
#2945=VERTEX_POINT('',#8962);
#2946=VERTEX_POINT('',#8964);
#2947=VERTEX_POINT('',#8967);
#2948=VERTEX_POINT('',#8968);
#2949=VERTEX_POINT('',#8970);
#2950=VERTEX_POINT('',#8972);
#2951=VERTEX_POINT('',#8975);
#2952=VERTEX_POINT('',#8976);
#2953=VERTEX_POINT('',#8978);
#2954=VERTEX_POINT('',#8980);
#2955=VERTEX_POINT('',#8983);
#2956=VERTEX_POINT('',#8984);
#2957=VERTEX_POINT('',#8986);
#2958=VERTEX_POINT('',#8988);
#2959=VERTEX_POINT('',#8991);
#2960=VERTEX_POINT('',#8992);
#2961=VERTEX_POINT('',#8994);
#2962=VERTEX_POINT('',#8996);
#2963=VERTEX_POINT('',#8999);
#2964=VERTEX_POINT('',#9000);
#2965=VERTEX_POINT('',#9002);
#2966=VERTEX_POINT('',#9004);
#2967=VERTEX_POINT('',#9007);
#2968=VERTEX_POINT('',#9008);
#2969=VERTEX_POINT('',#9010);
#2970=VERTEX_POINT('',#9012);
#2971=VERTEX_POINT('',#9015);
#2972=VERTEX_POINT('',#9016);
#2973=VERTEX_POINT('',#9018);
#2974=VERTEX_POINT('',#9020);
#2975=VERTEX_POINT('',#9023);
#2976=VERTEX_POINT('',#9024);
#2977=VERTEX_POINT('',#9026);
#2978=VERTEX_POINT('',#9028);
#2979=VERTEX_POINT('',#9031);
#2980=VERTEX_POINT('',#9032);
#2981=VERTEX_POINT('',#9034);
#2982=VERTEX_POINT('',#9036);
#2983=VERTEX_POINT('',#9039);
#2984=VERTEX_POINT('',#9041);
#2985=VERTEX_POINT('',#9043);
#2986=VERTEX_POINT('',#9045);
#2987=VERTEX_POINT('',#9047);
#2988=VERTEX_POINT('',#9049);
#2989=VERTEX_POINT('',#9051);
#2990=VERTEX_POINT('',#9053);
#2991=VERTEX_POINT('',#9055);
#2992=VERTEX_POINT('',#9057);
#2993=VERTEX_POINT('',#9059);
#2994=VERTEX_POINT('',#9061);
#2995=VERTEX_POINT('',#9063);
#2996=VERTEX_POINT('',#9065);
#2997=VERTEX_POINT('',#9067);
#2998=VERTEX_POINT('',#9069);
#2999=VERTEX_POINT('',#9071);
#3000=VERTEX_POINT('',#9073);
#3001=VERTEX_POINT('',#9075);
#3002=VERTEX_POINT('',#9077);
#3003=VERTEX_POINT('',#9079);
#3004=VERTEX_POINT('',#9081);
#3005=VERTEX_POINT('',#9083);
#3006=VERTEX_POINT('',#9085);
#3007=VERTEX_POINT('',#9087);
#3008=VERTEX_POINT('',#9089);
#3009=VERTEX_POINT('',#9091);
#3010=VERTEX_POINT('',#9093);
#3011=VERTEX_POINT('',#9095);
#3012=VERTEX_POINT('',#9097);
#3013=VERTEX_POINT('',#9099);
#3014=VERTEX_POINT('',#9101);
#3015=VERTEX_POINT('',#9103);
#3016=VERTEX_POINT('',#9105);
#3017=VERTEX_POINT('',#9107);
#3018=VERTEX_POINT('',#9109);
#3019=VERTEX_POINT('',#9111);
#3020=VERTEX_POINT('',#9113);
#3021=VERTEX_POINT('',#9115);
#3022=VERTEX_POINT('',#9117);
#3023=VERTEX_POINT('',#9119);
#3024=VERTEX_POINT('',#9121);
#3025=VERTEX_POINT('',#9123);
#3026=VERTEX_POINT('',#9125);
#3027=VERTEX_POINT('',#9127);
#3028=VERTEX_POINT('',#9129);
#3029=VERTEX_POINT('',#9131);
#3030=VERTEX_POINT('',#9133);
#3031=VERTEX_POINT('',#9135);
#3032=VERTEX_POINT('',#9137);
#3033=VERTEX_POINT('',#9139);
#3034=VERTEX_POINT('',#9141);
#3035=VERTEX_POINT('',#9143);
#3036=VERTEX_POINT('',#9145);
#3037=VERTEX_POINT('',#9147);
#3038=VERTEX_POINT('',#9149);
#3039=VERTEX_POINT('',#9151);
#3040=VERTEX_POINT('',#9153);
#3041=VERTEX_POINT('',#9155);
#3042=VERTEX_POINT('',#9157);
#3043=VERTEX_POINT('',#9159);
#3044=VERTEX_POINT('',#9161);
#3045=VERTEX_POINT('',#9163);
#3046=VERTEX_POINT('',#9165);
#3047=VERTEX_POINT('',#9167);
#3048=VERTEX_POINT('',#9169);
#3049=VERTEX_POINT('',#9171);
#3050=VERTEX_POINT('',#9173);
#3051=VERTEX_POINT('',#9175);
#3052=VERTEX_POINT('',#9177);
#3053=VERTEX_POINT('',#9179);
#3054=VERTEX_POINT('',#9181);
#3055=VERTEX_POINT('',#9183);
#3056=VERTEX_POINT('',#9185);
#3057=VERTEX_POINT('',#9187);
#3058=VERTEX_POINT('',#9189);
#3059=VERTEX_POINT('',#9191);
#3060=VERTEX_POINT('',#9193);
#3061=VERTEX_POINT('',#9195);
#3062=VERTEX_POINT('',#9197);
#3063=VERTEX_POINT('',#9199);
#3064=VERTEX_POINT('',#9200);
#3065=VERTEX_POINT('',#9202);
#3066=VERTEX_POINT('',#9204);
#3067=VERTEX_POINT('',#9206);
#3068=VERTEX_POINT('',#9208);
#3069=VERTEX_POINT('',#9210);
#3070=VERTEX_POINT('',#9212);
#3071=VERTEX_POINT('',#9214);
#3072=VERTEX_POINT('',#9216);
#3073=VERTEX_POINT('',#9218);
#3074=VERTEX_POINT('',#9220);
#3075=VERTEX_POINT('',#9222);
#3076=VERTEX_POINT('',#9224);
#3077=VERTEX_POINT('',#9226);
#3078=VERTEX_POINT('',#9228);
#3079=VERTEX_POINT('',#9230);
#3080=VERTEX_POINT('',#9232);
#3081=VERTEX_POINT('',#9234);
#3082=VERTEX_POINT('',#9236);
#3083=VERTEX_POINT('',#9239);
#3084=VERTEX_POINT('',#9240);
#3085=VERTEX_POINT('',#9242);
#3086=VERTEX_POINT('',#9244);
#3087=VERTEX_POINT('',#9247);
#3088=VERTEX_POINT('',#9248);
#3089=VERTEX_POINT('',#9250);
#3090=VERTEX_POINT('',#9252);
#3091=VERTEX_POINT('',#9255);
#3092=VERTEX_POINT('',#9256);
#3093=VERTEX_POINT('',#9258);
#3094=VERTEX_POINT('',#9260);
#3095=VERTEX_POINT('',#9263);
#3096=VERTEX_POINT('',#9264);
#3097=VERTEX_POINT('',#9266);
#3098=VERTEX_POINT('',#9268);
#3099=VERTEX_POINT('',#9271);
#3100=VERTEX_POINT('',#9272);
#3101=VERTEX_POINT('',#9274);
#3102=VERTEX_POINT('',#9276);
#3103=VERTEX_POINT('',#9279);
#3104=VERTEX_POINT('',#9280);
#3105=VERTEX_POINT('',#9282);
#3106=VERTEX_POINT('',#9284);
#3107=VERTEX_POINT('',#9287);
#3108=VERTEX_POINT('',#9288);
#3109=VERTEX_POINT('',#9290);
#3110=VERTEX_POINT('',#9292);
#3111=VERTEX_POINT('',#9295);
#3112=VERTEX_POINT('',#9296);
#3113=VERTEX_POINT('',#9298);
#3114=VERTEX_POINT('',#9300);
#3115=VERTEX_POINT('',#9303);
#3116=VERTEX_POINT('',#9304);
#3117=VERTEX_POINT('',#9306);
#3118=VERTEX_POINT('',#9308);
#3119=VERTEX_POINT('',#9311);
#3120=VERTEX_POINT('',#9312);
#3121=VERTEX_POINT('',#9314);
#3122=VERTEX_POINT('',#9316);
#3123=VERTEX_POINT('',#9319);
#3124=VERTEX_POINT('',#9320);
#3125=VERTEX_POINT('',#9322);
#3126=VERTEX_POINT('',#9324);
#3127=VERTEX_POINT('',#9327);
#3128=VERTEX_POINT('',#9328);
#3129=VERTEX_POINT('',#9330);
#3130=VERTEX_POINT('',#9332);
#3131=VERTEX_POINT('',#9335);
#3132=VERTEX_POINT('',#9336);
#3133=VERTEX_POINT('',#9338);
#3134=VERTEX_POINT('',#9340);
#3135=VERTEX_POINT('',#9343);
#3136=VERTEX_POINT('',#9344);
#3137=VERTEX_POINT('',#9346);
#3138=VERTEX_POINT('',#9348);
#3139=VERTEX_POINT('',#9351);
#3140=VERTEX_POINT('',#9352);
#3141=VERTEX_POINT('',#9354);
#3142=VERTEX_POINT('',#9356);
#3143=VERTEX_POINT('',#9359);
#3144=VERTEX_POINT('',#9361);
#3145=VERTEX_POINT('',#9363);
#3146=VERTEX_POINT('',#9366);
#3147=VERTEX_POINT('',#9368);
#3148=VERTEX_POINT('',#9370);
#3149=VERTEX_POINT('',#9372);
#3150=VERTEX_POINT('',#9373);
#3151=VERTEX_POINT('',#9375);
#3152=VERTEX_POINT('',#9377);
#3153=VERTEX_POINT('',#9380);
#3154=VERTEX_POINT('',#9381);
#3155=VERTEX_POINT('',#9383);
#3156=VERTEX_POINT('',#9385);
#3157=VERTEX_POINT('',#9388);
#3158=VERTEX_POINT('',#9389);
#3159=VERTEX_POINT('',#9391);
#3160=VERTEX_POINT('',#9393);
#3161=VERTEX_POINT('',#9396);
#3162=VERTEX_POINT('',#9397);
#3163=VERTEX_POINT('',#9399);
#3164=VERTEX_POINT('',#9401);
#3165=VERTEX_POINT('',#9404);
#3166=VERTEX_POINT('',#9405);
#3167=VERTEX_POINT('',#9407);
#3168=VERTEX_POINT('',#9409);
#3169=VERTEX_POINT('',#9412);
#3170=VERTEX_POINT('',#9413);
#3171=VERTEX_POINT('',#9415);
#3172=VERTEX_POINT('',#9417);
#3173=VERTEX_POINT('',#9420);
#3174=VERTEX_POINT('',#9421);
#3175=VERTEX_POINT('',#9423);
#3176=VERTEX_POINT('',#9425);
#3177=VERTEX_POINT('',#9428);
#3178=VERTEX_POINT('',#9429);
#3179=VERTEX_POINT('',#9431);
#3180=VERTEX_POINT('',#9433);
#3181=VERTEX_POINT('',#9436);
#3182=VERTEX_POINT('',#9437);
#3183=VERTEX_POINT('',#9439);
#3184=VERTEX_POINT('',#9441);
#3185=VERTEX_POINT('',#9444);
#3186=VERTEX_POINT('',#9445);
#3187=VERTEX_POINT('',#9447);
#3188=VERTEX_POINT('',#9449);
#3189=VERTEX_POINT('',#9452);
#3190=VERTEX_POINT('',#9453);
#3191=VERTEX_POINT('',#9455);
#3192=VERTEX_POINT('',#9457);
#3193=VERTEX_POINT('',#9460);
#3194=VERTEX_POINT('',#9461);
#3195=VERTEX_POINT('',#9463);
#3196=VERTEX_POINT('',#9465);
#3197=VERTEX_POINT('',#9468);
#3198=VERTEX_POINT('',#9469);
#3199=VERTEX_POINT('',#9471);
#3200=VERTEX_POINT('',#9473);
#3201=VERTEX_POINT('',#9476);
#3202=VERTEX_POINT('',#9477);
#3203=VERTEX_POINT('',#9479);
#3204=VERTEX_POINT('',#9481);
#3205=VERTEX_POINT('',#9484);
#3206=VERTEX_POINT('',#9485);
#3207=VERTEX_POINT('',#9487);
#3208=VERTEX_POINT('',#9489);
#3209=VERTEX_POINT('',#9492);
#3210=VERTEX_POINT('',#9493);
#3211=VERTEX_POINT('',#9495);
#3212=VERTEX_POINT('',#9497);
#3213=VERTEX_POINT('',#9499);
#3214=VERTEX_POINT('',#9501);
#3215=VERTEX_POINT('',#9503);
#3216=VERTEX_POINT('',#9505);
#3217=VERTEX_POINT('',#9507);
#3218=VERTEX_POINT('',#9509);
#3219=VERTEX_POINT('',#9511);
#3220=VERTEX_POINT('',#9513);
#3221=VERTEX_POINT('',#9515);
#3222=VERTEX_POINT('',#9517);
#3223=VERTEX_POINT('',#9519);
#3224=VERTEX_POINT('',#9521);
#3225=VERTEX_POINT('',#9523);
#3226=VERTEX_POINT('',#9525);
#3227=VERTEX_POINT('',#9527);
#3228=VERTEX_POINT('',#9529);
#3229=VERTEX_POINT('',#9532);
#3230=VERTEX_POINT('',#9534);
#3231=VERTEX_POINT('',#9536);
#3232=VERTEX_POINT('',#9538);
#3233=VERTEX_POINT('',#9540);
#3234=VERTEX_POINT('',#9542);
#3235=VERTEX_POINT('',#9544);
#3236=VERTEX_POINT('',#9546);
#3237=VERTEX_POINT('',#9548);
#3238=VERTEX_POINT('',#9550);
#3239=VERTEX_POINT('',#9552);
#3240=VERTEX_POINT('',#9554);
#3241=VERTEX_POINT('',#9556);
#3242=VERTEX_POINT('',#9558);
#3243=VERTEX_POINT('',#9560);
#3244=VERTEX_POINT('',#9562);
#3245=VERTEX_POINT('',#9564);
#3246=VERTEX_POINT('',#9566);
#3247=VERTEX_POINT('',#9568);
#3248=VERTEX_POINT('',#9570);
#3249=VERTEX_POINT('',#9572);
#3250=VERTEX_POINT('',#9574);
#3251=VERTEX_POINT('',#9576);
#3252=VERTEX_POINT('',#9578);
#3253=VERTEX_POINT('',#9580);
#3254=VERTEX_POINT('',#9582);
#3255=VERTEX_POINT('',#9584);
#3256=VERTEX_POINT('',#9586);
#3257=VERTEX_POINT('',#9588);
#3258=VERTEX_POINT('',#9590);
#3259=VERTEX_POINT('',#9592);
#3260=VERTEX_POINT('',#9594);
#3261=VERTEX_POINT('',#9596);
#3262=VERTEX_POINT('',#9598);
#3263=VERTEX_POINT('',#9600);
#3264=VERTEX_POINT('',#9602);
#3265=VERTEX_POINT('',#9604);
#3266=VERTEX_POINT('',#9606);
#3267=VERTEX_POINT('',#9608);
#3268=VERTEX_POINT('',#9610);
#3269=VERTEX_POINT('',#9612);
#3270=VERTEX_POINT('',#9614);
#3271=VERTEX_POINT('',#9616);
#3272=VERTEX_POINT('',#9618);
#3273=VERTEX_POINT('',#9620);
#3274=VERTEX_POINT('',#9622);
#3275=VERTEX_POINT('',#9624);
#3276=VERTEX_POINT('',#9626);
#3277=VERTEX_POINT('',#9628);
#3278=VERTEX_POINT('',#9630);
#3279=VERTEX_POINT('',#9632);
#3280=VERTEX_POINT('',#9634);
#3281=VERTEX_POINT('',#9636);
#3282=VERTEX_POINT('',#9638);
#3283=VERTEX_POINT('',#9640);
#3284=VERTEX_POINT('',#9642);
#3285=VERTEX_POINT('',#9644);
#3286=VERTEX_POINT('',#9646);
#3287=VERTEX_POINT('',#9648);
#3288=VERTEX_POINT('',#9650);
#3289=VERTEX_POINT('',#9652);
#3290=VERTEX_POINT('',#9654);
#3291=VERTEX_POINT('',#9656);
#3292=VERTEX_POINT('',#9658);
#3293=VERTEX_POINT('',#9660);
#3294=VERTEX_POINT('',#9662);
#3295=VERTEX_POINT('',#9664);
#3296=VERTEX_POINT('',#9666);
#3297=VERTEX_POINT('',#9668);
#3298=VERTEX_POINT('',#9670);
#3299=VERTEX_POINT('',#9672);
#3300=VERTEX_POINT('',#9674);
#3301=VERTEX_POINT('',#9676);
#3302=VERTEX_POINT('',#9678);
#3303=VERTEX_POINT('',#9680);
#3304=VERTEX_POINT('',#9682);
#3305=VERTEX_POINT('',#9684);
#3306=VERTEX_POINT('',#9686);
#3307=VERTEX_POINT('',#9688);
#3308=VERTEX_POINT('',#9690);
#3309=VERTEX_POINT('',#9692);
#3310=VERTEX_POINT('',#9693);
#3311=VERTEX_POINT('',#9695);
#3312=VERTEX_POINT('',#9697);
#3313=VERTEX_POINT('',#9699);
#3314=VERTEX_POINT('',#9701);
#3315=VERTEX_POINT('',#9703);
#3316=VERTEX_POINT('',#9705);
#3317=VERTEX_POINT('',#9707);
#3318=VERTEX_POINT('',#9709);
#3319=VERTEX_POINT('',#9711);
#3320=VERTEX_POINT('',#9713);
#3321=VERTEX_POINT('',#9715);
#3322=VERTEX_POINT('',#9717);
#3323=VERTEX_POINT('',#9719);
#3324=VERTEX_POINT('',#9721);
#3325=VERTEX_POINT('',#9723);
#3326=VERTEX_POINT('',#9725);
#3327=VERTEX_POINT('',#9727);
#3328=VERTEX_POINT('',#9729);
#3329=VERTEX_POINT('',#9731);
#3330=VERTEX_POINT('',#9733);
#3331=VERTEX_POINT('',#9735);
#3332=VERTEX_POINT('',#9737);
#3333=VERTEX_POINT('',#9739);
#3334=VERTEX_POINT('',#9741);
#3335=VERTEX_POINT('',#9743);
#3336=VERTEX_POINT('',#9745);
#3337=VERTEX_POINT('',#9747);
#3338=VERTEX_POINT('',#9749);
#3339=VERTEX_POINT('',#9752);
#3340=VERTEX_POINT('',#9754);
#3341=VERTEX_POINT('',#9756);
#3342=VERTEX_POINT('',#9758);
#3343=VERTEX_POINT('',#9760);
#3344=VERTEX_POINT('',#9762);
#3345=VERTEX_POINT('',#9764);
#3346=VERTEX_POINT('',#9766);
#3347=VERTEX_POINT('',#9768);
#3348=VERTEX_POINT('',#9770);
#3349=VERTEX_POINT('',#9772);
#3350=VERTEX_POINT('',#9774);
#3351=VERTEX_POINT('',#9776);
#3352=VERTEX_POINT('',#9778);
#3353=VERTEX_POINT('',#9780);
#3354=VERTEX_POINT('',#9782);
#3355=VERTEX_POINT('',#9784);
#3356=VERTEX_POINT('',#9786);
#3357=VERTEX_POINT('',#9789);
#3358=VERTEX_POINT('',#9790);
#3359=VERTEX_POINT('',#9792);
#3360=VERTEX_POINT('',#9794);
#3361=VERTEX_POINT('',#9797);
#3362=VERTEX_POINT('',#9798);
#3363=VERTEX_POINT('',#9800);
#3364=VERTEX_POINT('',#9802);
#3365=VERTEX_POINT('',#9805);
#3366=VERTEX_POINT('',#9806);
#3367=VERTEX_POINT('',#9808);
#3368=VERTEX_POINT('',#9810);
#3369=VERTEX_POINT('',#9813);
#3370=VERTEX_POINT('',#9814);
#3371=VERTEX_POINT('',#9816);
#3372=VERTEX_POINT('',#9818);
#3373=VERTEX_POINT('',#9821);
#3374=VERTEX_POINT('',#9822);
#3375=VERTEX_POINT('',#9824);
#3376=VERTEX_POINT('',#9826);
#3377=VERTEX_POINT('',#9829);
#3378=VERTEX_POINT('',#9830);
#3379=VERTEX_POINT('',#9832);
#3380=VERTEX_POINT('',#9834);
#3381=VERTEX_POINT('',#9837);
#3382=VERTEX_POINT('',#9838);
#3383=VERTEX_POINT('',#9840);
#3384=VERTEX_POINT('',#9842);
#3385=VERTEX_POINT('',#9845);
#3386=VERTEX_POINT('',#9846);
#3387=VERTEX_POINT('',#9848);
#3388=VERTEX_POINT('',#9850);
#3389=VERTEX_POINT('',#9853);
#3390=VERTEX_POINT('',#9854);
#3391=VERTEX_POINT('',#9856);
#3392=VERTEX_POINT('',#9858);
#3393=VERTEX_POINT('',#9861);
#3394=VERTEX_POINT('',#9862);
#3395=VERTEX_POINT('',#9864);
#3396=VERTEX_POINT('',#9866);
#3397=VERTEX_POINT('',#9869);
#3398=VERTEX_POINT('',#9870);
#3399=VERTEX_POINT('',#9872);
#3400=VERTEX_POINT('',#9874);
#3401=VERTEX_POINT('',#9877);
#3402=VERTEX_POINT('',#9878);
#3403=VERTEX_POINT('',#9880);
#3404=VERTEX_POINT('',#9882);
#3405=VERTEX_POINT('',#9885);
#3406=VERTEX_POINT('',#9886);
#3407=VERTEX_POINT('',#9888);
#3408=VERTEX_POINT('',#9890);
#3409=VERTEX_POINT('',#9893);
#3410=VERTEX_POINT('',#9894);
#3411=VERTEX_POINT('',#9896);
#3412=VERTEX_POINT('',#9898);
#3413=VERTEX_POINT('',#9901);
#3414=VERTEX_POINT('',#9902);
#3415=VERTEX_POINT('',#9904);
#3416=VERTEX_POINT('',#9906);
#3417=VERTEX_POINT('',#9909);
#3418=VERTEX_POINT('',#9910);
#3419=VERTEX_POINT('',#9912);
#3420=VERTEX_POINT('',#9914);
#3421=VERTEX_POINT('',#9917);
#3422=VERTEX_POINT('',#9918);
#3423=VERTEX_POINT('',#9920);
#3424=VERTEX_POINT('',#9922);
#3425=VERTEX_POINT('',#9925);
#3426=VERTEX_POINT('',#9926);
#3427=VERTEX_POINT('',#9928);
#3428=VERTEX_POINT('',#9930);
#3429=VERTEX_POINT('',#9933);
#3430=VERTEX_POINT('',#9934);
#3431=VERTEX_POINT('',#9936);
#3432=VERTEX_POINT('',#9938);
#3433=VERTEX_POINT('',#9941);
#3434=VERTEX_POINT('',#9942);
#3435=VERTEX_POINT('',#9944);
#3436=VERTEX_POINT('',#9946);
#3437=VERTEX_POINT('',#9949);
#3438=VERTEX_POINT('',#9950);
#3439=VERTEX_POINT('',#9952);
#3440=VERTEX_POINT('',#9954);
#3441=VERTEX_POINT('',#9957);
#3442=VERTEX_POINT('',#9958);
#3443=VERTEX_POINT('',#9960);
#3444=VERTEX_POINT('',#9962);
#3445=VERTEX_POINT('',#9965);
#3446=VERTEX_POINT('',#9966);
#3447=VERTEX_POINT('',#9968);
#3448=VERTEX_POINT('',#9970);
#3449=VERTEX_POINT('',#9973);
#3450=VERTEX_POINT('',#9974);
#3451=VERTEX_POINT('',#9976);
#3452=VERTEX_POINT('',#9978);
#3453=LINE('',#8740,#4103);
#3454=LINE('',#8743,#4104);
#3455=LINE('',#8745,#4105);
#3456=LINE('',#8747,#4106);
#3457=LINE('',#8749,#4107);
#3458=LINE('',#8752,#4108);
#3459=LINE('',#8756,#4109);
#3460=LINE('',#8758,#4110);
#3461=LINE('',#8760,#4111);
#3462=LINE('',#8764,#4112);
#3463=LINE('',#8768,#4113);
#3464=LINE('',#8770,#4114);
#3465=LINE('',#8772,#4115);
#3466=LINE('',#8776,#4116);
#3467=LINE('',#8778,#4117);
#3468=LINE('',#8780,#4118);
#3469=LINE('',#8784,#4119);
#3470=LINE('',#8786,#4120);
#3471=LINE('',#8788,#4121);
#3472=LINE('',#8791,#4122);
#3473=LINE('',#8793,#4123);
#3474=LINE('',#8797,#4124);
#3475=LINE('',#8801,#4125);
#3476=LINE('',#8805,#4126);
#3477=LINE('',#8807,#4127);
#3478=LINE('',#8809,#4128);
#3479=LINE('',#8813,#4129);
#3480=LINE('',#8815,#4130);
#3481=LINE('',#8817,#4131);
#3482=LINE('',#8819,#4132);
#3483=LINE('',#8821,#4133);
#3484=LINE('',#8823,#4134);
#3485=LINE('',#8825,#4135);
#3486=LINE('',#8827,#4136);
#3487=LINE('',#8829,#4137);
#3488=LINE('',#8831,#4138);
#3489=LINE('',#8833,#4139);
#3490=LINE('',#8835,#4140);
#3491=LINE('',#8837,#4141);
#3492=LINE('',#8839,#4142);
#3493=LINE('',#8841,#4143);
#3494=LINE('',#8843,#4144);
#3495=LINE('',#8845,#4145);
#3496=LINE('',#8846,#4146);
#3497=LINE('',#8849,#4147);
#3498=LINE('',#8851,#4148);
#3499=LINE('',#8853,#4149);
#3500=LINE('',#8854,#4150);
#3501=LINE('',#8857,#4151);
#3502=LINE('',#8859,#4152);
#3503=LINE('',#8861,#4153);
#3504=LINE('',#8862,#4154);
#3505=LINE('',#8865,#4155);
#3506=LINE('',#8867,#4156);
#3507=LINE('',#8869,#4157);
#3508=LINE('',#8870,#4158);
#3509=LINE('',#8873,#4159);
#3510=LINE('',#8875,#4160);
#3511=LINE('',#8877,#4161);
#3512=LINE('',#8878,#4162);
#3513=LINE('',#8881,#4163);
#3514=LINE('',#8883,#4164);
#3515=LINE('',#8885,#4165);
#3516=LINE('',#8886,#4166);
#3517=LINE('',#8889,#4167);
#3518=LINE('',#8891,#4168);
#3519=LINE('',#8893,#4169);
#3520=LINE('',#8894,#4170);
#3521=LINE('',#8897,#4171);
#3522=LINE('',#8899,#4172);
#3523=LINE('',#8901,#4173);
#3524=LINE('',#8902,#4174);
#3525=LINE('',#8905,#4175);
#3526=LINE('',#8907,#4176);
#3527=LINE('',#8909,#4177);
#3528=LINE('',#8910,#4178);
#3529=LINE('',#8913,#4179);
#3530=LINE('',#8915,#4180);
#3531=LINE('',#8917,#4181);
#3532=LINE('',#8918,#4182);
#3533=LINE('',#8921,#4183);
#3534=LINE('',#8923,#4184);
#3535=LINE('',#8925,#4185);
#3536=LINE('',#8926,#4186);
#3537=LINE('',#8929,#4187);
#3538=LINE('',#8931,#4188);
#3539=LINE('',#8933,#4189);
#3540=LINE('',#8934,#4190);
#3541=LINE('',#8937,#4191);
#3542=LINE('',#8939,#4192);
#3543=LINE('',#8941,#4193);
#3544=LINE('',#8942,#4194);
#3545=LINE('',#8945,#4195);
#3546=LINE('',#8947,#4196);
#3547=LINE('',#8949,#4197);
#3548=LINE('',#8950,#4198);
#3549=LINE('',#8953,#4199);
#3550=LINE('',#8955,#4200);
#3551=LINE('',#8957,#4201);
#3552=LINE('',#8958,#4202);
#3553=LINE('',#8961,#4203);
#3554=LINE('',#8963,#4204);
#3555=LINE('',#8965,#4205);
#3556=LINE('',#8966,#4206);
#3557=LINE('',#8969,#4207);
#3558=LINE('',#8971,#4208);
#3559=LINE('',#8973,#4209);
#3560=LINE('',#8974,#4210);
#3561=LINE('',#8977,#4211);
#3562=LINE('',#8979,#4212);
#3563=LINE('',#8981,#4213);
#3564=LINE('',#8982,#4214);
#3565=LINE('',#8985,#4215);
#3566=LINE('',#8987,#4216);
#3567=LINE('',#8989,#4217);
#3568=LINE('',#8990,#4218);
#3569=LINE('',#8993,#4219);
#3570=LINE('',#8995,#4220);
#3571=LINE('',#8997,#4221);
#3572=LINE('',#8998,#4222);
#3573=LINE('',#9001,#4223);
#3574=LINE('',#9003,#4224);
#3575=LINE('',#9005,#4225);
#3576=LINE('',#9006,#4226);
#3577=LINE('',#9009,#4227);
#3578=LINE('',#9011,#4228);
#3579=LINE('',#9013,#4229);
#3580=LINE('',#9014,#4230);
#3581=LINE('',#9017,#4231);
#3582=LINE('',#9019,#4232);
#3583=LINE('',#9021,#4233);
#3584=LINE('',#9022,#4234);
#3585=LINE('',#9025,#4235);
#3586=LINE('',#9027,#4236);
#3587=LINE('',#9029,#4237);
#3588=LINE('',#9030,#4238);
#3589=LINE('',#9033,#4239);
#3590=LINE('',#9035,#4240);
#3591=LINE('',#9037,#4241);
#3592=LINE('',#9198,#4242);
#3593=LINE('',#9201,#4243);
#3594=LINE('',#9203,#4244);
#3595=LINE('',#9205,#4245);
#3596=LINE('',#9207,#4246);
#3597=LINE('',#9211,#4247);
#3598=LINE('',#9213,#4248);
#3599=LINE('',#9215,#4249);
#3600=LINE('',#9219,#4250);
#3601=LINE('',#9223,#4251);
#3602=LINE('',#9225,#4252);
#3603=LINE('',#9227,#4253);
#3604=LINE('',#9231,#4254);
#3605=LINE('',#9233,#4255);
#3606=LINE('',#9235,#4256);
#3607=LINE('',#9237,#4257);
#3608=LINE('',#9238,#4258);
#3609=LINE('',#9241,#4259);
#3610=LINE('',#9243,#4260);
#3611=LINE('',#9245,#4261);
#3612=LINE('',#9246,#4262);
#3613=LINE('',#9249,#4263);
#3614=LINE('',#9251,#4264);
#3615=LINE('',#9253,#4265);
#3616=LINE('',#9254,#4266);
#3617=LINE('',#9257,#4267);
#3618=LINE('',#9259,#4268);
#3619=LINE('',#9261,#4269);
#3620=LINE('',#9262,#4270);
#3621=LINE('',#9265,#4271);
#3622=LINE('',#9267,#4272);
#3623=LINE('',#9269,#4273);
#3624=LINE('',#9270,#4274);
#3625=LINE('',#9273,#4275);
#3626=LINE('',#9275,#4276);
#3627=LINE('',#9277,#4277);
#3628=LINE('',#9278,#4278);
#3629=LINE('',#9281,#4279);
#3630=LINE('',#9283,#4280);
#3631=LINE('',#9285,#4281);
#3632=LINE('',#9286,#4282);
#3633=LINE('',#9289,#4283);
#3634=LINE('',#9291,#4284);
#3635=LINE('',#9293,#4285);
#3636=LINE('',#9294,#4286);
#3637=LINE('',#9297,#4287);
#3638=LINE('',#9299,#4288);
#3639=LINE('',#9301,#4289);
#3640=LINE('',#9302,#4290);
#3641=LINE('',#9305,#4291);
#3642=LINE('',#9307,#4292);
#3643=LINE('',#9309,#4293);
#3644=LINE('',#9310,#4294);
#3645=LINE('',#9313,#4295);
#3646=LINE('',#9315,#4296);
#3647=LINE('',#9317,#4297);
#3648=LINE('',#9318,#4298);
#3649=LINE('',#9321,#4299);
#3650=LINE('',#9323,#4300);
#3651=LINE('',#9325,#4301);
#3652=LINE('',#9326,#4302);
#3653=LINE('',#9329,#4303);
#3654=LINE('',#9331,#4304);
#3655=LINE('',#9333,#4305);
#3656=LINE('',#9334,#4306);
#3657=LINE('',#9337,#4307);
#3658=LINE('',#9339,#4308);
#3659=LINE('',#9341,#4309);
#3660=LINE('',#9342,#4310);
#3661=LINE('',#9345,#4311);
#3662=LINE('',#9347,#4312);
#3663=LINE('',#9349,#4313);
#3664=LINE('',#9350,#4314);
#3665=LINE('',#9353,#4315);
#3666=LINE('',#9355,#4316);
#3667=LINE('',#9357,#4317);
#3668=LINE('',#9371,#4318);
#3669=LINE('',#9374,#4319);
#3670=LINE('',#9376,#4320);
#3671=LINE('',#9378,#4321);
#3672=LINE('',#9379,#4322);
#3673=LINE('',#9382,#4323);
#3674=LINE('',#9384,#4324);
#3675=LINE('',#9386,#4325);
#3676=LINE('',#9387,#4326);
#3677=LINE('',#9390,#4327);
#3678=LINE('',#9392,#4328);
#3679=LINE('',#9394,#4329);
#3680=LINE('',#9395,#4330);
#3681=LINE('',#9398,#4331);
#3682=LINE('',#9400,#4332);
#3683=LINE('',#9402,#4333);
#3684=LINE('',#9403,#4334);
#3685=LINE('',#9406,#4335);
#3686=LINE('',#9408,#4336);
#3687=LINE('',#9410,#4337);
#3688=LINE('',#9411,#4338);
#3689=LINE('',#9414,#4339);
#3690=LINE('',#9416,#4340);
#3691=LINE('',#9418,#4341);
#3692=LINE('',#9419,#4342);
#3693=LINE('',#9422,#4343);
#3694=LINE('',#9424,#4344);
#3695=LINE('',#9426,#4345);
#3696=LINE('',#9427,#4346);
#3697=LINE('',#9430,#4347);
#3698=LINE('',#9432,#4348);
#3699=LINE('',#9434,#4349);
#3700=LINE('',#9435,#4350);
#3701=LINE('',#9438,#4351);
#3702=LINE('',#9440,#4352);
#3703=LINE('',#9442,#4353);
#3704=LINE('',#9443,#4354);
#3705=LINE('',#9446,#4355);
#3706=LINE('',#9448,#4356);
#3707=LINE('',#9450,#4357);
#3708=LINE('',#9451,#4358);
#3709=LINE('',#9454,#4359);
#3710=LINE('',#9456,#4360);
#3711=LINE('',#9458,#4361);
#3712=LINE('',#9459,#4362);
#3713=LINE('',#9462,#4363);
#3714=LINE('',#9464,#4364);
#3715=LINE('',#9466,#4365);
#3716=LINE('',#9467,#4366);
#3717=LINE('',#9470,#4367);
#3718=LINE('',#9472,#4368);
#3719=LINE('',#9474,#4369);
#3720=LINE('',#9475,#4370);
#3721=LINE('',#9478,#4371);
#3722=LINE('',#9480,#4372);
#3723=LINE('',#9482,#4373);
#3724=LINE('',#9483,#4374);
#3725=LINE('',#9486,#4375);
#3726=LINE('',#9488,#4376);
#3727=LINE('',#9490,#4377);
#3728=LINE('',#9491,#4378);
#3729=LINE('',#9494,#4379);
#3730=LINE('',#9496,#4380);
#3731=LINE('',#9498,#4381);
#3732=LINE('',#9500,#4382);
#3733=LINE('',#9504,#4383);
#3734=LINE('',#9506,#4384);
#3735=LINE('',#9508,#4385);
#3736=LINE('',#9512,#4386);
#3737=LINE('',#9516,#4387);
#3738=LINE('',#9518,#4388);
#3739=LINE('',#9520,#4389);
#3740=LINE('',#9524,#4390);
#3741=LINE('',#9526,#4391);
#3742=LINE('',#9528,#4392);
#3743=LINE('',#9530,#4393);
#3744=LINE('',#9691,#4394);
#3745=LINE('',#9694,#4395);
#3746=LINE('',#9696,#4396);
#3747=LINE('',#9698,#4397);
#3748=LINE('',#9700,#4398);
#3749=LINE('',#9702,#4399);
#3750=LINE('',#9704,#4400);
#3751=LINE('',#9706,#4401);
#3752=LINE('',#9708,#4402);
#3753=LINE('',#9710,#4403);
#3754=LINE('',#9712,#4404);
#3755=LINE('',#9714,#4405);
#3756=LINE('',#9716,#4406);
#3757=LINE('',#9718,#4407);
#3758=LINE('',#9720,#4408);
#3759=LINE('',#9722,#4409);
#3760=LINE('',#9724,#4410);
#3761=LINE('',#9726,#4411);
#3762=LINE('',#9728,#4412);
#3763=LINE('',#9732,#4413);
#3764=LINE('',#9734,#4414);
#3765=LINE('',#9736,#4415);
#3766=LINE('',#9740,#4416);
#3767=LINE('',#9744,#4417);
#3768=LINE('',#9748,#4418);
#3769=LINE('',#9750,#4419);
#3770=LINE('',#9753,#4420);
#3771=LINE('',#9755,#4421);
#3772=LINE('',#9757,#4422);
#3773=LINE('',#9761,#4423);
#3774=LINE('',#9763,#4424);
#3775=LINE('',#9765,#4425);
#3776=LINE('',#9769,#4426);
#3777=LINE('',#9771,#4427);
#3778=LINE('',#9773,#4428);
#3779=LINE('',#9777,#4429);
#3780=LINE('',#9781,#4430);
#3781=LINE('',#9783,#4431);
#3782=LINE('',#9785,#4432);
#3783=LINE('',#9788,#4433);
#3784=LINE('',#9791,#4434);
#3785=LINE('',#9793,#4435);
#3786=LINE('',#9795,#4436);
#3787=LINE('',#9796,#4437);
#3788=LINE('',#9799,#4438);
#3789=LINE('',#9801,#4439);
#3790=LINE('',#9803,#4440);
#3791=LINE('',#9804,#4441);
#3792=LINE('',#9807,#4442);
#3793=LINE('',#9809,#4443);
#3794=LINE('',#9811,#4444);
#3795=LINE('',#9812,#4445);
#3796=LINE('',#9815,#4446);
#3797=LINE('',#9817,#4447);
#3798=LINE('',#9819,#4448);
#3799=LINE('',#9820,#4449);
#3800=LINE('',#9823,#4450);
#3801=LINE('',#9825,#4451);
#3802=LINE('',#9827,#4452);
#3803=LINE('',#9828,#4453);
#3804=LINE('',#9831,#4454);
#3805=LINE('',#9833,#4455);
#3806=LINE('',#9835,#4456);
#3807=LINE('',#9836,#4457);
#3808=LINE('',#9839,#4458);
#3809=LINE('',#9841,#4459);
#3810=LINE('',#9843,#4460);
#3811=LINE('',#9844,#4461);
#3812=LINE('',#9847,#4462);
#3813=LINE('',#9849,#4463);
#3814=LINE('',#9851,#4464);
#3815=LINE('',#9852,#4465);
#3816=LINE('',#9855,#4466);
#3817=LINE('',#9857,#4467);
#3818=LINE('',#9859,#4468);
#3819=LINE('',#9860,#4469);
#3820=LINE('',#9863,#4470);
#3821=LINE('',#9865,#4471);
#3822=LINE('',#9867,#4472);
#3823=LINE('',#9868,#4473);
#3824=LINE('',#9871,#4474);
#3825=LINE('',#9873,#4475);
#3826=LINE('',#9875,#4476);
#3827=LINE('',#9876,#4477);
#3828=LINE('',#9879,#4478);
#3829=LINE('',#9881,#4479);
#3830=LINE('',#9883,#4480);
#3831=LINE('',#9884,#4481);
#3832=LINE('',#9887,#4482);
#3833=LINE('',#9889,#4483);
#3834=LINE('',#9891,#4484);
#3835=LINE('',#9892,#4485);
#3836=LINE('',#9895,#4486);
#3837=LINE('',#9897,#4487);
#3838=LINE('',#9899,#4488);
#3839=LINE('',#9900,#4489);
#3840=LINE('',#9903,#4490);
#3841=LINE('',#9905,#4491);
#3842=LINE('',#9907,#4492);
#3843=LINE('',#9908,#4493);
#3844=LINE('',#9911,#4494);
#3845=LINE('',#9913,#4495);
#3846=LINE('',#9915,#4496);
#3847=LINE('',#9916,#4497);
#3848=LINE('',#9919,#4498);
#3849=LINE('',#9921,#4499);
#3850=LINE('',#9923,#4500);
#3851=LINE('',#9924,#4501);
#3852=LINE('',#9927,#4502);
#3853=LINE('',#9929,#4503);
#3854=LINE('',#9931,#4504);
#3855=LINE('',#9932,#4505);
#3856=LINE('',#9935,#4506);
#3857=LINE('',#9937,#4507);
#3858=LINE('',#9939,#4508);
#3859=LINE('',#9940,#4509);
#3860=LINE('',#9943,#4510);
#3861=LINE('',#9945,#4511);
#3862=LINE('',#9947,#4512);
#3863=LINE('',#9948,#4513);
#3864=LINE('',#9951,#4514);
#3865=LINE('',#9953,#4515);
#3866=LINE('',#9955,#4516);
#3867=LINE('',#9956,#4517);
#3868=LINE('',#9959,#4518);
#3869=LINE('',#9961,#4519);
#3870=LINE('',#9963,#4520);
#3871=LINE('',#9964,#4521);
#3872=LINE('',#9967,#4522);
#3873=LINE('',#9969,#4523);
#3874=LINE('',#9971,#4524);
#3875=LINE('',#9972,#4525);
#3876=LINE('',#9975,#4526);
#3877=LINE('',#9977,#4527);
#3878=LINE('',#9979,#4528);
#3879=LINE('',#9981,#4529);
#3880=LINE('',#9982,#4530);
#3881=LINE('',#9984,#4531);
#3882=LINE('',#9986,#4532);
#3883=LINE('',#9988,#4533);
#3884=LINE('',#9989,#4534);
#3885=LINE('',#9991,#4535);
#3886=LINE('',#9993,#4536);
#3887=LINE('',#9995,#4537);
#3888=LINE('',#9996,#4538);
#3889=LINE('',#9998,#4539);
#3890=LINE('',#10000,#4540);
#3891=LINE('',#10002,#4541);
#3892=LINE('',#10003,#4542);
#3893=LINE('',#10005,#4543);
#3894=LINE('',#10007,#4544);
#3895=LINE('',#10009,#4545);
#3896=LINE('',#10010,#4546);
#3897=LINE('',#10012,#4547);
#3898=LINE('',#10014,#4548);
#3899=LINE('',#10016,#4549);
#3900=LINE('',#10017,#4550);
#3901=LINE('',#10019,#4551);
#3902=LINE('',#10021,#4552);
#3903=LINE('',#10023,#4553);
#3904=LINE('',#10024,#4554);
#3905=LINE('',#10026,#4555);
#3906=LINE('',#10028,#4556);
#3907=LINE('',#10030,#4557);
#3908=LINE('',#10031,#4558);
#3909=LINE('',#10033,#4559);
#3910=LINE('',#10035,#4560);
#3911=LINE('',#10037,#4561);
#3912=LINE('',#10038,#4562);
#3913=LINE('',#10040,#4563);
#3914=LINE('',#10042,#4564);
#3915=LINE('',#10044,#4565);
#3916=LINE('',#10045,#4566);
#3917=LINE('',#10047,#4567);
#3918=LINE('',#10049,#4568);
#3919=LINE('',#10051,#4569);
#3920=LINE('',#10052,#4570);
#3921=LINE('',#10054,#4571);
#3922=LINE('',#10056,#4572);
#3923=LINE('',#10058,#4573);
#3924=LINE('',#10059,#4574);
#3925=LINE('',#10061,#4575);
#3926=LINE('',#10063,#4576);
#3927=LINE('',#10065,#4577);
#3928=LINE('',#10066,#4578);
#3929=LINE('',#10068,#4579);
#3930=LINE('',#10070,#4580);
#3931=LINE('',#10072,#4581);
#3932=LINE('',#10073,#4582);
#3933=LINE('',#10075,#4583);
#3934=LINE('',#10077,#4584);
#3935=LINE('',#10079,#4585);
#3936=LINE('',#10080,#4586);
#3937=LINE('',#10082,#4587);
#3938=LINE('',#10084,#4588);
#3939=LINE('',#10086,#4589);
#3940=LINE('',#10087,#4590);
#3941=LINE('',#10089,#4591);
#3942=LINE('',#10091,#4592);
#3943=LINE('',#10093,#4593);
#3944=LINE('',#10095,#4594);
#3945=LINE('',#10097,#4595);
#3946=LINE('',#10099,#4596);
#3947=LINE('',#10101,#4597);
#3948=LINE('',#10103,#4598);
#3949=LINE('',#10105,#4599);
#3950=LINE('',#10107,#4600);
#3951=LINE('',#10109,#4601);
#3952=LINE('',#10111,#4602);
#3953=LINE('',#10113,#4603);
#3954=LINE('',#10115,#4604);
#3955=LINE('',#10117,#4605);
#3956=LINE('',#10119,#4606);
#3957=LINE('',#10121,#4607);
#3958=LINE('',#10123,#4608);
#3959=LINE('',#10125,#4609);
#3960=LINE('',#10126,#4610);
#3961=LINE('',#10128,#4611);
#3962=LINE('',#10129,#4612);
#3963=LINE('',#10131,#4613);
#3964=LINE('',#10133,#4614);
#3965=LINE('',#10135,#4615);
#3966=LINE('',#10136,#4616);
#3967=LINE('',#10138,#4617);
#3968=LINE('',#10139,#4618);
#3969=LINE('',#10141,#4619);
#3970=LINE('',#10143,#4620);
#3971=LINE('',#10145,#4621);
#3972=LINE('',#10146,#4622);
#3973=LINE('',#10148,#4623);
#3974=LINE('',#10150,#4624);
#3975=LINE('',#10152,#4625);
#3976=LINE('',#10153,#4626);
#3977=LINE('',#10155,#4627);
#3978=LINE('',#10157,#4628);
#3979=LINE('',#10159,#4629);
#3980=LINE('',#10160,#4630);
#3981=LINE('',#10162,#4631);
#3982=LINE('',#10164,#4632);
#3983=LINE('',#10166,#4633);
#3984=LINE('',#10167,#4634);
#3985=LINE('',#10169,#4635);
#3986=LINE('',#10171,#4636);
#3987=LINE('',#10173,#4637);
#3988=LINE('',#10175,#4638);
#3989=LINE('',#10177,#4639);
#3990=LINE('',#10179,#4640);
#3991=LINE('',#10181,#4641);
#3992=LINE('',#10183,#4642);
#3993=LINE('',#10185,#4643);
#3994=LINE('',#10187,#4644);
#3995=LINE('',#10189,#4645);
#3996=LINE('',#10191,#4646);
#3997=LINE('',#10193,#4647);
#3998=LINE('',#10194,#4648);
#3999=LINE('',#10196,#4649);
#4000=LINE('',#10198,#4650);
#4001=LINE('',#10200,#4651);
#4002=LINE('',#10201,#4652);
#4003=LINE('',#10203,#4653);
#4004=LINE('',#10205,#4654);
#4005=LINE('',#10207,#4655);
#4006=LINE('',#10208,#4656);
#4007=LINE('',#10210,#4657);
#4008=LINE('',#10212,#4658);
#4009=LINE('',#10214,#4659);
#4010=LINE('',#10215,#4660);
#4011=LINE('',#10217,#4661);
#4012=LINE('',#10219,#4662);
#4013=LINE('',#10221,#4663);
#4014=LINE('',#10222,#4664);
#4015=LINE('',#10224,#4665);
#4016=LINE('',#10226,#4666);
#4017=LINE('',#10228,#4667);
#4018=LINE('',#10229,#4668);
#4019=LINE('',#10231,#4669);
#4020=LINE('',#10233,#4670);
#4021=LINE('',#10235,#4671);
#4022=LINE('',#10236,#4672);
#4023=LINE('',#10238,#4673);
#4024=LINE('',#10240,#4674);
#4025=LINE('',#10242,#4675);
#4026=LINE('',#10243,#4676);
#4027=LINE('',#10245,#4677);
#4028=LINE('',#10247,#4678);
#4029=LINE('',#10249,#4679);
#4030=LINE('',#10250,#4680);
#4031=LINE('',#10252,#4681);
#4032=LINE('',#10254,#4682);
#4033=LINE('',#10256,#4683);
#4034=LINE('',#10257,#4684);
#4035=LINE('',#10259,#4685);
#4036=LINE('',#10261,#4686);
#4037=LINE('',#10263,#4687);
#4038=LINE('',#10264,#4688);
#4039=LINE('',#10266,#4689);
#4040=LINE('',#10268,#4690);
#4041=LINE('',#10270,#4691);
#4042=LINE('',#10271,#4692);
#4043=LINE('',#10273,#4693);
#4044=LINE('',#10275,#4694);
#4045=LINE('',#10277,#4695);
#4046=LINE('',#10278,#4696);
#4047=LINE('',#10280,#4697);
#4048=LINE('',#10282,#4698);
#4049=LINE('',#10284,#4699);
#4050=LINE('',#10285,#4700);
#4051=LINE('',#10287,#4701);
#4052=LINE('',#10289,#4702);
#4053=LINE('',#10291,#4703);
#4054=LINE('',#10292,#4704);
#4055=LINE('',#10294,#4705);
#4056=LINE('',#10296,#4706);
#4057=LINE('',#10298,#4707);
#4058=LINE('',#10299,#4708);
#4059=LINE('',#10301,#4709);
#4060=LINE('',#10303,#4710);
#4061=LINE('',#10305,#4711);
#4062=LINE('',#10306,#4712);
#4063=LINE('',#10308,#4713);
#4064=LINE('',#10310,#4714);
#4065=LINE('',#10312,#4715);
#4066=LINE('',#10313,#4716);
#4067=LINE('',#10315,#4717);
#4068=LINE('',#10317,#4718);
#4069=LINE('',#10319,#4719);
#4070=LINE('',#10320,#4720);
#4071=LINE('',#10322,#4721);
#4072=LINE('',#10324,#4722);
#4073=LINE('',#10326,#4723);
#4074=LINE('',#10327,#4724);
#4075=LINE('',#10329,#4725);
#4076=LINE('',#10331,#4726);
#4077=LINE('',#10333,#4727);
#4078=LINE('',#10334,#4728);
#4079=LINE('',#10336,#4729);
#4080=LINE('',#10338,#4730);
#4081=LINE('',#10340,#4731);
#4082=LINE('',#10341,#4732);
#4083=LINE('',#10343,#4733);
#4084=LINE('',#10345,#4734);
#4085=LINE('',#10347,#4735);
#4086=LINE('',#10348,#4736);
#4087=LINE('',#10350,#4737);
#4088=LINE('',#10352,#4738);
#4089=LINE('',#10354,#4739);
#4090=LINE('',#10355,#4740);
#4091=LINE('',#10357,#4741);
#4092=LINE('',#10359,#4742);
#4093=LINE('',#10492,#4743);
#4094=LINE('',#10494,#4744);
#4095=LINE('',#10496,#4745);
#4096=LINE('',#10498,#4746);
#4097=LINE('',#10500,#4747);
#4098=LINE('',#10502,#4748);
#4099=LINE('',#10504,#4749);
#4100=LINE('',#10506,#4750);
#4101=LINE('',#10508,#4751);
#4102=LINE('',#10510,#4752);
#4103=VECTOR('',#7080,1.);
#4104=VECTOR('',#7081,1.);
#4105=VECTOR('',#7082,1.);
#4106=VECTOR('',#7083,1.);
#4107=VECTOR('',#7086,1.);
#4108=VECTOR('',#7087,1.);
#4109=VECTOR('',#7090,1.);
#4110=VECTOR('',#7091,1.);
#4111=VECTOR('',#7092,1.);
#4112=VECTOR('',#7095,1.);
#4113=VECTOR('',#7098,1.);
#4114=VECTOR('',#7099,1.);
#4115=VECTOR('',#7100,1.);
#4116=VECTOR('',#7103,1.);
#4117=VECTOR('',#7104,1.);
#4118=VECTOR('',#7105,1.);
#4119=VECTOR('',#7108,1.);
#4120=VECTOR('',#7109,1.);
#4121=VECTOR('',#7110,1.);
#4122=VECTOR('',#7113,1.);
#4123=VECTOR('',#7114,1.);
#4124=VECTOR('',#7117,1.);
#4125=VECTOR('',#7120,1.);
#4126=VECTOR('',#7123,1.);
#4127=VECTOR('',#7124,1.);
#4128=VECTOR('',#7125,1.);
#4129=VECTOR('',#7128,1.);
#4130=VECTOR('',#7129,1.);
#4131=VECTOR('',#7130,1.);
#4132=VECTOR('',#7131,1.);
#4133=VECTOR('',#7132,1.);
#4134=VECTOR('',#7133,1.);
#4135=VECTOR('',#7134,1.);
#4136=VECTOR('',#7135,1.);
#4137=VECTOR('',#7136,1.);
#4138=VECTOR('',#7137,1.);
#4139=VECTOR('',#7138,1.);
#4140=VECTOR('',#7139,1.);
#4141=VECTOR('',#7140,1.);
#4142=VECTOR('',#7141,1.);
#4143=VECTOR('',#7142,1.);
#4144=VECTOR('',#7143,1.);
#4145=VECTOR('',#7144,1.);
#4146=VECTOR('',#7145,1.);
#4147=VECTOR('',#7146,1.);
#4148=VECTOR('',#7147,1.);
#4149=VECTOR('',#7148,1.);
#4150=VECTOR('',#7149,1.);
#4151=VECTOR('',#7150,1.);
#4152=VECTOR('',#7151,1.);
#4153=VECTOR('',#7152,1.);
#4154=VECTOR('',#7153,1.);
#4155=VECTOR('',#7154,1.);
#4156=VECTOR('',#7155,1.);
#4157=VECTOR('',#7156,1.);
#4158=VECTOR('',#7157,1.);
#4159=VECTOR('',#7158,1.);
#4160=VECTOR('',#7159,1.);
#4161=VECTOR('',#7160,1.);
#4162=VECTOR('',#7161,1.);
#4163=VECTOR('',#7162,1.);
#4164=VECTOR('',#7163,1.);
#4165=VECTOR('',#7164,1.);
#4166=VECTOR('',#7165,1.);
#4167=VECTOR('',#7166,1.);
#4168=VECTOR('',#7167,1.);
#4169=VECTOR('',#7168,1.);
#4170=VECTOR('',#7169,1.);
#4171=VECTOR('',#7170,1.);
#4172=VECTOR('',#7171,1.);
#4173=VECTOR('',#7172,1.);
#4174=VECTOR('',#7173,1.);
#4175=VECTOR('',#7174,1.);
#4176=VECTOR('',#7175,1.);
#4177=VECTOR('',#7176,1.);
#4178=VECTOR('',#7177,1.);
#4179=VECTOR('',#7178,1.);
#4180=VECTOR('',#7179,1.);
#4181=VECTOR('',#7180,1.);
#4182=VECTOR('',#7181,1.);
#4183=VECTOR('',#7182,1.);
#4184=VECTOR('',#7183,1.);
#4185=VECTOR('',#7184,1.);
#4186=VECTOR('',#7185,1.);
#4187=VECTOR('',#7186,1.);
#4188=VECTOR('',#7187,1.);
#4189=VECTOR('',#7188,1.);
#4190=VECTOR('',#7189,1.);
#4191=VECTOR('',#7190,1.);
#4192=VECTOR('',#7191,1.);
#4193=VECTOR('',#7192,1.);
#4194=VECTOR('',#7193,1.);
#4195=VECTOR('',#7194,1.);
#4196=VECTOR('',#7195,1.);
#4197=VECTOR('',#7196,1.);
#4198=VECTOR('',#7197,1.);
#4199=VECTOR('',#7198,1.);
#4200=VECTOR('',#7199,1.);
#4201=VECTOR('',#7200,1.);
#4202=VECTOR('',#7201,1.);
#4203=VECTOR('',#7202,1.);
#4204=VECTOR('',#7203,1.);
#4205=VECTOR('',#7204,1.);
#4206=VECTOR('',#7205,1.);
#4207=VECTOR('',#7206,1.);
#4208=VECTOR('',#7207,1.);
#4209=VECTOR('',#7208,1.);
#4210=VECTOR('',#7209,1.);
#4211=VECTOR('',#7210,1.);
#4212=VECTOR('',#7211,1.);
#4213=VECTOR('',#7212,1.);
#4214=VECTOR('',#7213,1.);
#4215=VECTOR('',#7214,1.);
#4216=VECTOR('',#7215,1.);
#4217=VECTOR('',#7216,1.);
#4218=VECTOR('',#7217,1.);
#4219=VECTOR('',#7218,1.);
#4220=VECTOR('',#7219,1.);
#4221=VECTOR('',#7220,1.);
#4222=VECTOR('',#7221,1.);
#4223=VECTOR('',#7222,1.);
#4224=VECTOR('',#7223,1.);
#4225=VECTOR('',#7224,1.);
#4226=VECTOR('',#7225,1.);
#4227=VECTOR('',#7226,1.);
#4228=VECTOR('',#7227,1.);
#4229=VECTOR('',#7228,1.);
#4230=VECTOR('',#7229,1.);
#4231=VECTOR('',#7230,1.);
#4232=VECTOR('',#7231,1.);
#4233=VECTOR('',#7232,1.);
#4234=VECTOR('',#7233,1.);
#4235=VECTOR('',#7234,1.);
#4236=VECTOR('',#7235,1.);
#4237=VECTOR('',#7236,1.);
#4238=VECTOR('',#7237,1.);
#4239=VECTOR('',#7238,1.);
#4240=VECTOR('',#7239,1.);
#4241=VECTOR('',#7240,1.);
#4242=VECTOR('',#7401,1.);
#4243=VECTOR('',#7402,1.);
#4244=VECTOR('',#7403,1.);
#4245=VECTOR('',#7404,1.);
#4246=VECTOR('',#7405,1.);
#4247=VECTOR('',#7408,1.);
#4248=VECTOR('',#7409,1.);
#4249=VECTOR('',#7410,1.);
#4250=VECTOR('',#7413,1.);
#4251=VECTOR('',#7416,1.);
#4252=VECTOR('',#7417,1.);
#4253=VECTOR('',#7418,1.);
#4254=VECTOR('',#7421,1.);
#4255=VECTOR('',#7422,1.);
#4256=VECTOR('',#7423,1.);
#4257=VECTOR('',#7424,1.);
#4258=VECTOR('',#7425,1.);
#4259=VECTOR('',#7426,1.);
#4260=VECTOR('',#7427,1.);
#4261=VECTOR('',#7428,1.);
#4262=VECTOR('',#7429,1.);
#4263=VECTOR('',#7430,1.);
#4264=VECTOR('',#7431,1.);
#4265=VECTOR('',#7432,1.);
#4266=VECTOR('',#7433,1.);
#4267=VECTOR('',#7434,1.);
#4268=VECTOR('',#7435,1.);
#4269=VECTOR('',#7436,1.);
#4270=VECTOR('',#7437,1.);
#4271=VECTOR('',#7438,1.);
#4272=VECTOR('',#7439,1.);
#4273=VECTOR('',#7440,1.);
#4274=VECTOR('',#7441,1.);
#4275=VECTOR('',#7442,1.);
#4276=VECTOR('',#7443,1.);
#4277=VECTOR('',#7444,1.);
#4278=VECTOR('',#7445,1.);
#4279=VECTOR('',#7446,1.);
#4280=VECTOR('',#7447,1.);
#4281=VECTOR('',#7448,1.);
#4282=VECTOR('',#7449,1.);
#4283=VECTOR('',#7450,1.);
#4284=VECTOR('',#7451,1.);
#4285=VECTOR('',#7452,1.);
#4286=VECTOR('',#7453,1.);
#4287=VECTOR('',#7454,1.);
#4288=VECTOR('',#7455,1.);
#4289=VECTOR('',#7456,1.);
#4290=VECTOR('',#7457,1.);
#4291=VECTOR('',#7458,1.);
#4292=VECTOR('',#7459,1.);
#4293=VECTOR('',#7460,1.);
#4294=VECTOR('',#7461,1.);
#4295=VECTOR('',#7462,1.);
#4296=VECTOR('',#7463,1.);
#4297=VECTOR('',#7464,1.);
#4298=VECTOR('',#7465,1.);
#4299=VECTOR('',#7466,1.);
#4300=VECTOR('',#7467,1.);
#4301=VECTOR('',#7468,1.);
#4302=VECTOR('',#7469,1.);
#4303=VECTOR('',#7470,1.);
#4304=VECTOR('',#7471,1.);
#4305=VECTOR('',#7472,1.);
#4306=VECTOR('',#7473,1.);
#4307=VECTOR('',#7474,1.);
#4308=VECTOR('',#7475,1.);
#4309=VECTOR('',#7476,1.);
#4310=VECTOR('',#7477,1.);
#4311=VECTOR('',#7478,1.);
#4312=VECTOR('',#7479,1.);
#4313=VECTOR('',#7480,1.);
#4314=VECTOR('',#7481,1.);
#4315=VECTOR('',#7482,1.);
#4316=VECTOR('',#7483,1.);
#4317=VECTOR('',#7484,1.);
#4318=VECTOR('',#7499,1.);
#4319=VECTOR('',#7500,1.);
#4320=VECTOR('',#7501,1.);
#4321=VECTOR('',#7502,1.);
#4322=VECTOR('',#7503,1.);
#4323=VECTOR('',#7504,1.);
#4324=VECTOR('',#7505,1.);
#4325=VECTOR('',#7506,1.);
#4326=VECTOR('',#7507,1.);
#4327=VECTOR('',#7508,1.);
#4328=VECTOR('',#7509,1.);
#4329=VECTOR('',#7510,1.);
#4330=VECTOR('',#7511,1.);
#4331=VECTOR('',#7512,1.);
#4332=VECTOR('',#7513,1.);
#4333=VECTOR('',#7514,1.);
#4334=VECTOR('',#7515,1.);
#4335=VECTOR('',#7516,1.);
#4336=VECTOR('',#7517,1.);
#4337=VECTOR('',#7518,1.);
#4338=VECTOR('',#7519,1.);
#4339=VECTOR('',#7520,1.);
#4340=VECTOR('',#7521,1.);
#4341=VECTOR('',#7522,1.);
#4342=VECTOR('',#7523,1.);
#4343=VECTOR('',#7524,1.);
#4344=VECTOR('',#7525,1.);
#4345=VECTOR('',#7526,1.);
#4346=VECTOR('',#7527,1.);
#4347=VECTOR('',#7528,1.);
#4348=VECTOR('',#7529,1.);
#4349=VECTOR('',#7530,1.);
#4350=VECTOR('',#7531,1.);
#4351=VECTOR('',#7532,1.);
#4352=VECTOR('',#7533,1.);
#4353=VECTOR('',#7534,1.);
#4354=VECTOR('',#7535,1.);
#4355=VECTOR('',#7536,1.);
#4356=VECTOR('',#7537,1.);
#4357=VECTOR('',#7538,1.);
#4358=VECTOR('',#7539,1.);
#4359=VECTOR('',#7540,1.);
#4360=VECTOR('',#7541,1.);
#4361=VECTOR('',#7542,1.);
#4362=VECTOR('',#7543,1.);
#4363=VECTOR('',#7544,1.);
#4364=VECTOR('',#7545,1.);
#4365=VECTOR('',#7546,1.);
#4366=VECTOR('',#7547,1.);
#4367=VECTOR('',#7548,1.);
#4368=VECTOR('',#7549,1.);
#4369=VECTOR('',#7550,1.);
#4370=VECTOR('',#7551,1.);
#4371=VECTOR('',#7552,1.);
#4372=VECTOR('',#7553,1.);
#4373=VECTOR('',#7554,1.);
#4374=VECTOR('',#7555,1.);
#4375=VECTOR('',#7556,1.);
#4376=VECTOR('',#7557,1.);
#4377=VECTOR('',#7558,1.);
#4378=VECTOR('',#7559,1.);
#4379=VECTOR('',#7560,1.);
#4380=VECTOR('',#7561,1.);
#4381=VECTOR('',#7562,1.);
#4382=VECTOR('',#7563,1.);
#4383=VECTOR('',#7566,1.);
#4384=VECTOR('',#7567,1.);
#4385=VECTOR('',#7568,1.);
#4386=VECTOR('',#7571,1.);
#4387=VECTOR('',#7574,1.);
#4388=VECTOR('',#7575,1.);
#4389=VECTOR('',#7576,1.);
#4390=VECTOR('',#7579,1.);
#4391=VECTOR('',#7580,1.);
#4392=VECTOR('',#7581,1.);
#4393=VECTOR('',#7582,1.);
#4394=VECTOR('',#7743,1.);
#4395=VECTOR('',#7744,1.);
#4396=VECTOR('',#7745,1.);
#4397=VECTOR('',#7746,1.);
#4398=VECTOR('',#7747,1.);
#4399=VECTOR('',#7748,1.);
#4400=VECTOR('',#7749,1.);
#4401=VECTOR('',#7750,1.);
#4402=VECTOR('',#7751,1.);
#4403=VECTOR('',#7752,1.);
#4404=VECTOR('',#7753,1.);
#4405=VECTOR('',#7754,1.);
#4406=VECTOR('',#7755,1.);
#4407=VECTOR('',#7756,1.);
#4408=VECTOR('',#7757,1.);
#4409=VECTOR('',#7758,1.);
#4410=VECTOR('',#7759,1.);
#4411=VECTOR('',#7760,1.);
#4412=VECTOR('',#7761,1.);
#4413=VECTOR('',#7764,1.);
#4414=VECTOR('',#7765,1.);
#4415=VECTOR('',#7766,1.);
#4416=VECTOR('',#7769,1.);
#4417=VECTOR('',#7772,1.);
#4418=VECTOR('',#7775,1.);
#4419=VECTOR('',#7776,1.);
#4420=VECTOR('',#7779,1.);
#4421=VECTOR('',#7780,1.);
#4422=VECTOR('',#7781,1.);
#4423=VECTOR('',#7784,1.);
#4424=VECTOR('',#7785,1.);
#4425=VECTOR('',#7786,1.);
#4426=VECTOR('',#7789,1.);
#4427=VECTOR('',#7790,1.);
#4428=VECTOR('',#7791,1.);
#4429=VECTOR('',#7794,1.);
#4430=VECTOR('',#7797,1.);
#4431=VECTOR('',#7798,1.);
#4432=VECTOR('',#7799,1.);
#4433=VECTOR('',#7802,1.);
#4434=VECTOR('',#7803,1.);
#4435=VECTOR('',#7804,1.);
#4436=VECTOR('',#7805,1.);
#4437=VECTOR('',#7806,1.);
#4438=VECTOR('',#7807,1.);
#4439=VECTOR('',#7808,1.);
#4440=VECTOR('',#7809,1.);
#4441=VECTOR('',#7810,1.);
#4442=VECTOR('',#7811,1.);
#4443=VECTOR('',#7812,1.);
#4444=VECTOR('',#7813,1.);
#4445=VECTOR('',#7814,1.);
#4446=VECTOR('',#7815,1.);
#4447=VECTOR('',#7816,1.);
#4448=VECTOR('',#7817,1.);
#4449=VECTOR('',#7818,1.);
#4450=VECTOR('',#7819,1.);
#4451=VECTOR('',#7820,1.);
#4452=VECTOR('',#7821,1.);
#4453=VECTOR('',#7822,1.);
#4454=VECTOR('',#7823,1.);
#4455=VECTOR('',#7824,1.);
#4456=VECTOR('',#7825,1.);
#4457=VECTOR('',#7826,1.);
#4458=VECTOR('',#7827,1.);
#4459=VECTOR('',#7828,1.);
#4460=VECTOR('',#7829,1.);
#4461=VECTOR('',#7830,1.);
#4462=VECTOR('',#7831,1.);
#4463=VECTOR('',#7832,1.);
#4464=VECTOR('',#7833,1.);
#4465=VECTOR('',#7834,1.);
#4466=VECTOR('',#7835,1.);
#4467=VECTOR('',#7836,1.);
#4468=VECTOR('',#7837,1.);
#4469=VECTOR('',#7838,1.);
#4470=VECTOR('',#7839,1.);
#4471=VECTOR('',#7840,1.);
#4472=VECTOR('',#7841,1.);
#4473=VECTOR('',#7842,1.);
#4474=VECTOR('',#7843,1.);
#4475=VECTOR('',#7844,1.);
#4476=VECTOR('',#7845,1.);
#4477=VECTOR('',#7846,1.);
#4478=VECTOR('',#7847,1.);
#4479=VECTOR('',#7848,1.);
#4480=VECTOR('',#7849,1.);
#4481=VECTOR('',#7850,1.);
#4482=VECTOR('',#7851,1.);
#4483=VECTOR('',#7852,1.);
#4484=VECTOR('',#7853,1.);
#4485=VECTOR('',#7854,1.);
#4486=VECTOR('',#7855,1.);
#4487=VECTOR('',#7856,1.);
#4488=VECTOR('',#7857,1.);
#4489=VECTOR('',#7858,1.);
#4490=VECTOR('',#7859,1.);
#4491=VECTOR('',#7860,1.);
#4492=VECTOR('',#7861,1.);
#4493=VECTOR('',#7862,1.);
#4494=VECTOR('',#7863,1.);
#4495=VECTOR('',#7864,1.);
#4496=VECTOR('',#7865,1.);
#4497=VECTOR('',#7866,1.);
#4498=VECTOR('',#7867,1.);
#4499=VECTOR('',#7868,1.);
#4500=VECTOR('',#7869,1.);
#4501=VECTOR('',#7870,1.);
#4502=VECTOR('',#7871,1.);
#4503=VECTOR('',#7872,1.);
#4504=VECTOR('',#7873,1.);
#4505=VECTOR('',#7874,1.);
#4506=VECTOR('',#7875,1.);
#4507=VECTOR('',#7876,1.);
#4508=VECTOR('',#7877,1.);
#4509=VECTOR('',#7878,1.);
#4510=VECTOR('',#7879,1.);
#4511=VECTOR('',#7880,1.);
#4512=VECTOR('',#7881,1.);
#4513=VECTOR('',#7882,1.);
#4514=VECTOR('',#7883,1.);
#4515=VECTOR('',#7884,1.);
#4516=VECTOR('',#7885,1.);
#4517=VECTOR('',#7886,1.);
#4518=VECTOR('',#7887,1.);
#4519=VECTOR('',#7888,1.);
#4520=VECTOR('',#7889,1.);
#4521=VECTOR('',#7890,1.);
#4522=VECTOR('',#7891,1.);
#4523=VECTOR('',#7892,1.);
#4524=VECTOR('',#7893,1.);
#4525=VECTOR('',#7894,1.);
#4526=VECTOR('',#7895,1.);
#4527=VECTOR('',#7896,1.);
#4528=VECTOR('',#7897,1.);
#4529=VECTOR('',#7900,1.);
#4530=VECTOR('',#7901,1.);
#4531=VECTOR('',#7904,1.);
#4532=VECTOR('',#7907,1.);
#4533=VECTOR('',#7910,1.);
#4534=VECTOR('',#7911,1.);
#4535=VECTOR('',#7914,1.);
#4536=VECTOR('',#7917,1.);
#4537=VECTOR('',#7920,1.);
#4538=VECTOR('',#7921,1.);
#4539=VECTOR('',#7924,1.);
#4540=VECTOR('',#7927,1.);
#4541=VECTOR('',#7930,1.);
#4542=VECTOR('',#7931,1.);
#4543=VECTOR('',#7934,1.);
#4544=VECTOR('',#7937,1.);
#4545=VECTOR('',#7940,1.);
#4546=VECTOR('',#7941,1.);
#4547=VECTOR('',#7944,1.);
#4548=VECTOR('',#7947,1.);
#4549=VECTOR('',#7950,1.);
#4550=VECTOR('',#7951,1.);
#4551=VECTOR('',#7954,1.);
#4552=VECTOR('',#7957,1.);
#4553=VECTOR('',#7960,1.);
#4554=VECTOR('',#7961,1.);
#4555=VECTOR('',#7964,1.);
#4556=VECTOR('',#7967,1.);
#4557=VECTOR('',#7970,1.);
#4558=VECTOR('',#7971,1.);
#4559=VECTOR('',#7974,1.);
#4560=VECTOR('',#7977,1.);
#4561=VECTOR('',#7980,1.);
#4562=VECTOR('',#7981,1.);
#4563=VECTOR('',#7984,1.);
#4564=VECTOR('',#7987,1.);
#4565=VECTOR('',#7990,1.);
#4566=VECTOR('',#7991,1.);
#4567=VECTOR('',#7994,1.);
#4568=VECTOR('',#7997,1.);
#4569=VECTOR('',#8000,1.);
#4570=VECTOR('',#8001,1.);
#4571=VECTOR('',#8004,1.);
#4572=VECTOR('',#8007,1.);
#4573=VECTOR('',#8010,1.);
#4574=VECTOR('',#8011,1.);
#4575=VECTOR('',#8014,1.);
#4576=VECTOR('',#8017,1.);
#4577=VECTOR('',#8020,1.);
#4578=VECTOR('',#8021,1.);
#4579=VECTOR('',#8024,1.);
#4580=VECTOR('',#8027,1.);
#4581=VECTOR('',#8030,1.);
#4582=VECTOR('',#8031,1.);
#4583=VECTOR('',#8034,1.);
#4584=VECTOR('',#8037,1.);
#4585=VECTOR('',#8040,1.);
#4586=VECTOR('',#8041,1.);
#4587=VECTOR('',#8044,1.);
#4588=VECTOR('',#8047,1.);
#4589=VECTOR('',#8050,1.);
#4590=VECTOR('',#8051,1.);
#4591=VECTOR('',#8054,1.);
#4592=VECTOR('',#8057,1.);
#4593=VECTOR('',#8060,1.);
#4594=VECTOR('',#8063,1.);
#4595=VECTOR('',#8066,1.);
#4596=VECTOR('',#8069,1.);
#4597=VECTOR('',#8072,1.);
#4598=VECTOR('',#8075,1.);
#4599=VECTOR('',#8078,1.);
#4600=VECTOR('',#8081,1.);
#4601=VECTOR('',#8084,1.);
#4602=VECTOR('',#8087,1.);
#4603=VECTOR('',#8090,1.);
#4604=VECTOR('',#8093,1.);
#4605=VECTOR('',#8096,1.);
#4606=VECTOR('',#8099,1.);
#4607=VECTOR('',#8102,1.);
#4608=VECTOR('',#8105,1.);
#4609=VECTOR('',#8108,1.);
#4610=VECTOR('',#8109,1.);
#4611=VECTOR('',#8112,1.);
#4612=VECTOR('',#8113,1.);
#4613=VECTOR('',#8116,1.);
#4614=VECTOR('',#8119,1.);
#4615=VECTOR('',#8122,1.);
#4616=VECTOR('',#8123,1.);
#4617=VECTOR('',#8126,1.);
#4618=VECTOR('',#8127,1.);
#4619=VECTOR('',#8130,1.);
#4620=VECTOR('',#8133,1.);
#4621=VECTOR('',#8136,1.);
#4622=VECTOR('',#8137,1.);
#4623=VECTOR('',#8140,1.);
#4624=VECTOR('',#8143,1.);
#4625=VECTOR('',#8146,1.);
#4626=VECTOR('',#8147,1.);
#4627=VECTOR('',#8150,1.);
#4628=VECTOR('',#8153,1.);
#4629=VECTOR('',#8156,1.);
#4630=VECTOR('',#8157,1.);
#4631=VECTOR('',#8160,1.);
#4632=VECTOR('',#8163,1.);
#4633=VECTOR('',#8166,1.);
#4634=VECTOR('',#8167,1.);
#4635=VECTOR('',#8170,1.);
#4636=VECTOR('',#8173,1.);
#4637=VECTOR('',#8176,1.);
#4638=VECTOR('',#8179,1.);
#4639=VECTOR('',#8182,1.);
#4640=VECTOR('',#8185,1.);
#4641=VECTOR('',#8188,1.);
#4642=VECTOR('',#8191,1.);
#4643=VECTOR('',#8194,1.);
#4644=VECTOR('',#8197,1.);
#4645=VECTOR('',#8200,1.);
#4646=VECTOR('',#8203,1.);
#4647=VECTOR('',#8206,1.);
#4648=VECTOR('',#8207,1.);
#4649=VECTOR('',#8210,1.);
#4650=VECTOR('',#8213,1.);
#4651=VECTOR('',#8216,1.);
#4652=VECTOR('',#8217,1.);
#4653=VECTOR('',#8220,1.);
#4654=VECTOR('',#8223,1.);
#4655=VECTOR('',#8226,1.);
#4656=VECTOR('',#8227,1.);
#4657=VECTOR('',#8230,1.);
#4658=VECTOR('',#8233,1.);
#4659=VECTOR('',#8236,1.);
#4660=VECTOR('',#8237,1.);
#4661=VECTOR('',#8240,1.);
#4662=VECTOR('',#8243,1.);
#4663=VECTOR('',#8246,1.);
#4664=VECTOR('',#8247,1.);
#4665=VECTOR('',#8250,1.);
#4666=VECTOR('',#8253,1.);
#4667=VECTOR('',#8256,1.);
#4668=VECTOR('',#8257,1.);
#4669=VECTOR('',#8260,1.);
#4670=VECTOR('',#8263,1.);
#4671=VECTOR('',#8266,1.);
#4672=VECTOR('',#8267,1.);
#4673=VECTOR('',#8270,1.);
#4674=VECTOR('',#8273,1.);
#4675=VECTOR('',#8276,1.);
#4676=VECTOR('',#8277,1.);
#4677=VECTOR('',#8280,1.);
#4678=VECTOR('',#8283,1.);
#4679=VECTOR('',#8286,1.);
#4680=VECTOR('',#8287,1.);
#4681=VECTOR('',#8290,1.);
#4682=VECTOR('',#8293,1.);
#4683=VECTOR('',#8296,1.);
#4684=VECTOR('',#8297,1.);
#4685=VECTOR('',#8300,1.);
#4686=VECTOR('',#8303,1.);
#4687=VECTOR('',#8306,1.);
#4688=VECTOR('',#8307,1.);
#4689=VECTOR('',#8310,1.);
#4690=VECTOR('',#8313,1.);
#4691=VECTOR('',#8316,1.);
#4692=VECTOR('',#8317,1.);
#4693=VECTOR('',#8320,1.);
#4694=VECTOR('',#8323,1.);
#4695=VECTOR('',#8326,1.);
#4696=VECTOR('',#8327,1.);
#4697=VECTOR('',#8330,1.);
#4698=VECTOR('',#8333,1.);
#4699=VECTOR('',#8336,1.);
#4700=VECTOR('',#8337,1.);
#4701=VECTOR('',#8340,1.);
#4702=VECTOR('',#8343,1.);
#4703=VECTOR('',#8346,1.);
#4704=VECTOR('',#8347,1.);
#4705=VECTOR('',#8350,1.);
#4706=VECTOR('',#8353,1.);
#4707=VECTOR('',#8356,1.);
#4708=VECTOR('',#8357,1.);
#4709=VECTOR('',#8360,1.);
#4710=VECTOR('',#8363,1.);
#4711=VECTOR('',#8366,1.);
#4712=VECTOR('',#8367,1.);
#4713=VECTOR('',#8370,1.);
#4714=VECTOR('',#8373,1.);
#4715=VECTOR('',#8376,1.);
#4716=VECTOR('',#8377,1.);
#4717=VECTOR('',#8380,1.);
#4718=VECTOR('',#8383,1.);
#4719=VECTOR('',#8386,1.);
#4720=VECTOR('',#8387,1.);
#4721=VECTOR('',#8390,1.);
#4722=VECTOR('',#8393,1.);
#4723=VECTOR('',#8396,1.);
#4724=VECTOR('',#8397,1.);
#4725=VECTOR('',#8400,1.);
#4726=VECTOR('',#8403,1.);
#4727=VECTOR('',#8406,1.);
#4728=VECTOR('',#8407,1.);
#4729=VECTOR('',#8410,1.);
#4730=VECTOR('',#8413,1.);
#4731=VECTOR('',#8416,1.);
#4732=VECTOR('',#8417,1.);
#4733=VECTOR('',#8420,1.);
#4734=VECTOR('',#8423,1.);
#4735=VECTOR('',#8426,1.);
#4736=VECTOR('',#8427,1.);
#4737=VECTOR('',#8430,1.);
#4738=VECTOR('',#8433,1.);
#4739=VECTOR('',#8436,1.);
#4740=VECTOR('',#8437,1.);
#4741=VECTOR('',#8440,1.);
#4742=VECTOR('',#8443,1.);
#4743=VECTOR('',#8708,1.);
#4744=VECTOR('',#8711,1.);
#4745=VECTOR('',#8714,1.);
#4746=VECTOR('',#8717,1.);
#4747=VECTOR('',#8720,1.);
#4748=VECTOR('',#8723,1.);
#4749=VECTOR('',#8726,1.);
#4750=VECTOR('',#8729,1.);
#4751=VECTOR('',#8732,1.);
#4752=VECTOR('',#8735,1.);
#4753=EDGE_LOOP('',(#303,#304,#305,#306));
#4754=EDGE_LOOP('',(#307,#308,#309,#310,#311,#312,#313,#314,#315,#316,#317,
#318,#319,#320,#321,#322,#323,#324,#325,#326,#327,#328,#329,#330,#331,#332,
#333,#334,#335,#336,#337,#338,#339,#340,#341,#342,#343,#344,#345,#346,#347,
#348,#349,#350,#351,#352,#353,#354,#355,#356));
#4755=EDGE_LOOP('',(#357,#358,#359,#360));
#4756=EDGE_LOOP('',(#361,#362,#363,#364));
#4757=EDGE_LOOP('',(#365,#366,#367,#368));
#4758=EDGE_LOOP('',(#369,#370,#371,#372));
#4759=EDGE_LOOP('',(#373,#374,#375,#376));
#4760=EDGE_LOOP('',(#377,#378,#379,#380));
#4761=EDGE_LOOP('',(#381,#382,#383,#384));
#4762=EDGE_LOOP('',(#385,#386,#387,#388));
#4763=EDGE_LOOP('',(#389,#390,#391,#392));
#4764=EDGE_LOOP('',(#393,#394,#395,#396));
#4765=EDGE_LOOP('',(#397,#398,#399,#400));
#4766=EDGE_LOOP('',(#401,#402,#403,#404));
#4767=EDGE_LOOP('',(#405,#406,#407,#408));
#4768=EDGE_LOOP('',(#409,#410,#411,#412));
#4769=EDGE_LOOP('',(#413,#414,#415,#416));
#4770=EDGE_LOOP('',(#417,#418,#419,#420));
#4771=EDGE_LOOP('',(#421,#422,#423,#424));
#4772=EDGE_LOOP('',(#425,#426,#427,#428));
#4773=EDGE_LOOP('',(#429,#430,#431,#432));
#4774=EDGE_LOOP('',(#433,#434,#435,#436));
#4775=EDGE_LOOP('',(#437,#438,#439,#440));
#4776=EDGE_LOOP('',(#441,#442,#443,#444));
#4777=EDGE_LOOP('',(#445,#446,#447,#448));
#4778=EDGE_LOOP('',(#449,#450,#451,#452));
#4779=EDGE_LOOP('',(#453));
#4780=EDGE_LOOP('',(#454));
#4781=EDGE_LOOP('',(#455));
#4782=EDGE_LOOP('',(#456));
#4783=EDGE_LOOP('',(#457));
#4784=EDGE_LOOP('',(#458));
#4785=EDGE_LOOP('',(#459));
#4786=EDGE_LOOP('',(#460));
#4787=EDGE_LOOP('',(#461));
#4788=EDGE_LOOP('',(#462));
#4789=EDGE_LOOP('',(#463));
#4790=EDGE_LOOP('',(#464));
#4791=EDGE_LOOP('',(#465));
#4792=EDGE_LOOP('',(#466));
#4793=EDGE_LOOP('',(#467));
#4794=EDGE_LOOP('',(#468));
#4795=EDGE_LOOP('',(#469));
#4796=EDGE_LOOP('',(#470));
#4797=EDGE_LOOP('',(#471));
#4798=EDGE_LOOP('',(#472));
#4799=EDGE_LOOP('',(#473));
#4800=EDGE_LOOP('',(#474));
#4801=EDGE_LOOP('',(#475));
#4802=EDGE_LOOP('',(#476));
#4803=EDGE_LOOP('',(#477));
#4804=EDGE_LOOP('',(#478));
#4805=EDGE_LOOP('',(#479));
#4806=EDGE_LOOP('',(#480));
#4807=EDGE_LOOP('',(#481));
#4808=EDGE_LOOP('',(#482));
#4809=EDGE_LOOP('',(#483));
#4810=EDGE_LOOP('',(#484));
#4811=EDGE_LOOP('',(#485));
#4812=EDGE_LOOP('',(#486));
#4813=EDGE_LOOP('',(#487));
#4814=EDGE_LOOP('',(#488));
#4815=EDGE_LOOP('',(#489));
#4816=EDGE_LOOP('',(#490));
#4817=EDGE_LOOP('',(#491));
#4818=EDGE_LOOP('',(#492));
#4819=EDGE_LOOP('',(#493));
#4820=EDGE_LOOP('',(#494));
#4821=EDGE_LOOP('',(#495));
#4822=EDGE_LOOP('',(#496));
#4823=EDGE_LOOP('',(#497));
#4824=EDGE_LOOP('',(#498));
#4825=EDGE_LOOP('',(#499));
#4826=EDGE_LOOP('',(#500));
#4827=EDGE_LOOP('',(#501));
#4828=EDGE_LOOP('',(#502));
#4829=EDGE_LOOP('',(#503));
#4830=EDGE_LOOP('',(#504));
#4831=EDGE_LOOP('',(#505));
#4832=EDGE_LOOP('',(#506));
#4833=EDGE_LOOP('',(#507));
#4834=EDGE_LOOP('',(#508));
#4835=EDGE_LOOP('',(#509));
#4836=EDGE_LOOP('',(#510));
#4837=EDGE_LOOP('',(#511));
#4838=EDGE_LOOP('',(#512));
#4839=EDGE_LOOP('',(#513));
#4840=EDGE_LOOP('',(#514));
#4841=EDGE_LOOP('',(#515));
#4842=EDGE_LOOP('',(#516));
#4843=EDGE_LOOP('',(#517));
#4844=EDGE_LOOP('',(#518));
#4845=EDGE_LOOP('',(#519));
#4846=EDGE_LOOP('',(#520));
#4847=EDGE_LOOP('',(#521));
#4848=EDGE_LOOP('',(#522));
#4849=EDGE_LOOP('',(#523));
#4850=EDGE_LOOP('',(#524));
#4851=EDGE_LOOP('',(#525));
#4852=EDGE_LOOP('',(#526));
#4853=EDGE_LOOP('',(#527));
#4854=EDGE_LOOP('',(#528));
#4855=EDGE_LOOP('',(#529));
#4856=EDGE_LOOP('',(#530));
#4857=EDGE_LOOP('',(#531));
#4858=EDGE_LOOP('',(#532));
#4859=EDGE_LOOP('',(#533,#534,#535,#536,#537,#538,#539,#540,#541,#542,#543,
#544,#545,#546,#547,#548,#549,#550,#551,#552));
#4860=EDGE_LOOP('',(#553,#554,#555,#556));
#4861=EDGE_LOOP('',(#557,#558,#559,#560));
#4862=EDGE_LOOP('',(#561,#562,#563,#564));
#4863=EDGE_LOOP('',(#565,#566,#567,#568));
#4864=EDGE_LOOP('',(#569,#570,#571,#572));
#4865=EDGE_LOOP('',(#573,#574,#575,#576));
#4866=EDGE_LOOP('',(#577,#578,#579,#580));
#4867=EDGE_LOOP('',(#581,#582,#583,#584));
#4868=EDGE_LOOP('',(#585,#586,#587,#588));
#4869=EDGE_LOOP('',(#589,#590,#591,#592));
#4870=EDGE_LOOP('',(#593,#594,#595,#596));
#4871=EDGE_LOOP('',(#597,#598,#599,#600));
#4872=EDGE_LOOP('',(#601,#602,#603,#604));
#4873=EDGE_LOOP('',(#605,#606,#607,#608));
#4874=EDGE_LOOP('',(#609,#610,#611,#612));
#4875=EDGE_LOOP('',(#613));
#4876=EDGE_LOOP('',(#614));
#4877=EDGE_LOOP('',(#615));
#4878=EDGE_LOOP('',(#616));
#4879=EDGE_LOOP('',(#617));
#4880=EDGE_LOOP('',(#618));
#4881=EDGE_LOOP('',(#619,#620,#621,#622));
#4882=EDGE_LOOP('',(#623,#624,#625,#626));
#4883=EDGE_LOOP('',(#627,#628,#629,#630));
#4884=EDGE_LOOP('',(#631,#632,#633,#634));
#4885=EDGE_LOOP('',(#635,#636,#637,#638));
#4886=EDGE_LOOP('',(#639,#640,#641,#642));
#4887=EDGE_LOOP('',(#643,#644,#645,#646));
#4888=EDGE_LOOP('',(#647,#648,#649,#650));
#4889=EDGE_LOOP('',(#651,#652,#653,#654));
#4890=EDGE_LOOP('',(#655,#656,#657,#658));
#4891=EDGE_LOOP('',(#659,#660,#661,#662));
#4892=EDGE_LOOP('',(#663,#664,#665,#666));
#4893=EDGE_LOOP('',(#667,#668,#669,#670));
#4894=EDGE_LOOP('',(#671,#672,#673,#674));
#4895=EDGE_LOOP('',(#675,#676,#677,#678));
#4896=EDGE_LOOP('',(#679,#680,#681,#682,#683,#684,#685,#686,#687,#688,#689,
#690,#691,#692,#693,#694,#695,#696,#697,#698));
#4897=EDGE_LOOP('',(#699));
#4898=EDGE_LOOP('',(#700));
#4899=EDGE_LOOP('',(#701));
#4900=EDGE_LOOP('',(#702));
#4901=EDGE_LOOP('',(#703));
#4902=EDGE_LOOP('',(#704));
#4903=EDGE_LOOP('',(#705));
#4904=EDGE_LOOP('',(#706));
#4905=EDGE_LOOP('',(#707));
#4906=EDGE_LOOP('',(#708));
#4907=EDGE_LOOP('',(#709));
#4908=EDGE_LOOP('',(#710));
#4909=EDGE_LOOP('',(#711));
#4910=EDGE_LOOP('',(#712));
#4911=EDGE_LOOP('',(#713));
#4912=EDGE_LOOP('',(#714));
#4913=EDGE_LOOP('',(#715));
#4914=EDGE_LOOP('',(#716));
#4915=EDGE_LOOP('',(#717));
#4916=EDGE_LOOP('',(#718));
#4917=EDGE_LOOP('',(#719));
#4918=EDGE_LOOP('',(#720));
#4919=EDGE_LOOP('',(#721));
#4920=EDGE_LOOP('',(#722));
#4921=EDGE_LOOP('',(#723));
#4922=EDGE_LOOP('',(#724));
#4923=EDGE_LOOP('',(#725));
#4924=EDGE_LOOP('',(#726));
#4925=EDGE_LOOP('',(#727));
#4926=EDGE_LOOP('',(#728));
#4927=EDGE_LOOP('',(#729));
#4928=EDGE_LOOP('',(#730));
#4929=EDGE_LOOP('',(#731));
#4930=EDGE_LOOP('',(#732));
#4931=EDGE_LOOP('',(#733));
#4932=EDGE_LOOP('',(#734));
#4933=EDGE_LOOP('',(#735));
#4934=EDGE_LOOP('',(#736));
#4935=EDGE_LOOP('',(#737));
#4936=EDGE_LOOP('',(#738));
#4937=EDGE_LOOP('',(#739));
#4938=EDGE_LOOP('',(#740));
#4939=EDGE_LOOP('',(#741));
#4940=EDGE_LOOP('',(#742));
#4941=EDGE_LOOP('',(#743));
#4942=EDGE_LOOP('',(#744));
#4943=EDGE_LOOP('',(#745));
#4944=EDGE_LOOP('',(#746));
#4945=EDGE_LOOP('',(#747));
#4946=EDGE_LOOP('',(#748));
#4947=EDGE_LOOP('',(#749));
#4948=EDGE_LOOP('',(#750));
#4949=EDGE_LOOP('',(#751));
#4950=EDGE_LOOP('',(#752));
#4951=EDGE_LOOP('',(#753));
#4952=EDGE_LOOP('',(#754));
#4953=EDGE_LOOP('',(#755));
#4954=EDGE_LOOP('',(#756));
#4955=EDGE_LOOP('',(#757));
#4956=EDGE_LOOP('',(#758));
#4957=EDGE_LOOP('',(#759));
#4958=EDGE_LOOP('',(#760));
#4959=EDGE_LOOP('',(#761));
#4960=EDGE_LOOP('',(#762));
#4961=EDGE_LOOP('',(#763));
#4962=EDGE_LOOP('',(#764));
#4963=EDGE_LOOP('',(#765));
#4964=EDGE_LOOP('',(#766));
#4965=EDGE_LOOP('',(#767));
#4966=EDGE_LOOP('',(#768));
#4967=EDGE_LOOP('',(#769));
#4968=EDGE_LOOP('',(#770));
#4969=EDGE_LOOP('',(#771));
#4970=EDGE_LOOP('',(#772));
#4971=EDGE_LOOP('',(#773));
#4972=EDGE_LOOP('',(#774));
#4973=EDGE_LOOP('',(#775));
#4974=EDGE_LOOP('',(#776));
#4975=EDGE_LOOP('',(#777));
#4976=EDGE_LOOP('',(#778));
#4977=EDGE_LOOP('',(#779,#780,#781,#782,#783,#784,#785,#786,#787,#788,#789,
#790,#791,#792,#793,#794,#795,#796,#797,#798,#799,#800,#801,#802,#803,#804,
#805,#806,#807,#808,#809,#810,#811,#812,#813,#814,#815,#816,#817,#818,#819,
#820,#821,#822,#823,#824,#825,#826,#827,#828));
#4978=EDGE_LOOP('',(#829,#830,#831,#832));
#4979=EDGE_LOOP('',(#833,#834,#835,#836));
#4980=EDGE_LOOP('',(#837,#838,#839,#840));
#4981=EDGE_LOOP('',(#841,#842,#843,#844));
#4982=EDGE_LOOP('',(#845,#846,#847,#848));
#4983=EDGE_LOOP('',(#849,#850,#851,#852));
#4984=EDGE_LOOP('',(#853,#854,#855,#856));
#4985=EDGE_LOOP('',(#857,#858,#859,#860));
#4986=EDGE_LOOP('',(#861,#862,#863,#864));
#4987=EDGE_LOOP('',(#865,#866,#867,#868));
#4988=EDGE_LOOP('',(#869,#870,#871,#872));
#4989=EDGE_LOOP('',(#873,#874,#875,#876));
#4990=EDGE_LOOP('',(#877,#878,#879,#880));
#4991=EDGE_LOOP('',(#881,#882,#883,#884));
#4992=EDGE_LOOP('',(#885,#886,#887,#888));
#4993=EDGE_LOOP('',(#889,#890,#891,#892));
#4994=EDGE_LOOP('',(#893,#894,#895,#896));
#4995=EDGE_LOOP('',(#897,#898,#899,#900));
#4996=EDGE_LOOP('',(#901,#902,#903,#904));
#4997=EDGE_LOOP('',(#905,#906,#907,#908));
#4998=EDGE_LOOP('',(#909,#910,#911,#912));
#4999=EDGE_LOOP('',(#913,#914,#915,#916));
#5000=EDGE_LOOP('',(#917,#918,#919,#920));
#5001=EDGE_LOOP('',(#921,#922,#923,#924));
#5002=EDGE_LOOP('',(#925,#926,#927,#928));
#5003=EDGE_LOOP('',(#929,#930,#931,#932));
#5004=EDGE_LOOP('',(#933,#934,#935,#936));
#5005=EDGE_LOOP('',(#937,#938,#939,#940));
#5006=EDGE_LOOP('',(#941,#942,#943,#944));
#5007=EDGE_LOOP('',(#945,#946,#947,#948));
#5008=EDGE_LOOP('',(#949,#950,#951,#952));
#5009=EDGE_LOOP('',(#953,#954,#955,#956));
#5010=EDGE_LOOP('',(#957,#958,#959,#960));
#5011=EDGE_LOOP('',(#961,#962,#963,#964));
#5012=EDGE_LOOP('',(#965,#966,#967,#968));
#5013=EDGE_LOOP('',(#969,#970,#971,#972));
#5014=EDGE_LOOP('',(#973,#974,#975,#976));
#5015=EDGE_LOOP('',(#977,#978,#979,#980));
#5016=EDGE_LOOP('',(#981,#982,#983,#984));
#5017=EDGE_LOOP('',(#985,#986,#987,#988));
#5018=EDGE_LOOP('',(#989,#990,#991,#992));
#5019=EDGE_LOOP('',(#993,#994,#995,#996));
#5020=EDGE_LOOP('',(#997,#998,#999,#1000));
#5021=EDGE_LOOP('',(#1001,#1002,#1003,#1004));
#5022=EDGE_LOOP('',(#1005,#1006,#1007,#1008));
#5023=EDGE_LOOP('',(#1009,#1010,#1011,#1012));
#5024=EDGE_LOOP('',(#1013,#1014,#1015,#1016));
#5025=EDGE_LOOP('',(#1017,#1018,#1019,#1020));
#5026=EDGE_LOOP('',(#1021,#1022,#1023,#1024));
#5027=EDGE_LOOP('',(#1025,#1026,#1027,#1028));
#5028=EDGE_LOOP('',(#1029,#1030,#1031,#1032));
#5029=EDGE_LOOP('',(#1033,#1034,#1035,#1036));
#5030=EDGE_LOOP('',(#1037,#1038,#1039,#1040));
#5031=EDGE_LOOP('',(#1041,#1042,#1043,#1044));
#5032=EDGE_LOOP('',(#1045,#1046,#1047,#1048));
#5033=EDGE_LOOP('',(#1049,#1050,#1051,#1052));
#5034=EDGE_LOOP('',(#1053,#1054,#1055,#1056));
#5035=EDGE_LOOP('',(#1057,#1058,#1059,#1060));
#5036=EDGE_LOOP('',(#1061,#1062,#1063,#1064));
#5037=EDGE_LOOP('',(#1065,#1066,#1067,#1068));
#5038=EDGE_LOOP('',(#1069,#1070,#1071,#1072));
#5039=EDGE_LOOP('',(#1073,#1074,#1075,#1076));
#5040=EDGE_LOOP('',(#1077,#1078,#1079,#1080));
#5041=EDGE_LOOP('',(#1081,#1082,#1083,#1084));
#5042=EDGE_LOOP('',(#1085,#1086,#1087,#1088));
#5043=EDGE_LOOP('',(#1089,#1090,#1091,#1092));
#5044=EDGE_LOOP('',(#1093,#1094,#1095,#1096));
#5045=EDGE_LOOP('',(#1097,#1098,#1099,#1100));
#5046=EDGE_LOOP('',(#1101,#1102,#1103,#1104));
#5047=EDGE_LOOP('',(#1105,#1106,#1107,#1108));
#5048=EDGE_LOOP('',(#1109,#1110,#1111,#1112));
#5049=EDGE_LOOP('',(#1113,#1114,#1115,#1116));
#5050=EDGE_LOOP('',(#1117,#1118,#1119,#1120));
#5051=EDGE_LOOP('',(#1121,#1122,#1123,#1124));
#5052=EDGE_LOOP('',(#1125,#1126,#1127,#1128));
#5053=EDGE_LOOP('',(#1129,#1130,#1131,#1132));
#5054=EDGE_LOOP('',(#1133,#1134,#1135,#1136));
#5055=EDGE_LOOP('',(#1137,#1138,#1139,#1140));
#5056=EDGE_LOOP('',(#1141,#1142,#1143,#1144));
#5057=EDGE_LOOP('',(#1145,#1146,#1147,#1148));
#5058=EDGE_LOOP('',(#1149,#1150,#1151,#1152));
#5059=EDGE_LOOP('',(#1153,#1154,#1155,#1156));
#5060=EDGE_LOOP('',(#1157,#1158,#1159,#1160));
#5061=EDGE_LOOP('',(#1161,#1162,#1163,#1164));
#5062=EDGE_LOOP('',(#1165,#1166,#1167,#1168));
#5063=EDGE_LOOP('',(#1169,#1170,#1171,#1172));
#5064=EDGE_LOOP('',(#1173,#1174,#1175,#1176));
#5065=EDGE_LOOP('',(#1177,#1178,#1179,#1180));
#5066=EDGE_LOOP('',(#1181,#1182,#1183,#1184));
#5067=EDGE_LOOP('',(#1185,#1186,#1187,#1188));
#5068=EDGE_LOOP('',(#1189,#1190,#1191,#1192));
#5069=EDGE_LOOP('',(#1193,#1194,#1195,#1196));
#5070=EDGE_LOOP('',(#1197,#1198,#1199,#1200));
#5071=EDGE_LOOP('',(#1201,#1202,#1203,#1204));
#5072=EDGE_LOOP('',(#1205,#1206,#1207,#1208));
#5073=EDGE_LOOP('',(#1209,#1210,#1211,#1212));
#5074=EDGE_LOOP('',(#1213,#1214,#1215,#1216));
#5075=EDGE_LOOP('',(#1217,#1218,#1219,#1220));
#5076=EDGE_LOOP('',(#1221,#1222,#1223,#1224));
#5077=EDGE_LOOP('',(#1225,#1226,#1227,#1228));
#5078=EDGE_LOOP('',(#1229,#1230,#1231,#1232));
#5079=EDGE_LOOP('',(#1233,#1234,#1235,#1236));
#5080=EDGE_LOOP('',(#1237,#1238,#1239,#1240));
#5081=EDGE_LOOP('',(#1241,#1242,#1243,#1244));
#5082=EDGE_LOOP('',(#1245,#1246,#1247,#1248));
#5083=EDGE_LOOP('',(#1249,#1250,#1251,#1252));
#5084=EDGE_LOOP('',(#1253,#1254,#1255,#1256));
#5085=EDGE_LOOP('',(#1257,#1258,#1259,#1260));
#5086=EDGE_LOOP('',(#1261,#1262,#1263,#1264));
#5087=EDGE_LOOP('',(#1265,#1266,#1267,#1268));
#5088=EDGE_LOOP('',(#1269,#1270,#1271,#1272));
#5089=EDGE_LOOP('',(#1273,#1274,#1275,#1276));
#5090=EDGE_LOOP('',(#1277,#1278,#1279,#1280));
#5091=EDGE_LOOP('',(#1281,#1282,#1283,#1284));
#5092=EDGE_LOOP('',(#1285,#1286,#1287,#1288));
#5093=EDGE_LOOP('',(#1289,#1290,#1291,#1292));
#5094=EDGE_LOOP('',(#1293,#1294,#1295,#1296));
#5095=EDGE_LOOP('',(#1297,#1298,#1299,#1300));
#5096=EDGE_LOOP('',(#1301,#1302,#1303,#1304));
#5097=EDGE_LOOP('',(#1305,#1306,#1307,#1308));
#5098=EDGE_LOOP('',(#1309,#1310,#1311,#1312));
#5099=EDGE_LOOP('',(#1313,#1314,#1315,#1316));
#5100=EDGE_LOOP('',(#1317,#1318,#1319,#1320));
#5101=EDGE_LOOP('',(#1321,#1322,#1323,#1324));
#5102=EDGE_LOOP('',(#1325,#1326,#1327,#1328));
#5103=EDGE_LOOP('',(#1329,#1330,#1331,#1332));
#5104=EDGE_LOOP('',(#1333,#1334,#1335,#1336));
#5105=EDGE_LOOP('',(#1337,#1338,#1339,#1340));
#5106=EDGE_LOOP('',(#1341,#1342,#1343,#1344));
#5107=EDGE_LOOP('',(#1345,#1346,#1347,#1348));
#5108=EDGE_LOOP('',(#1349,#1350,#1351,#1352));
#5109=EDGE_LOOP('',(#1353,#1354,#1355,#1356));
#5110=EDGE_LOOP('',(#1357,#1358,#1359,#1360));
#5111=EDGE_LOOP('',(#1361,#1362,#1363,#1364));
#5112=EDGE_LOOP('',(#1365,#1366,#1367,#1368));
#5113=EDGE_LOOP('',(#1369,#1370,#1371,#1372));
#5114=EDGE_LOOP('',(#1373,#1374,#1375,#1376));
#5115=EDGE_LOOP('',(#1377,#1378,#1379,#1380));
#5116=EDGE_LOOP('',(#1381,#1382,#1383,#1384));
#5117=EDGE_LOOP('',(#1385,#1386,#1387,#1388));
#5118=EDGE_LOOP('',(#1389,#1390,#1391,#1392));
#5119=EDGE_LOOP('',(#1393,#1394,#1395,#1396));
#5120=EDGE_LOOP('',(#1397,#1398,#1399,#1400));
#5121=EDGE_LOOP('',(#1401,#1402,#1403,#1404));
#5122=EDGE_LOOP('',(#1405,#1406,#1407,#1408));
#5123=EDGE_LOOP('',(#1409,#1410,#1411,#1412));
#5124=EDGE_LOOP('',(#1413,#1414,#1415,#1416));
#5125=EDGE_LOOP('',(#1417,#1418,#1419,#1420));
#5126=EDGE_LOOP('',(#1421,#1422,#1423,#1424));
#5127=EDGE_LOOP('',(#1425,#1426,#1427,#1428));
#5128=EDGE_LOOP('',(#1429,#1430,#1431,#1432));
#5129=EDGE_LOOP('',(#1433,#1434,#1435,#1436));
#5130=EDGE_LOOP('',(#1437,#1438,#1439,#1440));
#5131=EDGE_LOOP('',(#1441,#1442,#1443,#1444));
#5132=EDGE_LOOP('',(#1445,#1446,#1447,#1448));
#5133=EDGE_LOOP('',(#1449,#1450,#1451,#1452));
#5134=EDGE_LOOP('',(#1453,#1454,#1455,#1456));
#5135=EDGE_LOOP('',(#1457,#1458,#1459,#1460));
#5136=EDGE_LOOP('',(#1461,#1462,#1463,#1464));
#5137=EDGE_LOOP('',(#1465,#1466,#1467,#1468));
#5138=EDGE_LOOP('',(#1469,#1470,#1471,#1472));
#5139=EDGE_LOOP('',(#1473,#1474,#1475,#1476));
#5140=EDGE_LOOP('',(#1477,#1478,#1479,#1480));
#5141=EDGE_LOOP('',(#1481,#1482,#1483,#1484));
#5142=EDGE_LOOP('',(#1485,#1486,#1487,#1488));
#5143=EDGE_LOOP('',(#1489,#1490,#1491,#1492));
#5144=EDGE_LOOP('',(#1493,#1494,#1495,#1496));
#5145=EDGE_LOOP('',(#1497,#1498,#1499,#1500));
#5146=EDGE_LOOP('',(#1501,#1502,#1503,#1504));
#5147=EDGE_LOOP('',(#1505,#1506,#1507,#1508));
#5148=EDGE_LOOP('',(#1509,#1510,#1511,#1512));
#5149=EDGE_LOOP('',(#1513,#1514,#1515,#1516));
#5150=EDGE_LOOP('',(#1517,#1518,#1519,#1520));
#5151=EDGE_LOOP('',(#1521,#1522,#1523,#1524));
#5152=EDGE_LOOP('',(#1525,#1526,#1527,#1528));
#5153=EDGE_LOOP('',(#1529,#1530,#1531,#1532));
#5154=EDGE_LOOP('',(#1533,#1534,#1535,#1536));
#5155=EDGE_LOOP('',(#1537,#1538,#1539,#1540));
#5156=EDGE_LOOP('',(#1541,#1542,#1543,#1544));
#5157=EDGE_LOOP('',(#1545,#1546,#1547,#1548));
#5158=EDGE_LOOP('',(#1549,#1550,#1551,#1552));
#5159=EDGE_LOOP('',(#1553,#1554,#1555,#1556));
#5160=EDGE_LOOP('',(#1557,#1558,#1559,#1560));
#5161=EDGE_LOOP('',(#1561,#1562,#1563,#1564));
#5162=EDGE_LOOP('',(#1565,#1566,#1567,#1568));
#5163=EDGE_LOOP('',(#1569,#1570,#1571,#1572));
#5164=EDGE_LOOP('',(#1573,#1574,#1575,#1576));
#5165=EDGE_LOOP('',(#1577,#1578,#1579,#1580));
#5166=EDGE_LOOP('',(#1581,#1582,#1583,#1584));
#5167=EDGE_LOOP('',(#1585,#1586,#1587,#1588));
#5168=EDGE_LOOP('',(#1589));
#5169=EDGE_LOOP('',(#1590));
#5170=EDGE_LOOP('',(#1591));
#5171=EDGE_LOOP('',(#1592));
#5172=EDGE_LOOP('',(#1593));
#5173=EDGE_LOOP('',(#1594));
#5174=EDGE_LOOP('',(#1595,#1596,#1597,#1598));
#5175=EDGE_LOOP('',(#1599,#1600,#1601,#1602));
#5176=EDGE_LOOP('',(#1603,#1604,#1605,#1606));
#5177=EDGE_LOOP('',(#1607,#1608,#1609,#1610));
#5178=EDGE_LOOP('',(#1611,#1612,#1613,#1614));
#5179=EDGE_LOOP('',(#1615,#1616,#1617,#1618));
#5180=EDGE_LOOP('',(#1619,#1620,#1621,#1622));
#5181=EDGE_LOOP('',(#1623,#1624,#1625,#1626));
#5182=EDGE_LOOP('',(#1627,#1628,#1629,#1630));
#5183=EDGE_LOOP('',(#1631,#1632,#1633,#1634));
#5184=EDGE_LOOP('',(#1635,#1636,#1637,#1638));
#5185=EDGE_LOOP('',(#1639,#1640,#1641,#1642));
#5186=EDGE_LOOP('',(#1643,#1644,#1645,#1646));
#5187=EDGE_LOOP('',(#1647,#1648,#1649,#1650));
#5188=EDGE_LOOP('',(#1651,#1652,#1653,#1654));
#5189=EDGE_LOOP('',(#1655,#1656,#1657,#1658));
#5190=EDGE_LOOP('',(#1659));
#5191=EDGE_LOOP('',(#1660));
#5192=EDGE_LOOP('',(#1661));
#5193=EDGE_LOOP('',(#1662));
#5194=EDGE_LOOP('',(#1663));
#5195=EDGE_LOOP('',(#1664));
#5196=EDGE_LOOP('',(#1665));
#5197=EDGE_LOOP('',(#1666));
#5198=EDGE_LOOP('',(#1667));
#5199=EDGE_LOOP('',(#1668));
#5200=EDGE_LOOP('',(#1669));
#5201=EDGE_LOOP('',(#1670));
#5202=EDGE_LOOP('',(#1671));
#5203=EDGE_LOOP('',(#1672));
#5204=EDGE_LOOP('',(#1673));
#5205=EDGE_LOOP('',(#1674));
#5206=EDGE_LOOP('',(#1675));
#5207=EDGE_LOOP('',(#1676));
#5208=EDGE_LOOP('',(#1677));
#5209=EDGE_LOOP('',(#1678));
#5210=EDGE_LOOP('',(#1679));
#5211=EDGE_LOOP('',(#1680));
#5212=EDGE_LOOP('',(#1681));
#5213=EDGE_LOOP('',(#1682));
#5214=EDGE_LOOP('',(#1683));
#5215=EDGE_LOOP('',(#1684));
#5216=EDGE_LOOP('',(#1685));
#5217=EDGE_LOOP('',(#1686));
#5218=EDGE_LOOP('',(#1687));
#5219=EDGE_LOOP('',(#1688));
#5220=EDGE_LOOP('',(#1689));
#5221=EDGE_LOOP('',(#1690));
#5222=EDGE_LOOP('',(#1691));
#5223=EDGE_LOOP('',(#1692));
#5224=EDGE_LOOP('',(#1693));
#5225=EDGE_LOOP('',(#1694));
#5226=EDGE_LOOP('',(#1695));
#5227=EDGE_LOOP('',(#1696));
#5228=EDGE_LOOP('',(#1697));
#5229=EDGE_LOOP('',(#1698));
#5230=EDGE_LOOP('',(#1699));
#5231=EDGE_LOOP('',(#1700));
#5232=EDGE_LOOP('',(#1701));
#5233=EDGE_LOOP('',(#1702));
#5234=EDGE_LOOP('',(#1703));
#5235=EDGE_LOOP('',(#1704));
#5236=EDGE_LOOP('',(#1705));
#5237=EDGE_LOOP('',(#1706));
#5238=EDGE_LOOP('',(#1707));
#5239=EDGE_LOOP('',(#1708));
#5240=EDGE_LOOP('',(#1709));
#5241=EDGE_LOOP('',(#1710));
#5242=EDGE_LOOP('',(#1711));
#5243=EDGE_LOOP('',(#1712));
#5244=EDGE_LOOP('',(#1713));
#5245=EDGE_LOOP('',(#1714));
#5246=EDGE_LOOP('',(#1715));
#5247=EDGE_LOOP('',(#1716));
#5248=EDGE_LOOP('',(#1717));
#5249=EDGE_LOOP('',(#1718));
#5250=EDGE_LOOP('',(#1719));
#5251=EDGE_LOOP('',(#1720));
#5252=EDGE_LOOP('',(#1721));
#5253=EDGE_LOOP('',(#1722));
#5254=EDGE_LOOP('',(#1723));
#5255=EDGE_LOOP('',(#1724));
#5256=EDGE_LOOP('',(#1725));
#5257=EDGE_LOOP('',(#1726));
#5258=EDGE_LOOP('',(#1727));
#5259=EDGE_LOOP('',(#1728));
#5260=EDGE_LOOP('',(#1729));
#5261=EDGE_LOOP('',(#1730));
#5262=EDGE_LOOP('',(#1731));
#5263=EDGE_LOOP('',(#1732));
#5264=EDGE_LOOP('',(#1733));
#5265=EDGE_LOOP('',(#1734));
#5266=EDGE_LOOP('',(#1735));
#5267=EDGE_LOOP('',(#1736));
#5268=EDGE_LOOP('',(#1737));
#5269=EDGE_LOOP('',(#1738));
#5270=EDGE_LOOP('',(#1739));
#5271=EDGE_LOOP('',(#1740));
#5272=EDGE_LOOP('',(#1741));
#5273=EDGE_LOOP('',(#1742));
#5274=EDGE_LOOP('',(#1743));
#5275=EDGE_LOOP('',(#1744));
#5276=EDGE_LOOP('',(#1745));
#5277=EDGE_LOOP('',(#1746));
#5278=EDGE_LOOP('',(#1747));
#5279=EDGE_LOOP('',(#1748));
#5280=EDGE_LOOP('',(#1749));
#5281=EDGE_LOOP('',(#1750));
#5282=EDGE_LOOP('',(#1751));
#5283=EDGE_LOOP('',(#1752));
#5284=EDGE_LOOP('',(#1753));
#5285=EDGE_LOOP('',(#1754));
#5286=EDGE_LOOP('',(#1755));
#5287=EDGE_LOOP('',(#1756));
#5288=EDGE_LOOP('',(#1757));
#5289=EDGE_LOOP('',(#1758));
#5290=EDGE_LOOP('',(#1759));
#5291=EDGE_LOOP('',(#1760));
#5292=EDGE_LOOP('',(#1761));
#5293=EDGE_LOOP('',(#1762));
#5294=EDGE_LOOP('',(#1763));
#5295=EDGE_LOOP('',(#1764));
#5296=EDGE_LOOP('',(#1765));
#5297=EDGE_LOOP('',(#1766));
#5298=EDGE_LOOP('',(#1767));
#5299=EDGE_LOOP('',(#1768));
#5300=EDGE_LOOP('',(#1769));
#5301=EDGE_LOOP('',(#1770));
#5302=EDGE_LOOP('',(#1771));
#5303=EDGE_LOOP('',(#1772));
#5304=EDGE_LOOP('',(#1773));
#5305=EDGE_LOOP('',(#1774));
#5306=EDGE_LOOP('',(#1775));
#5307=EDGE_LOOP('',(#1776));
#5308=EDGE_LOOP('',(#1777));
#5309=EDGE_LOOP('',(#1778));
#5310=EDGE_LOOP('',(#1779));
#5311=EDGE_LOOP('',(#1780));
#5312=EDGE_LOOP('',(#1781));
#5313=EDGE_LOOP('',(#1782));
#5314=EDGE_LOOP('',(#1783));
#5315=EDGE_LOOP('',(#1784));
#5316=EDGE_LOOP('',(#1785));
#5317=EDGE_LOOP('',(#1786));
#5318=EDGE_LOOP('',(#1787));
#5319=EDGE_LOOP('',(#1788));
#5320=EDGE_LOOP('',(#1789));
#5321=EDGE_LOOP('',(#1790));
#5322=EDGE_LOOP('',(#1791));
#5323=EDGE_LOOP('',(#1792));
#5324=EDGE_LOOP('',(#1793));
#5325=EDGE_LOOP('',(#1794));
#5326=EDGE_LOOP('',(#1795));
#5327=EDGE_LOOP('',(#1796));
#5328=EDGE_LOOP('',(#1797));
#5329=EDGE_LOOP('',(#1798));
#5330=EDGE_LOOP('',(#1799));
#5331=EDGE_LOOP('',(#1800));
#5332=EDGE_LOOP('',(#1801));
#5333=EDGE_LOOP('',(#1802));
#5334=EDGE_LOOP('',(#1803));
#5335=EDGE_LOOP('',(#1804));
#5336=EDGE_LOOP('',(#1805));
#5337=EDGE_LOOP('',(#1806));
#5338=EDGE_LOOP('',(#1807));
#5339=EDGE_LOOP('',(#1808));
#5340=EDGE_LOOP('',(#1809));
#5341=EDGE_LOOP('',(#1810));
#5342=EDGE_LOOP('',(#1811));
#5343=EDGE_LOOP('',(#1812));
#5344=EDGE_LOOP('',(#1813));
#5345=EDGE_LOOP('',(#1814));
#5346=EDGE_LOOP('',(#1815));
#5347=EDGE_LOOP('',(#1816));
#5348=EDGE_LOOP('',(#1817));
#5349=EDGE_LOOP('',(#1818));
#5350=EDGE_LOOP('',(#1819,#1820,#1821,#1822));
#5351=EDGE_LOOP('',(#1823,#1824,#1825,#1826));
#5352=EDGE_LOOP('',(#1827,#1828,#1829,#1830));
#5353=EDGE_LOOP('',(#1831,#1832,#1833,#1834));
#5354=EDGE_LOOP('',(#1835,#1836,#1837,#1838));
#5355=EDGE_LOOP('',(#1839,#1840,#1841,#1842));
#5356=EDGE_LOOP('',(#1843,#1844,#1845,#1846));
#5357=EDGE_LOOP('',(#1847,#1848,#1849,#1850));
#5358=EDGE_LOOP('',(#1851,#1852,#1853,#1854));
#5359=EDGE_LOOP('',(#1855,#1856,#1857,#1858));
#5360=EDGE_LOOP('',(#1859,#1860,#1861,#1862));
#5361=EDGE_LOOP('',(#1863,#1864,#1865,#1866));
#5362=EDGE_LOOP('',(#1867,#1868,#1869,#1870));
#5363=EDGE_LOOP('',(#1871,#1872,#1873,#1874));
#5364=EDGE_LOOP('',(#1875,#1876,#1877,#1878));
#5365=EDGE_LOOP('',(#1879,#1880,#1881,#1882));
#5366=EDGE_LOOP('',(#1883,#1884,#1885,#1886));
#5367=EDGE_LOOP('',(#1887,#1888,#1889,#1890));
#5368=EDGE_LOOP('',(#1891,#1892,#1893,#1894));
#5369=EDGE_LOOP('',(#1895,#1896,#1897,#1898));
#5370=EDGE_LOOP('',(#1899,#1900,#1901,#1902));
#5371=EDGE_LOOP('',(#1903,#1904,#1905,#1906));
#5372=EDGE_LOOP('',(#1907,#1908,#1909,#1910));
#5373=EDGE_LOOP('',(#1911,#1912,#1913,#1914));
#5374=EDGE_LOOP('',(#1915,#1916,#1917,#1918));
#5375=EDGE_LOOP('',(#1919,#1920,#1921,#1922));
#5376=EDGE_LOOP('',(#1923,#1924,#1925,#1926));
#5377=EDGE_LOOP('',(#1927,#1928,#1929,#1930));
#5378=EDGE_LOOP('',(#1931,#1932,#1933,#1934));
#5379=EDGE_LOOP('',(#1935,#1936,#1937,#1938));
#5380=EDGE_LOOP('',(#1939,#1940,#1941,#1942));
#5381=EDGE_LOOP('',(#1943,#1944,#1945,#1946));
#5382=EDGE_LOOP('',(#1947,#1948,#1949,#1950));
#5383=EDGE_LOOP('',(#1951,#1952,#1953,#1954));
#5384=EDGE_LOOP('',(#1955,#1956,#1957,#1958));
#5385=EDGE_LOOP('',(#1959,#1960,#1961,#1962));
#5386=EDGE_LOOP('',(#1963,#1964,#1965,#1966));
#5387=EDGE_LOOP('',(#1967,#1968,#1969,#1970));
#5388=EDGE_LOOP('',(#1971,#1972,#1973,#1974));
#5389=EDGE_LOOP('',(#1975,#1976,#1977,#1978));
#5390=EDGE_LOOP('',(#1979,#1980,#1981,#1982));
#5391=EDGE_LOOP('',(#1983,#1984,#1985,#1986));
#5392=EDGE_LOOP('',(#1987,#1988,#1989,#1990));
#5393=FACE_BOUND('',#4753,.T.);
#5394=FACE_BOUND('',#4754,.T.);
#5395=FACE_BOUND('',#4755,.T.);
#5396=FACE_BOUND('',#4756,.T.);
#5397=FACE_BOUND('',#4757,.T.);
#5398=FACE_BOUND('',#4758,.T.);
#5399=FACE_BOUND('',#4759,.T.);
#5400=FACE_BOUND('',#4760,.T.);
#5401=FACE_BOUND('',#4761,.T.);
#5402=FACE_BOUND('',#4762,.T.);
#5403=FACE_BOUND('',#4763,.T.);
#5404=FACE_BOUND('',#4764,.T.);
#5405=FACE_BOUND('',#4765,.T.);
#5406=FACE_BOUND('',#4766,.T.);
#5407=FACE_BOUND('',#4767,.T.);
#5408=FACE_BOUND('',#4768,.T.);
#5409=FACE_BOUND('',#4769,.T.);
#5410=FACE_BOUND('',#4770,.T.);
#5411=FACE_BOUND('',#4771,.T.);
#5412=FACE_BOUND('',#4772,.T.);
#5413=FACE_BOUND('',#4773,.T.);
#5414=FACE_BOUND('',#4774,.T.);
#5415=FACE_BOUND('',#4775,.T.);
#5416=FACE_BOUND('',#4776,.T.);
#5417=FACE_BOUND('',#4777,.T.);
#5418=FACE_BOUND('',#4778,.T.);
#5419=FACE_BOUND('',#4779,.T.);
#5420=FACE_BOUND('',#4780,.T.);
#5421=FACE_BOUND('',#4781,.T.);
#5422=FACE_BOUND('',#4782,.T.);
#5423=FACE_BOUND('',#4783,.T.);
#5424=FACE_BOUND('',#4784,.T.);
#5425=FACE_BOUND('',#4785,.T.);
#5426=FACE_BOUND('',#4786,.T.);
#5427=FACE_BOUND('',#4787,.T.);
#5428=FACE_BOUND('',#4788,.T.);
#5429=FACE_BOUND('',#4789,.T.);
#5430=FACE_BOUND('',#4790,.T.);
#5431=FACE_BOUND('',#4791,.T.);
#5432=FACE_BOUND('',#4792,.T.);
#5433=FACE_BOUND('',#4793,.T.);
#5434=FACE_BOUND('',#4794,.T.);
#5435=FACE_BOUND('',#4795,.T.);
#5436=FACE_BOUND('',#4796,.T.);
#5437=FACE_BOUND('',#4797,.T.);
#5438=FACE_BOUND('',#4798,.T.);
#5439=FACE_BOUND('',#4799,.T.);
#5440=FACE_BOUND('',#4800,.T.);
#5441=FACE_BOUND('',#4801,.T.);
#5442=FACE_BOUND('',#4802,.T.);
#5443=FACE_BOUND('',#4803,.T.);
#5444=FACE_BOUND('',#4804,.T.);
#5445=FACE_BOUND('',#4805,.T.);
#5446=FACE_BOUND('',#4806,.T.);
#5447=FACE_BOUND('',#4807,.T.);
#5448=FACE_BOUND('',#4808,.T.);
#5449=FACE_BOUND('',#4809,.T.);
#5450=FACE_BOUND('',#4810,.T.);
#5451=FACE_BOUND('',#4811,.T.);
#5452=FACE_BOUND('',#4812,.T.);
#5453=FACE_BOUND('',#4813,.T.);
#5454=FACE_BOUND('',#4814,.T.);
#5455=FACE_BOUND('',#4815,.T.);
#5456=FACE_BOUND('',#4816,.T.);
#5457=FACE_BOUND('',#4817,.T.);
#5458=FACE_BOUND('',#4818,.T.);
#5459=FACE_BOUND('',#4819,.T.);
#5460=FACE_BOUND('',#4820,.T.);
#5461=FACE_BOUND('',#4821,.T.);
#5462=FACE_BOUND('',#4822,.T.);
#5463=FACE_BOUND('',#4823,.T.);
#5464=FACE_BOUND('',#4824,.T.);
#5465=FACE_BOUND('',#4825,.T.);
#5466=FACE_BOUND('',#4826,.T.);
#5467=FACE_BOUND('',#4827,.T.);
#5468=FACE_BOUND('',#4828,.T.);
#5469=FACE_BOUND('',#4829,.T.);
#5470=FACE_BOUND('',#4830,.T.);
#5471=FACE_BOUND('',#4831,.T.);
#5472=FACE_BOUND('',#4832,.T.);
#5473=FACE_BOUND('',#4833,.T.);
#5474=FACE_BOUND('',#4834,.T.);
#5475=FACE_BOUND('',#4835,.T.);
#5476=FACE_BOUND('',#4836,.T.);
#5477=FACE_BOUND('',#4837,.T.);
#5478=FACE_BOUND('',#4838,.T.);
#5479=FACE_BOUND('',#4839,.T.);
#5480=FACE_BOUND('',#4840,.T.);
#5481=FACE_BOUND('',#4841,.T.);
#5482=FACE_BOUND('',#4842,.T.);
#5483=FACE_BOUND('',#4843,.T.);
#5484=FACE_BOUND('',#4844,.T.);
#5485=FACE_BOUND('',#4845,.T.);
#5486=FACE_BOUND('',#4846,.T.);
#5487=FACE_BOUND('',#4847,.T.);
#5488=FACE_BOUND('',#4848,.T.);
#5489=FACE_BOUND('',#4849,.T.);
#5490=FACE_BOUND('',#4850,.T.);
#5491=FACE_BOUND('',#4851,.T.);
#5492=FACE_BOUND('',#4852,.T.);
#5493=FACE_BOUND('',#4853,.T.);
#5494=FACE_BOUND('',#4854,.T.);
#5495=FACE_BOUND('',#4855,.T.);
#5496=FACE_BOUND('',#4856,.T.);
#5497=FACE_BOUND('',#4857,.T.);
#5498=FACE_BOUND('',#4858,.T.);
#5499=FACE_BOUND('',#4859,.T.);
#5500=FACE_BOUND('',#4860,.T.);
#5501=FACE_BOUND('',#4861,.T.);
#5502=FACE_BOUND('',#4862,.T.);
#5503=FACE_BOUND('',#4863,.T.);
#5504=FACE_BOUND('',#4864,.T.);
#5505=FACE_BOUND('',#4865,.T.);
#5506=FACE_BOUND('',#4866,.T.);
#5507=FACE_BOUND('',#4867,.T.);
#5508=FACE_BOUND('',#4868,.T.);
#5509=FACE_BOUND('',#4869,.T.);
#5510=FACE_BOUND('',#4870,.T.);
#5511=FACE_BOUND('',#4871,.T.);
#5512=FACE_BOUND('',#4872,.T.);
#5513=FACE_BOUND('',#4873,.T.);
#5514=FACE_BOUND('',#4874,.T.);
#5515=FACE_BOUND('',#4875,.T.);
#5516=FACE_BOUND('',#4876,.T.);
#5517=FACE_BOUND('',#4877,.T.);
#5518=FACE_BOUND('',#4878,.T.);
#5519=FACE_BOUND('',#4879,.T.);
#5520=FACE_BOUND('',#4880,.T.);
#5521=FACE_BOUND('',#4881,.T.);
#5522=FACE_BOUND('',#4882,.T.);
#5523=FACE_BOUND('',#4883,.T.);
#5524=FACE_BOUND('',#4884,.T.);
#5525=FACE_BOUND('',#4885,.T.);
#5526=FACE_BOUND('',#4886,.T.);
#5527=FACE_BOUND('',#4887,.T.);
#5528=FACE_BOUND('',#4888,.T.);
#5529=FACE_BOUND('',#4889,.T.);
#5530=FACE_BOUND('',#4890,.T.);
#5531=FACE_BOUND('',#4891,.T.);
#5532=FACE_BOUND('',#4892,.T.);
#5533=FACE_BOUND('',#4893,.T.);
#5534=FACE_BOUND('',#4894,.T.);
#5535=FACE_BOUND('',#4895,.T.);
#5536=FACE_BOUND('',#4896,.T.);
#5537=FACE_BOUND('',#4897,.T.);
#5538=FACE_BOUND('',#4898,.T.);
#5539=FACE_BOUND('',#4899,.T.);
#5540=FACE_BOUND('',#4900,.T.);
#5541=FACE_BOUND('',#4901,.T.);
#5542=FACE_BOUND('',#4902,.T.);
#5543=FACE_BOUND('',#4903,.T.);
#5544=FACE_BOUND('',#4904,.T.);
#5545=FACE_BOUND('',#4905,.T.);
#5546=FACE_BOUND('',#4906,.T.);
#5547=FACE_BOUND('',#4907,.T.);
#5548=FACE_BOUND('',#4908,.T.);
#5549=FACE_BOUND('',#4909,.T.);
#5550=FACE_BOUND('',#4910,.T.);
#5551=FACE_BOUND('',#4911,.T.);
#5552=FACE_BOUND('',#4912,.T.);
#5553=FACE_BOUND('',#4913,.T.);
#5554=FACE_BOUND('',#4914,.T.);
#5555=FACE_BOUND('',#4915,.T.);
#5556=FACE_BOUND('',#4916,.T.);
#5557=FACE_BOUND('',#4917,.T.);
#5558=FACE_BOUND('',#4918,.T.);
#5559=FACE_BOUND('',#4919,.T.);
#5560=FACE_BOUND('',#4920,.T.);
#5561=FACE_BOUND('',#4921,.T.);
#5562=FACE_BOUND('',#4922,.T.);
#5563=FACE_BOUND('',#4923,.T.);
#5564=FACE_BOUND('',#4924,.T.);
#5565=FACE_BOUND('',#4925,.T.);
#5566=FACE_BOUND('',#4926,.T.);
#5567=FACE_BOUND('',#4927,.T.);
#5568=FACE_BOUND('',#4928,.T.);
#5569=FACE_BOUND('',#4929,.T.);
#5570=FACE_BOUND('',#4930,.T.);
#5571=FACE_BOUND('',#4931,.T.);
#5572=FACE_BOUND('',#4932,.T.);
#5573=FACE_BOUND('',#4933,.T.);
#5574=FACE_BOUND('',#4934,.T.);
#5575=FACE_BOUND('',#4935,.T.);
#5576=FACE_BOUND('',#4936,.T.);
#5577=FACE_BOUND('',#4937,.T.);
#5578=FACE_BOUND('',#4938,.T.);
#5579=FACE_BOUND('',#4939,.T.);
#5580=FACE_BOUND('',#4940,.T.);
#5581=FACE_BOUND('',#4941,.T.);
#5582=FACE_BOUND('',#4942,.T.);
#5583=FACE_BOUND('',#4943,.T.);
#5584=FACE_BOUND('',#4944,.T.);
#5585=FACE_BOUND('',#4945,.T.);
#5586=FACE_BOUND('',#4946,.T.);
#5587=FACE_BOUND('',#4947,.T.);
#5588=FACE_BOUND('',#4948,.T.);
#5589=FACE_BOUND('',#4949,.T.);
#5590=FACE_BOUND('',#4950,.T.);
#5591=FACE_BOUND('',#4951,.T.);
#5592=FACE_BOUND('',#4952,.T.);
#5593=FACE_BOUND('',#4953,.T.);
#5594=FACE_BOUND('',#4954,.T.);
#5595=FACE_BOUND('',#4955,.T.);
#5596=FACE_BOUND('',#4956,.T.);
#5597=FACE_BOUND('',#4957,.T.);
#5598=FACE_BOUND('',#4958,.T.);
#5599=FACE_BOUND('',#4959,.T.);
#5600=FACE_BOUND('',#4960,.T.);
#5601=FACE_BOUND('',#4961,.T.);
#5602=FACE_BOUND('',#4962,.T.);
#5603=FACE_BOUND('',#4963,.T.);
#5604=FACE_BOUND('',#4964,.T.);
#5605=FACE_BOUND('',#4965,.T.);
#5606=FACE_BOUND('',#4966,.T.);
#5607=FACE_BOUND('',#4967,.T.);
#5608=FACE_BOUND('',#4968,.T.);
#5609=FACE_BOUND('',#4969,.T.);
#5610=FACE_BOUND('',#4970,.T.);
#5611=FACE_BOUND('',#4971,.T.);
#5612=FACE_BOUND('',#4972,.T.);
#5613=FACE_BOUND('',#4973,.T.);
#5614=FACE_BOUND('',#4974,.T.);
#5615=FACE_BOUND('',#4975,.T.);
#5616=FACE_BOUND('',#4976,.T.);
#5617=FACE_BOUND('',#4977,.T.);
#5618=FACE_BOUND('',#4978,.T.);
#5619=FACE_BOUND('',#4979,.T.);
#5620=FACE_BOUND('',#4980,.T.);
#5621=FACE_BOUND('',#4981,.T.);
#5622=FACE_BOUND('',#4982,.T.);
#5623=FACE_BOUND('',#4983,.T.);
#5624=FACE_BOUND('',#4984,.T.);
#5625=FACE_BOUND('',#4985,.T.);
#5626=FACE_BOUND('',#4986,.T.);
#5627=FACE_BOUND('',#4987,.T.);
#5628=FACE_BOUND('',#4988,.T.);
#5629=FACE_BOUND('',#4989,.T.);
#5630=FACE_BOUND('',#4990,.T.);
#5631=FACE_BOUND('',#4991,.T.);
#5632=FACE_BOUND('',#4992,.T.);
#5633=FACE_BOUND('',#4993,.T.);
#5634=FACE_BOUND('',#4994,.T.);
#5635=FACE_BOUND('',#4995,.T.);
#5636=FACE_BOUND('',#4996,.T.);
#5637=FACE_BOUND('',#4997,.T.);
#5638=FACE_BOUND('',#4998,.T.);
#5639=FACE_BOUND('',#4999,.T.);
#5640=FACE_BOUND('',#5000,.T.);
#5641=FACE_BOUND('',#5001,.T.);
#5642=FACE_BOUND('',#5002,.T.);
#5643=FACE_BOUND('',#5003,.T.);
#5644=FACE_BOUND('',#5004,.T.);
#5645=FACE_BOUND('',#5005,.T.);
#5646=FACE_BOUND('',#5006,.T.);
#5647=FACE_BOUND('',#5007,.T.);
#5648=FACE_BOUND('',#5008,.T.);
#5649=FACE_BOUND('',#5009,.T.);
#5650=FACE_BOUND('',#5010,.T.);
#5651=FACE_BOUND('',#5011,.T.);
#5652=FACE_BOUND('',#5012,.T.);
#5653=FACE_BOUND('',#5013,.T.);
#5654=FACE_BOUND('',#5014,.T.);
#5655=FACE_BOUND('',#5015,.T.);
#5656=FACE_BOUND('',#5016,.T.);
#5657=FACE_BOUND('',#5017,.T.);
#5658=FACE_BOUND('',#5018,.T.);
#5659=FACE_BOUND('',#5019,.T.);
#5660=FACE_BOUND('',#5020,.T.);
#5661=FACE_BOUND('',#5021,.T.);
#5662=FACE_BOUND('',#5022,.T.);
#5663=FACE_BOUND('',#5023,.T.);
#5664=FACE_BOUND('',#5024,.T.);
#5665=FACE_BOUND('',#5025,.T.);
#5666=FACE_BOUND('',#5026,.T.);
#5667=FACE_BOUND('',#5027,.T.);
#5668=FACE_BOUND('',#5028,.T.);
#5669=FACE_BOUND('',#5029,.T.);
#5670=FACE_BOUND('',#5030,.T.);
#5671=FACE_BOUND('',#5031,.T.);
#5672=FACE_BOUND('',#5032,.T.);
#5673=FACE_BOUND('',#5033,.T.);
#5674=FACE_BOUND('',#5034,.T.);
#5675=FACE_BOUND('',#5035,.T.);
#5676=FACE_BOUND('',#5036,.T.);
#5677=FACE_BOUND('',#5037,.T.);
#5678=FACE_BOUND('',#5038,.T.);
#5679=FACE_BOUND('',#5039,.T.);
#5680=FACE_BOUND('',#5040,.T.);
#5681=FACE_BOUND('',#5041,.T.);
#5682=FACE_BOUND('',#5042,.T.);
#5683=FACE_BOUND('',#5043,.T.);
#5684=FACE_BOUND('',#5044,.T.);
#5685=FACE_BOUND('',#5045,.T.);
#5686=FACE_BOUND('',#5046,.T.);
#5687=FACE_BOUND('',#5047,.T.);
#5688=FACE_BOUND('',#5048,.T.);
#5689=FACE_BOUND('',#5049,.T.);
#5690=FACE_BOUND('',#5050,.T.);
#5691=FACE_BOUND('',#5051,.T.);
#5692=FACE_BOUND('',#5052,.T.);
#5693=FACE_BOUND('',#5053,.T.);
#5694=FACE_BOUND('',#5054,.T.);
#5695=FACE_BOUND('',#5055,.T.);
#5696=FACE_BOUND('',#5056,.T.);
#5697=FACE_BOUND('',#5057,.T.);
#5698=FACE_BOUND('',#5058,.T.);
#5699=FACE_BOUND('',#5059,.T.);
#5700=FACE_BOUND('',#5060,.T.);
#5701=FACE_BOUND('',#5061,.T.);
#5702=FACE_BOUND('',#5062,.T.);
#5703=FACE_BOUND('',#5063,.T.);
#5704=FACE_BOUND('',#5064,.T.);
#5705=FACE_BOUND('',#5065,.T.);
#5706=FACE_BOUND('',#5066,.T.);
#5707=FACE_BOUND('',#5067,.T.);
#5708=FACE_BOUND('',#5068,.T.);
#5709=FACE_BOUND('',#5069,.T.);
#5710=FACE_BOUND('',#5070,.T.);
#5711=FACE_BOUND('',#5071,.T.);
#5712=FACE_BOUND('',#5072,.T.);
#5713=FACE_BOUND('',#5073,.T.);
#5714=FACE_BOUND('',#5074,.T.);
#5715=FACE_BOUND('',#5075,.T.);
#5716=FACE_BOUND('',#5076,.T.);
#5717=FACE_BOUND('',#5077,.T.);
#5718=FACE_BOUND('',#5078,.T.);
#5719=FACE_BOUND('',#5079,.T.);
#5720=FACE_BOUND('',#5080,.T.);
#5721=FACE_BOUND('',#5081,.T.);
#5722=FACE_BOUND('',#5082,.T.);
#5723=FACE_BOUND('',#5083,.T.);
#5724=FACE_BOUND('',#5084,.T.);
#5725=FACE_BOUND('',#5085,.T.);
#5726=FACE_BOUND('',#5086,.T.);
#5727=FACE_BOUND('',#5087,.T.);
#5728=FACE_BOUND('',#5088,.T.);
#5729=FACE_BOUND('',#5089,.T.);
#5730=FACE_BOUND('',#5090,.T.);
#5731=FACE_BOUND('',#5091,.T.);
#5732=FACE_BOUND('',#5092,.T.);
#5733=FACE_BOUND('',#5093,.T.);
#5734=FACE_BOUND('',#5094,.T.);
#5735=FACE_BOUND('',#5095,.T.);
#5736=FACE_BOUND('',#5096,.T.);
#5737=FACE_BOUND('',#5097,.T.);
#5738=FACE_BOUND('',#5098,.T.);
#5739=FACE_BOUND('',#5099,.T.);
#5740=FACE_BOUND('',#5100,.T.);
#5741=FACE_BOUND('',#5101,.T.);
#5742=FACE_BOUND('',#5102,.T.);
#5743=FACE_BOUND('',#5103,.T.);
#5744=FACE_BOUND('',#5104,.T.);
#5745=FACE_BOUND('',#5105,.T.);
#5746=FACE_BOUND('',#5106,.T.);
#5747=FACE_BOUND('',#5107,.T.);
#5748=FACE_BOUND('',#5108,.T.);
#5749=FACE_BOUND('',#5109,.T.);
#5750=FACE_BOUND('',#5110,.T.);
#5751=FACE_BOUND('',#5111,.T.);
#5752=FACE_BOUND('',#5112,.T.);
#5753=FACE_BOUND('',#5113,.T.);
#5754=FACE_BOUND('',#5114,.T.);
#5755=FACE_BOUND('',#5115,.T.);
#5756=FACE_BOUND('',#5116,.T.);
#5757=FACE_BOUND('',#5117,.T.);
#5758=FACE_BOUND('',#5118,.T.);
#5759=FACE_BOUND('',#5119,.T.);
#5760=FACE_BOUND('',#5120,.T.);
#5761=FACE_BOUND('',#5121,.T.);
#5762=FACE_BOUND('',#5122,.T.);
#5763=FACE_BOUND('',#5123,.T.);
#5764=FACE_BOUND('',#5124,.T.);
#5765=FACE_BOUND('',#5125,.T.);
#5766=FACE_BOUND('',#5126,.T.);
#5767=FACE_BOUND('',#5127,.T.);
#5768=FACE_BOUND('',#5128,.T.);
#5769=FACE_BOUND('',#5129,.T.);
#5770=FACE_BOUND('',#5130,.T.);
#5771=FACE_BOUND('',#5131,.T.);
#5772=FACE_BOUND('',#5132,.T.);
#5773=FACE_BOUND('',#5133,.T.);
#5774=FACE_BOUND('',#5134,.T.);
#5775=FACE_BOUND('',#5135,.T.);
#5776=FACE_BOUND('',#5136,.T.);
#5777=FACE_BOUND('',#5137,.T.);
#5778=FACE_BOUND('',#5138,.T.);
#5779=FACE_BOUND('',#5139,.T.);
#5780=FACE_BOUND('',#5140,.T.);
#5781=FACE_BOUND('',#5141,.T.);
#5782=FACE_BOUND('',#5142,.T.);
#5783=FACE_BOUND('',#5143,.T.);
#5784=FACE_BOUND('',#5144,.T.);
#5785=FACE_BOUND('',#5145,.T.);
#5786=FACE_BOUND('',#5146,.T.);
#5787=FACE_BOUND('',#5147,.T.);
#5788=FACE_BOUND('',#5148,.T.);
#5789=FACE_BOUND('',#5149,.T.);
#5790=FACE_BOUND('',#5150,.T.);
#5791=FACE_BOUND('',#5151,.T.);
#5792=FACE_BOUND('',#5152,.T.);
#5793=FACE_BOUND('',#5153,.T.);
#5794=FACE_BOUND('',#5154,.T.);
#5795=FACE_BOUND('',#5155,.T.);
#5796=FACE_BOUND('',#5156,.T.);
#5797=FACE_BOUND('',#5157,.T.);
#5798=FACE_BOUND('',#5158,.T.);
#5799=FACE_BOUND('',#5159,.T.);
#5800=FACE_BOUND('',#5160,.T.);
#5801=FACE_BOUND('',#5161,.T.);
#5802=FACE_BOUND('',#5162,.T.);
#5803=FACE_BOUND('',#5163,.T.);
#5804=FACE_BOUND('',#5164,.T.);
#5805=FACE_BOUND('',#5165,.T.);
#5806=FACE_BOUND('',#5166,.T.);
#5807=FACE_BOUND('',#5167,.T.);
#5808=FACE_BOUND('',#5168,.T.);
#5809=FACE_BOUND('',#5169,.T.);
#5810=FACE_BOUND('',#5170,.T.);
#5811=FACE_BOUND('',#5171,.T.);
#5812=FACE_BOUND('',#5172,.T.);
#5813=FACE_BOUND('',#5173,.T.);
#5814=FACE_BOUND('',#5174,.T.);
#5815=FACE_BOUND('',#5175,.T.);
#5816=FACE_BOUND('',#5176,.T.);
#5817=FACE_BOUND('',#5177,.T.);
#5818=FACE_BOUND('',#5178,.T.);
#5819=FACE_BOUND('',#5179,.T.);
#5820=FACE_BOUND('',#5180,.T.);
#5821=FACE_BOUND('',#5181,.T.);
#5822=FACE_BOUND('',#5182,.T.);
#5823=FACE_BOUND('',#5183,.T.);
#5824=FACE_BOUND('',#5184,.T.);
#5825=FACE_BOUND('',#5185,.T.);
#5826=FACE_BOUND('',#5186,.T.);
#5827=FACE_BOUND('',#5187,.T.);
#5828=FACE_BOUND('',#5188,.T.);
#5829=FACE_BOUND('',#5189,.T.);
#5830=FACE_BOUND('',#5190,.T.);
#5831=FACE_BOUND('',#5191,.T.);
#5832=FACE_BOUND('',#5192,.T.);
#5833=FACE_BOUND('',#5193,.T.);
#5834=FACE_BOUND('',#5194,.T.);
#5835=FACE_BOUND('',#5195,.T.);
#5836=FACE_BOUND('',#5196,.T.);
#5837=FACE_BOUND('',#5197,.T.);
#5838=FACE_BOUND('',#5198,.T.);
#5839=FACE_BOUND('',#5199,.T.);
#5840=FACE_BOUND('',#5200,.T.);
#5841=FACE_BOUND('',#5201,.T.);
#5842=FACE_BOUND('',#5202,.T.);
#5843=FACE_BOUND('',#5203,.T.);
#5844=FACE_BOUND('',#5204,.T.);
#5845=FACE_BOUND('',#5205,.T.);
#5846=FACE_BOUND('',#5206,.T.);
#5847=FACE_BOUND('',#5207,.T.);
#5848=FACE_BOUND('',#5208,.T.);
#5849=FACE_BOUND('',#5209,.T.);
#5850=FACE_BOUND('',#5210,.T.);
#5851=FACE_BOUND('',#5211,.T.);
#5852=FACE_BOUND('',#5212,.T.);
#5853=FACE_BOUND('',#5213,.T.);
#5854=FACE_BOUND('',#5214,.T.);
#5855=FACE_BOUND('',#5215,.T.);
#5856=FACE_BOUND('',#5216,.T.);
#5857=FACE_BOUND('',#5217,.T.);
#5858=FACE_BOUND('',#5218,.T.);
#5859=FACE_BOUND('',#5219,.T.);
#5860=FACE_BOUND('',#5220,.T.);
#5861=FACE_BOUND('',#5221,.T.);
#5862=FACE_BOUND('',#5222,.T.);
#5863=FACE_BOUND('',#5223,.T.);
#5864=FACE_BOUND('',#5224,.T.);
#5865=FACE_BOUND('',#5225,.T.);
#5866=FACE_BOUND('',#5226,.T.);
#5867=FACE_BOUND('',#5227,.T.);
#5868=FACE_BOUND('',#5228,.T.);
#5869=FACE_BOUND('',#5229,.T.);
#5870=FACE_BOUND('',#5230,.T.);
#5871=FACE_BOUND('',#5231,.T.);
#5872=FACE_BOUND('',#5232,.T.);
#5873=FACE_BOUND('',#5233,.T.);
#5874=FACE_BOUND('',#5234,.T.);
#5875=FACE_BOUND('',#5235,.T.);
#5876=FACE_BOUND('',#5236,.T.);
#5877=FACE_BOUND('',#5237,.T.);
#5878=FACE_BOUND('',#5238,.T.);
#5879=FACE_BOUND('',#5239,.T.);
#5880=FACE_BOUND('',#5240,.T.);
#5881=FACE_BOUND('',#5241,.T.);
#5882=FACE_BOUND('',#5242,.T.);
#5883=FACE_BOUND('',#5243,.T.);
#5884=FACE_BOUND('',#5244,.T.);
#5885=FACE_BOUND('',#5245,.T.);
#5886=FACE_BOUND('',#5246,.T.);
#5887=FACE_BOUND('',#5247,.T.);
#5888=FACE_BOUND('',#5248,.T.);
#5889=FACE_BOUND('',#5249,.T.);
#5890=FACE_BOUND('',#5250,.T.);
#5891=FACE_BOUND('',#5251,.T.);
#5892=FACE_BOUND('',#5252,.T.);
#5893=FACE_BOUND('',#5253,.T.);
#5894=FACE_BOUND('',#5254,.T.);
#5895=FACE_BOUND('',#5255,.T.);
#5896=FACE_BOUND('',#5256,.T.);
#5897=FACE_BOUND('',#5257,.T.);
#5898=FACE_BOUND('',#5258,.T.);
#5899=FACE_BOUND('',#5259,.T.);
#5900=FACE_BOUND('',#5260,.T.);
#5901=FACE_BOUND('',#5261,.T.);
#5902=FACE_BOUND('',#5262,.T.);
#5903=FACE_BOUND('',#5263,.T.);
#5904=FACE_BOUND('',#5264,.T.);
#5905=FACE_BOUND('',#5265,.T.);
#5906=FACE_BOUND('',#5266,.T.);
#5907=FACE_BOUND('',#5267,.T.);
#5908=FACE_BOUND('',#5268,.T.);
#5909=FACE_BOUND('',#5269,.T.);
#5910=FACE_BOUND('',#5270,.T.);
#5911=FACE_BOUND('',#5271,.T.);
#5912=FACE_BOUND('',#5272,.T.);
#5913=FACE_BOUND('',#5273,.T.);
#5914=FACE_BOUND('',#5274,.T.);
#5915=FACE_BOUND('',#5275,.T.);
#5916=FACE_BOUND('',#5276,.T.);
#5917=FACE_BOUND('',#5277,.T.);
#5918=FACE_BOUND('',#5278,.T.);
#5919=FACE_BOUND('',#5279,.T.);
#5920=FACE_BOUND('',#5280,.T.);
#5921=FACE_BOUND('',#5281,.T.);
#5922=FACE_BOUND('',#5282,.T.);
#5923=FACE_BOUND('',#5283,.T.);
#5924=FACE_BOUND('',#5284,.T.);
#5925=FACE_BOUND('',#5285,.T.);
#5926=FACE_BOUND('',#5286,.T.);
#5927=FACE_BOUND('',#5287,.T.);
#5928=FACE_BOUND('',#5288,.T.);
#5929=FACE_BOUND('',#5289,.T.);
#5930=FACE_BOUND('',#5290,.T.);
#5931=FACE_BOUND('',#5291,.T.);
#5932=FACE_BOUND('',#5292,.T.);
#5933=FACE_BOUND('',#5293,.T.);
#5934=FACE_BOUND('',#5294,.T.);
#5935=FACE_BOUND('',#5295,.T.);
#5936=FACE_BOUND('',#5296,.T.);
#5937=FACE_BOUND('',#5297,.T.);
#5938=FACE_BOUND('',#5298,.T.);
#5939=FACE_BOUND('',#5299,.T.);
#5940=FACE_BOUND('',#5300,.T.);
#5941=FACE_BOUND('',#5301,.T.);
#5942=FACE_BOUND('',#5302,.T.);
#5943=FACE_BOUND('',#5303,.T.);
#5944=FACE_BOUND('',#5304,.T.);
#5945=FACE_BOUND('',#5305,.T.);
#5946=FACE_BOUND('',#5306,.T.);
#5947=FACE_BOUND('',#5307,.T.);
#5948=FACE_BOUND('',#5308,.T.);
#5949=FACE_BOUND('',#5309,.T.);
#5950=FACE_BOUND('',#5310,.T.);
#5951=FACE_BOUND('',#5311,.T.);
#5952=FACE_BOUND('',#5312,.T.);
#5953=FACE_BOUND('',#5313,.T.);
#5954=FACE_BOUND('',#5314,.T.);
#5955=FACE_BOUND('',#5315,.T.);
#5956=FACE_BOUND('',#5316,.T.);
#5957=FACE_BOUND('',#5317,.T.);
#5958=FACE_BOUND('',#5318,.T.);
#5959=FACE_BOUND('',#5319,.T.);
#5960=FACE_BOUND('',#5320,.T.);
#5961=FACE_BOUND('',#5321,.T.);
#5962=FACE_BOUND('',#5322,.T.);
#5963=FACE_BOUND('',#5323,.T.);
#5964=FACE_BOUND('',#5324,.T.);
#5965=FACE_BOUND('',#5325,.T.);
#5966=FACE_BOUND('',#5326,.T.);
#5967=FACE_BOUND('',#5327,.T.);
#5968=FACE_BOUND('',#5328,.T.);
#5969=FACE_BOUND('',#5329,.T.);
#5970=FACE_BOUND('',#5330,.T.);
#5971=FACE_BOUND('',#5331,.T.);
#5972=FACE_BOUND('',#5332,.T.);
#5973=FACE_BOUND('',#5333,.T.);
#5974=FACE_BOUND('',#5334,.T.);
#5975=FACE_BOUND('',#5335,.T.);
#5976=FACE_BOUND('',#5336,.T.);
#5977=FACE_BOUND('',#5337,.T.);
#5978=FACE_BOUND('',#5338,.T.);
#5979=FACE_BOUND('',#5339,.T.);
#5980=FACE_BOUND('',#5340,.T.);
#5981=FACE_BOUND('',#5341,.T.);
#5982=FACE_BOUND('',#5342,.T.);
#5983=FACE_BOUND('',#5343,.T.);
#5984=FACE_BOUND('',#5344,.T.);
#5985=FACE_BOUND('',#5345,.T.);
#5986=FACE_BOUND('',#5346,.T.);
#5987=FACE_BOUND('',#5347,.T.);
#5988=FACE_BOUND('',#5348,.T.);
#5989=FACE_BOUND('',#5349,.T.);
#5990=FACE_BOUND('',#5350,.T.);
#5991=FACE_BOUND('',#5351,.T.);
#5992=FACE_BOUND('',#5352,.T.);
#5993=FACE_BOUND('',#5353,.T.);
#5994=FACE_BOUND('',#5354,.T.);
#5995=FACE_BOUND('',#5355,.T.);
#5996=FACE_BOUND('',#5356,.T.);
#5997=FACE_BOUND('',#5357,.T.);
#5998=FACE_BOUND('',#5358,.T.);
#5999=FACE_BOUND('',#5359,.T.);
#6000=FACE_BOUND('',#5360,.T.);
#6001=FACE_BOUND('',#5361,.T.);
#6002=FACE_BOUND('',#5362,.T.);
#6003=FACE_BOUND('',#5363,.T.);
#6004=FACE_BOUND('',#5364,.T.);
#6005=FACE_BOUND('',#5365,.T.);
#6006=FACE_BOUND('',#5366,.T.);
#6007=FACE_BOUND('',#5367,.T.);
#6008=FACE_BOUND('',#5368,.T.);
#6009=FACE_BOUND('',#5369,.T.);
#6010=FACE_BOUND('',#5370,.T.);
#6011=FACE_BOUND('',#5371,.T.);
#6012=FACE_BOUND('',#5372,.T.);
#6013=FACE_BOUND('',#5373,.T.);
#6014=FACE_BOUND('',#5374,.T.);
#6015=FACE_BOUND('',#5375,.T.);
#6016=FACE_BOUND('',#5376,.T.);
#6017=FACE_BOUND('',#5377,.T.);
#6018=FACE_BOUND('',#5378,.T.);
#6019=FACE_BOUND('',#5379,.T.);
#6020=FACE_BOUND('',#5380,.T.);
#6021=FACE_BOUND('',#5381,.T.);
#6022=FACE_BOUND('',#5382,.T.);
#6023=FACE_BOUND('',#5383,.T.);
#6024=FACE_BOUND('',#5384,.T.);
#6025=FACE_BOUND('',#5385,.T.);
#6026=FACE_BOUND('',#5386,.T.);
#6027=FACE_BOUND('',#5387,.T.);
#6028=FACE_BOUND('',#5388,.T.);
#6029=FACE_BOUND('',#5389,.T.);
#6030=FACE_BOUND('',#5390,.T.);
#6031=FACE_BOUND('',#5391,.T.);
#6032=FACE_BOUND('',#5392,.T.);
#6033=PLANE('',#6571);
#6034=PLANE('',#6572);
#6035=PLANE('',#6670);
#6036=PLANE('',#6768);
#6037=PLANE('',#6769);
#6038=PLANE('',#6770);
#6039=PLANE('',#6771);
#6040=PLANE('',#6772);
#6041=PLANE('',#6773);
#6042=PLANE('',#6774);
#6043=PLANE('',#6775);
#6044=PLANE('',#6776);
#6045=PLANE('',#6777);
#6046=PLANE('',#6778);
#6047=PLANE('',#6779);
#6048=PLANE('',#6780);
#6049=PLANE('',#6781);
#6050=PLANE('',#6782);
#6051=PLANE('',#6783);
#6052=PLANE('',#6784);
#6053=PLANE('',#6785);
#6054=PLANE('',#6786);
#6055=PLANE('',#6787);
#6056=PLANE('',#6788);
#6057=PLANE('',#6789);
#6058=PLANE('',#6790);
#6059=PLANE('',#6791);
#6060=PLANE('',#6792);
#6061=PLANE('',#6793);
#6062=PLANE('',#6794);
#6063=PLANE('',#6795);
#6064=PLANE('',#6796);
#6065=PLANE('',#6797);
#6066=PLANE('',#6798);
#6067=PLANE('',#6799);
#6068=PLANE('',#6800);
#6069=PLANE('',#6801);
#6070=PLANE('',#6802);
#6071=PLANE('',#6803);
#6072=PLANE('',#6804);
#6073=PLANE('',#6805);
#6074=PLANE('',#6806);
#6075=PLANE('',#6807);
#6076=PLANE('',#6808);
#6077=PLANE('',#6809);
#6078=PLANE('',#6810);
#6079=PLANE('',#6811);
#6080=PLANE('',#6812);
#6081=PLANE('',#6813);
#6082=PLANE('',#6814);
#6083=PLANE('',#6815);
#6084=PLANE('',#6816);
#6085=PLANE('',#6817);
#6086=PLANE('',#6819);
#6087=PLANE('',#6820);
#6088=PLANE('',#6821);
#6089=PLANE('',#6823);
#6090=PLANE('',#6825);
#6091=PLANE('',#6826);
#6092=PLANE('',#6827);
#6093=PLANE('',#6829);
#6094=PLANE('',#6830);
#6095=PLANE('',#6831);
#6096=PLANE('',#6832);
#6097=PLANE('',#6833);
#6098=PLANE('',#6834);
#6099=PLANE('',#6835);
#6100=PLANE('',#6836);
#6101=PLANE('',#6837);
#6102=PLANE('',#6838);
#6103=PLANE('',#6839);
#6104=PLANE('',#6840);
#6105=PLANE('',#6841);
#6106=PLANE('',#6842);
#6107=PLANE('',#6843);
#6108=PLANE('',#6844);
#6109=PLANE('',#6845);
#6110=PLANE('',#6846);
#6111=PLANE('',#6847);
#6112=PLANE('',#6848);
#6113=PLANE('',#6849);
#6114=PLANE('',#6851);
#6115=PLANE('',#6853);
#6116=PLANE('',#6855);
#6117=PLANE('',#6856);
#6118=PLANE('',#6857);
#6119=PLANE('',#6859);
#6120=PLANE('',#6860);
#6121=PLANE('',#6861);
#6122=PLANE('',#6862);
#6123=PLANE('',#6863);
#6124=PLANE('',#6864);
#6125=PLANE('',#6865);
#6126=PLANE('',#6866);
#6127=PLANE('',#6867);
#6128=PLANE('',#6868);
#6129=PLANE('',#6869);
#6130=PLANE('',#6870);
#6131=PLANE('',#6871);
#6132=PLANE('',#6872);
#6133=PLANE('',#6873);
#6134=PLANE('',#6874);
#6135=PLANE('',#6875);
#6136=PLANE('',#6876);
#6137=PLANE('',#6877);
#6138=PLANE('',#6878);
#6139=PLANE('',#6879);
#6140=PLANE('',#6880);
#6141=PLANE('',#6881);
#6142=PLANE('',#6882);
#6143=PLANE('',#6883);
#6144=PLANE('',#6884);
#6145=PLANE('',#6885);
#6146=PLANE('',#6886);
#6147=PLANE('',#6887);
#6148=PLANE('',#6888);
#6149=PLANE('',#6889);
#6150=PLANE('',#6890);
#6151=PLANE('',#6891);
#6152=PLANE('',#6892);
#6153=PLANE('',#6893);
#6154=PLANE('',#6894);
#6155=PLANE('',#6895);
#6156=PLANE('',#6896);
#6157=PLANE('',#6897);
#6158=PLANE('',#6898);
#6159=PLANE('',#6899);
#6160=PLANE('',#6900);
#6161=PLANE('',#6901);
#6162=PLANE('',#6902);
#6163=PLANE('',#6903);
#6164=PLANE('',#6904);
#6165=PLANE('',#6905);
#6166=PLANE('',#6906);
#6167=PLANE('',#6907);
#6168=PLANE('',#6908);
#6169=PLANE('',#6909);
#6170=PLANE('',#6910);
#6171=PLANE('',#6911);
#6172=PLANE('',#6912);
#6173=PLANE('',#6913);
#6174=PLANE('',#6914);
#6175=PLANE('',#6915);
#6176=PLANE('',#6916);
#6177=PLANE('',#6917);
#6178=PLANE('',#6918);
#6179=PLANE('',#6919);
#6180=PLANE('',#6920);
#6181=PLANE('',#6921);
#6182=PLANE('',#6922);
#6183=PLANE('',#6923);
#6184=PLANE('',#6924);
#6185=PLANE('',#6925);
#6186=PLANE('',#6926);
#6187=PLANE('',#6927);
#6188=PLANE('',#6928);
#6189=PLANE('',#6929);
#6190=PLANE('',#6930);
#6191=PLANE('',#6931);
#6192=PLANE('',#6932);
#6193=PLANE('',#6933);
#6194=PLANE('',#6937);
#6195=PLANE('',#6938);
#6196=PLANE('',#6939);
#6197=PLANE('',#6940);
#6198=PLANE('',#6941);
#6199=PLANE('',#6942);
#6200=PLANE('',#6943);
#6201=PLANE('',#6944);
#6202=PLANE('',#6945);
#6203=PLANE('',#6946);
#6204=PLANE('',#6947);
#6205=PLANE('',#6948);
#6206=PLANE('',#6949);
#6207=PLANE('',#6950);
#6208=PLANE('',#6951);
#6209=PLANE('',#6952);
#6210=PLANE('',#7033);
#6211=PLANE('',#7034);
#6212=PLANE('',#7035);
#6213=PLANE('',#7036);
#6214=PLANE('',#7037);
#6215=PLANE('',#7038);
#6216=PLANE('',#7039);
#6217=PLANE('',#7040);
#6218=PLANE('',#7041);
#6219=PLANE('',#7042);
#6220=PLANE('',#7043);
#6221=PLANE('',#7044);
#6222=PLANE('',#7045);
#6223=PLANE('',#7046);
#6224=PLANE('',#7047);
#6225=PLANE('',#7048);
#6226=PLANE('',#7049);
#6227=PLANE('',#7050);
#6228=PLANE('',#7051);
#6229=PLANE('',#7052);
#6230=PLANE('',#7053);
#6231=PLANE('',#7054);
#6232=PLANE('',#7055);
#6233=PLANE('',#7056);
#6234=PLANE('',#7057);
#6235=PLANE('',#7064);
#6236=PLANE('',#7065);
#6237=PLANE('',#7066);
#6238=PLANE('',#7067);
#6239=PLANE('',#7068);
#6240=PLANE('',#7069);
#6241=PLANE('',#7070);
#6242=PLANE('',#7071);
#6243=PLANE('',#7072);
#6244=PLANE('',#7073);
#6245=PLANE('',#7074);
#6246=PLANE('',#7075);
#6247=ADVANCED_FACE('',(#5393),#6033,.T.);
#6248=ADVANCED_FACE('',(#5394,#5395,#5396,#5397,#5398,#5399,#5400,#5401,
#5402,#5403,#5404,#5405,#5406,#5407,#5408,#5409,#5410,#5411,#5412,#5413,
#5414,#5415,#5416,#5417,#5418,#5419,#5420,#5421,#5422,#5423,#5424,#5425,
#5426,#5427,#5428,#5429,#5430,#5431,#5432,#5433,#5434,#5435,#5436,#5437,
#5438,#5439,#5440,#5441,#5442,#5443,#5444,#5445,#5446,#5447,#5448,#5449,
#5450,#5451,#5452,#5453,#5454,#5455,#5456,#5457,#5458,#5459,#5460,#5461,
#5462,#5463,#5464,#5465,#5466,#5467,#5468,#5469,#5470,#5471,#5472,#5473,
#5474,#5475,#5476,#5477,#5478,#5479,#5480,#5481,#5482,#5483,#5484,#5485,
#5486,#5487,#5488,#5489,#5490,#5491,#5492,#5493,#5494,#5495,#5496,#5497,
#5498,#5499,#5500,#5501,#5502,#5503,#5504,#5505,#5506,#5507,#5508,#5509,
#5510,#5511,#5512,#5513,#5514,#5515,#5516,#5517),#6034,.T.);
#6249=ADVANCED_FACE('',(#5518,#5519,#5520,#5521,#5522,#5523,#5524,#5525,
#5526,#5527,#5528,#5529,#5530,#5531,#5532,#5533,#5534,#5535,#5536,#5537,
#5538,#5539,#5540,#5541,#5542,#5543,#5544,#5545,#5546,#5547,#5548,#5549,
#5550,#5551,#5552,#5553,#5554,#5555,#5556,#5557,#5558,#5559,#5560,#5561,
#5562,#5563,#5564,#5565,#5566,#5567,#5568,#5569,#5570,#5571,#5572,#5573,
#5574,#5575,#5576,#5577,#5578,#5579,#5580,#5581,#5582,#5583,#5584,#5585,
#5586,#5587,#5588,#5589,#5590,#5591,#5592,#5593,#5594,#5595,#5596,#5597,
#5598,#5599,#5600,#5601,#5602,#5603,#5604,#5605,#5606,#5607,#5608,#5609,
#5610,#5611,#5612,#5613,#5614,#5615,#5616,#5617,#5618,#5619,#5620,#5621,
#5622,#5623,#5624,#5625,#5626,#5627,#5628,#5629,#5630,#5631,#5632,#5633,
#5634,#5635,#5636,#5637,#5638,#5639,#5640,#5641),#6035,.F.);
#6250=ADVANCED_FACE('',(#5642),#6036,.T.);
#6251=ADVANCED_FACE('',(#5643),#6037,.F.);
#6252=ADVANCED_FACE('',(#5644),#6038,.F.);
#6253=ADVANCED_FACE('',(#5645),#6039,.T.);
#6254=ADVANCED_FACE('',(#5646),#6040,.F.);
#6255=ADVANCED_FACE('',(#5647),#6041,.F.);
#6256=ADVANCED_FACE('',(#5648),#6042,.T.);
#6257=ADVANCED_FACE('',(#5649),#6043,.T.);
#6258=ADVANCED_FACE('',(#5650),#6044,.F.);
#6259=ADVANCED_FACE('',(#5651),#6045,.T.);
#6260=ADVANCED_FACE('',(#5652),#6046,.T.);
#6261=ADVANCED_FACE('',(#5653),#6047,.F.);
#6262=ADVANCED_FACE('',(#5654),#6048,.T.);
#6263=ADVANCED_FACE('',(#5655),#6049,.T.);
#6264=ADVANCED_FACE('',(#5656),#6050,.F.);
#6265=ADVANCED_FACE('',(#5657),#6051,.T.);
#6266=ADVANCED_FACE('',(#5658),#6052,.T.);
#6267=ADVANCED_FACE('',(#5659),#6053,.F.);
#6268=ADVANCED_FACE('',(#5660),#6054,.T.);
#6269=ADVANCED_FACE('',(#5661),#6055,.T.);
#6270=ADVANCED_FACE('',(#5662),#6056,.F.);
#6271=ADVANCED_FACE('',(#5663),#6057,.T.);
#6272=ADVANCED_FACE('',(#5664),#6058,.T.);
#6273=ADVANCED_FACE('',(#5665),#6059,.F.);
#6274=ADVANCED_FACE('',(#5666),#6060,.T.);
#6275=ADVANCED_FACE('',(#5667),#6061,.T.);
#6276=ADVANCED_FACE('',(#5668),#6062,.F.);
#6277=ADVANCED_FACE('',(#5669),#6063,.T.);
#6278=ADVANCED_FACE('',(#5670),#6064,.F.);
#6279=ADVANCED_FACE('',(#5671),#6065,.F.);
#6280=ADVANCED_FACE('',(#5672),#6066,.T.);
#6281=ADVANCED_FACE('',(#5673),#6067,.T.);
#6282=ADVANCED_FACE('',(#5674),#6068,.F.);
#6283=ADVANCED_FACE('',(#5675),#6069,.F.);
#6284=ADVANCED_FACE('',(#5676),#6070,.F.);
#6285=ADVANCED_FACE('',(#5677),#6071,.T.);
#6286=ADVANCED_FACE('',(#5678),#6072,.F.);
#6287=ADVANCED_FACE('',(#5679),#6073,.F.);
#6288=ADVANCED_FACE('',(#5680),#6074,.T.);
#6289=ADVANCED_FACE('',(#5681),#6075,.F.);
#6290=ADVANCED_FACE('',(#5682),#6076,.F.);
#6291=ADVANCED_FACE('',(#5683),#6077,.T.);
#6292=ADVANCED_FACE('',(#5684),#6078,.T.);
#6293=ADVANCED_FACE('',(#5685),#6079,.F.);
#6294=ADVANCED_FACE('',(#5686),#6080,.F.);
#6295=ADVANCED_FACE('',(#5687),#6081,.T.);
#6296=ADVANCED_FACE('',(#5688),#6082,.F.);
#6297=ADVANCED_FACE('',(#5689),#6083,.F.);
#6298=ADVANCED_FACE('',(#5690),#6084,.T.);
#6299=ADVANCED_FACE('',(#5691),#6085,.T.);
#6300=ADVANCED_FACE('',(#5692),#12,.F.);
#6301=ADVANCED_FACE('',(#5693),#6086,.T.);
#6302=ADVANCED_FACE('',(#5694),#6087,.F.);
#6303=ADVANCED_FACE('',(#5695),#6088,.T.);
#6304=ADVANCED_FACE('',(#5696),#13,.F.);
#6305=ADVANCED_FACE('',(#5697),#6089,.T.);
#6306=ADVANCED_FACE('',(#5698),#14,.F.);
#6307=ADVANCED_FACE('',(#5699),#6090,.T.);
#6308=ADVANCED_FACE('',(#5700),#6091,.T.);
#6309=ADVANCED_FACE('',(#5701),#6092,.T.);
#6310=ADVANCED_FACE('',(#5702),#15,.F.);
#6311=ADVANCED_FACE('',(#5703),#6093,.T.);
#6312=ADVANCED_FACE('',(#5704),#6094,.F.);
#6313=ADVANCED_FACE('',(#5705),#6095,.F.);
#6314=ADVANCED_FACE('',(#5706),#6096,.T.);
#6315=ADVANCED_FACE('',(#5707),#6097,.T.);
#6316=ADVANCED_FACE('',(#5708),#6098,.F.);
#6317=ADVANCED_FACE('',(#5709),#6099,.F.);
#6318=ADVANCED_FACE('',(#5710),#6100,.T.);
#6319=ADVANCED_FACE('',(#5711),#6101,.T.);
#6320=ADVANCED_FACE('',(#5712),#6102,.F.);
#6321=ADVANCED_FACE('',(#5713),#6103,.F.);
#6322=ADVANCED_FACE('',(#5714),#6104,.T.);
#6323=ADVANCED_FACE('',(#5715),#6105,.T.);
#6324=ADVANCED_FACE('',(#5716),#6106,.T.);
#6325=ADVANCED_FACE('',(#5717),#6107,.F.);
#6326=ADVANCED_FACE('',(#5718),#6108,.T.);
#6327=ADVANCED_FACE('',(#5719),#6109,.T.);
#6328=ADVANCED_FACE('',(#5720),#6110,.T.);
#6329=ADVANCED_FACE('',(#5721),#6111,.F.);
#6330=ADVANCED_FACE('',(#5722),#6112,.F.);
#6331=ADVANCED_FACE('',(#5723),#6113,.T.);
#6332=ADVANCED_FACE('',(#5724),#16,.F.);
#6333=ADVANCED_FACE('',(#5725),#6114,.T.);
#6334=ADVANCED_FACE('',(#5726),#17,.F.);
#6335=ADVANCED_FACE('',(#5727),#6115,.T.);
#6336=ADVANCED_FACE('',(#5728),#18,.F.);
#6337=ADVANCED_FACE('',(#5729),#6116,.T.);
#6338=ADVANCED_FACE('',(#5730),#6117,.T.);
#6339=ADVANCED_FACE('',(#5731),#6118,.T.);
#6340=ADVANCED_FACE('',(#5732),#19,.F.);
#6341=ADVANCED_FACE('',(#5733),#6119,.T.);
#6342=ADVANCED_FACE('',(#5734),#6120,.F.);
#6343=ADVANCED_FACE('',(#5735),#6121,.F.);
#6344=ADVANCED_FACE('',(#5736),#6122,.T.);
#6345=ADVANCED_FACE('',(#5737),#6123,.T.);
#6346=ADVANCED_FACE('',(#5738),#6124,.F.);
#6347=ADVANCED_FACE('',(#5739),#6125,.T.);
#6348=ADVANCED_FACE('',(#5740),#6126,.T.);
#6349=ADVANCED_FACE('',(#5741),#6127,.F.);
#6350=ADVANCED_FACE('',(#5742),#6128,.T.);
#6351=ADVANCED_FACE('',(#5743),#6129,.F.);
#6352=ADVANCED_FACE('',(#5744),#6130,.F.);
#6353=ADVANCED_FACE('',(#5745),#6131,.T.);
#6354=ADVANCED_FACE('',(#5746),#6132,.F.);
#6355=ADVANCED_FACE('',(#5747),#6133,.F.);
#6356=ADVANCED_FACE('',(#5748),#6134,.F.);
#6357=ADVANCED_FACE('',(#5749),#6135,.F.);
#6358=ADVANCED_FACE('',(#5750),#6136,.T.);
#6359=ADVANCED_FACE('',(#5751),#6137,.F.);
#6360=ADVANCED_FACE('',(#5752),#6138,.F.);
#6361=ADVANCED_FACE('',(#5753),#6139,.T.);
#6362=ADVANCED_FACE('',(#5754),#6140,.T.);
#6363=ADVANCED_FACE('',(#5755),#6141,.F.);
#6364=ADVANCED_FACE('',(#5756),#6142,.F.);
#6365=ADVANCED_FACE('',(#5757),#6143,.T.);
#6366=ADVANCED_FACE('',(#5758),#6144,.T.);
#6367=ADVANCED_FACE('',(#5759),#6145,.F.);
#6368=ADVANCED_FACE('',(#5760),#6146,.T.);
#6369=ADVANCED_FACE('',(#5761),#6147,.T.);
#6370=ADVANCED_FACE('',(#5762),#6148,.F.);
#6371=ADVANCED_FACE('',(#5763),#6149,.T.);
#6372=ADVANCED_FACE('',(#5764),#6150,.T.);
#6373=ADVANCED_FACE('',(#5765),#6151,.F.);
#6374=ADVANCED_FACE('',(#5766),#6152,.T.);
#6375=ADVANCED_FACE('',(#5767),#6153,.T.);
#6376=ADVANCED_FACE('',(#5768),#6154,.F.);
#6377=ADVANCED_FACE('',(#5769),#6155,.T.);
#6378=ADVANCED_FACE('',(#5770),#6156,.T.);
#6379=ADVANCED_FACE('',(#5771),#6157,.F.);
#6380=ADVANCED_FACE('',(#5772),#6158,.T.);
#6381=ADVANCED_FACE('',(#5773),#6159,.F.);
#6382=ADVANCED_FACE('',(#5774),#6160,.F.);
#6383=ADVANCED_FACE('',(#5775),#6161,.T.);
#6384=ADVANCED_FACE('',(#5776),#6162,.T.);
#6385=ADVANCED_FACE('',(#5777),#6163,.F.);
#6386=ADVANCED_FACE('',(#5778),#6164,.T.);
#6387=ADVANCED_FACE('',(#5779),#6165,.T.);
#6388=ADVANCED_FACE('',(#5780),#6166,.F.);
#6389=ADVANCED_FACE('',(#5781),#6167,.T.);
#6390=ADVANCED_FACE('',(#5782),#6168,.T.);
#6391=ADVANCED_FACE('',(#5783),#6169,.F.);
#6392=ADVANCED_FACE('',(#5784),#6170,.T.);
#6393=ADVANCED_FACE('',(#5785),#6171,.T.);
#6394=ADVANCED_FACE('',(#5786),#6172,.F.);
#6395=ADVANCED_FACE('',(#5787),#6173,.T.);
#6396=ADVANCED_FACE('',(#5788),#6174,.T.);
#6397=ADVANCED_FACE('',(#5789),#6175,.F.);
#6398=ADVANCED_FACE('',(#5790),#6176,.T.);
#6399=ADVANCED_FACE('',(#5791),#6177,.T.);
#6400=ADVANCED_FACE('',(#5792),#6178,.F.);
#6401=ADVANCED_FACE('',(#5793),#6179,.T.);
#6402=ADVANCED_FACE('',(#5794),#6180,.T.);
#6403=ADVANCED_FACE('',(#5795),#6181,.F.);
#6404=ADVANCED_FACE('',(#5796),#6182,.T.);
#6405=ADVANCED_FACE('',(#5797),#6183,.T.);
#6406=ADVANCED_FACE('',(#5798),#6184,.F.);
#6407=ADVANCED_FACE('',(#5799),#6185,.T.);
#6408=ADVANCED_FACE('',(#5800),#6186,.T.);
#6409=ADVANCED_FACE('',(#5801),#6187,.F.);
#6410=ADVANCED_FACE('',(#5802),#6188,.T.);
#6411=ADVANCED_FACE('',(#5803),#6189,.F.);
#6412=ADVANCED_FACE('',(#5804),#6190,.F.);
#6413=ADVANCED_FACE('',(#5805),#6191,.T.);
#6414=ADVANCED_FACE('',(#5806),#6192,.F.);
#6415=ADVANCED_FACE('',(#5807),#6193,.F.);
#6416=ADVANCED_FACE('',(#5808,#5809),#20,.F.);
#6417=ADVANCED_FACE('',(#5810,#5811),#21,.F.);
#6418=ADVANCED_FACE('',(#5812,#5813),#22,.F.);
#6419=ADVANCED_FACE('',(#5814),#6194,.T.);
#6420=ADVANCED_FACE('',(#5815),#6195,.T.);
#6421=ADVANCED_FACE('',(#5816),#6196,.F.);
#6422=ADVANCED_FACE('',(#5817),#6197,.F.);
#6423=ADVANCED_FACE('',(#5818),#6198,.F.);
#6424=ADVANCED_FACE('',(#5819),#6199,.F.);
#6425=ADVANCED_FACE('',(#5820),#6200,.F.);
#6426=ADVANCED_FACE('',(#5821),#6201,.F.);
#6427=ADVANCED_FACE('',(#5822),#6202,.F.);
#6428=ADVANCED_FACE('',(#5823),#6203,.T.);
#6429=ADVANCED_FACE('',(#5824),#6204,.F.);
#6430=ADVANCED_FACE('',(#5825),#6205,.T.);
#6431=ADVANCED_FACE('',(#5826),#6206,.T.);
#6432=ADVANCED_FACE('',(#5827),#6207,.T.);
#6433=ADVANCED_FACE('',(#5828),#6208,.T.);
#6434=ADVANCED_FACE('',(#5829),#6209,.T.);
#6435=ADVANCED_FACE('',(#5830,#5831),#23,.F.);
#6436=ADVANCED_FACE('',(#5832,#5833),#24,.F.);
#6437=ADVANCED_FACE('',(#5834,#5835),#25,.F.);
#6438=ADVANCED_FACE('',(#5836,#5837),#26,.F.);
#6439=ADVANCED_FACE('',(#5838,#5839),#27,.F.);
#6440=ADVANCED_FACE('',(#5840,#5841),#28,.F.);
#6441=ADVANCED_FACE('',(#5842,#5843),#29,.F.);
#6442=ADVANCED_FACE('',(#5844,#5845),#30,.F.);
#6443=ADVANCED_FACE('',(#5846,#5847),#31,.F.);
#6444=ADVANCED_FACE('',(#5848,#5849),#32,.F.);
#6445=ADVANCED_FACE('',(#5850,#5851),#33,.F.);
#6446=ADVANCED_FACE('',(#5852,#5853),#34,.F.);
#6447=ADVANCED_FACE('',(#5854,#5855),#35,.F.);
#6448=ADVANCED_FACE('',(#5856,#5857),#36,.F.);
#6449=ADVANCED_FACE('',(#5858,#5859),#37,.F.);
#6450=ADVANCED_FACE('',(#5860,#5861),#38,.F.);
#6451=ADVANCED_FACE('',(#5862,#5863),#39,.F.);
#6452=ADVANCED_FACE('',(#5864,#5865),#40,.F.);
#6453=ADVANCED_FACE('',(#5866,#5867),#41,.F.);
#6454=ADVANCED_FACE('',(#5868,#5869),#42,.F.);
#6455=ADVANCED_FACE('',(#5870,#5871),#43,.F.);
#6456=ADVANCED_FACE('',(#5872,#5873),#44,.F.);
#6457=ADVANCED_FACE('',(#5874,#5875),#45,.F.);
#6458=ADVANCED_FACE('',(#5876,#5877),#46,.F.);
#6459=ADVANCED_FACE('',(#5878,#5879),#47,.F.);
#6460=ADVANCED_FACE('',(#5880,#5881),#48,.F.);
#6461=ADVANCED_FACE('',(#5882,#5883),#49,.F.);
#6462=ADVANCED_FACE('',(#5884,#5885),#50,.F.);
#6463=ADVANCED_FACE('',(#5886,#5887),#51,.F.);
#6464=ADVANCED_FACE('',(#5888,#5889),#52,.F.);
#6465=ADVANCED_FACE('',(#5890,#5891),#53,.F.);
#6466=ADVANCED_FACE('',(#5892,#5893),#54,.F.);
#6467=ADVANCED_FACE('',(#5894,#5895),#55,.F.);
#6468=ADVANCED_FACE('',(#5896,#5897),#56,.F.);
#6469=ADVANCED_FACE('',(#5898,#5899),#57,.F.);
#6470=ADVANCED_FACE('',(#5900,#5901),#58,.F.);
#6471=ADVANCED_FACE('',(#5902,#5903),#59,.F.);
#6472=ADVANCED_FACE('',(#5904,#5905),#60,.F.);
#6473=ADVANCED_FACE('',(#5906,#5907),#61,.F.);
#6474=ADVANCED_FACE('',(#5908,#5909),#62,.F.);
#6475=ADVANCED_FACE('',(#5910,#5911),#63,.F.);
#6476=ADVANCED_FACE('',(#5912,#5913),#64,.F.);
#6477=ADVANCED_FACE('',(#5914,#5915),#65,.F.);
#6478=ADVANCED_FACE('',(#5916,#5917),#66,.F.);
#6479=ADVANCED_FACE('',(#5918,#5919),#67,.F.);
#6480=ADVANCED_FACE('',(#5920,#5921),#68,.F.);
#6481=ADVANCED_FACE('',(#5922,#5923),#69,.F.);
#6482=ADVANCED_FACE('',(#5924,#5925),#70,.F.);
#6483=ADVANCED_FACE('',(#5926,#5927),#71,.F.);
#6484=ADVANCED_FACE('',(#5928,#5929),#72,.F.);
#6485=ADVANCED_FACE('',(#5930,#5931),#73,.F.);
#6486=ADVANCED_FACE('',(#5932,#5933),#74,.F.);
#6487=ADVANCED_FACE('',(#5934,#5935),#75,.F.);
#6488=ADVANCED_FACE('',(#5936,#5937),#76,.F.);
#6489=ADVANCED_FACE('',(#5938,#5939),#77,.F.);
#6490=ADVANCED_FACE('',(#5940,#5941),#78,.F.);
#6491=ADVANCED_FACE('',(#5942,#5943),#79,.F.);
#6492=ADVANCED_FACE('',(#5944,#5945),#80,.F.);
#6493=ADVANCED_FACE('',(#5946,#5947),#81,.F.);
#6494=ADVANCED_FACE('',(#5948,#5949),#82,.F.);
#6495=ADVANCED_FACE('',(#5950,#5951),#83,.F.);
#6496=ADVANCED_FACE('',(#5952,#5953),#84,.F.);
#6497=ADVANCED_FACE('',(#5954,#5955),#85,.F.);
#6498=ADVANCED_FACE('',(#5956,#5957),#86,.F.);
#6499=ADVANCED_FACE('',(#5958,#5959),#87,.F.);
#6500=ADVANCED_FACE('',(#5960,#5961),#88,.F.);
#6501=ADVANCED_FACE('',(#5962,#5963),#89,.F.);
#6502=ADVANCED_FACE('',(#5964,#5965),#90,.F.);
#6503=ADVANCED_FACE('',(#5966,#5967),#91,.F.);
#6504=ADVANCED_FACE('',(#5968,#5969),#92,.F.);
#6505=ADVANCED_FACE('',(#5970,#5971),#93,.F.);
#6506=ADVANCED_FACE('',(#5972,#5973),#94,.F.);
#6507=ADVANCED_FACE('',(#5974,#5975),#95,.F.);
#6508=ADVANCED_FACE('',(#5976,#5977),#96,.F.);
#6509=ADVANCED_FACE('',(#5978,#5979),#97,.F.);
#6510=ADVANCED_FACE('',(#5980,#5981),#98,.F.);
#6511=ADVANCED_FACE('',(#5982,#5983),#99,.F.);
#6512=ADVANCED_FACE('',(#5984,#5985),#100,.F.);
#6513=ADVANCED_FACE('',(#5986,#5987),#101,.F.);
#6514=ADVANCED_FACE('',(#5988,#5989),#102,.F.);
#6515=ADVANCED_FACE('',(#5990),#6210,.T.);
#6516=ADVANCED_FACE('',(#5991),#6211,.F.);
#6517=ADVANCED_FACE('',(#5992),#6212,.F.);
#6518=ADVANCED_FACE('',(#5993),#6213,.T.);
#6519=ADVANCED_FACE('',(#5994),#6214,.T.);
#6520=ADVANCED_FACE('',(#5995),#6215,.T.);
#6521=ADVANCED_FACE('',(#5996),#6216,.T.);
#6522=ADVANCED_FACE('',(#5997),#6217,.T.);
#6523=ADVANCED_FACE('',(#5998),#6218,.F.);
#6524=ADVANCED_FACE('',(#5999),#6219,.F.);
#6525=ADVANCED_FACE('',(#6000),#6220,.F.);
#6526=ADVANCED_FACE('',(#6001),#6221,.F.);
#6527=ADVANCED_FACE('',(#6002),#6222,.F.);
#6528=ADVANCED_FACE('',(#6003),#6223,.T.);
#6529=ADVANCED_FACE('',(#6004),#6224,.F.);
#6530=ADVANCED_FACE('',(#6005),#6225,.F.);
#6531=ADVANCED_FACE('',(#6006),#6226,.F.);
#6532=ADVANCED_FACE('',(#6007),#6227,.F.);
#6533=ADVANCED_FACE('',(#6008),#6228,.F.);
#6534=ADVANCED_FACE('',(#6009),#6229,.F.);
#6535=ADVANCED_FACE('',(#6010),#6230,.F.);
#6536=ADVANCED_FACE('',(#6011),#6231,.F.);
#6537=ADVANCED_FACE('',(#6012),#6232,.F.);
#6538=ADVANCED_FACE('',(#6013),#6233,.T.);
#6539=ADVANCED_FACE('',(#6014),#6234,.T.);
#6540=ADVANCED_FACE('',(#6015),#103,.F.);
#6541=ADVANCED_FACE('',(#6016),#104,.F.);
#6542=ADVANCED_FACE('',(#6017),#105,.F.);
#6543=ADVANCED_FACE('',(#6018),#106,.F.);
#6544=ADVANCED_FACE('',(#6019),#107,.F.);
#6545=ADVANCED_FACE('',(#6020),#108,.F.);
#6546=ADVANCED_FACE('',(#6021),#6235,.F.);
#6547=ADVANCED_FACE('',(#6022),#6236,.F.);
#6548=ADVANCED_FACE('',(#6023),#6237,.F.);
#6549=ADVANCED_FACE('',(#6024),#6238,.F.);
#6550=ADVANCED_FACE('',(#6025),#6239,.F.);
#6551=ADVANCED_FACE('',(#6026),#6240,.F.);
#6552=ADVANCED_FACE('',(#6027),#6241,.F.);
#6553=ADVANCED_FACE('',(#6028),#6242,.F.);
#6554=ADVANCED_FACE('',(#6029),#6243,.F.);
#6555=ADVANCED_FACE('',(#6030),#6244,.F.);
#6556=ADVANCED_FACE('',(#6031),#6245,.F.);
#6557=ADVANCED_FACE('',(#6032),#6246,.F.);
#6558=CLOSED_SHELL('',(#6247,#6248,#6249,#6250,#6251,#6252,#6253,#6254,
#6255,#6256,#6257,#6258,#6259,#6260,#6261,#6262,#6263,#6264,#6265,#6266,
#6267,#6268,#6269,#6270,#6271,#6272,#6273,#6274,#6275,#6276,#6277,#6278,
#6279,#6280,#6281,#6282,#6283,#6284,#6285,#6286,#6287,#6288,#6289,#6290,
#6291,#6292,#6293,#6294,#6295,#6296,#6297,#6298,#6299,#6300,#6301,#6302,
#6303,#6304,#6305,#6306,#6307,#6308,#6309,#6310,#6311,#6312,#6313,#6314,
#6315,#6316,#6317,#6318,#6319,#6320,#6321,#6322,#6323,#6324,#6325,#6326,
#6327,#6328,#6329,#6330,#6331,#6332,#6333,#6334,#6335,#6336,#6337,#6338,
#6339,#6340,#6341,#6342,#6343,#6344,#6345,#6346,#6347,#6348,#6349,#6350,
#6351,#6352,#6353,#6354,#6355,#6356,#6357,#6358,#6359,#6360,#6361,#6362,
#6363,#6364,#6365,#6366,#6367,#6368,#6369,#6370,#6371,#6372,#6373,#6374,
#6375,#6376,#6377,#6378,#6379,#6380,#6381,#6382,#6383,#6384,#6385,#6386,
#6387,#6388,#6389,#6390,#6391,#6392,#6393,#6394,#6395,#6396,#6397,#6398,
#6399,#6400,#6401,#6402,#6403,#6404,#6405,#6406,#6407,#6408,#6409,#6410,
#6411,#6412,#6413,#6414,#6415,#6416,#6417,#6418,#6419,#6420,#6421,#6422,
#6423,#6424,#6425,#6426,#6427,#6428,#6429,#6430,#6431,#6432,#6433,#6434,
#6435,#6436,#6437,#6438,#6439,#6440,#6441,#6442,#6443,#6444,#6445,#6446,
#6447,#6448,#6449,#6450,#6451,#6452,#6453,#6454,#6455,#6456,#6457,#6458,
#6459,#6460,#6461,#6462,#6463,#6464,#6465,#6466,#6467,#6468,#6469,#6470,
#6471,#6472,#6473,#6474,#6475,#6476,#6477,#6478,#6479,#6480,#6481,#6482,
#6483,#6484,#6485,#6486,#6487,#6488,#6489,#6490,#6491,#6492,#6493,#6494,
#6495,#6496,#6497,#6498,#6499,#6500,#6501,#6502,#6503,#6504,#6505,#6506,
#6507,#6508,#6509,#6510,#6511,#6512,#6513,#6514,#6515,#6516,#6517,#6518,
#6519,#6520,#6521,#6522,#6523,#6524,#6525,#6526,#6527,#6528,#6529,#6530,
#6531,#6532,#6533,#6534,#6535,#6536,#6537,#6538,#6539,#6540,#6541,#6542,
#6543,#6544,#6545,#6546,#6547,#6548,#6549,#6550,#6551,#6552,#6553,#6554,
#6555,#6556,#6557));
#6559=STYLED_ITEM('',(#6560),#6567);
#6560=PRESENTATION_STYLE_ASSIGNMENT((#6561));
#6561=SURFACE_STYLE_USAGE(.BOTH.,#6562);
#6562=SURFACE_SIDE_STYLE('',(#6563));
#6563=SURFACE_STYLE_FILL_AREA(#6564);
#6564=FILL_AREA_STYLE('',(#6565));
#6565=FILL_AREA_STYLE_COLOUR('',#6566);
#6566=COLOUR_RGB('',0.615686274509804,0.811764705882353,0.929411764705882);
#6567=MANIFOLD_SOLID_BREP('PlateLeft',#6558);
#6568=SHAPE_DEFINITION_REPRESENTATION(#10518,#6569);
#6569=SHAPE_REPRESENTATION('PlateLeft',(#6570),#10513);
#6570=AXIS2_PLACEMENT_3D('',#8738,#7076,#7077);
#6571=AXIS2_PLACEMENT_3D('',#8739,#7078,#7079);
#6572=AXIS2_PLACEMENT_3D('',#8748,#7084,#7085);
#6573=AXIS2_PLACEMENT_3D('',#8754,#7088,#7089);
#6574=AXIS2_PLACEMENT_3D('',#8762,#7093,#7094);
#6575=AXIS2_PLACEMENT_3D('',#8766,#7096,#7097);
#6576=AXIS2_PLACEMENT_3D('',#8774,#7101,#7102);
#6577=AXIS2_PLACEMENT_3D('',#8782,#7106,#7107);
#6578=AXIS2_PLACEMENT_3D('',#8790,#7111,#7112);
#6579=AXIS2_PLACEMENT_3D('',#8795,#7115,#7116);
#6580=AXIS2_PLACEMENT_3D('',#8799,#7118,#7119);
#6581=AXIS2_PLACEMENT_3D('',#8803,#7121,#7122);
#6582=AXIS2_PLACEMENT_3D('',#8811,#7126,#7127);
#6583=AXIS2_PLACEMENT_3D('',#9038,#7241,#7242);
#6584=AXIS2_PLACEMENT_3D('',#9040,#7243,#7244);
#6585=AXIS2_PLACEMENT_3D('',#9042,#7245,#7246);
#6586=AXIS2_PLACEMENT_3D('',#9044,#7247,#7248);
#6587=AXIS2_PLACEMENT_3D('',#9046,#7249,#7250);
#6588=AXIS2_PLACEMENT_3D('',#9048,#7251,#7252);
#6589=AXIS2_PLACEMENT_3D('',#9050,#7253,#7254);
#6590=AXIS2_PLACEMENT_3D('',#9052,#7255,#7256);
#6591=AXIS2_PLACEMENT_3D('',#9054,#7257,#7258);
#6592=AXIS2_PLACEMENT_3D('',#9056,#7259,#7260);
#6593=AXIS2_PLACEMENT_3D('',#9058,#7261,#7262);
#6594=AXIS2_PLACEMENT_3D('',#9060,#7263,#7264);
#6595=AXIS2_PLACEMENT_3D('',#9062,#7265,#7266);
#6596=AXIS2_PLACEMENT_3D('',#9064,#7267,#7268);
#6597=AXIS2_PLACEMENT_3D('',#9066,#7269,#7270);
#6598=AXIS2_PLACEMENT_3D('',#9068,#7271,#7272);
#6599=AXIS2_PLACEMENT_3D('',#9070,#7273,#7274);
#6600=AXIS2_PLACEMENT_3D('',#9072,#7275,#7276);
#6601=AXIS2_PLACEMENT_3D('',#9074,#7277,#7278);
#6602=AXIS2_PLACEMENT_3D('',#9076,#7279,#7280);
#6603=AXIS2_PLACEMENT_3D('',#9078,#7281,#7282);
#6604=AXIS2_PLACEMENT_3D('',#9080,#7283,#7284);
#6605=AXIS2_PLACEMENT_3D('',#9082,#7285,#7286);
#6606=AXIS2_PLACEMENT_3D('',#9084,#7287,#7288);
#6607=AXIS2_PLACEMENT_3D('',#9086,#7289,#7290);
#6608=AXIS2_PLACEMENT_3D('',#9088,#7291,#7292);
#6609=AXIS2_PLACEMENT_3D('',#9090,#7293,#7294);
#6610=AXIS2_PLACEMENT_3D('',#9092,#7295,#7296);
#6611=AXIS2_PLACEMENT_3D('',#9094,#7297,#7298);
#6612=AXIS2_PLACEMENT_3D('',#9096,#7299,#7300);
#6613=AXIS2_PLACEMENT_3D('',#9098,#7301,#7302);
#6614=AXIS2_PLACEMENT_3D('',#9100,#7303,#7304);
#6615=AXIS2_PLACEMENT_3D('',#9102,#7305,#7306);
#6616=AXIS2_PLACEMENT_3D('',#9104,#7307,#7308);
#6617=AXIS2_PLACEMENT_3D('',#9106,#7309,#7310);
#6618=AXIS2_PLACEMENT_3D('',#9108,#7311,#7312);
#6619=AXIS2_PLACEMENT_3D('',#9110,#7313,#7314);
#6620=AXIS2_PLACEMENT_3D('',#9112,#7315,#7316);
#6621=AXIS2_PLACEMENT_3D('',#9114,#7317,#7318);
#6622=AXIS2_PLACEMENT_3D('',#9116,#7319,#7320);
#6623=AXIS2_PLACEMENT_3D('',#9118,#7321,#7322);
#6624=AXIS2_PLACEMENT_3D('',#9120,#7323,#7324);
#6625=AXIS2_PLACEMENT_3D('',#9122,#7325,#7326);
#6626=AXIS2_PLACEMENT_3D('',#9124,#7327,#7328);
#6627=AXIS2_PLACEMENT_3D('',#9126,#7329,#7330);
#6628=AXIS2_PLACEMENT_3D('',#9128,#7331,#7332);
#6629=AXIS2_PLACEMENT_3D('',#9130,#7333,#7334);
#6630=AXIS2_PLACEMENT_3D('',#9132,#7335,#7336);
#6631=AXIS2_PLACEMENT_3D('',#9134,#7337,#7338);
#6632=AXIS2_PLACEMENT_3D('',#9136,#7339,#7340);
#6633=AXIS2_PLACEMENT_3D('',#9138,#7341,#7342);
#6634=AXIS2_PLACEMENT_3D('',#9140,#7343,#7344);
#6635=AXIS2_PLACEMENT_3D('',#9142,#7345,#7346);
#6636=AXIS2_PLACEMENT_3D('',#9144,#7347,#7348);
#6637=AXIS2_PLACEMENT_3D('',#9146,#7349,#7350);
#6638=AXIS2_PLACEMENT_3D('',#9148,#7351,#7352);
#6639=AXIS2_PLACEMENT_3D('',#9150,#7353,#7354);
#6640=AXIS2_PLACEMENT_3D('',#9152,#7355,#7356);
#6641=AXIS2_PLACEMENT_3D('',#9154,#7357,#7358);
#6642=AXIS2_PLACEMENT_3D('',#9156,#7359,#7360);
#6643=AXIS2_PLACEMENT_3D('',#9158,#7361,#7362);
#6644=AXIS2_PLACEMENT_3D('',#9160,#7363,#7364);
#6645=AXIS2_PLACEMENT_3D('',#9162,#7365,#7366);
#6646=AXIS2_PLACEMENT_3D('',#9164,#7367,#7368);
#6647=AXIS2_PLACEMENT_3D('',#9166,#7369,#7370);
#6648=AXIS2_PLACEMENT_3D('',#9168,#7371,#7372);
#6649=AXIS2_PLACEMENT_3D('',#9170,#7373,#7374);
#6650=AXIS2_PLACEMENT_3D('',#9172,#7375,#7376);
#6651=AXIS2_PLACEMENT_3D('',#9174,#7377,#7378);
#6652=AXIS2_PLACEMENT_3D('',#9176,#7379,#7380);
#6653=AXIS2_PLACEMENT_3D('',#9178,#7381,#7382);
#6654=AXIS2_PLACEMENT_3D('',#9180,#7383,#7384);
#6655=AXIS2_PLACEMENT_3D('',#9182,#7385,#7386);
#6656=AXIS2_PLACEMENT_3D('',#9184,#7387,#7388);
#6657=AXIS2_PLACEMENT_3D('',#9186,#7389,#7390);
#6658=AXIS2_PLACEMENT_3D('',#9188,#7391,#7392);
#6659=AXIS2_PLACEMENT_3D('',#9190,#7393,#7394);
#6660=AXIS2_PLACEMENT_3D('',#9192,#7395,#7396);
#6661=AXIS2_PLACEMENT_3D('',#9194,#7397,#7398);
#6662=AXIS2_PLACEMENT_3D('',#9196,#7399,#7400);
#6663=AXIS2_PLACEMENT_3D('',#9209,#7406,#7407);
#6664=AXIS2_PLACEMENT_3D('',#9217,#7411,#7412);
#6665=AXIS2_PLACEMENT_3D('',#9221,#7414,#7415);
#6666=AXIS2_PLACEMENT_3D('',#9229,#7419,#7420);
#6667=AXIS2_PLACEMENT_3D('',#9358,#7485,#7486);
#6668=AXIS2_PLACEMENT_3D('',#9360,#7487,#7488);
#6669=AXIS2_PLACEMENT_3D('',#9362,#7489,#7490);
#6670=AXIS2_PLACEMENT_3D('',#9364,#7491,#7492);
#6671=AXIS2_PLACEMENT_3D('',#9365,#7493,#7494);
#6672=AXIS2_PLACEMENT_3D('',#9367,#7495,#7496);
#6673=AXIS2_PLACEMENT_3D('',#9369,#7497,#7498);
#6674=AXIS2_PLACEMENT_3D('',#9502,#7564,#7565);
#6675=AXIS2_PLACEMENT_3D('',#9510,#7569,#7570);
#6676=AXIS2_PLACEMENT_3D('',#9514,#7572,#7573);
#6677=AXIS2_PLACEMENT_3D('',#9522,#7577,#7578);
#6678=AXIS2_PLACEMENT_3D('',#9531,#7583,#7584);
#6679=AXIS2_PLACEMENT_3D('',#9533,#7585,#7586);
#6680=AXIS2_PLACEMENT_3D('',#9535,#7587,#7588);
#6681=AXIS2_PLACEMENT_3D('',#9537,#7589,#7590);
#6682=AXIS2_PLACEMENT_3D('',#9539,#7591,#7592);
#6683=AXIS2_PLACEMENT_3D('',#9541,#7593,#7594);
#6684=AXIS2_PLACEMENT_3D('',#9543,#7595,#7596);
#6685=AXIS2_PLACEMENT_3D('',#9545,#7597,#7598);
#6686=AXIS2_PLACEMENT_3D('',#9547,#7599,#7600);
#6687=AXIS2_PLACEMENT_3D('',#9549,#7601,#7602);
#6688=AXIS2_PLACEMENT_3D('',#9551,#7603,#7604);
#6689=AXIS2_PLACEMENT_3D('',#9553,#7605,#7606);
#6690=AXIS2_PLACEMENT_3D('',#9555,#7607,#7608);
#6691=AXIS2_PLACEMENT_3D('',#9557,#7609,#7610);
#6692=AXIS2_PLACEMENT_3D('',#9559,#7611,#7612);
#6693=AXIS2_PLACEMENT_3D('',#9561,#7613,#7614);
#6694=AXIS2_PLACEMENT_3D('',#9563,#7615,#7616);
#6695=AXIS2_PLACEMENT_3D('',#9565,#7617,#7618);
#6696=AXIS2_PLACEMENT_3D('',#9567,#7619,#7620);
#6697=AXIS2_PLACEMENT_3D('',#9569,#7621,#7622);
#6698=AXIS2_PLACEMENT_3D('',#9571,#7623,#7624);
#6699=AXIS2_PLACEMENT_3D('',#9573,#7625,#7626);
#6700=AXIS2_PLACEMENT_3D('',#9575,#7627,#7628);
#6701=AXIS2_PLACEMENT_3D('',#9577,#7629,#7630);
#6702=AXIS2_PLACEMENT_3D('',#9579,#7631,#7632);
#6703=AXIS2_PLACEMENT_3D('',#9581,#7633,#7634);
#6704=AXIS2_PLACEMENT_3D('',#9583,#7635,#7636);
#6705=AXIS2_PLACEMENT_3D('',#9585,#7637,#7638);
#6706=AXIS2_PLACEMENT_3D('',#9587,#7639,#7640);
#6707=AXIS2_PLACEMENT_3D('',#9589,#7641,#7642);
#6708=AXIS2_PLACEMENT_3D('',#9591,#7643,#7644);
#6709=AXIS2_PLACEMENT_3D('',#9593,#7645,#7646);
#6710=AXIS2_PLACEMENT_3D('',#9595,#7647,#7648);
#6711=AXIS2_PLACEMENT_3D('',#9597,#7649,#7650);
#6712=AXIS2_PLACEMENT_3D('',#9599,#7651,#7652);
#6713=AXIS2_PLACEMENT_3D('',#9601,#7653,#7654);
#6714=AXIS2_PLACEMENT_3D('',#9603,#7655,#7656);
#6715=AXIS2_PLACEMENT_3D('',#9605,#7657,#7658);
#6716=AXIS2_PLACEMENT_3D('',#9607,#7659,#7660);
#6717=AXIS2_PLACEMENT_3D('',#9609,#7661,#7662);
#6718=AXIS2_PLACEMENT_3D('',#9611,#7663,#7664);
#6719=AXIS2_PLACEMENT_3D('',#9613,#7665,#7666);
#6720=AXIS2_PLACEMENT_3D('',#9615,#7667,#7668);
#6721=AXIS2_PLACEMENT_3D('',#9617,#7669,#7670);
#6722=AXIS2_PLACEMENT_3D('',#9619,#7671,#7672);
#6723=AXIS2_PLACEMENT_3D('',#9621,#7673,#7674);
#6724=AXIS2_PLACEMENT_3D('',#9623,#7675,#7676);
#6725=AXIS2_PLACEMENT_3D('',#9625,#7677,#7678);
#6726=AXIS2_PLACEMENT_3D('',#9627,#7679,#7680);
#6727=AXIS2_PLACEMENT_3D('',#9629,#7681,#7682);
#6728=AXIS2_PLACEMENT_3D('',#9631,#7683,#7684);
#6729=AXIS2_PLACEMENT_3D('',#9633,#7685,#7686);
#6730=AXIS2_PLACEMENT_3D('',#9635,#7687,#7688);
#6731=AXIS2_PLACEMENT_3D('',#9637,#7689,#7690);
#6732=AXIS2_PLACEMENT_3D('',#9639,#7691,#7692);
#6733=AXIS2_PLACEMENT_3D('',#9641,#7693,#7694);
#6734=AXIS2_PLACEMENT_3D('',#9643,#7695,#7696);
#6735=AXIS2_PLACEMENT_3D('',#9645,#7697,#7698);
#6736=AXIS2_PLACEMENT_3D('',#9647,#7699,#7700);
#6737=AXIS2_PLACEMENT_3D('',#9649,#7701,#7702);
#6738=AXIS2_PLACEMENT_3D('',#9651,#7703,#7704);
#6739=AXIS2_PLACEMENT_3D('',#9653,#7705,#7706);
#6740=AXIS2_PLACEMENT_3D('',#9655,#7707,#7708);
#6741=AXIS2_PLACEMENT_3D('',#9657,#7709,#7710);
#6742=AXIS2_PLACEMENT_3D('',#9659,#7711,#7712);
#6743=AXIS2_PLACEMENT_3D('',#9661,#7713,#7714);
#6744=AXIS2_PLACEMENT_3D('',#9663,#7715,#7716);
#6745=AXIS2_PLACEMENT_3D('',#9665,#7717,#7718);
#6746=AXIS2_PLACEMENT_3D('',#9667,#7719,#7720);
#6747=AXIS2_PLACEMENT_3D('',#9669,#7721,#7722);
#6748=AXIS2_PLACEMENT_3D('',#9671,#7723,#7724);
#6749=AXIS2_PLACEMENT_3D('',#9673,#7725,#7726);
#6750=AXIS2_PLACEMENT_3D('',#9675,#7727,#7728);
#6751=AXIS2_PLACEMENT_3D('',#9677,#7729,#7730);
#6752=AXIS2_PLACEMENT_3D('',#9679,#7731,#7732);
#6753=AXIS2_PLACEMENT_3D('',#9681,#7733,#7734);
#6754=AXIS2_PLACEMENT_3D('',#9683,#7735,#7736);
#6755=AXIS2_PLACEMENT_3D('',#9685,#7737,#7738);
#6756=AXIS2_PLACEMENT_3D('',#9687,#7739,#7740);
#6757=AXIS2_PLACEMENT_3D('',#9689,#7741,#7742);
#6758=AXIS2_PLACEMENT_3D('',#9730,#7762,#7763);
#6759=AXIS2_PLACEMENT_3D('',#9738,#7767,#7768);
#6760=AXIS2_PLACEMENT_3D('',#9742,#7770,#7771);
#6761=AXIS2_PLACEMENT_3D('',#9746,#7773,#7774);
#6762=AXIS2_PLACEMENT_3D('',#9751,#7777,#7778);
#6763=AXIS2_PLACEMENT_3D('',#9759,#7782,#7783);
#6764=AXIS2_PLACEMENT_3D('',#9767,#7787,#7788);
#6765=AXIS2_PLACEMENT_3D('',#9775,#7792,#7793);
#6766=AXIS2_PLACEMENT_3D('',#9779,#7795,#7796);
#6767=AXIS2_PLACEMENT_3D('',#9787,#7800,#7801);
#6768=AXIS2_PLACEMENT_3D('',#9980,#7898,#7899);
#6769=AXIS2_PLACEMENT_3D('',#9983,#7902,#7903);
#6770=AXIS2_PLACEMENT_3D('',#9985,#7905,#7906);
#6771=AXIS2_PLACEMENT_3D('',#9987,#7908,#7909);
#6772=AXIS2_PLACEMENT_3D('',#9990,#7912,#7913);
#6773=AXIS2_PLACEMENT_3D('',#9992,#7915,#7916);
#6774=AXIS2_PLACEMENT_3D('',#9994,#7918,#7919);
#6775=AXIS2_PLACEMENT_3D('',#9997,#7922,#7923);
#6776=AXIS2_PLACEMENT_3D('',#9999,#7925,#7926);
#6777=AXIS2_PLACEMENT_3D('',#10001,#7928,#7929);
#6778=AXIS2_PLACEMENT_3D('',#10004,#7932,#7933);
#6779=AXIS2_PLACEMENT_3D('',#10006,#7935,#7936);
#6780=AXIS2_PLACEMENT_3D('',#10008,#7938,#7939);
#6781=AXIS2_PLACEMENT_3D('',#10011,#7942,#7943);
#6782=AXIS2_PLACEMENT_3D('',#10013,#7945,#7946);
#6783=AXIS2_PLACEMENT_3D('',#10015,#7948,#7949);
#6784=AXIS2_PLACEMENT_3D('',#10018,#7952,#7953);
#6785=AXIS2_PLACEMENT_3D('',#10020,#7955,#7956);
#6786=AXIS2_PLACEMENT_3D('',#10022,#7958,#7959);
#6787=AXIS2_PLACEMENT_3D('',#10025,#7962,#7963);
#6788=AXIS2_PLACEMENT_3D('',#10027,#7965,#7966);
#6789=AXIS2_PLACEMENT_3D('',#10029,#7968,#7969);
#6790=AXIS2_PLACEMENT_3D('',#10032,#7972,#7973);
#6791=AXIS2_PLACEMENT_3D('',#10034,#7975,#7976);
#6792=AXIS2_PLACEMENT_3D('',#10036,#7978,#7979);
#6793=AXIS2_PLACEMENT_3D('',#10039,#7982,#7983);
#6794=AXIS2_PLACEMENT_3D('',#10041,#7985,#7986);
#6795=AXIS2_PLACEMENT_3D('',#10043,#7988,#7989);
#6796=AXIS2_PLACEMENT_3D('',#10046,#7992,#7993);
#6797=AXIS2_PLACEMENT_3D('',#10048,#7995,#7996);
#6798=AXIS2_PLACEMENT_3D('',#10050,#7998,#7999);
#6799=AXIS2_PLACEMENT_3D('',#10053,#8002,#8003);
#6800=AXIS2_PLACEMENT_3D('',#10055,#8005,#8006);
#6801=AXIS2_PLACEMENT_3D('',#10057,#8008,#8009);
#6802=AXIS2_PLACEMENT_3D('',#10060,#8012,#8013);
#6803=AXIS2_PLACEMENT_3D('',#10062,#8015,#8016);
#6804=AXIS2_PLACEMENT_3D('',#10064,#8018,#8019);
#6805=AXIS2_PLACEMENT_3D('',#10067,#8022,#8023);
#6806=AXIS2_PLACEMENT_3D('',#10069,#8025,#8026);
#6807=AXIS2_PLACEMENT_3D('',#10071,#8028,#8029);
#6808=AXIS2_PLACEMENT_3D('',#10074,#8032,#8033);
#6809=AXIS2_PLACEMENT_3D('',#10076,#8035,#8036);
#6810=AXIS2_PLACEMENT_3D('',#10078,#8038,#8039);
#6811=AXIS2_PLACEMENT_3D('',#10081,#8042,#8043);
#6812=AXIS2_PLACEMENT_3D('',#10083,#8045,#8046);
#6813=AXIS2_PLACEMENT_3D('',#10085,#8048,#8049);
#6814=AXIS2_PLACEMENT_3D('',#10088,#8052,#8053);
#6815=AXIS2_PLACEMENT_3D('',#10090,#8055,#8056);
#6816=AXIS2_PLACEMENT_3D('',#10092,#8058,#8059);
#6817=AXIS2_PLACEMENT_3D('',#10094,#8061,#8062);
#6818=AXIS2_PLACEMENT_3D('',#10096,#8064,#8065);
#6819=AXIS2_PLACEMENT_3D('',#10098,#8067,#8068);
#6820=AXIS2_PLACEMENT_3D('',#10100,#8070,#8071);
#6821=AXIS2_PLACEMENT_3D('',#10102,#8073,#8074);
#6822=AXIS2_PLACEMENT_3D('',#10104,#8076,#8077);
#6823=AXIS2_PLACEMENT_3D('',#10106,#8079,#8080);
#6824=AXIS2_PLACEMENT_3D('',#10108,#8082,#8083);
#6825=AXIS2_PLACEMENT_3D('',#10110,#8085,#8086);
#6826=AXIS2_PLACEMENT_3D('',#10112,#8088,#8089);
#6827=AXIS2_PLACEMENT_3D('',#10114,#8091,#8092);
#6828=AXIS2_PLACEMENT_3D('',#10116,#8094,#8095);
#6829=AXIS2_PLACEMENT_3D('',#10118,#8097,#8098);
#6830=AXIS2_PLACEMENT_3D('',#10120,#8100,#8101);
#6831=AXIS2_PLACEMENT_3D('',#10122,#8103,#8104);
#6832=AXIS2_PLACEMENT_3D('',#10124,#8106,#8107);
#6833=AXIS2_PLACEMENT_3D('',#10127,#8110,#8111);
#6834=AXIS2_PLACEMENT_3D('',#10130,#8114,#8115);
#6835=AXIS2_PLACEMENT_3D('',#10132,#8117,#8118);
#6836=AXIS2_PLACEMENT_3D('',#10134,#8120,#8121);
#6837=AXIS2_PLACEMENT_3D('',#10137,#8124,#8125);
#6838=AXIS2_PLACEMENT_3D('',#10140,#8128,#8129);
#6839=AXIS2_PLACEMENT_3D('',#10142,#8131,#8132);
#6840=AXIS2_PLACEMENT_3D('',#10144,#8134,#8135);
#6841=AXIS2_PLACEMENT_3D('',#10147,#8138,#8139);
#6842=AXIS2_PLACEMENT_3D('',#10149,#8141,#8142);
#6843=AXIS2_PLACEMENT_3D('',#10151,#8144,#8145);
#6844=AXIS2_PLACEMENT_3D('',#10154,#8148,#8149);
#6845=AXIS2_PLACEMENT_3D('',#10156,#8151,#8152);
#6846=AXIS2_PLACEMENT_3D('',#10158,#8154,#8155);
#6847=AXIS2_PLACEMENT_3D('',#10161,#8158,#8159);
#6848=AXIS2_PLACEMENT_3D('',#10163,#8161,#8162);
#6849=AXIS2_PLACEMENT_3D('',#10165,#8164,#8165);
#6850=AXIS2_PLACEMENT_3D('',#10168,#8168,#8169);
#6851=AXIS2_PLACEMENT_3D('',#10170,#8171,#8172);
#6852=AXIS2_PLACEMENT_3D('',#10172,#8174,#8175);
#6853=AXIS2_PLACEMENT_3D('',#10174,#8177,#8178);
#6854=AXIS2_PLACEMENT_3D('',#10176,#8180,#8181);
#6855=AXIS2_PLACEMENT_3D('',#10178,#8183,#8184);
#6856=AXIS2_PLACEMENT_3D('',#10180,#8186,#8187);
#6857=AXIS2_PLACEMENT_3D('',#10182,#8189,#8190);
#6858=AXIS2_PLACEMENT_3D('',#10184,#8192,#8193);
#6859=AXIS2_PLACEMENT_3D('',#10186,#8195,#8196);
#6860=AXIS2_PLACEMENT_3D('',#10188,#8198,#8199);
#6861=AXIS2_PLACEMENT_3D('',#10190,#8201,#8202);
#6862=AXIS2_PLACEMENT_3D('',#10192,#8204,#8205);
#6863=AXIS2_PLACEMENT_3D('',#10195,#8208,#8209);
#6864=AXIS2_PLACEMENT_3D('',#10197,#8211,#8212);
#6865=AXIS2_PLACEMENT_3D('',#10199,#8214,#8215);
#6866=AXIS2_PLACEMENT_3D('',#10202,#8218,#8219);
#6867=AXIS2_PLACEMENT_3D('',#10204,#8221,#8222);
#6868=AXIS2_PLACEMENT_3D('',#10206,#8224,#8225);
#6869=AXIS2_PLACEMENT_3D('',#10209,#8228,#8229);
#6870=AXIS2_PLACEMENT_3D('',#10211,#8231,#8232);
#6871=AXIS2_PLACEMENT_3D('',#10213,#8234,#8235);
#6872=AXIS2_PLACEMENT_3D('',#10216,#8238,#8239);
#6873=AXIS2_PLACEMENT_3D('',#10218,#8241,#8242);
#6874=AXIS2_PLACEMENT_3D('',#10220,#8244,#8245);
#6875=AXIS2_PLACEMENT_3D('',#10223,#8248,#8249);
#6876=AXIS2_PLACEMENT_3D('',#10225,#8251,#8252);
#6877=AXIS2_PLACEMENT_3D('',#10227,#8254,#8255);
#6878=AXIS2_PLACEMENT_3D('',#10230,#8258,#8259);
#6879=AXIS2_PLACEMENT_3D('',#10232,#8261,#8262);
#6880=AXIS2_PLACEMENT_3D('',#10234,#8264,#8265);
#6881=AXIS2_PLACEMENT_3D('',#10237,#8268,#8269);
#6882=AXIS2_PLACEMENT_3D('',#10239,#8271,#8272);
#6883=AXIS2_PLACEMENT_3D('',#10241,#8274,#8275);
#6884=AXIS2_PLACEMENT_3D('',#10244,#8278,#8279);
#6885=AXIS2_PLACEMENT_3D('',#10246,#8281,#8282);
#6886=AXIS2_PLACEMENT_3D('',#10248,#8284,#8285);
#6887=AXIS2_PLACEMENT_3D('',#10251,#8288,#8289);
#6888=AXIS2_PLACEMENT_3D('',#10253,#8291,#8292);
#6889=AXIS2_PLACEMENT_3D('',#10255,#8294,#8295);
#6890=AXIS2_PLACEMENT_3D('',#10258,#8298,#8299);
#6891=AXIS2_PLACEMENT_3D('',#10260,#8301,#8302);
#6892=AXIS2_PLACEMENT_3D('',#10262,#8304,#8305);
#6893=AXIS2_PLACEMENT_3D('',#10265,#8308,#8309);
#6894=AXIS2_PLACEMENT_3D('',#10267,#8311,#8312);
#6895=AXIS2_PLACEMENT_3D('',#10269,#8314,#8315);
#6896=AXIS2_PLACEMENT_3D('',#10272,#8318,#8319);
#6897=AXIS2_PLACEMENT_3D('',#10274,#8321,#8322);
#6898=AXIS2_PLACEMENT_3D('',#10276,#8324,#8325);
#6899=AXIS2_PLACEMENT_3D('',#10279,#8328,#8329);
#6900=AXIS2_PLACEMENT_3D('',#10281,#8331,#8332);
#6901=AXIS2_PLACEMENT_3D('',#10283,#8334,#8335);
#6902=AXIS2_PLACEMENT_3D('',#10286,#8338,#8339);
#6903=AXIS2_PLACEMENT_3D('',#10288,#8341,#8342);
#6904=AXIS2_PLACEMENT_3D('',#10290,#8344,#8345);
#6905=AXIS2_PLACEMENT_3D('',#10293,#8348,#8349);
#6906=AXIS2_PLACEMENT_3D('',#10295,#8351,#8352);
#6907=AXIS2_PLACEMENT_3D('',#10297,#8354,#8355);
#6908=AXIS2_PLACEMENT_3D('',#10300,#8358,#8359);
#6909=AXIS2_PLACEMENT_3D('',#10302,#8361,#8362);
#6910=AXIS2_PLACEMENT_3D('',#10304,#8364,#8365);
#6911=AXIS2_PLACEMENT_3D('',#10307,#8368,#8369);
#6912=AXIS2_PLACEMENT_3D('',#10309,#8371,#8372);
#6913=AXIS2_PLACEMENT_3D('',#10311,#8374,#8375);
#6914=AXIS2_PLACEMENT_3D('',#10314,#8378,#8379);
#6915=AXIS2_PLACEMENT_3D('',#10316,#8381,#8382);
#6916=AXIS2_PLACEMENT_3D('',#10318,#8384,#8385);
#6917=AXIS2_PLACEMENT_3D('',#10321,#8388,#8389);
#6918=AXIS2_PLACEMENT_3D('',#10323,#8391,#8392);
#6919=AXIS2_PLACEMENT_3D('',#10325,#8394,#8395);
#6920=AXIS2_PLACEMENT_3D('',#10328,#8398,#8399);
#6921=AXIS2_PLACEMENT_3D('',#10330,#8401,#8402);
#6922=AXIS2_PLACEMENT_3D('',#10332,#8404,#8405);
#6923=AXIS2_PLACEMENT_3D('',#10335,#8408,#8409);
#6924=AXIS2_PLACEMENT_3D('',#10337,#8411,#8412);
#6925=AXIS2_PLACEMENT_3D('',#10339,#8414,#8415);
#6926=AXIS2_PLACEMENT_3D('',#10342,#8418,#8419);
#6927=AXIS2_PLACEMENT_3D('',#10344,#8421,#8422);
#6928=AXIS2_PLACEMENT_3D('',#10346,#8424,#8425);
#6929=AXIS2_PLACEMENT_3D('',#10349,#8428,#8429);
#6930=AXIS2_PLACEMENT_3D('',#10351,#8431,#8432);
#6931=AXIS2_PLACEMENT_3D('',#10353,#8434,#8435);
#6932=AXIS2_PLACEMENT_3D('',#10356,#8438,#8439);
#6933=AXIS2_PLACEMENT_3D('',#10358,#8441,#8442);
#6934=AXIS2_PLACEMENT_3D('',#10360,#8444,#8445);
#6935=AXIS2_PLACEMENT_3D('',#10361,#8446,#8447);
#6936=AXIS2_PLACEMENT_3D('',#10362,#8448,#8449);
#6937=AXIS2_PLACEMENT_3D('',#10363,#8450,#8451);
#6938=AXIS2_PLACEMENT_3D('',#10364,#8452,#8453);
#6939=AXIS2_PLACEMENT_3D('',#10365,#8454,#8455);
#6940=AXIS2_PLACEMENT_3D('',#10366,#8456,#8457);
#6941=AXIS2_PLACEMENT_3D('',#10367,#8458,#8459);
#6942=AXIS2_PLACEMENT_3D('',#10368,#8460,#8461);
#6943=AXIS2_PLACEMENT_3D('',#10369,#8462,#8463);
#6944=AXIS2_PLACEMENT_3D('',#10370,#8464,#8465);
#6945=AXIS2_PLACEMENT_3D('',#10371,#8466,#8467);
#6946=AXIS2_PLACEMENT_3D('',#10372,#8468,#8469);
#6947=AXIS2_PLACEMENT_3D('',#10373,#8470,#8471);
#6948=AXIS2_PLACEMENT_3D('',#10374,#8472,#8473);
#6949=AXIS2_PLACEMENT_3D('',#10375,#8474,#8475);
#6950=AXIS2_PLACEMENT_3D('',#10376,#8476,#8477);
#6951=AXIS2_PLACEMENT_3D('',#10377,#8478,#8479);
#6952=AXIS2_PLACEMENT_3D('',#10378,#8480,#8481);
#6953=AXIS2_PLACEMENT_3D('',#10379,#8482,#8483);
#6954=AXIS2_PLACEMENT_3D('',#10380,#8484,#8485);
#6955=AXIS2_PLACEMENT_3D('',#10381,#8486,#8487);
#6956=AXIS2_PLACEMENT_3D('',#10382,#8488,#8489);
#6957=AXIS2_PLACEMENT_3D('',#10383,#8490,#8491);
#6958=AXIS2_PLACEMENT_3D('',#10384,#8492,#8493);
#6959=AXIS2_PLACEMENT_3D('',#10385,#8494,#8495);
#6960=AXIS2_PLACEMENT_3D('',#10386,#8496,#8497);
#6961=AXIS2_PLACEMENT_3D('',#10387,#8498,#8499);
#6962=AXIS2_PLACEMENT_3D('',#10388,#8500,#8501);
#6963=AXIS2_PLACEMENT_3D('',#10389,#8502,#8503);
#6964=AXIS2_PLACEMENT_3D('',#10390,#8504,#8505);
#6965=AXIS2_PLACEMENT_3D('',#10391,#8506,#8507);
#6966=AXIS2_PLACEMENT_3D('',#10392,#8508,#8509);
#6967=AXIS2_PLACEMENT_3D('',#10393,#8510,#8511);
#6968=AXIS2_PLACEMENT_3D('',#10394,#8512,#8513);
#6969=AXIS2_PLACEMENT_3D('',#10395,#8514,#8515);
#6970=AXIS2_PLACEMENT_3D('',#10396,#8516,#8517);
#6971=AXIS2_PLACEMENT_3D('',#10397,#8518,#8519);
#6972=AXIS2_PLACEMENT_3D('',#10398,#8520,#8521);
#6973=AXIS2_PLACEMENT_3D('',#10399,#8522,#8523);
#6974=AXIS2_PLACEMENT_3D('',#10400,#8524,#8525);
#6975=AXIS2_PLACEMENT_3D('',#10401,#8526,#8527);
#6976=AXIS2_PLACEMENT_3D('',#10402,#8528,#8529);
#6977=AXIS2_PLACEMENT_3D('',#10403,#8530,#8531);
#6978=AXIS2_PLACEMENT_3D('',#10404,#8532,#8533);
#6979=AXIS2_PLACEMENT_3D('',#10405,#8534,#8535);
#6980=AXIS2_PLACEMENT_3D('',#10406,#8536,#8537);
#6981=AXIS2_PLACEMENT_3D('',#10407,#8538,#8539);
#6982=AXIS2_PLACEMENT_3D('',#10408,#8540,#8541);
#6983=AXIS2_PLACEMENT_3D('',#10409,#8542,#8543);
#6984=AXIS2_PLACEMENT_3D('',#10410,#8544,#8545);
#6985=AXIS2_PLACEMENT_3D('',#10411,#8546,#8547);
#6986=AXIS2_PLACEMENT_3D('',#10412,#8548,#8549);
#6987=AXIS2_PLACEMENT_3D('',#10413,#8550,#8551);
#6988=AXIS2_PLACEMENT_3D('',#10414,#8552,#8553);
#6989=AXIS2_PLACEMENT_3D('',#10415,#8554,#8555);
#6990=AXIS2_PLACEMENT_3D('',#10416,#8556,#8557);
#6991=AXIS2_PLACEMENT_3D('',#10417,#8558,#8559);
#6992=AXIS2_PLACEMENT_3D('',#10418,#8560,#8561);
#6993=AXIS2_PLACEMENT_3D('',#10419,#8562,#8563);
#6994=AXIS2_PLACEMENT_3D('',#10420,#8564,#8565);
#6995=AXIS2_PLACEMENT_3D('',#10421,#8566,#8567);
#6996=AXIS2_PLACEMENT_3D('',#10422,#8568,#8569);
#6997=AXIS2_PLACEMENT_3D('',#10423,#8570,#8571);
#6998=AXIS2_PLACEMENT_3D('',#10424,#8572,#8573);
#6999=AXIS2_PLACEMENT_3D('',#10425,#8574,#8575);
#7000=AXIS2_PLACEMENT_3D('',#10426,#8576,#8577);
#7001=AXIS2_PLACEMENT_3D('',#10427,#8578,#8579);
#7002=AXIS2_PLACEMENT_3D('',#10428,#8580,#8581);
#7003=AXIS2_PLACEMENT_3D('',#10429,#8582,#8583);
#7004=AXIS2_PLACEMENT_3D('',#10430,#8584,#8585);
#7005=AXIS2_PLACEMENT_3D('',#10431,#8586,#8587);
#7006=AXIS2_PLACEMENT_3D('',#10432,#8588,#8589);
#7007=AXIS2_PLACEMENT_3D('',#10433,#8590,#8591);
#7008=AXIS2_PLACEMENT_3D('',#10434,#8592,#8593);
#7009=AXIS2_PLACEMENT_3D('',#10435,#8594,#8595);
#7010=AXIS2_PLACEMENT_3D('',#10436,#8596,#8597);
#7011=AXIS2_PLACEMENT_3D('',#10437,#8598,#8599);
#7012=AXIS2_PLACEMENT_3D('',#10438,#8600,#8601);
#7013=AXIS2_PLACEMENT_3D('',#10439,#8602,#8603);
#7014=AXIS2_PLACEMENT_3D('',#10440,#8604,#8605);
#7015=AXIS2_PLACEMENT_3D('',#10441,#8606,#8607);
#7016=AXIS2_PLACEMENT_3D('',#10442,#8608,#8609);
#7017=AXIS2_PLACEMENT_3D('',#10443,#8610,#8611);
#7018=AXIS2_PLACEMENT_3D('',#10444,#8612,#8613);
#7019=AXIS2_PLACEMENT_3D('',#10445,#8614,#8615);
#7020=AXIS2_PLACEMENT_3D('',#10446,#8616,#8617);
#7021=AXIS2_PLACEMENT_3D('',#10447,#8618,#8619);
#7022=AXIS2_PLACEMENT_3D('',#10448,#8620,#8621);
#7023=AXIS2_PLACEMENT_3D('',#10449,#8622,#8623);
#7024=AXIS2_PLACEMENT_3D('',#10450,#8624,#8625);
#7025=AXIS2_PLACEMENT_3D('',#10451,#8626,#8627);
#7026=AXIS2_PLACEMENT_3D('',#10452,#8628,#8629);
#7027=AXIS2_PLACEMENT_3D('',#10453,#8630,#8631);
#7028=AXIS2_PLACEMENT_3D('',#10454,#8632,#8633);
#7029=AXIS2_PLACEMENT_3D('',#10455,#8634,#8635);
#7030=AXIS2_PLACEMENT_3D('',#10456,#8636,#8637);
#7031=AXIS2_PLACEMENT_3D('',#10457,#8638,#8639);
#7032=AXIS2_PLACEMENT_3D('',#10458,#8640,#8641);
#7033=AXIS2_PLACEMENT_3D('',#10459,#8642,#8643);
#7034=AXIS2_PLACEMENT_3D('',#10460,#8644,#8645);
#7035=AXIS2_PLACEMENT_3D('',#10461,#8646,#8647);
#7036=AXIS2_PLACEMENT_3D('',#10462,#8648,#8649);
#7037=AXIS2_PLACEMENT_3D('',#10463,#8650,#8651);
#7038=AXIS2_PLACEMENT_3D('',#10464,#8652,#8653);
#7039=AXIS2_PLACEMENT_3D('',#10465,#8654,#8655);
#7040=AXIS2_PLACEMENT_3D('',#10466,#8656,#8657);
#7041=AXIS2_PLACEMENT_3D('',#10467,#8658,#8659);
#7042=AXIS2_PLACEMENT_3D('',#10468,#8660,#8661);
#7043=AXIS2_PLACEMENT_3D('',#10469,#8662,#8663);
#7044=AXIS2_PLACEMENT_3D('',#10470,#8664,#8665);
#7045=AXIS2_PLACEMENT_3D('',#10471,#8666,#8667);
#7046=AXIS2_PLACEMENT_3D('',#10472,#8668,#8669);
#7047=AXIS2_PLACEMENT_3D('',#10473,#8670,#8671);
#7048=AXIS2_PLACEMENT_3D('',#10474,#8672,#8673);
#7049=AXIS2_PLACEMENT_3D('',#10475,#8674,#8675);
#7050=AXIS2_PLACEMENT_3D('',#10476,#8676,#8677);
#7051=AXIS2_PLACEMENT_3D('',#10477,#8678,#8679);
#7052=AXIS2_PLACEMENT_3D('',#10478,#8680,#8681);
#7053=AXIS2_PLACEMENT_3D('',#10479,#8682,#8683);
#7054=AXIS2_PLACEMENT_3D('',#10480,#8684,#8685);
#7055=AXIS2_PLACEMENT_3D('',#10481,#8686,#8687);
#7056=AXIS2_PLACEMENT_3D('',#10482,#8688,#8689);
#7057=AXIS2_PLACEMENT_3D('',#10483,#8690,#8691);
#7058=AXIS2_PLACEMENT_3D('',#10484,#8692,#8693);
#7059=AXIS2_PLACEMENT_3D('',#10485,#8694,#8695);
#7060=AXIS2_PLACEMENT_3D('',#10486,#8696,#8697);
#7061=AXIS2_PLACEMENT_3D('',#10487,#8698,#8699);
#7062=AXIS2_PLACEMENT_3D('',#10488,#8700,#8701);
#7063=AXIS2_PLACEMENT_3D('',#10489,#8702,#8703);
#7064=AXIS2_PLACEMENT_3D('',#10490,#8704,#8705);
#7065=AXIS2_PLACEMENT_3D('',#10491,#8706,#8707);
#7066=AXIS2_PLACEMENT_3D('',#10493,#8709,#8710);
#7067=AXIS2_PLACEMENT_3D('',#10495,#8712,#8713);
#7068=AXIS2_PLACEMENT_3D('',#10497,#8715,#8716);
#7069=AXIS2_PLACEMENT_3D('',#10499,#8718,#8719);
#7070=AXIS2_PLACEMENT_3D('',#10501,#8721,#8722);
#7071=AXIS2_PLACEMENT_3D('',#10503,#8724,#8725);
#7072=AXIS2_PLACEMENT_3D('',#10505,#8727,#8728);
#7073=AXIS2_PLACEMENT_3D('',#10507,#8730,#8731);
#7074=AXIS2_PLACEMENT_3D('',#10509,#8733,#8734);
#7075=AXIS2_PLACEMENT_3D('',#10511,#8736,#8737);
#7076=DIRECTION('',(0.,0.,1.));
#7077=DIRECTION('',(1.,0.,0.));
#7078=DIRECTION('',(0.,-1.,0.));
#7079=DIRECTION('',(0.,0.,-1.));
#7080=DIRECTION('',(-1.,0.,0.));
#7081=DIRECTION('',(0.,0.,1.));
#7082=DIRECTION('',(-1.,0.,0.));
#7083=DIRECTION('',(0.,0.,-1.));
#7084=DIRECTION('',(0.,0.,1.));
#7085=DIRECTION('',(1.,0.,0.));
#7086=DIRECTION('',(1.22464679914735E-16,-1.,0.));
#7087=DIRECTION('',(1.,0.,0.));
#7088=DIRECTION('',(0.,0.,1.));
#7089=DIRECTION('',(1.,0.,0.));
#7090=DIRECTION('',(0.,-1.,0.));
#7091=DIRECTION('',(-1.,0.,0.));
#7092=DIRECTION('',(0.,-1.,0.));
#7093=DIRECTION('',(0.,0.,1.));
#7094=DIRECTION('',(1.,0.,0.));
#7095=DIRECTION('',(1.,0.,0.));
#7096=DIRECTION('',(0.,0.,1.));
#7097=DIRECTION('',(1.,0.,0.));
#7098=DIRECTION('',(0.,-1.,0.));
#7099=DIRECTION('',(-1.,0.,0.));
#7100=DIRECTION('',(0.,-1.,0.));
#7101=DIRECTION('',(0.,0.,1.));
#7102=DIRECTION('',(1.,0.,0.));
#7103=DIRECTION('',(1.,0.,0.));
#7104=DIRECTION('',(0.,1.,0.));
#7105=DIRECTION('',(-1.,0.,0.));
#7106=DIRECTION('',(0.,0.,1.));
#7107=DIRECTION('',(1.,0.,0.));
#7108=DIRECTION('',(0.,-1.,0.));
#7109=DIRECTION('',(-1.,0.,0.));
#7110=DIRECTION('',(0.,-1.,0.));
#7111=DIRECTION('',(0.,0.,1.));
#7112=DIRECTION('',(1.,0.,0.));
#7113=DIRECTION('',(1.22464679914735E-16,-1.,0.));
#7114=DIRECTION('',(1.,0.,0.));
#7115=DIRECTION('',(0.,0.,-1.));
#7116=DIRECTION('',(-1.,0.,0.));
#7117=DIRECTION('',(1.,0.,0.));
#7118=DIRECTION('',(0.,0.,-1.));
#7119=DIRECTION('',(-1.,0.,0.));
#7120=DIRECTION('',(1.,0.,0.));
#7121=DIRECTION('',(0.,0.,-1.));
#7122=DIRECTION('',(-1.,0.,0.));
#7123=DIRECTION('',(1.,0.,0.));
#7124=DIRECTION('',(0.,-1.,0.));
#7125=DIRECTION('',(-1.,0.,0.));
#7126=DIRECTION('',(0.,0.,-1.));
#7127=DIRECTION('',(-1.,0.,0.));
#7128=DIRECTION('',(-1.,0.,0.));
#7129=DIRECTION('',(0.,-1.,0.));
#7130=DIRECTION('',(1.,0.,0.));
#7131=DIRECTION('',(0.,-1.,0.));
#7132=DIRECTION('',(-1.,0.,0.));
#7133=DIRECTION('',(0.,-1.,0.));
#7134=DIRECTION('',(1.,0.,0.));
#7135=DIRECTION('',(1.22464679914735E-16,-1.,0.));
#7136=DIRECTION('',(1.,0.,0.));
#7137=DIRECTION('',(1.22464679914735E-16,-1.,0.));
#7138=DIRECTION('',(1.,0.,0.));
#7139=DIRECTION('',(1.22464679914735E-16,-1.,0.));
#7140=DIRECTION('',(-1.,-1.22464679914735E-16,0.));
#7141=DIRECTION('',(1.22464679914735E-16,-1.,0.));
#7142=DIRECTION('',(1.,0.,0.));
#7143=DIRECTION('',(1.22464679914735E-16,-1.,0.));
#7144=DIRECTION('',(-1.,-1.22464679914735E-16,0.));
#7145=DIRECTION('',(-1.,0.,0.));
#7146=DIRECTION('',(0.,-1.,0.));
#7147=DIRECTION('',(-1.,0.,0.));
#7148=DIRECTION('',(0.,-1.,0.));
#7149=DIRECTION('',(-1.,0.,0.));
#7150=DIRECTION('',(0.,-1.,0.));
#7151=DIRECTION('',(-1.,0.,0.));
#7152=DIRECTION('',(0.,-1.,0.));
#7153=DIRECTION('',(0.,-1.,0.));
#7154=DIRECTION('',(-1.,0.,0.));
#7155=DIRECTION('',(0.,-1.,0.));
#7156=DIRECTION('',(-1.,0.,0.));
#7157=DIRECTION('',(0.,-1.,0.));
#7158=DIRECTION('',(-1.,0.,0.));
#7159=DIRECTION('',(0.,-1.,0.));
#7160=DIRECTION('',(-1.,0.,0.));
#7161=DIRECTION('',(0.,-1.,0.));
#7162=DIRECTION('',(-1.,0.,0.));
#7163=DIRECTION('',(0.,-1.,0.));
#7164=DIRECTION('',(-1.,0.,0.));
#7165=DIRECTION('',(0.,-1.,0.));
#7166=DIRECTION('',(-1.,0.,0.));
#7167=DIRECTION('',(0.,-1.,0.));
#7168=DIRECTION('',(-1.,0.,0.));
#7169=DIRECTION('',(0.,-1.,0.));
#7170=DIRECTION('',(-1.,0.,0.));
#7171=DIRECTION('',(0.,-1.,0.));
#7172=DIRECTION('',(-1.,0.,0.));
#7173=DIRECTION('',(0.,-1.,0.));
#7174=DIRECTION('',(-1.,0.,0.));
#7175=DIRECTION('',(0.,-1.,0.));
#7176=DIRECTION('',(-1.,0.,0.));
#7177=DIRECTION('',(0.,-1.,0.));
#7178=DIRECTION('',(-1.,0.,0.));
#7179=DIRECTION('',(0.,-1.,0.));
#7180=DIRECTION('',(-1.,0.,0.));
#7181=DIRECTION('',(0.,-1.,0.));
#7182=DIRECTION('',(-1.,0.,0.));
#7183=DIRECTION('',(0.,-1.,0.));
#7184=DIRECTION('',(-1.,0.,0.));
#7185=DIRECTION('',(0.,-1.,0.));
#7186=DIRECTION('',(-1.,0.,0.));
#7187=DIRECTION('',(0.,-1.,0.));
#7188=DIRECTION('',(-1.,0.,0.));
#7189=DIRECTION('',(-1.,0.,0.));
#7190=DIRECTION('',(0.,-1.,0.));
#7191=DIRECTION('',(-1.,0.,0.));
#7192=DIRECTION('',(0.,-1.,0.));
#7193=DIRECTION('',(0.,-1.,0.));
#7194=DIRECTION('',(-1.,0.,0.));
#7195=DIRECTION('',(0.,-1.,0.));
#7196=DIRECTION('',(-1.,0.,0.));
#7197=DIRECTION('',(0.,-1.,0.));
#7198=DIRECTION('',(-1.,0.,0.));
#7199=DIRECTION('',(0.,-1.,0.));
#7200=DIRECTION('',(-1.,0.,0.));
#7201=DIRECTION('',(0.,-1.,0.));
#7202=DIRECTION('',(-1.,0.,0.));
#7203=DIRECTION('',(0.,-1.,0.));
#7204=DIRECTION('',(-1.,0.,0.));
#7205=DIRECTION('',(0.,-1.,0.));
#7206=DIRECTION('',(-1.,0.,0.));
#7207=DIRECTION('',(0.,-1.,0.));
#7208=DIRECTION('',(-1.,0.,0.));
#7209=DIRECTION('',(0.,-1.,0.));
#7210=DIRECTION('',(-1.,0.,0.));
#7211=DIRECTION('',(0.,-1.,0.));
#7212=DIRECTION('',(-1.,0.,0.));
#7213=DIRECTION('',(0.,1.,0.));
#7214=DIRECTION('',(-1.,0.,0.));
#7215=DIRECTION('',(0.,1.,0.));
#7216=DIRECTION('',(-1.,0.,0.));
#7217=DIRECTION('',(-1.,0.,0.));
#7218=DIRECTION('',(0.,1.,0.));
#7219=DIRECTION('',(-1.,0.,0.));
#7220=DIRECTION('',(0.,1.,0.));
#7221=DIRECTION('',(-1.,0.,0.));
#7222=DIRECTION('',(0.,1.,0.));
#7223=DIRECTION('',(-1.,0.,0.));
#7224=DIRECTION('',(0.,1.,0.));
#7225=DIRECTION('',(-1.,0.,0.));
#7226=DIRECTION('',(0.,-1.,0.));
#7227=DIRECTION('',(-1.,0.,0.));
#7228=DIRECTION('',(0.,-1.,0.));
#7229=DIRECTION('',(-1.,0.,0.));
#7230=DIRECTION('',(0.,-1.,0.));
#7231=DIRECTION('',(-1.,0.,0.));
#7232=DIRECTION('',(0.,-1.,0.));
#7233=DIRECTION('',(0.,-1.,0.));
#7234=DIRECTION('',(-1.,0.,0.));
#7235=DIRECTION('',(0.,-1.,0.));
#7236=DIRECTION('',(-1.,0.,0.));
#7237=DIRECTION('',(0.,-1.,0.));
#7238=DIRECTION('',(-1.,0.,0.));
#7239=DIRECTION('',(0.,-1.,0.));
#7240=DIRECTION('',(-1.,0.,0.));
#7241=DIRECTION('',(0.,0.,-1.));
#7242=DIRECTION('',(-1.,0.,0.));
#7243=DIRECTION('',(0.,0.,-1.));
#7244=DIRECTION('',(-1.,0.,0.));
#7245=DIRECTION('',(0.,0.,-1.));
#7246=DIRECTION('',(-1.,0.,0.));
#7247=DIRECTION('',(0.,0.,-1.));
#7248=DIRECTION('',(-1.,0.,0.));
#7249=DIRECTION('',(0.,0.,-1.));
#7250=DIRECTION('',(-1.,0.,0.));
#7251=DIRECTION('',(0.,0.,-1.));
#7252=DIRECTION('',(-1.,0.,0.));
#7253=DIRECTION('',(0.,0.,-1.));
#7254=DIRECTION('',(-1.,0.,0.));
#7255=DIRECTION('',(0.,0.,-1.));
#7256=DIRECTION('',(-1.,0.,0.));
#7257=DIRECTION('',(0.,0.,-1.));
#7258=DIRECTION('',(-1.,0.,0.));
#7259=DIRECTION('',(0.,0.,-1.));
#7260=DIRECTION('',(-1.,0.,0.));
#7261=DIRECTION('',(0.,0.,-1.));
#7262=DIRECTION('',(-1.,0.,0.));
#7263=DIRECTION('',(0.,0.,-1.));
#7264=DIRECTION('',(-1.,0.,0.));
#7265=DIRECTION('',(0.,0.,-1.));
#7266=DIRECTION('',(-1.,0.,0.));
#7267=DIRECTION('',(0.,0.,-1.));
#7268=DIRECTION('',(-1.,0.,0.));
#7269=DIRECTION('',(0.,0.,-1.));
#7270=DIRECTION('',(-1.,0.,0.));
#7271=DIRECTION('',(0.,0.,-1.));
#7272=DIRECTION('',(-1.,0.,0.));
#7273=DIRECTION('',(0.,0.,-1.));
#7274=DIRECTION('',(-1.,0.,0.));
#7275=DIRECTION('',(0.,0.,-1.));
#7276=DIRECTION('',(-1.,0.,0.));
#7277=DIRECTION('',(0.,0.,-1.));
#7278=DIRECTION('',(-1.,0.,0.));
#7279=DIRECTION('',(0.,0.,-1.));
#7280=DIRECTION('',(-1.,0.,0.));
#7281=DIRECTION('',(0.,0.,-1.));
#7282=DIRECTION('',(-1.,0.,0.));
#7283=DIRECTION('',(0.,0.,-1.));
#7284=DIRECTION('',(-1.,0.,0.));
#7285=DIRECTION('',(0.,0.,-1.));
#7286=DIRECTION('',(-1.,0.,0.));
#7287=DIRECTION('',(0.,0.,-1.));
#7288=DIRECTION('',(-1.,0.,0.));
#7289=DIRECTION('',(0.,0.,-1.));
#7290=DIRECTION('',(-1.,0.,0.));
#7291=DIRECTION('',(0.,0.,-1.));
#7292=DIRECTION('',(-1.,0.,0.));
#7293=DIRECTION('',(0.,0.,-1.));
#7294=DIRECTION('',(-1.,0.,0.));
#7295=DIRECTION('',(0.,0.,-1.));
#7296=DIRECTION('',(-1.,0.,0.));
#7297=DIRECTION('',(0.,0.,-1.));
#7298=DIRECTION('',(-1.,0.,0.));
#7299=DIRECTION('',(0.,0.,-1.));
#7300=DIRECTION('',(-1.,0.,0.));
#7301=DIRECTION('',(0.,0.,-1.));
#7302=DIRECTION('',(-1.,0.,0.));
#7303=DIRECTION('',(0.,0.,-1.));
#7304=DIRECTION('',(-1.,0.,0.));
#7305=DIRECTION('',(0.,0.,-1.));
#7306=DIRECTION('',(-1.,0.,0.));
#7307=DIRECTION('',(0.,0.,-1.));
#7308=DIRECTION('',(-1.,0.,0.));
#7309=DIRECTION('',(0.,0.,-1.));
#7310=DIRECTION('',(-1.,0.,0.));
#7311=DIRECTION('',(0.,0.,-1.));
#7312=DIRECTION('',(-1.,0.,0.));
#7313=DIRECTION('',(0.,0.,-1.));
#7314=DIRECTION('',(-1.,0.,0.));
#7315=DIRECTION('',(0.,0.,-1.));
#7316=DIRECTION('',(-1.,0.,0.));
#7317=DIRECTION('',(0.,0.,-1.));
#7318=DIRECTION('',(-1.,0.,0.));
#7319=DIRECTION('',(0.,0.,-1.));
#7320=DIRECTION('',(-1.,0.,0.));
#7321=DIRECTION('',(0.,0.,-1.));
#7322=DIRECTION('',(-1.,0.,0.));
#7323=DIRECTION('',(0.,0.,-1.));
#7324=DIRECTION('',(-1.,0.,0.));
#7325=DIRECTION('',(0.,0.,-1.));
#7326=DIRECTION('',(-1.,0.,0.));
#7327=DIRECTION('',(0.,0.,-1.));
#7328=DIRECTION('',(-1.,0.,0.));
#7329=DIRECTION('',(0.,0.,-1.));
#7330=DIRECTION('',(-1.,0.,0.));
#7331=DIRECTION('',(0.,0.,-1.));
#7332=DIRECTION('',(-1.,0.,0.));
#7333=DIRECTION('',(0.,0.,-1.));
#7334=DIRECTION('',(-1.,0.,0.));
#7335=DIRECTION('',(0.,0.,-1.));
#7336=DIRECTION('',(-1.,0.,0.));
#7337=DIRECTION('',(0.,0.,-1.));
#7338=DIRECTION('',(-1.,0.,0.));
#7339=DIRECTION('',(0.,0.,-1.));
#7340=DIRECTION('',(-1.,0.,0.));
#7341=DIRECTION('',(0.,0.,-1.));
#7342=DIRECTION('',(-1.,0.,0.));
#7343=DIRECTION('',(0.,0.,-1.));
#7344=DIRECTION('',(-1.,0.,0.));
#7345=DIRECTION('',(0.,0.,-1.));
#7346=DIRECTION('',(-1.,0.,0.));
#7347=DIRECTION('',(0.,0.,-1.));
#7348=DIRECTION('',(-1.,0.,0.));
#7349=DIRECTION('',(0.,0.,-1.));
#7350=DIRECTION('',(-1.,0.,0.));
#7351=DIRECTION('',(0.,0.,-1.));
#7352=DIRECTION('',(-1.,0.,0.));
#7353=DIRECTION('',(0.,0.,-1.));
#7354=DIRECTION('',(-1.,0.,0.));
#7355=DIRECTION('',(0.,0.,-1.));
#7356=DIRECTION('',(-1.,0.,0.));
#7357=DIRECTION('',(0.,0.,-1.));
#7358=DIRECTION('',(-1.,0.,0.));
#7359=DIRECTION('',(0.,0.,-1.));
#7360=DIRECTION('',(-1.,0.,0.));
#7361=DIRECTION('',(0.,0.,-1.));
#7362=DIRECTION('',(-1.,0.,0.));
#7363=DIRECTION('',(0.,0.,-1.));
#7364=DIRECTION('',(-1.,0.,0.));
#7365=DIRECTION('',(0.,0.,-1.));
#7366=DIRECTION('',(-1.,0.,0.));
#7367=DIRECTION('',(0.,0.,-1.));
#7368=DIRECTION('',(-1.,0.,0.));
#7369=DIRECTION('',(0.,0.,-1.));
#7370=DIRECTION('',(-1.,0.,0.));
#7371=DIRECTION('',(0.,0.,-1.));
#7372=DIRECTION('',(-1.,0.,0.));
#7373=DIRECTION('',(0.,0.,-1.));
#7374=DIRECTION('',(-1.,0.,0.));
#7375=DIRECTION('',(0.,0.,-1.));
#7376=DIRECTION('',(-1.,0.,0.));
#7377=DIRECTION('',(0.,0.,-1.));
#7378=DIRECTION('',(-1.,0.,0.));
#7379=DIRECTION('',(0.,0.,-1.));
#7380=DIRECTION('',(-1.,0.,0.));
#7381=DIRECTION('',(0.,0.,-1.));
#7382=DIRECTION('',(-1.,0.,0.));
#7383=DIRECTION('',(0.,0.,-1.));
#7384=DIRECTION('',(-1.,0.,0.));
#7385=DIRECTION('',(0.,0.,-1.));
#7386=DIRECTION('',(-1.,0.,0.));
#7387=DIRECTION('',(0.,0.,-1.));
#7388=DIRECTION('',(-1.,0.,0.));
#7389=DIRECTION('',(0.,0.,-1.));
#7390=DIRECTION('',(-1.,0.,0.));
#7391=DIRECTION('',(0.,0.,-1.));
#7392=DIRECTION('',(-1.,0.,0.));
#7393=DIRECTION('',(0.,0.,-1.));
#7394=DIRECTION('',(-1.,0.,0.));
#7395=DIRECTION('',(0.,0.,-1.));
#7396=DIRECTION('',(-1.,0.,0.));
#7397=DIRECTION('',(0.,0.,-1.));
#7398=DIRECTION('',(-1.,0.,0.));
#7399=DIRECTION('',(0.,0.,-1.));
#7400=DIRECTION('',(-1.,0.,0.));
#7401=DIRECTION('',(-1.,0.,0.));
#7402=DIRECTION('',(0.,-1.,0.));
#7403=DIRECTION('',(1.,0.,0.));
#7404=DIRECTION('',(0.,-1.,0.));
#7405=DIRECTION('',(-1.,0.,0.));
#7406=DIRECTION('',(0.,0.,-1.));
#7407=DIRECTION('',(-1.,0.,0.));
#7408=DIRECTION('',(-1.,0.,0.));
#7409=DIRECTION('',(0.,-1.,0.));
#7410=DIRECTION('',(1.,0.,0.));
#7411=DIRECTION('',(0.,0.,-1.));
#7412=DIRECTION('',(-1.,0.,0.));
#7413=DIRECTION('',(1.,0.,0.));
#7414=DIRECTION('',(0.,0.,-1.));
#7415=DIRECTION('',(-1.,0.,0.));
#7416=DIRECTION('',(1.,0.,0.));
#7417=DIRECTION('',(0.,-1.,0.));
#7418=DIRECTION('',(-1.,0.,0.));
#7419=DIRECTION('',(0.,0.,-1.));
#7420=DIRECTION('',(-1.,0.,0.));
#7421=DIRECTION('',(-1.,0.,0.));
#7422=DIRECTION('',(0.,-1.,0.));
#7423=DIRECTION('',(1.,0.,0.));
#7424=DIRECTION('',(0.,-1.,0.));
#7425=DIRECTION('',(-1.,0.,0.));
#7426=DIRECTION('',(0.,-1.,0.));
#7427=DIRECTION('',(-1.,0.,0.));
#7428=DIRECTION('',(0.,-1.,0.));
#7429=DIRECTION('',(-1.,0.,0.));
#7430=DIRECTION('',(0.,1.,0.));
#7431=DIRECTION('',(-1.,0.,0.));
#7432=DIRECTION('',(0.,1.,0.));
#7433=DIRECTION('',(-1.,0.,0.));
#7434=DIRECTION('',(0.,1.,0.));
#7435=DIRECTION('',(-1.,0.,0.));
#7436=DIRECTION('',(0.,1.,0.));
#7437=DIRECTION('',(-1.,0.,0.));
#7438=DIRECTION('',(0.,1.,0.));
#7439=DIRECTION('',(-1.,0.,0.));
#7440=DIRECTION('',(0.,1.,0.));
#7441=DIRECTION('',(0.,-1.,0.));
#7442=DIRECTION('',(-1.,0.,0.));
#7443=DIRECTION('',(0.,-1.,0.));
#7444=DIRECTION('',(-1.,0.,0.));
#7445=DIRECTION('',(-1.,0.,0.));
#7446=DIRECTION('',(0.,-1.,0.));
#7447=DIRECTION('',(-1.,0.,0.));
#7448=DIRECTION('',(0.,-1.,0.));
#7449=DIRECTION('',(0.,-1.,0.));
#7450=DIRECTION('',(-1.,0.,0.));
#7451=DIRECTION('',(0.,-1.,0.));
#7452=DIRECTION('',(-1.,0.,0.));
#7453=DIRECTION('',(0.,-1.,0.));
#7454=DIRECTION('',(-1.,0.,0.));
#7455=DIRECTION('',(0.,-1.,0.));
#7456=DIRECTION('',(-1.,0.,0.));
#7457=DIRECTION('',(0.,-1.,0.));
#7458=DIRECTION('',(-1.,0.,0.));
#7459=DIRECTION('',(0.,-1.,0.));
#7460=DIRECTION('',(-1.,0.,0.));
#7461=DIRECTION('',(0.,-1.,0.));
#7462=DIRECTION('',(-1.,0.,0.));
#7463=DIRECTION('',(0.,-1.,0.));
#7464=DIRECTION('',(-1.,0.,0.));
#7465=DIRECTION('',(0.,-1.,0.));
#7466=DIRECTION('',(-1.,0.,0.));
#7467=DIRECTION('',(0.,-1.,0.));
#7468=DIRECTION('',(-1.,0.,0.));
#7469=DIRECTION('',(0.,-1.,0.));
#7470=DIRECTION('',(-1.,0.,0.));
#7471=DIRECTION('',(0.,-1.,0.));
#7472=DIRECTION('',(-1.,0.,0.));
#7473=DIRECTION('',(0.,-1.,0.));
#7474=DIRECTION('',(-1.,0.,0.));
#7475=DIRECTION('',(0.,-1.,0.));
#7476=DIRECTION('',(-1.,0.,0.));
#7477=DIRECTION('',(-1.,0.,0.));
#7478=DIRECTION('',(0.,-1.,0.));
#7479=DIRECTION('',(-1.,0.,0.));
#7480=DIRECTION('',(0.,-1.,0.));
#7481=DIRECTION('',(-1.,0.,0.));
#7482=DIRECTION('',(0.,-1.,0.));
#7483=DIRECTION('',(-1.,0.,0.));
#7484=DIRECTION('',(0.,-1.,0.));
#7485=DIRECTION('',(0.,0.,1.));
#7486=DIRECTION('',(1.,0.,0.));
#7487=DIRECTION('',(0.,0.,1.));
#7488=DIRECTION('',(1.,0.,0.));
#7489=DIRECTION('',(0.,0.,1.));
#7490=DIRECTION('',(1.,0.,0.));
#7491=DIRECTION('',(0.,0.,1.));
#7492=DIRECTION('',(1.,0.,0.));
#7493=DIRECTION('',(0.,0.,1.));
#7494=DIRECTION('',(1.,0.,0.));
#7495=DIRECTION('',(0.,0.,1.));
#7496=DIRECTION('',(1.,0.,0.));
#7497=DIRECTION('',(0.,0.,1.));
#7498=DIRECTION('',(1.,0.,0.));
#7499=DIRECTION('',(-1.,0.,0.));
#7500=DIRECTION('',(0.,-1.,0.));
#7501=DIRECTION('',(-1.,0.,0.));
#7502=DIRECTION('',(0.,-1.,0.));
#7503=DIRECTION('',(-1.,0.,0.));
#7504=DIRECTION('',(0.,-1.,0.));
#7505=DIRECTION('',(-1.,0.,0.));
#7506=DIRECTION('',(0.,-1.,0.));
#7507=DIRECTION('',(0.,-1.,0.));
#7508=DIRECTION('',(-1.,0.,0.));
#7509=DIRECTION('',(0.,-1.,0.));
#7510=DIRECTION('',(-1.,0.,0.));
#7511=DIRECTION('',(0.,-1.,0.));
#7512=DIRECTION('',(-1.,0.,0.));
#7513=DIRECTION('',(0.,-1.,0.));
#7514=DIRECTION('',(-1.,0.,0.));
#7515=DIRECTION('',(0.,-1.,0.));
#7516=DIRECTION('',(-1.,0.,0.));
#7517=DIRECTION('',(0.,-1.,0.));
#7518=DIRECTION('',(-1.,0.,0.));
#7519=DIRECTION('',(0.,-1.,0.));
#7520=DIRECTION('',(-1.,0.,0.));
#7521=DIRECTION('',(0.,-1.,0.));
#7522=DIRECTION('',(-1.,0.,0.));
#7523=DIRECTION('',(0.,-1.,0.));
#7524=DIRECTION('',(-1.,0.,0.));
#7525=DIRECTION('',(0.,-1.,0.));
#7526=DIRECTION('',(-1.,0.,0.));
#7527=DIRECTION('',(0.,-1.,0.));
#7528=DIRECTION('',(-1.,0.,0.));
#7529=DIRECTION('',(0.,-1.,0.));
#7530=DIRECTION('',(-1.,0.,0.));
#7531=DIRECTION('',(0.,-1.,0.));
#7532=DIRECTION('',(-1.,0.,0.));
#7533=DIRECTION('',(0.,-1.,0.));
#7534=DIRECTION('',(-1.,0.,0.));
#7535=DIRECTION('',(-1.,0.,0.));
#7536=DIRECTION('',(0.,-1.,0.));
#7537=DIRECTION('',(-1.,0.,0.));
#7538=DIRECTION('',(0.,-1.,0.));
#7539=DIRECTION('',(0.,-1.,0.));
#7540=DIRECTION('',(-1.,0.,0.));
#7541=DIRECTION('',(0.,-1.,0.));
#7542=DIRECTION('',(-1.,0.,0.));
#7543=DIRECTION('',(-1.,0.,0.));
#7544=DIRECTION('',(0.,1.,0.));
#7545=DIRECTION('',(-1.,0.,0.));
#7546=DIRECTION('',(0.,1.,0.));
#7547=DIRECTION('',(-1.,0.,0.));
#7548=DIRECTION('',(0.,1.,0.));
#7549=DIRECTION('',(-1.,0.,0.));
#7550=DIRECTION('',(0.,1.,0.));
#7551=DIRECTION('',(-1.,0.,0.));
#7552=DIRECTION('',(0.,1.,0.));
#7553=DIRECTION('',(-1.,0.,0.));
#7554=DIRECTION('',(0.,1.,0.));
#7555=DIRECTION('',(-1.,0.,0.));
#7556=DIRECTION('',(0.,-1.,0.));
#7557=DIRECTION('',(-1.,0.,0.));
#7558=DIRECTION('',(0.,-1.,0.));
#7559=DIRECTION('',(-1.,0.,0.));
#7560=DIRECTION('',(0.,-1.,0.));
#7561=DIRECTION('',(1.,0.,0.));
#7562=DIRECTION('',(0.,-1.,0.));
#7563=DIRECTION('',(-1.,0.,0.));
#7564=DIRECTION('',(0.,0.,-1.));
#7565=DIRECTION('',(-1.,0.,0.));
#7566=DIRECTION('',(-1.,0.,0.));
#7567=DIRECTION('',(0.,-1.,0.));
#7568=DIRECTION('',(1.,0.,0.));
#7569=DIRECTION('',(0.,0.,-1.));
#7570=DIRECTION('',(-1.,0.,0.));
#7571=DIRECTION('',(1.,0.,0.));
#7572=DIRECTION('',(0.,0.,-1.));
#7573=DIRECTION('',(-1.,0.,0.));
#7574=DIRECTION('',(1.,0.,0.));
#7575=DIRECTION('',(0.,-1.,0.));
#7576=DIRECTION('',(-1.,0.,0.));
#7577=DIRECTION('',(0.,0.,-1.));
#7578=DIRECTION('',(-1.,0.,0.));
#7579=DIRECTION('',(-1.,0.,0.));
#7580=DIRECTION('',(0.,-1.,0.));
#7581=DIRECTION('',(1.,0.,0.));
#7582=DIRECTION('',(0.,-1.,0.));
#7583=DIRECTION('',(0.,0.,-1.));
#7584=DIRECTION('',(-1.,0.,0.));
#7585=DIRECTION('',(0.,0.,-1.));
#7586=DIRECTION('',(-1.,0.,0.));
#7587=DIRECTION('',(0.,0.,-1.));
#7588=DIRECTION('',(-1.,0.,0.));
#7589=DIRECTION('',(0.,0.,-1.));
#7590=DIRECTION('',(-1.,0.,0.));
#7591=DIRECTION('',(0.,0.,-1.));
#7592=DIRECTION('',(-1.,0.,0.));
#7593=DIRECTION('',(0.,0.,-1.));
#7594=DIRECTION('',(-1.,0.,0.));
#7595=DIRECTION('',(0.,0.,-1.));
#7596=DIRECTION('',(-1.,0.,0.));
#7597=DIRECTION('',(0.,0.,-1.));
#7598=DIRECTION('',(-1.,0.,0.));
#7599=DIRECTION('',(0.,0.,-1.));
#7600=DIRECTION('',(-1.,0.,0.));
#7601=DIRECTION('',(0.,0.,-1.));
#7602=DIRECTION('',(-1.,0.,0.));
#7603=DIRECTION('',(0.,0.,-1.));
#7604=DIRECTION('',(-1.,0.,0.));
#7605=DIRECTION('',(0.,0.,-1.));
#7606=DIRECTION('',(-1.,0.,0.));
#7607=DIRECTION('',(0.,0.,-1.));
#7608=DIRECTION('',(-1.,0.,0.));
#7609=DIRECTION('',(0.,0.,-1.));
#7610=DIRECTION('',(-1.,0.,0.));
#7611=DIRECTION('',(0.,0.,-1.));
#7612=DIRECTION('',(-1.,0.,0.));
#7613=DIRECTION('',(0.,0.,-1.));
#7614=DIRECTION('',(-1.,0.,0.));
#7615=DIRECTION('',(0.,0.,-1.));
#7616=DIRECTION('',(-1.,0.,0.));
#7617=DIRECTION('',(0.,0.,-1.));
#7618=DIRECTION('',(-1.,0.,0.));
#7619=DIRECTION('',(0.,0.,-1.));
#7620=DIRECTION('',(-1.,0.,0.));
#7621=DIRECTION('',(0.,0.,-1.));
#7622=DIRECTION('',(-1.,0.,0.));
#7623=DIRECTION('',(0.,0.,-1.));
#7624=DIRECTION('',(-1.,0.,0.));
#7625=DIRECTION('',(0.,0.,-1.));
#7626=DIRECTION('',(-1.,0.,0.));
#7627=DIRECTION('',(0.,0.,-1.));
#7628=DIRECTION('',(-1.,0.,0.));
#7629=DIRECTION('',(0.,0.,-1.));
#7630=DIRECTION('',(-1.,0.,0.));
#7631=DIRECTION('',(0.,0.,-1.));
#7632=DIRECTION('',(-1.,0.,0.));
#7633=DIRECTION('',(0.,0.,-1.));
#7634=DIRECTION('',(-1.,0.,0.));
#7635=DIRECTION('',(0.,0.,-1.));
#7636=DIRECTION('',(-1.,0.,0.));
#7637=DIRECTION('',(0.,0.,-1.));
#7638=DIRECTION('',(-1.,0.,0.));
#7639=DIRECTION('',(0.,0.,-1.));
#7640=DIRECTION('',(-1.,0.,0.));
#7641=DIRECTION('',(0.,0.,-1.));
#7642=DIRECTION('',(-1.,0.,0.));
#7643=DIRECTION('',(0.,0.,-1.));
#7644=DIRECTION('',(-1.,0.,0.));
#7645=DIRECTION('',(0.,0.,-1.));
#7646=DIRECTION('',(-1.,0.,0.));
#7647=DIRECTION('',(0.,0.,-1.));
#7648=DIRECTION('',(-1.,0.,0.));
#7649=DIRECTION('',(0.,0.,-1.));
#7650=DIRECTION('',(-1.,0.,0.));
#7651=DIRECTION('',(0.,0.,-1.));
#7652=DIRECTION('',(-1.,0.,0.));
#7653=DIRECTION('',(0.,0.,-1.));
#7654=DIRECTION('',(-1.,0.,0.));
#7655=DIRECTION('',(0.,0.,-1.));
#7656=DIRECTION('',(-1.,0.,0.));
#7657=DIRECTION('',(0.,0.,-1.));
#7658=DIRECTION('',(-1.,0.,0.));
#7659=DIRECTION('',(0.,0.,-1.));
#7660=DIRECTION('',(-1.,0.,0.));
#7661=DIRECTION('',(0.,0.,-1.));
#7662=DIRECTION('',(-1.,0.,0.));
#7663=DIRECTION('',(0.,0.,-1.));
#7664=DIRECTION('',(-1.,0.,0.));
#7665=DIRECTION('',(0.,0.,-1.));
#7666=DIRECTION('',(-1.,0.,0.));
#7667=DIRECTION('',(0.,0.,-1.));
#7668=DIRECTION('',(-1.,0.,0.));
#7669=DIRECTION('',(0.,0.,-1.));
#7670=DIRECTION('',(-1.,0.,0.));
#7671=DIRECTION('',(0.,0.,-1.));
#7672=DIRECTION('',(-1.,0.,0.));
#7673=DIRECTION('',(0.,0.,-1.));
#7674=DIRECTION('',(-1.,0.,0.));
#7675=DIRECTION('',(0.,0.,-1.));
#7676=DIRECTION('',(-1.,0.,0.));
#7677=DIRECTION('',(0.,0.,-1.));
#7678=DIRECTION('',(-1.,0.,0.));
#7679=DIRECTION('',(0.,0.,-1.));
#7680=DIRECTION('',(-1.,0.,0.));
#7681=DIRECTION('',(0.,0.,-1.));
#7682=DIRECTION('',(-1.,0.,0.));
#7683=DIRECTION('',(0.,0.,-1.));
#7684=DIRECTION('',(-1.,0.,0.));
#7685=DIRECTION('',(0.,0.,-1.));
#7686=DIRECTION('',(-1.,0.,0.));
#7687=DIRECTION('',(0.,0.,-1.));
#7688=DIRECTION('',(-1.,0.,0.));
#7689=DIRECTION('',(0.,0.,-1.));
#7690=DIRECTION('',(-1.,0.,0.));
#7691=DIRECTION('',(0.,0.,-1.));
#7692=DIRECTION('',(-1.,0.,0.));
#7693=DIRECTION('',(0.,0.,-1.));
#7694=DIRECTION('',(-1.,0.,0.));
#7695=DIRECTION('',(0.,0.,-1.));
#7696=DIRECTION('',(-1.,0.,0.));
#7697=DIRECTION('',(0.,0.,-1.));
#7698=DIRECTION('',(-1.,0.,0.));
#7699=DIRECTION('',(0.,0.,-1.));
#7700=DIRECTION('',(-1.,0.,0.));
#7701=DIRECTION('',(0.,0.,-1.));
#7702=DIRECTION('',(-1.,0.,0.));
#7703=DIRECTION('',(0.,0.,-1.));
#7704=DIRECTION('',(-1.,0.,0.));
#7705=DIRECTION('',(0.,0.,-1.));
#7706=DIRECTION('',(-1.,0.,0.));
#7707=DIRECTION('',(0.,0.,-1.));
#7708=DIRECTION('',(-1.,0.,0.));
#7709=DIRECTION('',(0.,0.,-1.));
#7710=DIRECTION('',(-1.,0.,0.));
#7711=DIRECTION('',(0.,0.,-1.));
#7712=DIRECTION('',(-1.,0.,0.));
#7713=DIRECTION('',(0.,0.,-1.));
#7714=DIRECTION('',(-1.,0.,0.));
#7715=DIRECTION('',(0.,0.,-1.));
#7716=DIRECTION('',(-1.,0.,0.));
#7717=DIRECTION('',(0.,0.,-1.));
#7718=DIRECTION('',(-1.,0.,0.));
#7719=DIRECTION('',(0.,0.,-1.));
#7720=DIRECTION('',(-1.,0.,0.));
#7721=DIRECTION('',(0.,0.,-1.));
#7722=DIRECTION('',(-1.,0.,0.));
#7723=DIRECTION('',(0.,0.,-1.));
#7724=DIRECTION('',(-1.,0.,0.));
#7725=DIRECTION('',(0.,0.,-1.));
#7726=DIRECTION('',(-1.,0.,0.));
#7727=DIRECTION('',(0.,0.,-1.));
#7728=DIRECTION('',(-1.,0.,0.));
#7729=DIRECTION('',(0.,0.,-1.));
#7730=DIRECTION('',(-1.,0.,0.));
#7731=DIRECTION('',(0.,0.,-1.));
#7732=DIRECTION('',(-1.,0.,0.));
#7733=DIRECTION('',(0.,0.,-1.));
#7734=DIRECTION('',(-1.,0.,0.));
#7735=DIRECTION('',(0.,0.,-1.));
#7736=DIRECTION('',(-1.,0.,0.));
#7737=DIRECTION('',(0.,0.,-1.));
#7738=DIRECTION('',(-1.,0.,0.));
#7739=DIRECTION('',(0.,0.,-1.));
#7740=DIRECTION('',(-1.,0.,0.));
#7741=DIRECTION('',(0.,0.,-1.));
#7742=DIRECTION('',(-1.,0.,0.));
#7743=DIRECTION('',(1.,0.,0.));
#7744=DIRECTION('',(1.22464679914735E-16,-1.,0.));
#7745=DIRECTION('',(-1.,-1.22464679914735E-16,0.));
#7746=DIRECTION('',(1.22464679914735E-16,-1.,0.));
#7747=DIRECTION('',(1.,0.,0.));
#7748=DIRECTION('',(1.22464679914735E-16,-1.,0.));
#7749=DIRECTION('',(-1.,-1.22464679914735E-16,0.));
#7750=DIRECTION('',(1.22464679914735E-16,-1.,0.));
#7751=DIRECTION('',(1.,0.,0.));
#7752=DIRECTION('',(1.22464679914735E-16,-1.,0.));
#7753=DIRECTION('',(-1.,0.,0.));
#7754=DIRECTION('',(1.22464679914735E-16,-1.,0.));
#7755=DIRECTION('',(1.,0.,0.));
#7756=DIRECTION('',(0.,-1.,0.));
#7757=DIRECTION('',(-1.,0.,0.));
#7758=DIRECTION('',(0.,-1.,0.));
#7759=DIRECTION('',(1.,0.,0.));
#7760=DIRECTION('',(0.,-1.,0.));
#7761=DIRECTION('',(-1.,0.,0.));
#7762=DIRECTION('',(0.,0.,-1.));
#7763=DIRECTION('',(-1.,0.,0.));
#7764=DIRECTION('',(-1.,0.,0.));
#7765=DIRECTION('',(0.,-1.,0.));
#7766=DIRECTION('',(1.,0.,0.));
#7767=DIRECTION('',(0.,0.,-1.));
#7768=DIRECTION('',(-1.,0.,0.));
#7769=DIRECTION('',(1.,0.,0.));
#7770=DIRECTION('',(0.,0.,-1.));
#7771=DIRECTION('',(-1.,0.,0.));
#7772=DIRECTION('',(1.,0.,0.));
#7773=DIRECTION('',(0.,0.,-1.));
#7774=DIRECTION('',(-1.,0.,0.));
#7775=DIRECTION('',(1.,0.,0.));
#7776=DIRECTION('',(1.22464679914735E-16,-1.,0.));
#7777=DIRECTION('',(0.,0.,1.));
#7778=DIRECTION('',(1.,0.,0.));
#7779=DIRECTION('',(0.,-1.,0.));
#7780=DIRECTION('',(-1.,0.,0.));
#7781=DIRECTION('',(0.,-1.,0.));
#7782=DIRECTION('',(0.,0.,1.));
#7783=DIRECTION('',(1.,0.,0.));
#7784=DIRECTION('',(-1.,0.,0.));
#7785=DIRECTION('',(0.,1.,0.));
#7786=DIRECTION('',(1.,0.,0.));
#7787=DIRECTION('',(0.,0.,1.));
#7788=DIRECTION('',(1.,0.,0.));
#7789=DIRECTION('',(0.,-1.,0.));
#7790=DIRECTION('',(-1.,0.,0.));
#7791=DIRECTION('',(0.,-1.,0.));
#7792=DIRECTION('',(0.,0.,1.));
#7793=DIRECTION('',(1.,0.,0.));
#7794=DIRECTION('',(1.,0.,0.));
#7795=DIRECTION('',(0.,0.,1.));
#7796=DIRECTION('',(1.,0.,0.));
#7797=DIRECTION('',(0.,-1.,0.));
#7798=DIRECTION('',(-1.,0.,0.));
#7799=DIRECTION('',(0.,-1.,0.));
#7800=DIRECTION('',(0.,0.,1.));
#7801=DIRECTION('',(1.,0.,0.));
#7802=DIRECTION('',(0.,-1.,0.));
#7803=DIRECTION('',(-1.,0.,0.));
#7804=DIRECTION('',(0.,-1.,0.));
#7805=DIRECTION('',(-1.,0.,0.));
#7806=DIRECTION('',(0.,-1.,0.));
#7807=DIRECTION('',(-1.,0.,0.));
#7808=DIRECTION('',(0.,-1.,0.));
#7809=DIRECTION('',(-1.,0.,0.));
#7810=DIRECTION('',(-1.,0.,0.));
#7811=DIRECTION('',(0.,-1.,0.));
#7812=DIRECTION('',(-1.,0.,0.));
#7813=DIRECTION('',(0.,-1.,0.));
#7814=DIRECTION('',(-1.,0.,0.));
#7815=DIRECTION('',(0.,-1.,0.));
#7816=DIRECTION('',(-1.,0.,0.));
#7817=DIRECTION('',(0.,-1.,0.));
#7818=DIRECTION('',(-1.,0.,0.));
#7819=DIRECTION('',(0.,1.,0.));
#7820=DIRECTION('',(-1.,0.,0.));
#7821=DIRECTION('',(0.,1.,0.));
#7822=DIRECTION('',(-1.,0.,0.));
#7823=DIRECTION('',(0.,1.,0.));
#7824=DIRECTION('',(-1.,0.,0.));
#7825=DIRECTION('',(0.,1.,0.));
#7826=DIRECTION('',(0.,1.,0.));
#7827=DIRECTION('',(-1.,0.,0.));
#7828=DIRECTION('',(0.,1.,0.));
#7829=DIRECTION('',(-1.,0.,0.));
#7830=DIRECTION('',(0.,-1.,0.));
#7831=DIRECTION('',(-1.,0.,0.));
#7832=DIRECTION('',(0.,-1.,0.));
#7833=DIRECTION('',(-1.,0.,0.));
#7834=DIRECTION('',(0.,-1.,0.));
#7835=DIRECTION('',(-1.,0.,0.));
#7836=DIRECTION('',(0.,-1.,0.));
#7837=DIRECTION('',(-1.,0.,0.));
#7838=DIRECTION('',(0.,-1.,0.));
#7839=DIRECTION('',(-1.,0.,0.));
#7840=DIRECTION('',(0.,-1.,0.));
#7841=DIRECTION('',(-1.,0.,0.));
#7842=DIRECTION('',(0.,-1.,0.));
#7843=DIRECTION('',(-1.,0.,0.));
#7844=DIRECTION('',(0.,-1.,0.));
#7845=DIRECTION('',(-1.,0.,0.));
#7846=DIRECTION('',(0.,-1.,0.));
#7847=DIRECTION('',(-1.,0.,0.));
#7848=DIRECTION('',(0.,-1.,0.));
#7849=DIRECTION('',(-1.,0.,0.));
#7850=DIRECTION('',(-1.,0.,0.));
#7851=DIRECTION('',(0.,-1.,0.));
#7852=DIRECTION('',(-1.,0.,0.));
#7853=DIRECTION('',(0.,-1.,0.));
#7854=DIRECTION('',(0.,-1.,0.));
#7855=DIRECTION('',(-1.,0.,0.));
#7856=DIRECTION('',(0.,-1.,0.));
#7857=DIRECTION('',(-1.,0.,0.));
#7858=DIRECTION('',(0.,-1.,0.));
#7859=DIRECTION('',(-1.,0.,0.));
#7860=DIRECTION('',(0.,-1.,0.));
#7861=DIRECTION('',(-1.,0.,0.));
#7862=DIRECTION('',(0.,-1.,0.));
#7863=DIRECTION('',(-1.,0.,0.));
#7864=DIRECTION('',(0.,-1.,0.));
#7865=DIRECTION('',(-1.,0.,0.));
#7866=DIRECTION('',(0.,-1.,0.));
#7867=DIRECTION('',(-1.,0.,0.));
#7868=DIRECTION('',(0.,-1.,0.));
#7869=DIRECTION('',(-1.,0.,0.));
#7870=DIRECTION('',(0.,-1.,0.));
#7871=DIRECTION('',(-1.,0.,0.));
#7872=DIRECTION('',(0.,-1.,0.));
#7873=DIRECTION('',(-1.,0.,0.));
#7874=DIRECTION('',(0.,-1.,0.));
#7875=DIRECTION('',(-1.,0.,0.));
#7876=DIRECTION('',(0.,-1.,0.));
#7877=DIRECTION('',(-1.,0.,0.));
#7878=DIRECTION('',(0.,-1.,0.));
#7879=DIRECTION('',(-1.,0.,0.));
#7880=DIRECTION('',(0.,-1.,0.));
#7881=DIRECTION('',(-1.,0.,0.));
#7882=DIRECTION('',(0.,-1.,0.));
#7883=DIRECTION('',(-1.,0.,0.));
#7884=DIRECTION('',(0.,-1.,0.));
#7885=DIRECTION('',(-1.,0.,0.));
#7886=DIRECTION('',(0.,-1.,0.));
#7887=DIRECTION('',(-1.,0.,0.));
#7888=DIRECTION('',(0.,-1.,0.));
#7889=DIRECTION('',(-1.,0.,0.));
#7890=DIRECTION('',(-1.,0.,0.));
#7891=DIRECTION('',(0.,-1.,0.));
#7892=DIRECTION('',(-1.,0.,0.));
#7893=DIRECTION('',(0.,-1.,0.));
#7894=DIRECTION('',(-1.,0.,0.));
#7895=DIRECTION('',(0.,-1.,0.));
#7896=DIRECTION('',(-1.,0.,0.));
#7897=DIRECTION('',(0.,-1.,0.));
#7898=DIRECTION('',(0.,-1.,0.));
#7899=DIRECTION('',(0.,0.,-1.));
#7900=DIRECTION('',(0.,0.,-1.));
#7901=DIRECTION('',(0.,0.,-1.));
#7902=DIRECTION('',(1.,0.,0.));
#7903=DIRECTION('',(0.,0.,-1.));
#7904=DIRECTION('',(0.,0.,-1.));
#7905=DIRECTION('',(0.,-1.,0.));
#7906=DIRECTION('',(0.,0.,-1.));
#7907=DIRECTION('',(0.,0.,-1.));
#7908=DIRECTION('',(0.,-1.,0.));
#7909=DIRECTION('',(0.,0.,-1.));
#7910=DIRECTION('',(0.,0.,-1.));
#7911=DIRECTION('',(0.,0.,-1.));
#7912=DIRECTION('',(1.,0.,0.));
#7913=DIRECTION('',(0.,0.,-1.));
#7914=DIRECTION('',(0.,0.,-1.));
#7915=DIRECTION('',(0.,-1.,0.));
#7916=DIRECTION('',(0.,0.,-1.));
#7917=DIRECTION('',(0.,0.,-1.));
#7918=DIRECTION('',(1.,0.,0.));
#7919=DIRECTION('',(0.,0.,-1.));
#7920=DIRECTION('',(0.,0.,-1.));
#7921=DIRECTION('',(0.,0.,-1.));
#7922=DIRECTION('',(0.,-1.,0.));
#7923=DIRECTION('',(0.,0.,-1.));
#7924=DIRECTION('',(0.,0.,-1.));
#7925=DIRECTION('',(1.,0.,0.));
#7926=DIRECTION('',(0.,0.,-1.));
#7927=DIRECTION('',(0.,0.,-1.));
#7928=DIRECTION('',(1.,0.,0.));
#7929=DIRECTION('',(0.,0.,-1.));
#7930=DIRECTION('',(0.,0.,-1.));
#7931=DIRECTION('',(0.,0.,-1.));
#7932=DIRECTION('',(0.,-1.,0.));
#7933=DIRECTION('',(0.,0.,-1.));
#7934=DIRECTION('',(0.,0.,-1.));
#7935=DIRECTION('',(1.,0.,0.));
#7936=DIRECTION('',(0.,0.,-1.));
#7937=DIRECTION('',(0.,0.,-1.));
#7938=DIRECTION('',(1.,0.,0.));
#7939=DIRECTION('',(0.,0.,-1.));
#7940=DIRECTION('',(0.,0.,-1.));
#7941=DIRECTION('',(0.,0.,-1.));
#7942=DIRECTION('',(0.,-1.,0.));
#7943=DIRECTION('',(0.,0.,-1.));
#7944=DIRECTION('',(0.,0.,-1.));
#7945=DIRECTION('',(1.,0.,0.));
#7946=DIRECTION('',(0.,0.,-1.));
#7947=DIRECTION('',(0.,0.,-1.));
#7948=DIRECTION('',(1.,0.,0.));
#7949=DIRECTION('',(0.,0.,-1.));
#7950=DIRECTION('',(0.,0.,-1.));
#7951=DIRECTION('',(0.,0.,-1.));
#7952=DIRECTION('',(0.,-1.,0.));
#7953=DIRECTION('',(0.,0.,-1.));
#7954=DIRECTION('',(0.,0.,-1.));
#7955=DIRECTION('',(1.,0.,0.));
#7956=DIRECTION('',(0.,0.,-1.));
#7957=DIRECTION('',(0.,0.,-1.));
#7958=DIRECTION('',(1.,0.,0.));
#7959=DIRECTION('',(0.,0.,-1.));
#7960=DIRECTION('',(0.,0.,-1.));
#7961=DIRECTION('',(0.,0.,-1.));
#7962=DIRECTION('',(0.,-1.,0.));
#7963=DIRECTION('',(0.,0.,-1.));
#7964=DIRECTION('',(0.,0.,-1.));
#7965=DIRECTION('',(1.,0.,0.));
#7966=DIRECTION('',(0.,0.,-1.));
#7967=DIRECTION('',(0.,0.,-1.));
#7968=DIRECTION('',(1.,0.,0.));
#7969=DIRECTION('',(0.,0.,-1.));
#7970=DIRECTION('',(0.,0.,-1.));
#7971=DIRECTION('',(0.,0.,-1.));
#7972=DIRECTION('',(0.,-1.,0.));
#7973=DIRECTION('',(0.,0.,-1.));
#7974=DIRECTION('',(0.,0.,-1.));
#7975=DIRECTION('',(1.,0.,0.));
#7976=DIRECTION('',(0.,0.,-1.));
#7977=DIRECTION('',(0.,0.,-1.));
#7978=DIRECTION('',(1.,0.,0.));
#7979=DIRECTION('',(0.,0.,-1.));
#7980=DIRECTION('',(0.,0.,-1.));
#7981=DIRECTION('',(0.,0.,-1.));
#7982=DIRECTION('',(0.,-1.,0.));
#7983=DIRECTION('',(0.,0.,-1.));
#7984=DIRECTION('',(0.,0.,-1.));
#7985=DIRECTION('',(1.,0.,0.));
#7986=DIRECTION('',(0.,0.,-1.));
#7987=DIRECTION('',(0.,0.,-1.));
#7988=DIRECTION('',(0.,-1.,0.));
#7989=DIRECTION('',(0.,0.,-1.));
#7990=DIRECTION('',(0.,0.,-1.));
#7991=DIRECTION('',(0.,0.,-1.));
#7992=DIRECTION('',(1.,0.,0.));
#7993=DIRECTION('',(0.,0.,-1.));
#7994=DIRECTION('',(0.,0.,-1.));
#7995=DIRECTION('',(0.,-1.,0.));
#7996=DIRECTION('',(0.,0.,-1.));
#7997=DIRECTION('',(0.,0.,-1.));
#7998=DIRECTION('',(1.,0.,0.));
#7999=DIRECTION('',(0.,0.,-1.));
#8000=DIRECTION('',(0.,0.,-1.));
#8001=DIRECTION('',(0.,0.,-1.));
#8002=DIRECTION('',(0.,-1.,0.));
#8003=DIRECTION('',(0.,0.,-1.));
#8004=DIRECTION('',(0.,0.,-1.));
#8005=DIRECTION('',(1.,0.,0.));
#8006=DIRECTION('',(0.,0.,-1.));
#8007=DIRECTION('',(0.,0.,-1.));
#8008=DIRECTION('',(0.,-1.,0.));
#8009=DIRECTION('',(0.,0.,-1.));
#8010=DIRECTION('',(0.,0.,-1.));
#8011=DIRECTION('',(0.,0.,-1.));
#8012=DIRECTION('',(-1.,0.,0.));
#8013=DIRECTION('',(0.,0.,1.));
#8014=DIRECTION('',(0.,0.,-1.));
#8015=DIRECTION('',(0.,-1.,0.));
#8016=DIRECTION('',(0.,0.,-1.));
#8017=DIRECTION('',(0.,0.,-1.));
#8018=DIRECTION('',(0.,-1.,0.));
#8019=DIRECTION('',(0.,0.,-1.));
#8020=DIRECTION('',(0.,0.,-1.));
#8021=DIRECTION('',(0.,0.,-1.));
#8022=DIRECTION('',(-1.,0.,0.));
#8023=DIRECTION('',(0.,0.,1.));
#8024=DIRECTION('',(0.,0.,-1.));
#8025=DIRECTION('',(0.,-1.,0.));
#8026=DIRECTION('',(0.,0.,-1.));
#8027=DIRECTION('',(0.,0.,-1.));
#8028=DIRECTION('',(0.,-1.,0.));
#8029=DIRECTION('',(0.,0.,-1.));
#8030=DIRECTION('',(0.,0.,-1.));
#8031=DIRECTION('',(0.,0.,-1.));
#8032=DIRECTION('',(-1.,0.,0.));
#8033=DIRECTION('',(0.,0.,1.));
#8034=DIRECTION('',(0.,0.,-1.));
#8035=DIRECTION('',(0.,-1.,0.));
#8036=DIRECTION('',(0.,0.,-1.));
#8037=DIRECTION('',(0.,0.,-1.));
#8038=DIRECTION('',(0.,-1.,0.));
#8039=DIRECTION('',(0.,0.,-1.));
#8040=DIRECTION('',(0.,0.,-1.));
#8041=DIRECTION('',(0.,0.,-1.));
#8042=DIRECTION('',(1.,0.,0.));
#8043=DIRECTION('',(0.,0.,-1.));
#8044=DIRECTION('',(0.,0.,-1.));
#8045=DIRECTION('',(0.,-1.,0.));
#8046=DIRECTION('',(0.,0.,-1.));
#8047=DIRECTION('',(0.,0.,-1.));
#8048=DIRECTION('',(0.,-1.,0.));
#8049=DIRECTION('',(0.,0.,-1.));
#8050=DIRECTION('',(0.,0.,-1.));
#8051=DIRECTION('',(0.,0.,-1.));
#8052=DIRECTION('',(1.,0.,0.));
#8053=DIRECTION('',(0.,0.,-1.));
#8054=DIRECTION('',(0.,0.,-1.));
#8055=DIRECTION('',(0.,1.,0.));
#8056=DIRECTION('',(0.,0.,1.));
#8057=DIRECTION('',(0.,0.,-1.));
#8058=DIRECTION('',(1.,0.,0.));
#8059=DIRECTION('',(0.,0.,-1.));
#8060=DIRECTION('',(0.,0.,-1.));
#8061=DIRECTION('',(0.,-1.,0.));
#8062=DIRECTION('',(0.,0.,-1.));
#8063=DIRECTION('',(0.,0.,-1.));
#8064=DIRECTION('',(0.,0.,-1.));
#8065=DIRECTION('',(-1.,0.,0.));
#8066=DIRECTION('',(0.,0.,-1.));
#8067=DIRECTION('',(0.,-1.,0.));
#8068=DIRECTION('',(0.,0.,-1.));
#8069=DIRECTION('',(0.,0.,-1.));
#8070=DIRECTION('',(1.,0.,0.));
#8071=DIRECTION('',(0.,0.,-1.));
#8072=DIRECTION('',(0.,0.,-1.));
#8073=DIRECTION('',(0.,1.,0.));
#8074=DIRECTION('',(0.,0.,1.));
#8075=DIRECTION('',(0.,0.,-1.));
#8076=DIRECTION('',(0.,0.,-1.));
#8077=DIRECTION('',(-1.,0.,0.));
#8078=DIRECTION('',(0.,0.,-1.));
#8079=DIRECTION('',(0.,1.,0.));
#8080=DIRECTION('',(0.,0.,1.));
#8081=DIRECTION('',(0.,0.,-1.));
#8082=DIRECTION('',(0.,0.,-1.));
#8083=DIRECTION('',(-1.,0.,0.));
#8084=DIRECTION('',(0.,0.,-1.));
#8085=DIRECTION('',(0.,1.,0.));
#8086=DIRECTION('',(0.,0.,1.));
#8087=DIRECTION('',(0.,0.,-1.));
#8088=DIRECTION('',(1.,0.,0.));
#8089=DIRECTION('',(0.,0.,-1.));
#8090=DIRECTION('',(0.,0.,-1.));
#8091=DIRECTION('',(0.,-1.,0.));
#8092=DIRECTION('',(0.,0.,-1.));
#8093=DIRECTION('',(0.,0.,-1.));
#8094=DIRECTION('',(0.,0.,-1.));
#8095=DIRECTION('',(-1.,0.,0.));
#8096=DIRECTION('',(0.,0.,-1.));
#8097=DIRECTION('',(0.,-1.,0.));
#8098=DIRECTION('',(0.,0.,-1.));
#8099=DIRECTION('',(0.,0.,-1.));
#8100=DIRECTION('',(1.,0.,0.));
#8101=DIRECTION('',(0.,0.,-1.));
#8102=DIRECTION('',(0.,0.,-1.));
#8103=DIRECTION('',(0.,1.,0.));
#8104=DIRECTION('',(0.,0.,1.));
#8105=DIRECTION('',(0.,0.,-1.));
#8106=DIRECTION('',(0.,1.,0.));
#8107=DIRECTION('',(0.,0.,1.));
#8108=DIRECTION('',(0.,0.,1.));
#8109=DIRECTION('',(0.,0.,-1.));
#8110=DIRECTION('',(1.,0.,0.));
#8111=DIRECTION('',(0.,0.,-1.));
#8112=DIRECTION('',(0.,0.,-1.));
#8113=DIRECTION('',(0.,0.,-1.));
#8114=DIRECTION('',(0.,-1.,0.));
#8115=DIRECTION('',(0.,0.,-1.));
#8116=DIRECTION('',(0.,0.,-1.));
#8117=DIRECTION('',(1.,0.,0.));
#8118=DIRECTION('',(0.,0.,-1.));
#8119=DIRECTION('',(0.,0.,-1.));
#8120=DIRECTION('',(0.,1.,0.));
#8121=DIRECTION('',(0.,0.,1.));
#8122=DIRECTION('',(0.,0.,-1.));
#8123=DIRECTION('',(0.,0.,-1.));
#8124=DIRECTION('',(1.,0.,0.));
#8125=DIRECTION('',(0.,0.,-1.));
#8126=DIRECTION('',(0.,0.,-1.));
#8127=DIRECTION('',(0.,0.,-1.));
#8128=DIRECTION('',(0.,-1.,0.));
#8129=DIRECTION('',(0.,0.,-1.));
#8130=DIRECTION('',(0.,0.,-1.));
#8131=DIRECTION('',(1.,0.,0.));
#8132=DIRECTION('',(0.,0.,-1.));
#8133=DIRECTION('',(0.,0.,-1.));
#8134=DIRECTION('',(0.,1.,0.));
#8135=DIRECTION('',(0.,0.,1.));
#8136=DIRECTION('',(0.,0.,-1.));
#8137=DIRECTION('',(0.,0.,-1.));
#8138=DIRECTION('',(-1.,0.,0.));
#8139=DIRECTION('',(0.,0.,1.));
#8140=DIRECTION('',(0.,0.,-1.));
#8141=DIRECTION('',(0.,-1.,0.));
#8142=DIRECTION('',(0.,0.,-1.));
#8143=DIRECTION('',(0.,0.,-1.));
#8144=DIRECTION('',(1.,0.,0.));
#8145=DIRECTION('',(0.,0.,-1.));
#8146=DIRECTION('',(0.,0.,-1.));
#8147=DIRECTION('',(0.,0.,-1.));
#8148=DIRECTION('',(0.,-1.,0.));
#8149=DIRECTION('',(0.,0.,-1.));
#8150=DIRECTION('',(0.,0.,-1.));
#8151=DIRECTION('',(1.,0.,0.));
#8152=DIRECTION('',(0.,0.,-1.));
#8153=DIRECTION('',(0.,0.,-1.));
#8154=DIRECTION('',(0.,-1.,0.));
#8155=DIRECTION('',(0.,0.,-1.));
#8156=DIRECTION('',(0.,0.,-1.));
#8157=DIRECTION('',(0.,0.,-1.));
#8158=DIRECTION('',(1.,0.,0.));
#8159=DIRECTION('',(0.,0.,-1.));
#8160=DIRECTION('',(0.,0.,-1.));
#8161=DIRECTION('',(0.,1.,0.));
#8162=DIRECTION('',(0.,0.,1.));
#8163=DIRECTION('',(0.,0.,1.));
#8164=DIRECTION('',(0.,1.,0.));
#8165=DIRECTION('',(0.,0.,1.));
#8166=DIRECTION('',(0.,0.,1.));
#8167=DIRECTION('',(0.,0.,-1.));
#8168=DIRECTION('',(0.,0.,-1.));
#8169=DIRECTION('',(-1.,0.,0.));
#8170=DIRECTION('',(0.,0.,-1.));
#8171=DIRECTION('',(0.,1.,0.));
#8172=DIRECTION('',(0.,0.,1.));
#8173=DIRECTION('',(0.,0.,-1.));
#8174=DIRECTION('',(0.,0.,-1.));
#8175=DIRECTION('',(-1.,0.,0.));
#8176=DIRECTION('',(0.,0.,-1.));
#8177=DIRECTION('',(0.,1.,0.));
#8178=DIRECTION('',(0.,0.,1.));
#8179=DIRECTION('',(0.,0.,-1.));
#8180=DIRECTION('',(0.,0.,-1.));
#8181=DIRECTION('',(-1.,0.,0.));
#8182=DIRECTION('',(0.,0.,-1.));
#8183=DIRECTION('',(0.,1.,0.));
#8184=DIRECTION('',(0.,0.,1.));
#8185=DIRECTION('',(0.,0.,-1.));
#8186=DIRECTION('',(1.,0.,0.));
#8187=DIRECTION('',(0.,0.,-1.));
#8188=DIRECTION('',(0.,0.,-1.));
#8189=DIRECTION('',(0.,-1.,0.));
#8190=DIRECTION('',(0.,0.,-1.));
#8191=DIRECTION('',(0.,0.,-1.));
#8192=DIRECTION('',(0.,0.,-1.));
#8193=DIRECTION('',(-1.,0.,0.));
#8194=DIRECTION('',(0.,0.,-1.));
#8195=DIRECTION('',(0.,-1.,0.));
#8196=DIRECTION('',(0.,0.,-1.));
#8197=DIRECTION('',(0.,0.,-1.));
#8198=DIRECTION('',(1.,0.,0.));
#8199=DIRECTION('',(0.,0.,-1.));
#8200=DIRECTION('',(0.,0.,-1.));
#8201=DIRECTION('',(0.,1.,0.));
#8202=DIRECTION('',(0.,0.,1.));
#8203=DIRECTION('',(0.,0.,-1.));
#8204=DIRECTION('',(1.,0.,0.));
#8205=DIRECTION('',(0.,0.,-1.));
#8206=DIRECTION('',(0.,0.,-1.));
#8207=DIRECTION('',(0.,0.,-1.));
#8208=DIRECTION('',(0.,-1.,0.));
#8209=DIRECTION('',(0.,0.,-1.));
#8210=DIRECTION('',(0.,0.,-1.));
#8211=DIRECTION('',(1.,0.,0.));
#8212=DIRECTION('',(0.,0.,-1.));
#8213=DIRECTION('',(0.,0.,-1.));
#8214=DIRECTION('',(1.,0.,0.));
#8215=DIRECTION('',(0.,0.,-1.));
#8216=DIRECTION('',(0.,0.,-1.));
#8217=DIRECTION('',(0.,0.,-1.));
#8218=DIRECTION('',(0.,-1.,0.));
#8219=DIRECTION('',(0.,0.,-1.));
#8220=DIRECTION('',(0.,0.,-1.));
#8221=DIRECTION('',(1.,0.,0.));
#8222=DIRECTION('',(0.,0.,-1.));
#8223=DIRECTION('',(0.,0.,-1.));
#8224=DIRECTION('',(0.,-1.,0.));
#8225=DIRECTION('',(0.,0.,-1.));
#8226=DIRECTION('',(0.,0.,-1.));
#8227=DIRECTION('',(0.,0.,-1.));
#8228=DIRECTION('',(1.,0.,0.));
#8229=DIRECTION('',(0.,0.,-1.));
#8230=DIRECTION('',(0.,0.,-1.));
#8231=DIRECTION('',(0.,-1.,0.));
#8232=DIRECTION('',(0.,0.,-1.));
#8233=DIRECTION('',(0.,0.,-1.));
#8234=DIRECTION('',(0.,-1.,0.));
#8235=DIRECTION('',(0.,0.,-1.));
#8236=DIRECTION('',(0.,0.,-1.));
#8237=DIRECTION('',(0.,0.,-1.));
#8238=DIRECTION('',(1.,0.,0.));
#8239=DIRECTION('',(0.,0.,-1.));
#8240=DIRECTION('',(0.,0.,-1.));
#8241=DIRECTION('',(0.,-1.,0.));
#8242=DIRECTION('',(0.,0.,-1.));
#8243=DIRECTION('',(0.,0.,-1.));
#8244=DIRECTION('',(0.,-1.,0.));
#8245=DIRECTION('',(0.,0.,-1.));
#8246=DIRECTION('',(0.,0.,-1.));
#8247=DIRECTION('',(0.,0.,-1.));
#8248=DIRECTION('',(-1.,0.,0.));
#8249=DIRECTION('',(0.,0.,1.));
#8250=DIRECTION('',(0.,0.,-1.));
#8251=DIRECTION('',(0.,-1.,0.));
#8252=DIRECTION('',(0.,0.,-1.));
#8253=DIRECTION('',(0.,0.,-1.));
#8254=DIRECTION('',(0.,-1.,0.));
#8255=DIRECTION('',(0.,0.,-1.));
#8256=DIRECTION('',(0.,0.,-1.));
#8257=DIRECTION('',(0.,0.,-1.));
#8258=DIRECTION('',(-1.,0.,0.));
#8259=DIRECTION('',(0.,0.,1.));
#8260=DIRECTION('',(0.,0.,-1.));
#8261=DIRECTION('',(0.,-1.,0.));
#8262=DIRECTION('',(0.,0.,-1.));
#8263=DIRECTION('',(0.,0.,-1.));
#8264=DIRECTION('',(-1.,0.,0.));
#8265=DIRECTION('',(0.,0.,1.));
#8266=DIRECTION('',(0.,0.,-1.));
#8267=DIRECTION('',(0.,0.,-1.));
#8268=DIRECTION('',(0.,-1.,0.));
#8269=DIRECTION('',(0.,0.,-1.));
#8270=DIRECTION('',(0.,0.,-1.));
#8271=DIRECTION('',(-1.,0.,0.));
#8272=DIRECTION('',(0.,0.,1.));
#8273=DIRECTION('',(0.,0.,-1.));
#8274=DIRECTION('',(1.,0.,0.));
#8275=DIRECTION('',(0.,0.,-1.));
#8276=DIRECTION('',(0.,0.,-1.));
#8277=DIRECTION('',(0.,0.,-1.));
#8278=DIRECTION('',(0.,-1.,0.));
#8279=DIRECTION('',(0.,0.,-1.));
#8280=DIRECTION('',(0.,0.,-1.));
#8281=DIRECTION('',(1.,0.,0.));
#8282=DIRECTION('',(0.,0.,-1.));
#8283=DIRECTION('',(0.,0.,-1.));
#8284=DIRECTION('',(1.,0.,0.));
#8285=DIRECTION('',(0.,0.,-1.));
#8286=DIRECTION('',(0.,0.,-1.));
#8287=DIRECTION('',(0.,0.,-1.));
#8288=DIRECTION('',(0.,-1.,0.));
#8289=DIRECTION('',(0.,0.,-1.));
#8290=DIRECTION('',(0.,0.,-1.));
#8291=DIRECTION('',(1.,0.,0.));
#8292=DIRECTION('',(0.,0.,-1.));
#8293=DIRECTION('',(0.,0.,-1.));
#8294=DIRECTION('',(1.,0.,0.));
#8295=DIRECTION('',(0.,0.,-1.));
#8296=DIRECTION('',(0.,0.,-1.));
#8297=DIRECTION('',(0.,0.,-1.));
#8298=DIRECTION('',(0.,-1.,0.));
#8299=DIRECTION('',(0.,0.,-1.));
#8300=DIRECTION('',(0.,0.,-1.));
#8301=DIRECTION('',(1.,0.,0.));
#8302=DIRECTION('',(0.,0.,-1.));
#8303=DIRECTION('',(0.,0.,-1.));
#8304=DIRECTION('',(1.,0.,0.));
#8305=DIRECTION('',(0.,0.,-1.));
#8306=DIRECTION('',(0.,0.,-1.));
#8307=DIRECTION('',(0.,0.,-1.));
#8308=DIRECTION('',(0.,-1.,0.));
#8309=DIRECTION('',(0.,0.,-1.));
#8310=DIRECTION('',(0.,0.,-1.));
#8311=DIRECTION('',(1.,0.,0.));
#8312=DIRECTION('',(0.,0.,-1.));
#8313=DIRECTION('',(0.,0.,-1.));
#8314=DIRECTION('',(1.,0.,0.));
#8315=DIRECTION('',(0.,0.,-1.));
#8316=DIRECTION('',(0.,0.,-1.));
#8317=DIRECTION('',(0.,0.,-1.));
#8318=DIRECTION('',(0.,-1.,0.));
#8319=DIRECTION('',(0.,0.,-1.));
#8320=DIRECTION('',(0.,0.,-1.));
#8321=DIRECTION('',(1.,0.,0.));
#8322=DIRECTION('',(0.,0.,-1.));
#8323=DIRECTION('',(0.,0.,-1.));
#8324=DIRECTION('',(0.,-1.,0.));
#8325=DIRECTION('',(0.,0.,-1.));
#8326=DIRECTION('',(0.,0.,-1.));
#8327=DIRECTION('',(0.,0.,-1.));
#8328=DIRECTION('',(1.,0.,0.));
#8329=DIRECTION('',(0.,0.,-1.));
#8330=DIRECTION('',(0.,0.,-1.));
#8331=DIRECTION('',(0.,-1.,0.));
#8332=DIRECTION('',(0.,0.,-1.));
#8333=DIRECTION('',(0.,0.,-1.));
#8334=DIRECTION('',(1.,0.,0.));
#8335=DIRECTION('',(0.,0.,-1.));
#8336=DIRECTION('',(0.,0.,-1.));
#8337=DIRECTION('',(0.,0.,-1.));
#8338=DIRECTION('',(0.,-1.,0.));
#8339=DIRECTION('',(0.,0.,-1.));
#8340=DIRECTION('',(0.,0.,-1.));
#8341=DIRECTION('',(1.,0.,0.));
#8342=DIRECTION('',(0.,0.,-1.));
#8343=DIRECTION('',(0.,0.,-1.));
#8344=DIRECTION('',(1.,0.,0.));
#8345=DIRECTION('',(0.,0.,-1.));
#8346=DIRECTION('',(0.,0.,-1.));
#8347=DIRECTION('',(0.,0.,-1.));
#8348=DIRECTION('',(0.,-1.,0.));
#8349=DIRECTION('',(0.,0.,-1.));
#8350=DIRECTION('',(0.,0.,-1.));
#8351=DIRECTION('',(1.,0.,0.));
#8352=DIRECTION('',(0.,0.,-1.));
#8353=DIRECTION('',(0.,0.,-1.));
#8354=DIRECTION('',(1.,0.,0.));
#8355=DIRECTION('',(0.,0.,-1.));
#8356=DIRECTION('',(0.,0.,-1.));
#8357=DIRECTION('',(0.,0.,-1.));
#8358=DIRECTION('',(0.,-1.,0.));
#8359=DIRECTION('',(0.,0.,-1.));
#8360=DIRECTION('',(0.,0.,-1.));
#8361=DIRECTION('',(1.,0.,0.));
#8362=DIRECTION('',(0.,0.,-1.));
#8363=DIRECTION('',(0.,0.,-1.));
#8364=DIRECTION('',(1.,0.,0.));
#8365=DIRECTION('',(0.,0.,-1.));
#8366=DIRECTION('',(0.,0.,-1.));
#8367=DIRECTION('',(0.,0.,-1.));
#8368=DIRECTION('',(0.,-1.,0.));
#8369=DIRECTION('',(0.,0.,-1.));
#8370=DIRECTION('',(0.,0.,-1.));
#8371=DIRECTION('',(1.,0.,0.));
#8372=DIRECTION('',(0.,0.,-1.));
#8373=DIRECTION('',(0.,0.,-1.));
#8374=DIRECTION('',(1.,0.,0.));
#8375=DIRECTION('',(0.,0.,-1.));
#8376=DIRECTION('',(0.,0.,-1.));
#8377=DIRECTION('',(0.,0.,-1.));
#8378=DIRECTION('',(0.,-1.,0.));
#8379=DIRECTION('',(0.,0.,-1.));
#8380=DIRECTION('',(0.,0.,-1.));
#8381=DIRECTION('',(1.,0.,0.));
#8382=DIRECTION('',(0.,0.,-1.));
#8383=DIRECTION('',(0.,0.,-1.));
#8384=DIRECTION('',(1.,0.,0.));
#8385=DIRECTION('',(0.,0.,-1.));
#8386=DIRECTION('',(0.,0.,-1.));
#8387=DIRECTION('',(0.,0.,-1.));
#8388=DIRECTION('',(0.,-1.,0.));
#8389=DIRECTION('',(0.,0.,-1.));
#8390=DIRECTION('',(0.,0.,-1.));
#8391=DIRECTION('',(1.,0.,0.));
#8392=DIRECTION('',(0.,0.,-1.));
#8393=DIRECTION('',(0.,0.,-1.));
#8394=DIRECTION('',(1.,0.,0.));
#8395=DIRECTION('',(0.,0.,-1.));
#8396=DIRECTION('',(0.,0.,-1.));
#8397=DIRECTION('',(0.,0.,-1.));
#8398=DIRECTION('',(0.,-1.,0.));
#8399=DIRECTION('',(0.,0.,-1.));
#8400=DIRECTION('',(0.,0.,-1.));
#8401=DIRECTION('',(1.,0.,0.));
#8402=DIRECTION('',(0.,0.,-1.));
#8403=DIRECTION('',(0.,0.,-1.));
#8404=DIRECTION('',(1.,0.,0.));
#8405=DIRECTION('',(0.,0.,-1.));
#8406=DIRECTION('',(0.,0.,-1.));
#8407=DIRECTION('',(0.,0.,-1.));
#8408=DIRECTION('',(0.,-1.,0.));
#8409=DIRECTION('',(0.,0.,-1.));
#8410=DIRECTION('',(0.,0.,-1.));
#8411=DIRECTION('',(1.,0.,0.));
#8412=DIRECTION('',(0.,0.,-1.));
#8413=DIRECTION('',(0.,0.,-1.));
#8414=DIRECTION('',(1.,0.,0.));
#8415=DIRECTION('',(0.,0.,-1.));
#8416=DIRECTION('',(0.,0.,-1.));
#8417=DIRECTION('',(0.,0.,-1.));
#8418=DIRECTION('',(0.,-1.,0.));
#8419=DIRECTION('',(0.,0.,-1.));
#8420=DIRECTION('',(0.,0.,-1.));
#8421=DIRECTION('',(1.,0.,0.));
#8422=DIRECTION('',(0.,0.,-1.));
#8423=DIRECTION('',(0.,0.,-1.));
#8424=DIRECTION('',(0.,-1.,0.));
#8425=DIRECTION('',(0.,0.,-1.));
#8426=DIRECTION('',(0.,0.,-1.));
#8427=DIRECTION('',(0.,0.,-1.));
#8428=DIRECTION('',(1.,0.,0.));
#8429=DIRECTION('',(0.,0.,-1.));
#8430=DIRECTION('',(0.,0.,-1.));
#8431=DIRECTION('',(0.,-1.,0.));
#8432=DIRECTION('',(0.,0.,-1.));
#8433=DIRECTION('',(0.,0.,-1.));
#8434=DIRECTION('',(0.,-1.,0.));
#8435=DIRECTION('',(0.,0.,-1.));
#8436=DIRECTION('',(0.,0.,-1.));
#8437=DIRECTION('',(0.,0.,-1.));
#8438=DIRECTION('',(1.,0.,0.));
#8439=DIRECTION('',(0.,0.,-1.));
#8440=DIRECTION('',(0.,0.,-1.));
#8441=DIRECTION('',(0.,-1.,0.));
#8442=DIRECTION('',(0.,0.,-1.));
#8443=DIRECTION('',(0.,0.,-1.));
#8444=DIRECTION('',(0.,0.,-1.));
#8445=DIRECTION('',(-1.,0.,0.));
#8446=DIRECTION('',(0.,0.,-1.));
#8447=DIRECTION('',(-1.,0.,0.));
#8448=DIRECTION('',(0.,0.,-1.));
#8449=DIRECTION('',(-1.,0.,0.));
#8450=DIRECTION('',(1.,0.,0.));
#8451=DIRECTION('',(0.,0.,-1.));
#8452=DIRECTION('',(1.,0.,0.));
#8453=DIRECTION('',(0.,0.,-1.));
#8454=DIRECTION('',(0.,-1.,0.));
#8455=DIRECTION('',(0.,0.,-1.));
#8456=DIRECTION('',(0.,-1.,0.));
#8457=DIRECTION('',(0.,0.,-1.));
#8458=DIRECTION('',(0.,-1.,0.));
#8459=DIRECTION('',(0.,0.,-1.));
#8460=DIRECTION('',(0.,-1.,0.));
#8461=DIRECTION('',(0.,0.,-1.));
#8462=DIRECTION('',(0.,-1.,0.));
#8463=DIRECTION('',(0.,0.,-1.));
#8464=DIRECTION('',(0.,-1.,0.));
#8465=DIRECTION('',(0.,0.,-1.));
#8466=DIRECTION('',(0.,-1.,0.));
#8467=DIRECTION('',(0.,0.,-1.));
#8468=DIRECTION('',(1.,0.,0.));
#8469=DIRECTION('',(0.,0.,-1.));
#8470=DIRECTION('',(0.,-1.,0.));
#8471=DIRECTION('',(0.,0.,-1.));
#8472=DIRECTION('',(-1.,0.,0.));
#8473=DIRECTION('',(0.,0.,1.));
#8474=DIRECTION('',(-1.,0.,0.));
#8475=DIRECTION('',(0.,0.,1.));
#8476=DIRECTION('',(-1.,0.,0.));
#8477=DIRECTION('',(0.,0.,1.));
#8478=DIRECTION('',(1.,0.,0.));
#8479=DIRECTION('',(0.,0.,-1.));
#8480=DIRECTION('',(1.,0.,0.));
#8481=DIRECTION('',(0.,0.,-1.));
#8482=DIRECTION('',(0.,0.,-1.));
#8483=DIRECTION('',(-1.,0.,0.));
#8484=DIRECTION('',(0.,0.,-1.));
#8485=DIRECTION('',(-1.,0.,0.));
#8486=DIRECTION('',(0.,0.,-1.));
#8487=DIRECTION('',(-1.,0.,0.));
#8488=DIRECTION('',(0.,0.,-1.));
#8489=DIRECTION('',(-1.,0.,0.));
#8490=DIRECTION('',(0.,0.,-1.));
#8491=DIRECTION('',(-1.,0.,0.));
#8492=DIRECTION('',(0.,0.,-1.));
#8493=DIRECTION('',(-1.,0.,0.));
#8494=DIRECTION('',(0.,0.,-1.));
#8495=DIRECTION('',(-1.,0.,0.));
#8496=DIRECTION('',(0.,0.,-1.));
#8497=DIRECTION('',(-1.,0.,0.));
#8498=DIRECTION('',(0.,0.,-1.));
#8499=DIRECTION('',(-1.,0.,0.));
#8500=DIRECTION('',(0.,0.,-1.));
#8501=DIRECTION('',(-1.,0.,0.));
#8502=DIRECTION('',(0.,0.,-1.));
#8503=DIRECTION('',(-1.,0.,0.));
#8504=DIRECTION('',(0.,0.,-1.));
#8505=DIRECTION('',(-1.,0.,0.));
#8506=DIRECTION('',(0.,0.,-1.));
#8507=DIRECTION('',(-1.,0.,0.));
#8508=DIRECTION('',(0.,0.,-1.));
#8509=DIRECTION('',(-1.,0.,0.));
#8510=DIRECTION('',(0.,0.,-1.));
#8511=DIRECTION('',(-1.,0.,0.));
#8512=DIRECTION('',(0.,0.,-1.));
#8513=DIRECTION('',(-1.,0.,0.));
#8514=DIRECTION('',(0.,0.,-1.));
#8515=DIRECTION('',(-1.,0.,0.));
#8516=DIRECTION('',(0.,0.,-1.));
#8517=DIRECTION('',(-1.,0.,0.));
#8518=DIRECTION('',(0.,0.,-1.));
#8519=DIRECTION('',(-1.,0.,0.));
#8520=DIRECTION('',(0.,0.,-1.));
#8521=DIRECTION('',(-1.,0.,0.));
#8522=DIRECTION('',(0.,0.,-1.));
#8523=DIRECTION('',(-1.,0.,0.));
#8524=DIRECTION('',(0.,0.,-1.));
#8525=DIRECTION('',(-1.,0.,0.));
#8526=DIRECTION('',(0.,0.,-1.));
#8527=DIRECTION('',(-1.,0.,0.));
#8528=DIRECTION('',(0.,0.,-1.));
#8529=DIRECTION('',(-1.,0.,0.));
#8530=DIRECTION('',(0.,0.,-1.));
#8531=DIRECTION('',(-1.,0.,0.));
#8532=DIRECTION('',(0.,0.,-1.));
#8533=DIRECTION('',(-1.,0.,0.));
#8534=DIRECTION('',(0.,0.,-1.));
#8535=DIRECTION('',(-1.,0.,0.));
#8536=DIRECTION('',(0.,0.,-1.));
#8537=DIRECTION('',(-1.,0.,0.));
#8538=DIRECTION('',(0.,0.,-1.));
#8539=DIRECTION('',(-1.,0.,0.));
#8540=DIRECTION('',(0.,0.,-1.));
#8541=DIRECTION('',(-1.,0.,0.));
#8542=DIRECTION('',(0.,0.,-1.));
#8543=DIRECTION('',(-1.,0.,0.));
#8544=DIRECTION('',(0.,0.,-1.));
#8545=DIRECTION('',(-1.,0.,0.));
#8546=DIRECTION('',(0.,0.,-1.));
#8547=DIRECTION('',(-1.,0.,0.));
#8548=DIRECTION('',(0.,0.,-1.));
#8549=DIRECTION('',(-1.,0.,0.));
#8550=DIRECTION('',(0.,0.,-1.));
#8551=DIRECTION('',(-1.,0.,0.));
#8552=DIRECTION('',(0.,0.,-1.));
#8553=DIRECTION('',(-1.,0.,0.));
#8554=DIRECTION('',(0.,0.,-1.));
#8555=DIRECTION('',(-1.,0.,0.));
#8556=DIRECTION('',(0.,0.,-1.));
#8557=DIRECTION('',(-1.,0.,0.));
#8558=DIRECTION('',(0.,0.,-1.));
#8559=DIRECTION('',(-1.,0.,0.));
#8560=DIRECTION('',(0.,0.,-1.));
#8561=DIRECTION('',(-1.,0.,0.));
#8562=DIRECTION('',(0.,0.,-1.));
#8563=DIRECTION('',(-1.,0.,0.));
#8564=DIRECTION('',(0.,0.,-1.));
#8565=DIRECTION('',(-1.,0.,0.));
#8566=DIRECTION('',(0.,0.,-1.));
#8567=DIRECTION('',(-1.,0.,0.));
#8568=DIRECTION('',(0.,0.,-1.));
#8569=DIRECTION('',(-1.,0.,0.));
#8570=DIRECTION('',(0.,0.,-1.));
#8571=DIRECTION('',(-1.,0.,0.));
#8572=DIRECTION('',(0.,0.,-1.));
#8573=DIRECTION('',(-1.,0.,0.));
#8574=DIRECTION('',(0.,0.,-1.));
#8575=DIRECTION('',(-1.,0.,0.));
#8576=DIRECTION('',(0.,0.,-1.));
#8577=DIRECTION('',(-1.,0.,0.));
#8578=DIRECTION('',(0.,0.,-1.));
#8579=DIRECTION('',(-1.,0.,0.));
#8580=DIRECTION('',(0.,0.,-1.));
#8581=DIRECTION('',(-1.,0.,0.));
#8582=DIRECTION('',(0.,0.,-1.));
#8583=DIRECTION('',(-1.,0.,0.));
#8584=DIRECTION('',(0.,0.,-1.));
#8585=DIRECTION('',(-1.,0.,0.));
#8586=DIRECTION('',(0.,0.,-1.));
#8587=DIRECTION('',(-1.,0.,0.));
#8588=DIRECTION('',(0.,0.,-1.));
#8589=DIRECTION('',(-1.,0.,0.));
#8590=DIRECTION('',(0.,0.,-1.));
#8591=DIRECTION('',(-1.,0.,0.));
#8592=DIRECTION('',(0.,0.,-1.));
#8593=DIRECTION('',(-1.,0.,0.));
#8594=DIRECTION('',(0.,0.,-1.));
#8595=DIRECTION('',(-1.,0.,0.));
#8596=DIRECTION('',(0.,0.,-1.));
#8597=DIRECTION('',(-1.,0.,0.));
#8598=DIRECTION('',(0.,0.,-1.));
#8599=DIRECTION('',(-1.,0.,0.));
#8600=DIRECTION('',(0.,0.,-1.));
#8601=DIRECTION('',(-1.,0.,0.));
#8602=DIRECTION('',(0.,0.,-1.));
#8603=DIRECTION('',(-1.,0.,0.));
#8604=DIRECTION('',(0.,0.,-1.));
#8605=DIRECTION('',(-1.,0.,0.));
#8606=DIRECTION('',(0.,0.,-1.));
#8607=DIRECTION('',(-1.,0.,0.));
#8608=DIRECTION('',(0.,0.,-1.));
#8609=DIRECTION('',(-1.,0.,0.));
#8610=DIRECTION('',(0.,0.,-1.));
#8611=DIRECTION('',(-1.,0.,0.));
#8612=DIRECTION('',(0.,0.,-1.));
#8613=DIRECTION('',(-1.,0.,0.));
#8614=DIRECTION('',(0.,0.,-1.));
#8615=DIRECTION('',(-1.,0.,0.));
#8616=DIRECTION('',(0.,0.,-1.));
#8617=DIRECTION('',(-1.,0.,0.));
#8618=DIRECTION('',(0.,0.,-1.));
#8619=DIRECTION('',(-1.,0.,0.));
#8620=DIRECTION('',(0.,0.,-1.));
#8621=DIRECTION('',(-1.,0.,0.));
#8622=DIRECTION('',(0.,0.,-1.));
#8623=DIRECTION('',(-1.,0.,0.));
#8624=DIRECTION('',(0.,0.,-1.));
#8625=DIRECTION('',(-1.,0.,0.));
#8626=DIRECTION('',(0.,0.,-1.));
#8627=DIRECTION('',(-1.,0.,0.));
#8628=DIRECTION('',(0.,0.,-1.));
#8629=DIRECTION('',(-1.,0.,0.));
#8630=DIRECTION('',(0.,0.,-1.));
#8631=DIRECTION('',(-1.,0.,0.));
#8632=DIRECTION('',(0.,0.,-1.));
#8633=DIRECTION('',(-1.,0.,0.));
#8634=DIRECTION('',(0.,0.,-1.));
#8635=DIRECTION('',(-1.,0.,0.));
#8636=DIRECTION('',(0.,0.,-1.));
#8637=DIRECTION('',(-1.,0.,0.));
#8638=DIRECTION('',(0.,0.,-1.));
#8639=DIRECTION('',(-1.,0.,0.));
#8640=DIRECTION('',(0.,0.,-1.));
#8641=DIRECTION('',(-1.,0.,0.));
#8642=DIRECTION('',(1.,0.,0.));
#8643=DIRECTION('',(0.,0.,-1.));
#8644=DIRECTION('',(0.,-1.,0.));
#8645=DIRECTION('',(0.,0.,-1.));
#8646=DIRECTION('',(0.,-1.,0.));
#8647=DIRECTION('',(0.,0.,-1.));
#8648=DIRECTION('',(1.,0.,0.));
#8649=DIRECTION('',(0.,0.,-1.));
#8650=DIRECTION('',(1.,0.,0.));
#8651=DIRECTION('',(0.,0.,-1.));
#8652=DIRECTION('',(-1.,0.,0.));
#8653=DIRECTION('',(0.,0.,1.));
#8654=DIRECTION('',(-1.,0.,0.));
#8655=DIRECTION('',(0.,0.,1.));
#8656=DIRECTION('',(0.,-1.,0.));
#8657=DIRECTION('',(0.,0.,-1.));
#8658=DIRECTION('',(0.,-1.,0.));
#8659=DIRECTION('',(0.,0.,-1.));
#8660=DIRECTION('',(0.,-1.,0.));
#8661=DIRECTION('',(0.,0.,-1.));
#8662=DIRECTION('',(0.,-1.,0.));
#8663=DIRECTION('',(0.,0.,-1.));
#8664=DIRECTION('',(0.,-1.,0.));
#8665=DIRECTION('',(0.,0.,-1.));
#8666=DIRECTION('',(0.,-1.,0.));
#8667=DIRECTION('',(0.,0.,-1.));
#8668=DIRECTION('',(1.,0.,0.));
#8669=DIRECTION('',(0.,0.,-1.));
#8670=DIRECTION('',(0.,-1.,0.));
#8671=DIRECTION('',(0.,0.,-1.));
#8672=DIRECTION('',(0.,-1.,0.));
#8673=DIRECTION('',(0.,0.,-1.));
#8674=DIRECTION('',(0.,-1.,0.));
#8675=DIRECTION('',(0.,0.,-1.));
#8676=DIRECTION('',(0.,-1.,0.));
#8677=DIRECTION('',(0.,0.,-1.));
#8678=DIRECTION('',(0.,-1.,0.));
#8679=DIRECTION('',(0.,0.,-1.));
#8680=DIRECTION('',(0.,-1.,0.));
#8681=DIRECTION('',(0.,0.,-1.));
#8682=DIRECTION('',(0.,-1.,0.));
#8683=DIRECTION('',(0.,0.,-1.));
#8684=DIRECTION('',(0.,-1.,0.));
#8685=DIRECTION('',(0.,0.,-1.));
#8686=DIRECTION('',(0.,-1.,0.));
#8687=DIRECTION('',(0.,0.,-1.));
#8688=DIRECTION('',(1.,0.,0.));
#8689=DIRECTION('',(0.,0.,-1.));
#8690=DIRECTION('',(1.,0.,0.));
#8691=DIRECTION('',(0.,0.,-1.));
#8692=DIRECTION('',(0.,0.,1.));
#8693=DIRECTION('',(1.,0.,0.));
#8694=DIRECTION('',(0.,0.,-1.));
#8695=DIRECTION('',(-1.,0.,0.));
#8696=DIRECTION('',(0.,0.,-1.));
#8697=DIRECTION('',(-1.,0.,0.));
#8698=DIRECTION('',(0.,0.,1.));
#8699=DIRECTION('',(1.,0.,0.));
#8700=DIRECTION('',(0.,0.,-1.));
#8701=DIRECTION('',(-1.,0.,0.));
#8702=DIRECTION('',(0.,0.,1.));
#8703=DIRECTION('',(1.,0.,0.));
#8704=DIRECTION('',(-1.,-1.22464679914735E-16,0.));
#8705=DIRECTION('',(1.22464679914735E-16,-1.,0.));
#8706=DIRECTION('',(-1.,-1.22464679914735E-16,0.));
#8707=DIRECTION('',(1.22464679914735E-16,-1.,0.));
#8708=DIRECTION('',(0.,0.,1.));
#8709=DIRECTION('',(0.,1.,0.));
#8710=DIRECTION('',(0.,0.,1.));
#8711=DIRECTION('',(0.,0.,1.));
#8712=DIRECTION('',(-1.,-1.22464679914735E-16,0.));
#8713=DIRECTION('',(1.22464679914735E-16,-1.,0.));
#8714=DIRECTION('',(0.,0.,1.));
#8715=DIRECTION('',(0.,-1.,0.));
#8716=DIRECTION('',(0.,0.,-1.));
#8717=DIRECTION('',(0.,0.,1.));
#8718=DIRECTION('',(-1.,-1.22464679914735E-16,0.));
#8719=DIRECTION('',(1.22464679914735E-16,-1.,0.));
#8720=DIRECTION('',(0.,0.,1.));
#8721=DIRECTION('',(-1.22464679914735E-16,1.,0.));
#8722=DIRECTION('',(-1.,-1.22464679914735E-16,0.));
#8723=DIRECTION('',(0.,0.,1.));
#8724=DIRECTION('',(-1.,-1.22464679914735E-16,0.));
#8725=DIRECTION('',(1.22464679914735E-16,-1.,0.));
#8726=DIRECTION('',(0.,0.,1.));
#8727=DIRECTION('',(0.,-1.,0.));
#8728=DIRECTION('',(0.,0.,-1.));
#8729=DIRECTION('',(0.,0.,1.));
#8730=DIRECTION('',(-1.,-1.22464679914735E-16,0.));
#8731=DIRECTION('',(1.22464679914735E-16,-1.,0.));
#8732=DIRECTION('',(0.,0.,1.));
#8733=DIRECTION('',(-1.22464679914735E-16,1.,0.));
#8734=DIRECTION('',(-1.,-1.22464679914735E-16,0.));
#8735=DIRECTION('',(0.,0.,1.));
#8736=DIRECTION('',(-1.,-1.22464679914735E-16,0.));
#8737=DIRECTION('',(1.22464679914735E-16,-1.,0.));
#8738=CARTESIAN_POINT('',(0.,0.,0.));
#8739=CARTESIAN_POINT('',(0.462,-0.157,0.00651));
#8740=CARTESIAN_POINT('',(0.462,-0.157,0.00501));
#8741=CARTESIAN_POINT('',(0.1760625,-0.157,0.0050099999999999));
#8742=CARTESIAN_POINT('',(0.06276875,-0.157,0.00501));
#8743=CARTESIAN_POINT('',(0.1760625,-0.157,-0.473844554191488));
#8744=CARTESIAN_POINT('',(0.1760625,-0.157,0.00651));
#8745=CARTESIAN_POINT('',(0.462,-0.157,0.00651));
#8746=CARTESIAN_POINT('',(0.06276875,-0.157,0.00651));
#8747=CARTESIAN_POINT('',(0.06276875,-0.157,0.00501));
#8748=CARTESIAN_POINT('',(0.2425,-0.09,0.00651));
#8749=CARTESIAN_POINT('',(0.1900325,-0.0370982149392367,0.00651));
#8750=CARTESIAN_POINT('',(0.1900325,-0.023,0.00651));
#8751=CARTESIAN_POINT('',(0.1900325,-0.0522375,0.00651));
#8752=CARTESIAN_POINT('',(0.023,-0.023,0.00651));
#8753=CARTESIAN_POINT('',(0.15547875,-0.023,0.00651));
#8754=CARTESIAN_POINT('',(0.15547875,-0.021,0.00651));
#8755=CARTESIAN_POINT('',(0.15347875,-0.021,0.00651));
#8756=CARTESIAN_POINT('',(0.15347875,-0.02,0.00651));
#8757=CARTESIAN_POINT('',(0.15347875,-0.017,0.00651));
#8758=CARTESIAN_POINT('',(0.14747875,-0.017,0.00651));
#8759=CARTESIAN_POINT('',(0.14147875,-0.017,0.00651));
#8760=CARTESIAN_POINT('',(0.14147875,-0.02,0.00651));
#8761=CARTESIAN_POINT('',(0.14147875,-0.021,0.00651));
#8762=CARTESIAN_POINT('',(0.13947875,-0.021,0.00651));
#8763=CARTESIAN_POINT('',(0.13947875,-0.023,0.00651));
#8764=CARTESIAN_POINT('',(0.023,-0.023,0.00651));
#8765=CARTESIAN_POINT('',(0.06515,-0.023,0.00651));
#8766=CARTESIAN_POINT('',(0.06515,-0.021,0.00651));
#8767=CARTESIAN_POINT('',(0.06315,-0.021,0.00651));
#8768=CARTESIAN_POINT('',(0.06315,-0.02,0.00651));
#8769=CARTESIAN_POINT('',(0.06315,-0.017,0.00651));
#8770=CARTESIAN_POINT('',(0.05715,-0.017,0.00651));
#8771=CARTESIAN_POINT('',(0.05115,-0.017,0.00651));
#8772=CARTESIAN_POINT('',(0.05115,-0.02,0.00651));
#8773=CARTESIAN_POINT('',(0.05115,-0.021,0.00651));
#8774=CARTESIAN_POINT('',(0.04915,-0.021,0.00651));
#8775=CARTESIAN_POINT('',(0.04915,-0.023,0.00651));
#8776=CARTESIAN_POINT('',(0.023,-0.023,0.00651));
#8777=CARTESIAN_POINT('',(0.023,-0.023,0.00651));
#8778=CARTESIAN_POINT('',(0.023,-0.157,0.00651));
#8779=CARTESIAN_POINT('',(0.023,-0.157,0.00651));
#8780=CARTESIAN_POINT('',(0.462,-0.157,0.00651));
#8781=CARTESIAN_POINT('',(0.04676875,-0.157,0.00651));
#8782=CARTESIAN_POINT('',(0.04676875,-0.159,0.00651));
#8783=CARTESIAN_POINT('',(0.04876875,-0.159,0.00651));
#8784=CARTESIAN_POINT('',(0.04876875,-0.16,0.00651));
#8785=CARTESIAN_POINT('',(0.04876875,-0.163,0.00651));
#8786=CARTESIAN_POINT('',(0.05476875,-0.163,0.00651));
#8787=CARTESIAN_POINT('',(0.06076875,-0.163,0.00651));
#8788=CARTESIAN_POINT('',(0.06076875,-0.16,0.00651));
#8789=CARTESIAN_POINT('',(0.06076875,-0.159,0.00651));
#8790=CARTESIAN_POINT('',(0.06276875,-0.159,0.00651));
#8791=CARTESIAN_POINT('',(0.1760625,-0.145756733775139,0.00651));
#8792=CARTESIAN_POINT('',(0.1760625,-0.151125,0.00651));
#8793=CARTESIAN_POINT('',(0.15954375,-0.151125,0.00651));
#8794=CARTESIAN_POINT('',(0.162259194109071,-0.151125,0.00651));
#8795=CARTESIAN_POINT('',(0.16212,-0.1515,0.00651));
#8796=CARTESIAN_POINT('',(0.161980805890929,-0.151125,0.00651));
#8797=CARTESIAN_POINT('',(0.15954375,-0.151125,0.00651));
#8798=CARTESIAN_POINT('',(0.154639194109071,-0.151125,0.00651));
#8799=CARTESIAN_POINT('',(0.1545,-0.1515,0.00651));
#8800=CARTESIAN_POINT('',(0.154360805890929,-0.151125,0.00651));
#8801=CARTESIAN_POINT('',(0.15954375,-0.151125,0.00651));
#8802=CARTESIAN_POINT('',(0.111531393730869,-0.151125,0.00651));
#8803=CARTESIAN_POINT('',(0.1095375,-0.15113,0.00651));
#8804=CARTESIAN_POINT('',(0.107543606269131,-0.151125,0.00651));
#8805=CARTESIAN_POINT('',(0.15954375,-0.151125,0.00651));
#8806=CARTESIAN_POINT('',(0.1061375,-0.151125,0.00651));
#8807=CARTESIAN_POINT('',(0.1061375,-0.1505,0.00651));
#8808=CARTESIAN_POINT('',(0.1061375,-0.135875,0.00651));
#8809=CARTESIAN_POINT('',(0.1095375,-0.135875,0.00651));
#8810=CARTESIAN_POINT('',(0.108013573820685,-0.135875,0.00651));
#8811=CARTESIAN_POINT('',(0.1095375,-0.13589,0.00651));
#8812=CARTESIAN_POINT('',(0.111061426179314,-0.135875,0.00651));
#8813=CARTESIAN_POINT('',(0.1095375,-0.135875,0.00651));
#8814=CARTESIAN_POINT('',(0.1129375,-0.135875,0.00651));
#8815=CARTESIAN_POINT('',(0.1129375,-0.141,0.00651));
#8816=CARTESIAN_POINT('',(0.1129375,-0.146125,0.00651));
#8817=CARTESIAN_POINT('',(0.132740625,-0.146125,0.00651));
#8818=CARTESIAN_POINT('',(0.15254375,-0.146125,0.00651));
#8819=CARTESIAN_POINT('',(0.15254375,-0.141,0.00651));
#8820=CARTESIAN_POINT('',(0.15254375,-0.135875,0.00651));
#8821=CARTESIAN_POINT('',(0.15954375,-0.135875,0.00651));
#8822=CARTESIAN_POINT('',(0.16654375,-0.135875,0.00651));
#8823=CARTESIAN_POINT('',(0.16654375,-0.141,0.00651));
#8824=CARTESIAN_POINT('',(0.16654375,-0.146125,0.00651));
#8825=CARTESIAN_POINT('',(0.186346875,-0.146125,0.00651));
#8826=CARTESIAN_POINT('',(0.1760625,-0.146125,0.00651));
#8827=CARTESIAN_POINT('',(0.1760625,-0.145756733775139,0.00651));
#8828=CARTESIAN_POINT('',(0.1760625,-0.1332,0.00651));
#8829=CARTESIAN_POINT('',(0.202382092821598,-0.1332,0.00651));
#8830=CARTESIAN_POINT('',(0.1855875,-0.1332,0.00651));
#8831=CARTESIAN_POINT('',(0.1855875,-0.124285586178303,0.00651));
#8832=CARTESIAN_POINT('',(0.1855875,-0.11445,0.00651));
#8833=CARTESIAN_POINT('',(0.182213696801662,-0.11445,0.00651));
#8834=CARTESIAN_POINT('',(0.1760625,-0.11445,0.00651));
#8835=CARTESIAN_POINT('',(0.1760625,-0.10475730150938,0.00651));
#8836=CARTESIAN_POINT('',(0.1760625,-0.0951,0.00651));
#8837=CARTESIAN_POINT('',(0.184622469508648,-0.0951,0.00651));
#8838=CARTESIAN_POINT('',(0.19035,-0.0951,0.00651));
#8839=CARTESIAN_POINT('',(0.19035,-0.0852917842566967,0.00651));
#8840=CARTESIAN_POINT('',(0.19035,-0.07635,0.00651));
#8841=CARTESIAN_POINT('',(0.185422653889656,-0.07635,0.00651));
#8842=CARTESIAN_POINT('',(0.180825,-0.07635,0.00651));
#8843=CARTESIAN_POINT('',(0.180825,-0.0634591039270163,0.00651));
#8844=CARTESIAN_POINT('',(0.180825,-0.0522375,0.00651));
#8845=CARTESIAN_POINT('',(0.185245039498806,-0.0522375,0.00651));
#8846=CARTESIAN_POINT('',(0.0762,-0.0311,0.00651));
#8847=CARTESIAN_POINT('',(0.0832,-0.0311,0.00651));
#8848=CARTESIAN_POINT('',(0.0692,-0.0311,0.00651));
#8849=CARTESIAN_POINT('',(0.0832,-0.0381,0.00651));
#8850=CARTESIAN_POINT('',(0.0832,-0.0451,0.00651));
#8851=CARTESIAN_POINT('',(0.0762,-0.0451,0.00651));
#8852=CARTESIAN_POINT('',(0.0692,-0.0451,0.00651));
#8853=CARTESIAN_POINT('',(0.0692,-0.0381,0.00651));
#8854=CARTESIAN_POINT('',(0.066675,-0.078725,0.00651));
#8855=CARTESIAN_POINT('',(0.073675,-0.078725,0.00651));
#8856=CARTESIAN_POINT('',(0.059675,-0.078725,0.00651));
#8857=CARTESIAN_POINT('',(0.073675,-0.085725,0.00651));
#8858=CARTESIAN_POINT('',(0.073675,-0.092725,0.00651));
#8859=CARTESIAN_POINT('',(0.066675,-0.092725,0.00651));
#8860=CARTESIAN_POINT('',(0.059675,-0.092725,0.00651));
#8861=CARTESIAN_POINT('',(0.059675,-0.085725,0.00651));
#8862=CARTESIAN_POINT('',(0.078725,-0.085725,0.00651));
#8863=CARTESIAN_POINT('',(0.078725,-0.078725,0.00651));
#8864=CARTESIAN_POINT('',(0.078725,-0.092725,0.00651));
#8865=CARTESIAN_POINT('',(0.085725,-0.078725,0.00651));
#8866=CARTESIAN_POINT('',(0.092725,-0.078725,0.00651));
#8867=CARTESIAN_POINT('',(0.092725,-0.085725,0.00651));
#8868=CARTESIAN_POINT('',(0.092725,-0.092725,0.00651));
#8869=CARTESIAN_POINT('',(0.085725,-0.092725,0.00651));
#8870=CARTESIAN_POINT('',(0.097775,-0.085725,0.00651));
#8871=CARTESIAN_POINT('',(0.097775,-0.078725,0.00651));
#8872=CARTESIAN_POINT('',(0.097775,-0.092725,0.00651));
#8873=CARTESIAN_POINT('',(0.104775,-0.078725,0.00651));
#8874=CARTESIAN_POINT('',(0.111775,-0.078725,0.00651));
#8875=CARTESIAN_POINT('',(0.111775,-0.085725,0.00651));
#8876=CARTESIAN_POINT('',(0.111775,-0.092725,0.00651));
#8877=CARTESIAN_POINT('',(0.104775,-0.092725,0.00651));
#8878=CARTESIAN_POINT('',(0.116825,-0.085725,0.00651));
#8879=CARTESIAN_POINT('',(0.116825,-0.078725,0.00651));
#8880=CARTESIAN_POINT('',(0.116825,-0.092725,0.00651));
#8881=CARTESIAN_POINT('',(0.123825,-0.078725,0.00651));
#8882=CARTESIAN_POINT('',(0.130825,-0.078725,0.00651));
#8883=CARTESIAN_POINT('',(0.130825,-0.085725,0.00651));
#8884=CARTESIAN_POINT('',(0.130825,-0.092725,0.00651));
#8885=CARTESIAN_POINT('',(0.123825,-0.092725,0.00651));
#8886=CARTESIAN_POINT('',(0.135875,-0.085725,0.00651));
#8887=CARTESIAN_POINT('',(0.135875,-0.078725,0.00651));
#8888=CARTESIAN_POINT('',(0.135875,-0.092725,0.00651));
#8889=CARTESIAN_POINT('',(0.142875,-0.078725,0.00651));
#8890=CARTESIAN_POINT('',(0.149875,-0.078725,0.00651));
#8891=CARTESIAN_POINT('',(0.149875,-0.085725,0.00651));
#8892=CARTESIAN_POINT('',(0.149875,-0.092725,0.00651));
#8893=CARTESIAN_POINT('',(0.142875,-0.092725,0.00651));
#8894=CARTESIAN_POINT('',(0.154925,-0.085725,0.00651));
#8895=CARTESIAN_POINT('',(0.154925,-0.078725,0.00651));
#8896=CARTESIAN_POINT('',(0.154925,-0.092725,0.00651));
#8897=CARTESIAN_POINT('',(0.161925,-0.078725,0.00651));
#8898=CARTESIAN_POINT('',(0.168925,-0.078725,0.00651));
#8899=CARTESIAN_POINT('',(0.168925,-0.085725,0.00651));
#8900=CARTESIAN_POINT('',(0.168925,-0.092725,0.00651));
#8901=CARTESIAN_POINT('',(0.161925,-0.092725,0.00651));
#8902=CARTESIAN_POINT('',(0.173975,-0.085725,0.00651));
#8903=CARTESIAN_POINT('',(0.173975,-0.078725,0.00651));
#8904=CARTESIAN_POINT('',(0.173975,-0.092725,0.00651));
#8905=CARTESIAN_POINT('',(0.180975,-0.078725,0.00651));
#8906=CARTESIAN_POINT('',(0.187975,-0.078725,0.00651));
#8907=CARTESIAN_POINT('',(0.187975,-0.085725,0.00651));
#8908=CARTESIAN_POINT('',(0.187975,-0.092725,0.00651));
#8909=CARTESIAN_POINT('',(0.180975,-0.092725,0.00651));
#8910=CARTESIAN_POINT('',(0.08825,-0.0381,0.00651));
#8911=CARTESIAN_POINT('',(0.08825,-0.0311,0.00651));
#8912=CARTESIAN_POINT('',(0.08825,-0.0451,0.00651));
#8913=CARTESIAN_POINT('',(0.09525,-0.0311,0.00651));
#8914=CARTESIAN_POINT('',(0.10225,-0.0311,0.00651));
#8915=CARTESIAN_POINT('',(0.10225,-0.0381,0.00651));
#8916=CARTESIAN_POINT('',(0.10225,-0.0451,0.00651));
#8917=CARTESIAN_POINT('',(0.09525,-0.0451,0.00651));
#8918=CARTESIAN_POINT('',(0.1073,-0.0381,0.00651));
#8919=CARTESIAN_POINT('',(0.1073,-0.0311,0.00651));
#8920=CARTESIAN_POINT('',(0.1073,-0.0451,0.00651));
#8921=CARTESIAN_POINT('',(0.1143,-0.0311,0.00651));
#8922=CARTESIAN_POINT('',(0.1213,-0.0311,0.00651));
#8923=CARTESIAN_POINT('',(0.1213,-0.0381,0.00651));
#8924=CARTESIAN_POINT('',(0.1213,-0.0451,0.00651));
#8925=CARTESIAN_POINT('',(0.1143,-0.0451,0.00651));
#8926=CARTESIAN_POINT('',(0.12635,-0.0381,0.00651));
#8927=CARTESIAN_POINT('',(0.12635,-0.0311,0.00651));
#8928=CARTESIAN_POINT('',(0.12635,-0.0451,0.00651));
#8929=CARTESIAN_POINT('',(0.13335,-0.0311,0.00651));
#8930=CARTESIAN_POINT('',(0.14035,-0.0311,0.00651));
#8931=CARTESIAN_POINT('',(0.14035,-0.0381,0.00651));
#8932=CARTESIAN_POINT('',(0.14035,-0.0451,0.00651));
#8933=CARTESIAN_POINT('',(0.13335,-0.0451,0.00651));
#8934=CARTESIAN_POINT('',(0.0714375,-0.097775,0.00651));
#8935=CARTESIAN_POINT('',(0.0784375,-0.097775,0.00651));
#8936=CARTESIAN_POINT('',(0.0644375,-0.097775,0.00651));
#8937=CARTESIAN_POINT('',(0.0784375,-0.104775,0.00651));
#8938=CARTESIAN_POINT('',(0.0784375,-0.111775,0.00651));
#8939=CARTESIAN_POINT('',(0.0714375,-0.111775,0.00651));
#8940=CARTESIAN_POINT('',(0.0644375,-0.111775,0.00651));
#8941=CARTESIAN_POINT('',(0.0644375,-0.104775,0.00651));
#8942=CARTESIAN_POINT('',(0.0834875,-0.104775,0.00651));
#8943=CARTESIAN_POINT('',(0.0834875,-0.097775,0.00651));
#8944=CARTESIAN_POINT('',(0.0834875,-0.111775,0.00651));
#8945=CARTESIAN_POINT('',(0.0904875,-0.097775,0.00651));
#8946=CARTESIAN_POINT('',(0.0974875,-0.097775,0.00651));
#8947=CARTESIAN_POINT('',(0.0974875,-0.104775,0.00651));
#8948=CARTESIAN_POINT('',(0.0974875,-0.111775,0.00651));
#8949=CARTESIAN_POINT('',(0.0904875,-0.111775,0.00651));
#8950=CARTESIAN_POINT('',(0.1025375,-0.104775,0.00651));
#8951=CARTESIAN_POINT('',(0.1025375,-0.097775,0.00651));
#8952=CARTESIAN_POINT('',(0.1025375,-0.111775,0.00651));
#8953=CARTESIAN_POINT('',(0.1095375,-0.097775,0.00651));
#8954=CARTESIAN_POINT('',(0.1165375,-0.097775,0.00651));
#8955=CARTESIAN_POINT('',(0.1165375,-0.104775,0.00651));
#8956=CARTESIAN_POINT('',(0.1165375,-0.111775,0.00651));
#8957=CARTESIAN_POINT('',(0.1095375,-0.111775,0.00651));
#8958=CARTESIAN_POINT('',(0.1215875,-0.104775,0.00651));
#8959=CARTESIAN_POINT('',(0.1215875,-0.097775,0.00651));
#8960=CARTESIAN_POINT('',(0.1215875,-0.111775,0.00651));
#8961=CARTESIAN_POINT('',(0.1285875,-0.097775,0.00651));
#8962=CARTESIAN_POINT('',(0.1355875,-0.097775,0.00651));
#8963=CARTESIAN_POINT('',(0.1355875,-0.104775,0.00651));
#8964=CARTESIAN_POINT('',(0.1355875,-0.111775,0.00651));
#8965=CARTESIAN_POINT('',(0.1285875,-0.111775,0.00651));
#8966=CARTESIAN_POINT('',(0.1406375,-0.104775,0.00651));
#8967=CARTESIAN_POINT('',(0.1406375,-0.097775,0.00651));
#8968=CARTESIAN_POINT('',(0.1406375,-0.111775,0.00651));
#8969=CARTESIAN_POINT('',(0.1476375,-0.097775,0.00651));
#8970=CARTESIAN_POINT('',(0.1546375,-0.097775,0.00651));
#8971=CARTESIAN_POINT('',(0.1546375,-0.104775,0.00651));
#8972=CARTESIAN_POINT('',(0.1546375,-0.111775,0.00651));
#8973=CARTESIAN_POINT('',(0.1476375,-0.111775,0.00651));
#8974=CARTESIAN_POINT('',(0.1596875,-0.104775,0.00651));
#8975=CARTESIAN_POINT('',(0.1596875,-0.097775,0.00651));
#8976=CARTESIAN_POINT('',(0.1596875,-0.111775,0.00651));
#8977=CARTESIAN_POINT('',(0.1666875,-0.097775,0.00651));
#8978=CARTESIAN_POINT('',(0.1736875,-0.097775,0.00651));
#8979=CARTESIAN_POINT('',(0.1736875,-0.104775,0.00651));
#8980=CARTESIAN_POINT('',(0.1736875,-0.111775,0.00651));
#8981=CARTESIAN_POINT('',(0.1666875,-0.111775,0.00651));
#8982=CARTESIAN_POINT('',(0.0879625,-0.123825,0.00651));
#8983=CARTESIAN_POINT('',(0.0879625,-0.130825,0.00651));
#8984=CARTESIAN_POINT('',(0.0879625,-0.116825,0.00651));
#8985=CARTESIAN_POINT('',(0.0809625,-0.130825,0.00651));
#8986=CARTESIAN_POINT('',(0.0739625,-0.130825,0.00651));
#8987=CARTESIAN_POINT('',(0.0739625,-0.123825,0.00651));
#8988=CARTESIAN_POINT('',(0.0739625,-0.116825,0.00651));
#8989=CARTESIAN_POINT('',(0.0809625,-0.116825,0.00651));
#8990=CARTESIAN_POINT('',(0.1190625,-0.130825,0.00651));
#8991=CARTESIAN_POINT('',(0.1260625,-0.130825,0.00651));
#8992=CARTESIAN_POINT('',(0.1120625,-0.130825,0.00651));
#8993=CARTESIAN_POINT('',(0.1120625,-0.123825,0.00651));
#8994=CARTESIAN_POINT('',(0.1120625,-0.116825,0.00651));
#8995=CARTESIAN_POINT('',(0.1190625,-0.116825,0.00651));
#8996=CARTESIAN_POINT('',(0.1260625,-0.116825,0.00651));
#8997=CARTESIAN_POINT('',(0.1260625,-0.123825,0.00651));
#8998=CARTESIAN_POINT('',(0.1571625,-0.130825,0.00651));
#8999=CARTESIAN_POINT('',(0.1641625,-0.130825,0.00651));
#9000=CARTESIAN_POINT('',(0.1501625,-0.130825,0.00651));
#9001=CARTESIAN_POINT('',(0.1501625,-0.123825,0.00651));
#9002=CARTESIAN_POINT('',(0.1501625,-0.116825,0.00651));
#9003=CARTESIAN_POINT('',(0.1571625,-0.116825,0.00651));
#9004=CARTESIAN_POINT('',(0.1641625,-0.116825,0.00651));
#9005=CARTESIAN_POINT('',(0.1641625,-0.123825,0.00651));
#9006=CARTESIAN_POINT('',(0.0428625,-0.078725,0.00651));
#9007=CARTESIAN_POINT('',(0.0498625,-0.078725,0.00651));
#9008=CARTESIAN_POINT('',(0.0358625,-0.078725,0.00651));
#9009=CARTESIAN_POINT('',(0.0498625,-0.085725,0.00651));
#9010=CARTESIAN_POINT('',(0.0498625,-0.092725,0.00651));
#9011=CARTESIAN_POINT('',(0.0428625,-0.092725,0.00651));
#9012=CARTESIAN_POINT('',(0.0358625,-0.092725,0.00651));
#9013=CARTESIAN_POINT('',(0.0358625,-0.085725,0.00651));
#9014=CARTESIAN_POINT('',(0.0428625,-0.135875,0.00651));
#9015=CARTESIAN_POINT('',(0.0498625,-0.135875,0.00651));
#9016=CARTESIAN_POINT('',(0.0358625,-0.135875,0.00651));
#9017=CARTESIAN_POINT('',(0.0498625,-0.142875,0.00651));
#9018=CARTESIAN_POINT('',(0.0498625,-0.149875,0.00651));
#9019=CARTESIAN_POINT('',(0.0428625,-0.149875,0.00651));
#9020=CARTESIAN_POINT('',(0.0358625,-0.149875,0.00651));
#9021=CARTESIAN_POINT('',(0.0358625,-0.142875,0.00651));
#9022=CARTESIAN_POINT('',(0.059675,-0.142875,0.00651));
#9023=CARTESIAN_POINT('',(0.059675,-0.135875,0.00651));
#9024=CARTESIAN_POINT('',(0.059675,-0.149875,0.00651));
#9025=CARTESIAN_POINT('',(0.066675,-0.135875,0.00651));
#9026=CARTESIAN_POINT('',(0.073675,-0.135875,0.00651));
#9027=CARTESIAN_POINT('',(0.073675,-0.142875,0.00651));
#9028=CARTESIAN_POINT('',(0.073675,-0.149875,0.00651));
#9029=CARTESIAN_POINT('',(0.066675,-0.149875,0.00651));
#9030=CARTESIAN_POINT('',(0.0834875,-0.142875,0.00651));
#9031=CARTESIAN_POINT('',(0.0834875,-0.135875,0.00651));
#9032=CARTESIAN_POINT('',(0.0834875,-0.149875,0.00651));
#9033=CARTESIAN_POINT('',(0.0904875,-0.135875,0.00651));
#9034=CARTESIAN_POINT('',(0.0974875,-0.135875,0.00651));
#9035=CARTESIAN_POINT('',(0.0974875,-0.142875,0.00651));
#9036=CARTESIAN_POINT('',(0.0974875,-0.149875,0.00651));
#9037=CARTESIAN_POINT('',(0.0904875,-0.149875,0.00651));
#9038=CARTESIAN_POINT('',(0.18337,-0.04675,0.00651));
#9039=CARTESIAN_POINT('',(0.18297,-0.04675,0.00651));
#9040=CARTESIAN_POINT('',(0.17575,-0.04675,0.00651));
#9041=CARTESIAN_POINT('',(0.17535,-0.04675,0.00651));
#9042=CARTESIAN_POINT('',(0.16412,-0.04675,0.00651));
#9043=CARTESIAN_POINT('',(0.16372,-0.04675,0.00651));
#9044=CARTESIAN_POINT('',(0.1565,-0.04675,0.00651));
#9045=CARTESIAN_POINT('',(0.1561,-0.04675,0.00651));
#9046=CARTESIAN_POINT('',(0.13587,-0.04675,0.00651));
#9047=CARTESIAN_POINT('',(0.13547,-0.04675,0.00651));
#9048=CARTESIAN_POINT('',(0.12825,-0.04675,0.00651));
#9049=CARTESIAN_POINT('',(0.12785,-0.04675,0.00651));
#9050=CARTESIAN_POINT('',(0.11712,-0.04675,0.00651));
#9051=CARTESIAN_POINT('',(0.11672,-0.04675,0.00651));
#9052=CARTESIAN_POINT('',(0.1095,-0.04675,0.00651));
#9053=CARTESIAN_POINT('',(0.1091,-0.04675,0.00651));
#9054=CARTESIAN_POINT('',(0.09787,-0.04675,0.00651));
#9055=CARTESIAN_POINT('',(0.09747,-0.04675,0.00651));
#9056=CARTESIAN_POINT('',(0.09025,-0.04675,0.00651));
#9057=CARTESIAN_POINT('',(0.08985,-0.04675,0.00651));
#9058=CARTESIAN_POINT('',(0.07881,-0.04675,0.00651));
#9059=CARTESIAN_POINT('',(0.07841,-0.04675,0.00651));
#9060=CARTESIAN_POINT('',(0.07119,-0.04675,0.00651));
#9061=CARTESIAN_POINT('',(0.07079,-0.04675,0.00651));
#9062=CARTESIAN_POINT('',(0.04081,-0.04675,0.00651));
#9063=CARTESIAN_POINT('',(0.04041,-0.04675,0.00651));
#9064=CARTESIAN_POINT('',(0.03319,-0.04675,0.00651));
#9065=CARTESIAN_POINT('',(0.03279,-0.04675,0.00651));
#9066=CARTESIAN_POINT('',(0.17412,-0.07525,0.00651));
#9067=CARTESIAN_POINT('',(0.17372,-0.07525,0.00651));
#9068=CARTESIAN_POINT('',(0.1665,-0.07525,0.00651));
#9069=CARTESIAN_POINT('',(0.1661,-0.07525,0.00651));
#9070=CARTESIAN_POINT('',(0.15487,-0.07525,0.00651));
#9071=CARTESIAN_POINT('',(0.15447,-0.07525,0.00651));
#9072=CARTESIAN_POINT('',(0.14725,-0.07525,0.00651));
#9073=CARTESIAN_POINT('',(0.14685,-0.07525,0.00651));
#9074=CARTESIAN_POINT('',(0.13612,-0.07525,0.00651));
#9075=CARTESIAN_POINT('',(0.13572,-0.07525,0.00651));
#9076=CARTESIAN_POINT('',(0.1285,-0.07525,0.00651));
#9077=CARTESIAN_POINT('',(0.1281,-0.07525,0.00651));
#9078=CARTESIAN_POINT('',(0.11712,-0.07525,0.00651));
#9079=CARTESIAN_POINT('',(0.11672,-0.07525,0.00651));
#9080=CARTESIAN_POINT('',(0.1095,-0.07525,0.00651));
#9081=CARTESIAN_POINT('',(0.1091,-0.07525,0.00651));
#9082=CARTESIAN_POINT('',(0.09787,-0.07525,0.00651));
#9083=CARTESIAN_POINT('',(0.09747,-0.07525,0.00651));
#9084=CARTESIAN_POINT('',(0.09025,-0.07525,0.00651));
#9085=CARTESIAN_POINT('',(0.08985,-0.07525,0.00651));
#9086=CARTESIAN_POINT('',(0.07887,-0.07525,0.00651));
#9087=CARTESIAN_POINT('',(0.07847,-0.07525,0.00651));
#9088=CARTESIAN_POINT('',(0.07125,-0.07525,0.00651));
#9089=CARTESIAN_POINT('',(0.07085,-0.07525,0.00651));
#9090=CARTESIAN_POINT('',(0.05987,-0.07525,0.00651));
#9091=CARTESIAN_POINT('',(0.05947,-0.07525,0.00651));
#9092=CARTESIAN_POINT('',(0.05225,-0.07525,0.00651));
#9093=CARTESIAN_POINT('',(0.05185,-0.07525,0.00651));
#9094=CARTESIAN_POINT('',(0.04087,-0.07525,0.00651));
#9095=CARTESIAN_POINT('',(0.04047,-0.07525,0.00651));
#9096=CARTESIAN_POINT('',(0.03325,-0.07525,0.00651));
#9097=CARTESIAN_POINT('',(0.03285,-0.07525,0.00651));
#9098=CARTESIAN_POINT('',(0.18387,-0.09425,0.00651));
#9099=CARTESIAN_POINT('',(0.18347,-0.09425,0.00651));
#9100=CARTESIAN_POINT('',(0.17625,-0.09425,0.00651));
#9101=CARTESIAN_POINT('',(0.17585,-0.09425,0.00651));
#9102=CARTESIAN_POINT('',(0.16462,-0.09425,0.00651));
#9103=CARTESIAN_POINT('',(0.16422,-0.09425,0.00651));
#9104=CARTESIAN_POINT('',(0.157,-0.09425,0.00651));
#9105=CARTESIAN_POINT('',(0.1566,-0.09425,0.00651));
#9106=CARTESIAN_POINT('',(0.14537,-0.09425,0.00651));
#9107=CARTESIAN_POINT('',(0.14497,-0.09425,0.00651));
#9108=CARTESIAN_POINT('',(0.16962,-0.11325,0.00651));
#9109=CARTESIAN_POINT('',(0.16922,-0.11325,0.00651));
#9110=CARTESIAN_POINT('',(0.162,-0.11325,0.00651));
#9111=CARTESIAN_POINT('',(0.1616,-0.11325,0.00651));
#9112=CARTESIAN_POINT('',(0.15037,-0.11325,0.00651));
#9113=CARTESIAN_POINT('',(0.14997,-0.11325,0.00651));
#9114=CARTESIAN_POINT('',(0.14275,-0.11325,0.00651));
#9115=CARTESIAN_POINT('',(0.14235,-0.11325,0.00651));
#9116=CARTESIAN_POINT('',(0.13775,-0.09425,0.00651));
#9117=CARTESIAN_POINT('',(0.13735,-0.09425,0.00651));
#9118=CARTESIAN_POINT('',(0.12637,-0.09425,0.00651));
#9119=CARTESIAN_POINT('',(0.12597,-0.09425,0.00651));
#9120=CARTESIAN_POINT('',(0.11875,-0.09425,0.00651));
#9121=CARTESIAN_POINT('',(0.11835,-0.09425,0.00651));
#9122=CARTESIAN_POINT('',(0.10737,-0.09425,0.00651));
#9123=CARTESIAN_POINT('',(0.10697,-0.09425,0.00651));
#9124=CARTESIAN_POINT('',(0.09975,-0.09425,0.00651));
#9125=CARTESIAN_POINT('',(0.09935,-0.09425,0.00651));
#9126=CARTESIAN_POINT('',(0.08837,-0.09425,0.00651));
#9127=CARTESIAN_POINT('',(0.08797,-0.09425,0.00651));
#9128=CARTESIAN_POINT('',(0.08075,-0.09425,0.00651));
#9129=CARTESIAN_POINT('',(0.08035,-0.09425,0.00651));
#9130=CARTESIAN_POINT('',(0.06912,-0.09425,0.00651));
#9131=CARTESIAN_POINT('',(0.06872,-0.09425,0.00651));
#9132=CARTESIAN_POINT('',(0.0615,-0.09425,0.00651));
#9133=CARTESIAN_POINT('',(0.0611,-0.09425,0.00651));
#9134=CARTESIAN_POINT('',(0.04537,-0.09425,0.00651));
#9135=CARTESIAN_POINT('',(0.04497,-0.09425,0.00651));
#9136=CARTESIAN_POINT('',(0.03775,-0.09425,0.00651));
#9137=CARTESIAN_POINT('',(0.03735,-0.09425,0.00651));
#9138=CARTESIAN_POINT('',(0.13137,-0.11325,0.00651));
#9139=CARTESIAN_POINT('',(0.13097,-0.11325,0.00651));
#9140=CARTESIAN_POINT('',(0.12375,-0.11325,0.00651));
#9141=CARTESIAN_POINT('',(0.12335,-0.11325,0.00651));
#9142=CARTESIAN_POINT('',(0.11212,-0.11325,0.00651));
#9143=CARTESIAN_POINT('',(0.11172,-0.11325,0.00651));
#9144=CARTESIAN_POINT('',(0.1045,-0.11325,0.00651));
#9145=CARTESIAN_POINT('',(0.1041,-0.11325,0.00651));
#9146=CARTESIAN_POINT('',(0.09312,-0.11325,0.00651));
#9147=CARTESIAN_POINT('',(0.09272,-0.11325,0.00651));
#9148=CARTESIAN_POINT('',(0.0855,-0.11325,0.00651));
#9149=CARTESIAN_POINT('',(0.0851,-0.11325,0.00651));
#9150=CARTESIAN_POINT('',(0.07412,-0.11325,0.00651));
#9151=CARTESIAN_POINT('',(0.07372,-0.11325,0.00651));
#9152=CARTESIAN_POINT('',(0.0665,-0.11325,0.00651));
#9153=CARTESIAN_POINT('',(0.0661,-0.11325,0.00651));
#9154=CARTESIAN_POINT('',(0.04787,-0.11325,0.00651));
#9155=CARTESIAN_POINT('',(0.04747,-0.11325,0.00651));
#9156=CARTESIAN_POINT('',(0.04025,-0.11325,0.00651));
#9157=CARTESIAN_POINT('',(0.03985,-0.11325,0.00651));
#9158=CARTESIAN_POINT('',(0.17887,-0.1325,0.00651));
#9159=CARTESIAN_POINT('',(0.17847,-0.1325,0.00651));
#9160=CARTESIAN_POINT('',(0.17125,-0.1325,0.00651));
#9161=CARTESIAN_POINT('',(0.17085,-0.1325,0.00651));
#9162=CARTESIAN_POINT('',(0.15962,-0.1325,0.00651));
#9163=CARTESIAN_POINT('',(0.15922,-0.1325,0.00651));
#9164=CARTESIAN_POINT('',(0.152,-0.1325,0.00651));
#9165=CARTESIAN_POINT('',(0.1516,-0.1325,0.00651));
#9166=CARTESIAN_POINT('',(0.14087,-0.1325,0.00651));
#9167=CARTESIAN_POINT('',(0.14047,-0.1325,0.00651));
#9168=CARTESIAN_POINT('',(0.13325,-0.1325,0.00651));
#9169=CARTESIAN_POINT('',(0.13285,-0.1325,0.00651));
#9170=CARTESIAN_POINT('',(0.12162,-0.1325,0.00651));
#9171=CARTESIAN_POINT('',(0.12122,-0.1325,0.00651));
#9172=CARTESIAN_POINT('',(0.114,-0.1325,0.00651));
#9173=CARTESIAN_POINT('',(0.1136,-0.1325,0.00651));
#9174=CARTESIAN_POINT('',(0.10262,-0.1325,0.00651));
#9175=CARTESIAN_POINT('',(0.10222,-0.1325,0.00651));
#9176=CARTESIAN_POINT('',(0.095,-0.1325,0.00651));
#9177=CARTESIAN_POINT('',(0.0946,-0.1325,0.00651));
#9178=CARTESIAN_POINT('',(0.08362,-0.1325,0.00651));
#9179=CARTESIAN_POINT('',(0.08322,-0.1325,0.00651));
#9180=CARTESIAN_POINT('',(0.076,-0.1325,0.00651));
#9181=CARTESIAN_POINT('',(0.0756,-0.1325,0.00651));
#9182=CARTESIAN_POINT('',(0.05262,-0.1325,0.00651));
#9183=CARTESIAN_POINT('',(0.05222,-0.1325,0.00651));
#9184=CARTESIAN_POINT('',(0.045,-0.1325,0.00651));
#9185=CARTESIAN_POINT('',(0.0446,-0.1325,0.00651));
#9186=CARTESIAN_POINT('',(0.09312,-0.1515,0.00651));
#9187=CARTESIAN_POINT('',(0.09272,-0.1515,0.00651));
#9188=CARTESIAN_POINT('',(0.0855,-0.1515,0.00651));
#9189=CARTESIAN_POINT('',(0.0851,-0.1515,0.00651));
#9190=CARTESIAN_POINT('',(0.06937,-0.1515,0.00651));
#9191=CARTESIAN_POINT('',(0.06897,-0.1515,0.00651));
#9192=CARTESIAN_POINT('',(0.06175,-0.1515,0.00651));
#9193=CARTESIAN_POINT('',(0.06135,-0.1515,0.00651));
#9194=CARTESIAN_POINT('',(0.04537,-0.1515,0.00651));
#9195=CARTESIAN_POINT('',(0.04497,-0.1515,0.00651));
#9196=CARTESIAN_POINT('',(0.03775,-0.1515,0.00651));
#9197=CARTESIAN_POINT('',(0.03735,-0.1515,0.00651));
#9198=CARTESIAN_POINT('',(0.05000625,-0.116825,0.00651));
#9199=CARTESIAN_POINT('',(0.05700625,-0.116825,0.00651));
#9200=CARTESIAN_POINT('',(0.04300625,-0.116825,0.00651));
#9201=CARTESIAN_POINT('',(0.05700625,-0.12195,0.00651));
#9202=CARTESIAN_POINT('',(0.05700625,-0.127075,0.00651));
#9203=CARTESIAN_POINT('',(0.057759375,-0.127075,0.00651));
#9204=CARTESIAN_POINT('',(0.0585125,-0.127075,0.00651));
#9205=CARTESIAN_POINT('',(0.0585125,-0.12195,0.00651));
#9206=CARTESIAN_POINT('',(0.0585125,-0.116825,0.00651));
#9207=CARTESIAN_POINT('',(0.0619125,-0.116825,0.00651));
#9208=CARTESIAN_POINT('',(0.0603885738206855,-0.116825,0.00651));
#9209=CARTESIAN_POINT('',(0.0619125,-0.11684,0.00651));
#9210=CARTESIAN_POINT('',(0.0634364261793145,-0.116825,0.00651));
#9211=CARTESIAN_POINT('',(0.0619125,-0.116825,0.00651));
#9212=CARTESIAN_POINT('',(0.0653125,-0.116825,0.00651));
#9213=CARTESIAN_POINT('',(0.0653125,-0.12195,0.00651));
#9214=CARTESIAN_POINT('',(0.0653125,-0.132075,0.00651));
#9215=CARTESIAN_POINT('',(0.05000625,-0.132075,0.00651));
#9216=CARTESIAN_POINT('',(0.0639063937308693,-0.132075,0.00651));
#9217=CARTESIAN_POINT('',(0.0619125,-0.13208,0.00651));
#9218=CARTESIAN_POINT('',(0.0599186062691307,-0.132075,0.00651));
#9219=CARTESIAN_POINT('',(0.05000625,-0.132075,0.00651));
#9220=CARTESIAN_POINT('',(0.0400938937308693,-0.132075,0.00651));
#9221=CARTESIAN_POINT('',(0.0381,-0.13208,0.00651));
#9222=CARTESIAN_POINT('',(0.0361061062691307,-0.132075,0.00651));
#9223=CARTESIAN_POINT('',(0.05000625,-0.132075,0.00651));
#9224=CARTESIAN_POINT('',(0.0347,-0.132075,0.00651));
#9225=CARTESIAN_POINT('',(0.0347,-0.13145,0.00651));
#9226=CARTESIAN_POINT('',(0.0347,-0.116825,0.00651));
#9227=CARTESIAN_POINT('',(0.0381,-0.116825,0.00651));
#9228=CARTESIAN_POINT('',(0.0365760738206855,-0.116825,0.00651));
#9229=CARTESIAN_POINT('',(0.0381,-0.11684,0.00651));
#9230=CARTESIAN_POINT('',(0.0396239261793144,-0.116825,0.00651));
#9231=CARTESIAN_POINT('',(0.0381,-0.116825,0.00651));
#9232=CARTESIAN_POINT('',(0.0415,-0.116825,0.00651));
#9233=CARTESIAN_POINT('',(0.0415,-0.12195,0.00651));
#9234=CARTESIAN_POINT('',(0.0415,-0.127075,0.00651));
#9235=CARTESIAN_POINT('',(0.042253125,-0.127075,0.00651));
#9236=CARTESIAN_POINT('',(0.04300625,-0.127075,0.00651));
#9237=CARTESIAN_POINT('',(0.04300625,-0.12195,0.00651));
#9238=CARTESIAN_POINT('',(0.04524375,-0.097775,0.00651));
#9239=CARTESIAN_POINT('',(0.05224375,-0.097775,0.00651));
#9240=CARTESIAN_POINT('',(0.03824375,-0.097775,0.00651));
#9241=CARTESIAN_POINT('',(0.05224375,-0.104775,0.00651));
#9242=CARTESIAN_POINT('',(0.05224375,-0.111775,0.00651));
#9243=CARTESIAN_POINT('',(0.04524375,-0.111775,0.00651));
#9244=CARTESIAN_POINT('',(0.03824375,-0.111775,0.00651));
#9245=CARTESIAN_POINT('',(0.03824375,-0.104775,0.00651));
#9246=CARTESIAN_POINT('',(0.1762125,-0.130825,0.00651));
#9247=CARTESIAN_POINT('',(0.1832125,-0.130825,0.00651));
#9248=CARTESIAN_POINT('',(0.1692125,-0.130825,0.00651));
#9249=CARTESIAN_POINT('',(0.1692125,-0.123825,0.00651));
#9250=CARTESIAN_POINT('',(0.1692125,-0.116825,0.00651));
#9251=CARTESIAN_POINT('',(0.1762125,-0.116825,0.00651));
#9252=CARTESIAN_POINT('',(0.1832125,-0.116825,0.00651));
#9253=CARTESIAN_POINT('',(0.1832125,-0.123825,0.00651));
#9254=CARTESIAN_POINT('',(0.1381125,-0.130825,0.00651));
#9255=CARTESIAN_POINT('',(0.1451125,-0.130825,0.00651));
#9256=CARTESIAN_POINT('',(0.1311125,-0.130825,0.00651));
#9257=CARTESIAN_POINT('',(0.1311125,-0.123825,0.00651));
#9258=CARTESIAN_POINT('',(0.1311125,-0.116825,0.00651));
#9259=CARTESIAN_POINT('',(0.1381125,-0.116825,0.00651));
#9260=CARTESIAN_POINT('',(0.1451125,-0.116825,0.00651));
#9261=CARTESIAN_POINT('',(0.1451125,-0.123825,0.00651));
#9262=CARTESIAN_POINT('',(0.1000125,-0.130825,0.00651));
#9263=CARTESIAN_POINT('',(0.1070125,-0.130825,0.00651));
#9264=CARTESIAN_POINT('',(0.0930125,-0.130825,0.00651));
#9265=CARTESIAN_POINT('',(0.0930125,-0.123825,0.00651));
#9266=CARTESIAN_POINT('',(0.0930125,-0.116825,0.00651));
#9267=CARTESIAN_POINT('',(0.1000125,-0.116825,0.00651));
#9268=CARTESIAN_POINT('',(0.1070125,-0.116825,0.00651));
#9269=CARTESIAN_POINT('',(0.1070125,-0.123825,0.00651));
#9270=CARTESIAN_POINT('',(0.1736575,-0.0381,0.00651));
#9271=CARTESIAN_POINT('',(0.1736575,-0.0311,0.00651));
#9272=CARTESIAN_POINT('',(0.1736575,-0.0451,0.00651));
#9273=CARTESIAN_POINT('',(0.1806575,-0.0311,0.00651));
#9274=CARTESIAN_POINT('',(0.1876575,-0.0311,0.00651));
#9275=CARTESIAN_POINT('',(0.1876575,-0.0381,0.00651));
#9276=CARTESIAN_POINT('',(0.1876575,-0.0451,0.00651));
#9277=CARTESIAN_POINT('',(0.1806575,-0.0451,0.00651));
#9278=CARTESIAN_POINT('',(0.1616075,-0.0311,0.00651));
#9279=CARTESIAN_POINT('',(0.1686075,-0.0311,0.00651));
#9280=CARTESIAN_POINT('',(0.1546075,-0.0311,0.00651));
#9281=CARTESIAN_POINT('',(0.1686075,-0.0381,0.00651));
#9282=CARTESIAN_POINT('',(0.1686075,-0.0451,0.00651));
#9283=CARTESIAN_POINT('',(0.1616075,-0.0451,0.00651));
#9284=CARTESIAN_POINT('',(0.1546075,-0.0451,0.00651));
#9285=CARTESIAN_POINT('',(0.1546075,-0.0381,0.00651));
#9286=CARTESIAN_POINT('',(0.16445,-0.066675,0.00651));
#9287=CARTESIAN_POINT('',(0.16445,-0.059675,0.00651));
#9288=CARTESIAN_POINT('',(0.16445,-0.073675,0.00651));
#9289=CARTESIAN_POINT('',(0.17145,-0.059675,0.00651));
#9290=CARTESIAN_POINT('',(0.17845,-0.059675,0.00651));
#9291=CARTESIAN_POINT('',(0.17845,-0.066675,0.00651));
#9292=CARTESIAN_POINT('',(0.17845,-0.073675,0.00651));
#9293=CARTESIAN_POINT('',(0.17145,-0.073675,0.00651));
#9294=CARTESIAN_POINT('',(0.1454,-0.066675,0.00651));
#9295=CARTESIAN_POINT('',(0.1454,-0.059675,0.00651));
#9296=CARTESIAN_POINT('',(0.1454,-0.073675,0.00651));
#9297=CARTESIAN_POINT('',(0.1524,-0.059675,0.00651));
#9298=CARTESIAN_POINT('',(0.1594,-0.059675,0.00651));
#9299=CARTESIAN_POINT('',(0.1594,-0.066675,0.00651));
#9300=CARTESIAN_POINT('',(0.1594,-0.073675,0.00651));
#9301=CARTESIAN_POINT('',(0.1524,-0.073675,0.00651));
#9302=CARTESIAN_POINT('',(0.12635,-0.066675,0.00651));
#9303=CARTESIAN_POINT('',(0.12635,-0.059675,0.00651));
#9304=CARTESIAN_POINT('',(0.12635,-0.073675,0.00651));
#9305=CARTESIAN_POINT('',(0.13335,-0.059675,0.00651));
#9306=CARTESIAN_POINT('',(0.14035,-0.059675,0.00651));
#9307=CARTESIAN_POINT('',(0.14035,-0.066675,0.00651));
#9308=CARTESIAN_POINT('',(0.14035,-0.073675,0.00651));
#9309=CARTESIAN_POINT('',(0.13335,-0.073675,0.00651));
#9310=CARTESIAN_POINT('',(0.1073,-0.066675,0.00651));
#9311=CARTESIAN_POINT('',(0.1073,-0.059675,0.00651));
#9312=CARTESIAN_POINT('',(0.1073,-0.073675,0.00651));
#9313=CARTESIAN_POINT('',(0.1143,-0.059675,0.00651));
#9314=CARTESIAN_POINT('',(0.1213,-0.059675,0.00651));
#9315=CARTESIAN_POINT('',(0.1213,-0.066675,0.00651));
#9316=CARTESIAN_POINT('',(0.1213,-0.073675,0.00651));
#9317=CARTESIAN_POINT('',(0.1143,-0.073675,0.00651));
#9318=CARTESIAN_POINT('',(0.08825,-0.066675,0.00651));
#9319=CARTESIAN_POINT('',(0.08825,-0.059675,0.00651));
#9320=CARTESIAN_POINT('',(0.08825,-0.073675,0.00651));
#9321=CARTESIAN_POINT('',(0.09525,-0.059675,0.00651));
#9322=CARTESIAN_POINT('',(0.10225,-0.059675,0.00651));
#9323=CARTESIAN_POINT('',(0.10225,-0.066675,0.00651));
#9324=CARTESIAN_POINT('',(0.10225,-0.073675,0.00651));
#9325=CARTESIAN_POINT('',(0.09525,-0.073675,0.00651));
#9326=CARTESIAN_POINT('',(0.0692,-0.066675,0.00651));
#9327=CARTESIAN_POINT('',(0.0692,-0.059675,0.00651));
#9328=CARTESIAN_POINT('',(0.0692,-0.073675,0.00651));
#9329=CARTESIAN_POINT('',(0.0762,-0.059675,0.00651));
#9330=CARTESIAN_POINT('',(0.0832,-0.059675,0.00651));
#9331=CARTESIAN_POINT('',(0.0832,-0.066675,0.00651));
#9332=CARTESIAN_POINT('',(0.0832,-0.073675,0.00651));
#9333=CARTESIAN_POINT('',(0.0762,-0.073675,0.00651));
#9334=CARTESIAN_POINT('',(0.05015,-0.066675,0.00651));
#9335=CARTESIAN_POINT('',(0.05015,-0.059675,0.00651));
#9336=CARTESIAN_POINT('',(0.05015,-0.073675,0.00651));
#9337=CARTESIAN_POINT('',(0.05715,-0.059675,0.00651));
#9338=CARTESIAN_POINT('',(0.06415,-0.059675,0.00651));
#9339=CARTESIAN_POINT('',(0.06415,-0.066675,0.00651));
#9340=CARTESIAN_POINT('',(0.06415,-0.073675,0.00651));
#9341=CARTESIAN_POINT('',(0.05715,-0.073675,0.00651));
#9342=CARTESIAN_POINT('',(0.0381,-0.059675,0.00651));
#9343=CARTESIAN_POINT('',(0.0451,-0.059675,0.00651));
#9344=CARTESIAN_POINT('',(0.0311,-0.059675,0.00651));
#9345=CARTESIAN_POINT('',(0.0451,-0.066675,0.00651));
#9346=CARTESIAN_POINT('',(0.0451,-0.073675,0.00651));
#9347=CARTESIAN_POINT('',(0.0381,-0.073675,0.00651));
#9348=CARTESIAN_POINT('',(0.0311,-0.073675,0.00651));
#9349=CARTESIAN_POINT('',(0.0311,-0.066675,0.00651));
#9350=CARTESIAN_POINT('',(0.0381,-0.0311,0.00651));
#9351=CARTESIAN_POINT('',(0.0451,-0.0311,0.00651));
#9352=CARTESIAN_POINT('',(0.0311,-0.0311,0.00651));
#9353=CARTESIAN_POINT('',(0.0451,-0.0381,0.00651));
#9354=CARTESIAN_POINT('',(0.0451,-0.0451,0.00651));
#9355=CARTESIAN_POINT('',(0.0381,-0.0451,0.00651));
#9356=CARTESIAN_POINT('',(0.0311,-0.0451,0.00651));
#9357=CARTESIAN_POINT('',(0.0311,-0.0381,0.00651));
#9358=CARTESIAN_POINT('',(0.05476875,-0.16,0.00651));
#9359=CARTESIAN_POINT('',(0.05586875,-0.16,0.00651));
#9360=CARTESIAN_POINT('',(0.05715,-0.02,0.00651));
#9361=CARTESIAN_POINT('',(0.05825,-0.02,0.00651));
#9362=CARTESIAN_POINT('',(0.14747875,-0.02,0.00651));
#9363=CARTESIAN_POINT('',(0.14857875,-0.02,0.00651));
#9364=CARTESIAN_POINT('',(0.2425,-0.09,0.00501));
#9365=CARTESIAN_POINT('',(0.14747875,-0.02,0.00501));
#9366=CARTESIAN_POINT('',(0.14857875,-0.02,0.00501));
#9367=CARTESIAN_POINT('',(0.05715,-0.02,0.00501));
#9368=CARTESIAN_POINT('',(0.05825,-0.02,0.00501));
#9369=CARTESIAN_POINT('',(0.05476875,-0.16,0.00501));
#9370=CARTESIAN_POINT('',(0.05586875,-0.16,0.00501));
#9371=CARTESIAN_POINT('',(0.0381,-0.0311,0.00501));
#9372=CARTESIAN_POINT('',(0.0451,-0.0311,0.00501));
#9373=CARTESIAN_POINT('',(0.0311,-0.0311,0.00501));
#9374=CARTESIAN_POINT('',(0.0311,-0.0381,0.00501));
#9375=CARTESIAN_POINT('',(0.0311,-0.0451,0.00501));
#9376=CARTESIAN_POINT('',(0.0381,-0.0451,0.00501));
#9377=CARTESIAN_POINT('',(0.0451,-0.0451,0.00501));
#9378=CARTESIAN_POINT('',(0.0451,-0.0381,0.00501));
#9379=CARTESIAN_POINT('',(0.0381,-0.059675,0.00501));
#9380=CARTESIAN_POINT('',(0.0451,-0.059675,0.00501));
#9381=CARTESIAN_POINT('',(0.0311,-0.059675,0.00501));
#9382=CARTESIAN_POINT('',(0.0311,-0.066675,0.00501));
#9383=CARTESIAN_POINT('',(0.0311,-0.073675,0.00501));
#9384=CARTESIAN_POINT('',(0.0381,-0.073675,0.00501));
#9385=CARTESIAN_POINT('',(0.0451,-0.073675,0.00501));
#9386=CARTESIAN_POINT('',(0.0451,-0.066675,0.00501));
#9387=CARTESIAN_POINT('',(0.05015,-0.066675,0.00501));
#9388=CARTESIAN_POINT('',(0.05015,-0.059675,0.00501));
#9389=CARTESIAN_POINT('',(0.05015,-0.073675,0.00501));
#9390=CARTESIAN_POINT('',(0.05715,-0.073675,0.00501));
#9391=CARTESIAN_POINT('',(0.06415,-0.073675,0.00501));
#9392=CARTESIAN_POINT('',(0.06415,-0.066675,0.00501));
#9393=CARTESIAN_POINT('',(0.06415,-0.059675,0.00501));
#9394=CARTESIAN_POINT('',(0.05715,-0.059675,0.00501));
#9395=CARTESIAN_POINT('',(0.0692,-0.066675,0.00501));
#9396=CARTESIAN_POINT('',(0.0692,-0.059675,0.00501));
#9397=CARTESIAN_POINT('',(0.0692,-0.073675,0.00501));
#9398=CARTESIAN_POINT('',(0.0762,-0.073675,0.00501));
#9399=CARTESIAN_POINT('',(0.0832,-0.073675,0.00501));
#9400=CARTESIAN_POINT('',(0.0832,-0.066675,0.00501));
#9401=CARTESIAN_POINT('',(0.0832,-0.059675,0.00501));
#9402=CARTESIAN_POINT('',(0.0762,-0.059675,0.00501));
#9403=CARTESIAN_POINT('',(0.08825,-0.066675,0.00501));
#9404=CARTESIAN_POINT('',(0.08825,-0.059675,0.00501));
#9405=CARTESIAN_POINT('',(0.08825,-0.073675,0.00501));
#9406=CARTESIAN_POINT('',(0.09525,-0.073675,0.00501));
#9407=CARTESIAN_POINT('',(0.10225,-0.073675,0.00501));
#9408=CARTESIAN_POINT('',(0.10225,-0.066675,0.00501));
#9409=CARTESIAN_POINT('',(0.10225,-0.059675,0.00501));
#9410=CARTESIAN_POINT('',(0.09525,-0.059675,0.00501));
#9411=CARTESIAN_POINT('',(0.1073,-0.066675,0.00501));
#9412=CARTESIAN_POINT('',(0.1073,-0.059675,0.00501));
#9413=CARTESIAN_POINT('',(0.1073,-0.073675,0.00501));
#9414=CARTESIAN_POINT('',(0.1143,-0.073675,0.00501));
#9415=CARTESIAN_POINT('',(0.1213,-0.073675,0.00501));
#9416=CARTESIAN_POINT('',(0.1213,-0.066675,0.00501));
#9417=CARTESIAN_POINT('',(0.1213,-0.059675,0.00501));
#9418=CARTESIAN_POINT('',(0.1143,-0.059675,0.00501));
#9419=CARTESIAN_POINT('',(0.12635,-0.066675,0.00501));
#9420=CARTESIAN_POINT('',(0.12635,-0.059675,0.00501));
#9421=CARTESIAN_POINT('',(0.12635,-0.073675,0.00501));
#9422=CARTESIAN_POINT('',(0.13335,-0.073675,0.00501));
#9423=CARTESIAN_POINT('',(0.14035,-0.073675,0.00501));
#9424=CARTESIAN_POINT('',(0.14035,-0.066675,0.00501));
#9425=CARTESIAN_POINT('',(0.14035,-0.059675,0.00501));
#9426=CARTESIAN_POINT('',(0.13335,-0.059675,0.00501));
#9427=CARTESIAN_POINT('',(0.1454,-0.066675,0.00501));
#9428=CARTESIAN_POINT('',(0.1454,-0.059675,0.00501));
#9429=CARTESIAN_POINT('',(0.1454,-0.073675,0.00501));
#9430=CARTESIAN_POINT('',(0.1524,-0.073675,0.00501));
#9431=CARTESIAN_POINT('',(0.1594,-0.073675,0.00501));
#9432=CARTESIAN_POINT('',(0.1594,-0.066675,0.00501));
#9433=CARTESIAN_POINT('',(0.1594,-0.059675,0.00501));
#9434=CARTESIAN_POINT('',(0.1524,-0.059675,0.00501));
#9435=CARTESIAN_POINT('',(0.16445,-0.066675,0.00501));
#9436=CARTESIAN_POINT('',(0.16445,-0.059675,0.00501));
#9437=CARTESIAN_POINT('',(0.16445,-0.073675,0.00501));
#9438=CARTESIAN_POINT('',(0.17145,-0.073675,0.00501));
#9439=CARTESIAN_POINT('',(0.17845,-0.073675,0.00501));
#9440=CARTESIAN_POINT('',(0.17845,-0.066675,0.00501));
#9441=CARTESIAN_POINT('',(0.17845,-0.059675,0.00501));
#9442=CARTESIAN_POINT('',(0.17145,-0.059675,0.00501));
#9443=CARTESIAN_POINT('',(0.1616075,-0.0311,0.00501));
#9444=CARTESIAN_POINT('',(0.1686075,-0.0311,0.00501));
#9445=CARTESIAN_POINT('',(0.1546075,-0.0311,0.00501));
#9446=CARTESIAN_POINT('',(0.1546075,-0.0381,0.00501));
#9447=CARTESIAN_POINT('',(0.1546075,-0.0451,0.00501));
#9448=CARTESIAN_POINT('',(0.1616075,-0.0451,0.00501));
#9449=CARTESIAN_POINT('',(0.1686075,-0.0451,0.00501));
#9450=CARTESIAN_POINT('',(0.1686075,-0.0381,0.00501));
#9451=CARTESIAN_POINT('',(0.1736575,-0.0381,0.00501));
#9452=CARTESIAN_POINT('',(0.1736575,-0.0311,0.00501));
#9453=CARTESIAN_POINT('',(0.1736575,-0.0451,0.00501));
#9454=CARTESIAN_POINT('',(0.1806575,-0.0451,0.00501));
#9455=CARTESIAN_POINT('',(0.1876575,-0.0451,0.00501));
#9456=CARTESIAN_POINT('',(0.1876575,-0.0381,0.00501));
#9457=CARTESIAN_POINT('',(0.1876575,-0.0311,0.00501));
#9458=CARTESIAN_POINT('',(0.1806575,-0.0311,0.00501));
#9459=CARTESIAN_POINT('',(0.1000125,-0.130825,0.00501));
#9460=CARTESIAN_POINT('',(0.1070125,-0.130825,0.00501));
#9461=CARTESIAN_POINT('',(0.0930125,-0.130825,0.00501));
#9462=CARTESIAN_POINT('',(0.1070125,-0.123825,0.00501));
#9463=CARTESIAN_POINT('',(0.1070125,-0.116825,0.00501));
#9464=CARTESIAN_POINT('',(0.1000125,-0.116825,0.00501));
#9465=CARTESIAN_POINT('',(0.0930125,-0.116825,0.00501));
#9466=CARTESIAN_POINT('',(0.0930125,-0.123825,0.00501));
#9467=CARTESIAN_POINT('',(0.1381125,-0.130825,0.00501));
#9468=CARTESIAN_POINT('',(0.1451125,-0.130825,0.00501));
#9469=CARTESIAN_POINT('',(0.1311125,-0.130825,0.00501));
#9470=CARTESIAN_POINT('',(0.1451125,-0.123825,0.00501));
#9471=CARTESIAN_POINT('',(0.1451125,-0.116825,0.00501));
#9472=CARTESIAN_POINT('',(0.1381125,-0.116825,0.00501));
#9473=CARTESIAN_POINT('',(0.1311125,-0.116825,0.00501));
#9474=CARTESIAN_POINT('',(0.1311125,-0.123825,0.00501));
#9475=CARTESIAN_POINT('',(0.1762125,-0.130825,0.00501));
#9476=CARTESIAN_POINT('',(0.1832125,-0.130825,0.00501));
#9477=CARTESIAN_POINT('',(0.1692125,-0.130825,0.00501));
#9478=CARTESIAN_POINT('',(0.1832125,-0.123825,0.00501));
#9479=CARTESIAN_POINT('',(0.1832125,-0.116825,0.00501));
#9480=CARTESIAN_POINT('',(0.1762125,-0.116825,0.00501));
#9481=CARTESIAN_POINT('',(0.1692125,-0.116825,0.00501));
#9482=CARTESIAN_POINT('',(0.1692125,-0.123825,0.00501));
#9483=CARTESIAN_POINT('',(0.04524375,-0.097775,0.00501));
#9484=CARTESIAN_POINT('',(0.05224375,-0.097775,0.00501));
#9485=CARTESIAN_POINT('',(0.03824375,-0.097775,0.00501));
#9486=CARTESIAN_POINT('',(0.03824375,-0.104775,0.00501));
#9487=CARTESIAN_POINT('',(0.03824375,-0.111775,0.00501));
#9488=CARTESIAN_POINT('',(0.04524375,-0.111775,0.00501));
#9489=CARTESIAN_POINT('',(0.05224375,-0.111775,0.00501));
#9490=CARTESIAN_POINT('',(0.05224375,-0.104775,0.00501));
#9491=CARTESIAN_POINT('',(0.05000625,-0.116825,0.00501));
#9492=CARTESIAN_POINT('',(0.05700625,-0.116825,0.00501));
#9493=CARTESIAN_POINT('',(0.04300625,-0.116825,0.00501));
#9494=CARTESIAN_POINT('',(0.04300625,-0.12195,0.00501));
#9495=CARTESIAN_POINT('',(0.04300625,-0.127075,0.00501));
#9496=CARTESIAN_POINT('',(0.042253125,-0.127075,0.00501));
#9497=CARTESIAN_POINT('',(0.0415,-0.127075,0.00501));
#9498=CARTESIAN_POINT('',(0.0415,-0.12195,0.00501));
#9499=CARTESIAN_POINT('',(0.0415,-0.116825,0.00501));
#9500=CARTESIAN_POINT('',(0.0381,-0.116825,0.00501));
#9501=CARTESIAN_POINT('',(0.0396239261793144,-0.116825,0.00501));
#9502=CARTESIAN_POINT('',(0.0381,-0.11684,0.00501));
#9503=CARTESIAN_POINT('',(0.0365760738206855,-0.116825,0.00501));
#9504=CARTESIAN_POINT('',(0.0381,-0.116825,0.00501));
#9505=CARTESIAN_POINT('',(0.0347,-0.116825,0.00501));
#9506=CARTESIAN_POINT('',(0.0347,-0.13145,0.00501));
#9507=CARTESIAN_POINT('',(0.0347,-0.132075,0.00501));
#9508=CARTESIAN_POINT('',(0.05000625,-0.132075,0.00501));
#9509=CARTESIAN_POINT('',(0.0361061062691307,-0.132075,0.00501));
#9510=CARTESIAN_POINT('',(0.0381,-0.13208,0.00501));
#9511=CARTESIAN_POINT('',(0.0400938937308693,-0.132075,0.00501));
#9512=CARTESIAN_POINT('',(0.05000625,-0.132075,0.00501));
#9513=CARTESIAN_POINT('',(0.0599186062691307,-0.132075,0.00501));
#9514=CARTESIAN_POINT('',(0.0619125,-0.13208,0.00501));
#9515=CARTESIAN_POINT('',(0.0639063937308693,-0.132075,0.00501));
#9516=CARTESIAN_POINT('',(0.05000625,-0.132075,0.00501));
#9517=CARTESIAN_POINT('',(0.0653125,-0.132075,0.00501));
#9518=CARTESIAN_POINT('',(0.0653125,-0.12195,0.00501));
#9519=CARTESIAN_POINT('',(0.0653125,-0.116825,0.00501));
#9520=CARTESIAN_POINT('',(0.0619125,-0.116825,0.00501));
#9521=CARTESIAN_POINT('',(0.0634364261793145,-0.116825,0.00501));
#9522=CARTESIAN_POINT('',(0.0619125,-0.11684,0.00501));
#9523=CARTESIAN_POINT('',(0.0603885738206855,-0.116825,0.00501));
#9524=CARTESIAN_POINT('',(0.0619125,-0.116825,0.00501));
#9525=CARTESIAN_POINT('',(0.0585125,-0.116825,0.00501));
#9526=CARTESIAN_POINT('',(0.0585125,-0.12195,0.00501));
#9527=CARTESIAN_POINT('',(0.0585125,-0.127075,0.00501));
#9528=CARTESIAN_POINT('',(0.057759375,-0.127075,0.00501));
#9529=CARTESIAN_POINT('',(0.05700625,-0.127075,0.00501));
#9530=CARTESIAN_POINT('',(0.05700625,-0.12195,0.00501));
#9531=CARTESIAN_POINT('',(0.03775,-0.1515,0.00501));
#9532=CARTESIAN_POINT('',(0.03735,-0.1515,0.00501));
#9533=CARTESIAN_POINT('',(0.04537,-0.1515,0.00501));
#9534=CARTESIAN_POINT('',(0.04497,-0.1515,0.00501));
#9535=CARTESIAN_POINT('',(0.06175,-0.1515,0.00501));
#9536=CARTESIAN_POINT('',(0.06135,-0.1515,0.00501));
#9537=CARTESIAN_POINT('',(0.06937,-0.1515,0.00501));
#9538=CARTESIAN_POINT('',(0.06897,-0.1515,0.00501));
#9539=CARTESIAN_POINT('',(0.0855,-0.1515,0.00501));
#9540=CARTESIAN_POINT('',(0.0851,-0.1515,0.00501));
#9541=CARTESIAN_POINT('',(0.09312,-0.1515,0.00501));
#9542=CARTESIAN_POINT('',(0.09272,-0.1515,0.00501));
#9543=CARTESIAN_POINT('',(0.045,-0.1325,0.00501));
#9544=CARTESIAN_POINT('',(0.0446,-0.1325,0.00501));
#9545=CARTESIAN_POINT('',(0.05262,-0.1325,0.00501));
#9546=CARTESIAN_POINT('',(0.05222,-0.1325,0.00501));
#9547=CARTESIAN_POINT('',(0.076,-0.1325,0.00501));
#9548=CARTESIAN_POINT('',(0.0756,-0.1325,0.00501));
#9549=CARTESIAN_POINT('',(0.08362,-0.1325,0.00501));
#9550=CARTESIAN_POINT('',(0.08322,-0.1325,0.00501));
#9551=CARTESIAN_POINT('',(0.095,-0.1325,0.00501));
#9552=CARTESIAN_POINT('',(0.0946,-0.1325,0.00501));
#9553=CARTESIAN_POINT('',(0.10262,-0.1325,0.00501));
#9554=CARTESIAN_POINT('',(0.10222,-0.1325,0.00501));
#9555=CARTESIAN_POINT('',(0.114,-0.1325,0.00501));
#9556=CARTESIAN_POINT('',(0.1136,-0.1325,0.00501));
#9557=CARTESIAN_POINT('',(0.12162,-0.1325,0.00501));
#9558=CARTESIAN_POINT('',(0.12122,-0.1325,0.00501));
#9559=CARTESIAN_POINT('',(0.13325,-0.1325,0.00501));
#9560=CARTESIAN_POINT('',(0.13285,-0.1325,0.00501));
#9561=CARTESIAN_POINT('',(0.14087,-0.1325,0.00501));
#9562=CARTESIAN_POINT('',(0.14047,-0.1325,0.00501));
#9563=CARTESIAN_POINT('',(0.152,-0.1325,0.00501));
#9564=CARTESIAN_POINT('',(0.1516,-0.1325,0.00501));
#9565=CARTESIAN_POINT('',(0.15962,-0.1325,0.00501));
#9566=CARTESIAN_POINT('',(0.15922,-0.1325,0.00501));
#9567=CARTESIAN_POINT('',(0.17125,-0.1325,0.00501));
#9568=CARTESIAN_POINT('',(0.17085,-0.1325,0.00501));
#9569=CARTESIAN_POINT('',(0.17887,-0.1325,0.00501));
#9570=CARTESIAN_POINT('',(0.17847,-0.1325,0.00501));
#9571=CARTESIAN_POINT('',(0.04025,-0.11325,0.00501));
#9572=CARTESIAN_POINT('',(0.03985,-0.11325,0.00501));
#9573=CARTESIAN_POINT('',(0.04787,-0.11325,0.00501));
#9574=CARTESIAN_POINT('',(0.04747,-0.11325,0.00501));
#9575=CARTESIAN_POINT('',(0.0665,-0.11325,0.00501));
#9576=CARTESIAN_POINT('',(0.0661,-0.11325,0.00501));
#9577=CARTESIAN_POINT('',(0.07412,-0.11325,0.00501));
#9578=CARTESIAN_POINT('',(0.07372,-0.11325,0.00501));
#9579=CARTESIAN_POINT('',(0.0855,-0.11325,0.00501));
#9580=CARTESIAN_POINT('',(0.0851,-0.11325,0.00501));
#9581=CARTESIAN_POINT('',(0.09312,-0.11325,0.00501));
#9582=CARTESIAN_POINT('',(0.09272,-0.11325,0.00501));
#9583=CARTESIAN_POINT('',(0.1045,-0.11325,0.00501));
#9584=CARTESIAN_POINT('',(0.1041,-0.11325,0.00501));
#9585=CARTESIAN_POINT('',(0.11212,-0.11325,0.00501));
#9586=CARTESIAN_POINT('',(0.11172,-0.11325,0.00501));
#9587=CARTESIAN_POINT('',(0.12375,-0.11325,0.00501));
#9588=CARTESIAN_POINT('',(0.12335,-0.11325,0.00501));
#9589=CARTESIAN_POINT('',(0.13137,-0.11325,0.00501));
#9590=CARTESIAN_POINT('',(0.13097,-0.11325,0.00501));
#9591=CARTESIAN_POINT('',(0.03775,-0.09425,0.00501));
#9592=CARTESIAN_POINT('',(0.03735,-0.09425,0.00501));
#9593=CARTESIAN_POINT('',(0.04537,-0.09425,0.00501));
#9594=CARTESIAN_POINT('',(0.04497,-0.09425,0.00501));
#9595=CARTESIAN_POINT('',(0.0615,-0.09425,0.00501));
#9596=CARTESIAN_POINT('',(0.0611,-0.09425,0.00501));
#9597=CARTESIAN_POINT('',(0.06912,-0.09425,0.00501));
#9598=CARTESIAN_POINT('',(0.06872,-0.09425,0.00501));
#9599=CARTESIAN_POINT('',(0.08075,-0.09425,0.00501));
#9600=CARTESIAN_POINT('',(0.08035,-0.09425,0.00501));
#9601=CARTESIAN_POINT('',(0.08837,-0.09425,0.00501));
#9602=CARTESIAN_POINT('',(0.08797,-0.09425,0.00501));
#9603=CARTESIAN_POINT('',(0.09975,-0.09425,0.00501));
#9604=CARTESIAN_POINT('',(0.09935,-0.09425,0.00501));
#9605=CARTESIAN_POINT('',(0.10737,-0.09425,0.00501));
#9606=CARTESIAN_POINT('',(0.10697,-0.09425,0.00501));
#9607=CARTESIAN_POINT('',(0.11875,-0.09425,0.00501));
#9608=CARTESIAN_POINT('',(0.11835,-0.09425,0.00501));
#9609=CARTESIAN_POINT('',(0.12637,-0.09425,0.00501));
#9610=CARTESIAN_POINT('',(0.12597,-0.09425,0.00501));
#9611=CARTESIAN_POINT('',(0.13775,-0.09425,0.00501));
#9612=CARTESIAN_POINT('',(0.13735,-0.09425,0.00501));
#9613=CARTESIAN_POINT('',(0.14275,-0.11325,0.00501));
#9614=CARTESIAN_POINT('',(0.14235,-0.11325,0.00501));
#9615=CARTESIAN_POINT('',(0.15037,-0.11325,0.00501));
#9616=CARTESIAN_POINT('',(0.14997,-0.11325,0.00501));
#9617=CARTESIAN_POINT('',(0.162,-0.11325,0.00501));
#9618=CARTESIAN_POINT('',(0.1616,-0.11325,0.00501));
#9619=CARTESIAN_POINT('',(0.16962,-0.11325,0.00501));
#9620=CARTESIAN_POINT('',(0.16922,-0.11325,0.00501));
#9621=CARTESIAN_POINT('',(0.14537,-0.09425,0.00501));
#9622=CARTESIAN_POINT('',(0.14497,-0.09425,0.00501));
#9623=CARTESIAN_POINT('',(0.157,-0.09425,0.00501));
#9624=CARTESIAN_POINT('',(0.1566,-0.09425,0.00501));
#9625=CARTESIAN_POINT('',(0.16462,-0.09425,0.00501));
#9626=CARTESIAN_POINT('',(0.16422,-0.09425,0.00501));
#9627=CARTESIAN_POINT('',(0.17625,-0.09425,0.00501));
#9628=CARTESIAN_POINT('',(0.17585,-0.09425,0.00501));
#9629=CARTESIAN_POINT('',(0.18387,-0.09425,0.00501));
#9630=CARTESIAN_POINT('',(0.18347,-0.09425,0.00501));
#9631=CARTESIAN_POINT('',(0.03325,-0.07525,0.00501));
#9632=CARTESIAN_POINT('',(0.03285,-0.07525,0.00501));
#9633=CARTESIAN_POINT('',(0.04087,-0.07525,0.00501));
#9634=CARTESIAN_POINT('',(0.04047,-0.07525,0.00501));
#9635=CARTESIAN_POINT('',(0.05225,-0.07525,0.00501));
#9636=CARTESIAN_POINT('',(0.05185,-0.07525,0.00501));
#9637=CARTESIAN_POINT('',(0.05987,-0.07525,0.00501));
#9638=CARTESIAN_POINT('',(0.05947,-0.07525,0.00501));
#9639=CARTESIAN_POINT('',(0.07125,-0.07525,0.00501));
#9640=CARTESIAN_POINT('',(0.07085,-0.07525,0.00501));
#9641=CARTESIAN_POINT('',(0.07887,-0.07525,0.00501));
#9642=CARTESIAN_POINT('',(0.07847,-0.07525,0.00501));
#9643=CARTESIAN_POINT('',(0.09025,-0.07525,0.00501));
#9644=CARTESIAN_POINT('',(0.08985,-0.07525,0.00501));
#9645=CARTESIAN_POINT('',(0.09787,-0.07525,0.00501));
#9646=CARTESIAN_POINT('',(0.09747,-0.07525,0.00501));
#9647=CARTESIAN_POINT('',(0.1095,-0.07525,0.00501));
#9648=CARTESIAN_POINT('',(0.1091,-0.07525,0.00501));
#9649=CARTESIAN_POINT('',(0.11712,-0.07525,0.00501));
#9650=CARTESIAN_POINT('',(0.11672,-0.07525,0.00501));
#9651=CARTESIAN_POINT('',(0.1285,-0.07525,0.00501));
#9652=CARTESIAN_POINT('',(0.1281,-0.07525,0.00501));
#9653=CARTESIAN_POINT('',(0.13612,-0.07525,0.00501));
#9654=CARTESIAN_POINT('',(0.13572,-0.07525,0.00501));
#9655=CARTESIAN_POINT('',(0.14725,-0.07525,0.00501));
#9656=CARTESIAN_POINT('',(0.14685,-0.07525,0.00501));
#9657=CARTESIAN_POINT('',(0.15487,-0.07525,0.00501));
#9658=CARTESIAN_POINT('',(0.15447,-0.07525,0.00501));
#9659=CARTESIAN_POINT('',(0.1665,-0.07525,0.00501));
#9660=CARTESIAN_POINT('',(0.1661,-0.07525,0.00501));
#9661=CARTESIAN_POINT('',(0.17412,-0.07525,0.00501));
#9662=CARTESIAN_POINT('',(0.17372,-0.07525,0.00501));
#9663=CARTESIAN_POINT('',(0.03319,-0.04675,0.00501));
#9664=CARTESIAN_POINT('',(0.03279,-0.04675,0.00501));
#9665=CARTESIAN_POINT('',(0.04081,-0.04675,0.00501));
#9666=CARTESIAN_POINT('',(0.04041,-0.04675,0.00501));
#9667=CARTESIAN_POINT('',(0.07119,-0.04675,0.00501));
#9668=CARTESIAN_POINT('',(0.07079,-0.04675,0.00501));
#9669=CARTESIAN_POINT('',(0.07881,-0.04675,0.00501));
#9670=CARTESIAN_POINT('',(0.07841,-0.04675,0.00501));
#9671=CARTESIAN_POINT('',(0.09025,-0.04675,0.00501));
#9672=CARTESIAN_POINT('',(0.08985,-0.04675,0.00501));
#9673=CARTESIAN_POINT('',(0.09787,-0.04675,0.00501));
#9674=CARTESIAN_POINT('',(0.09747,-0.04675,0.00501));
#9675=CARTESIAN_POINT('',(0.1095,-0.04675,0.00501));
#9676=CARTESIAN_POINT('',(0.1091,-0.04675,0.00501));
#9677=CARTESIAN_POINT('',(0.11712,-0.04675,0.00501));
#9678=CARTESIAN_POINT('',(0.11672,-0.04675,0.00501));
#9679=CARTESIAN_POINT('',(0.12825,-0.04675,0.00501));
#9680=CARTESIAN_POINT('',(0.12785,-0.04675,0.00501));
#9681=CARTESIAN_POINT('',(0.13587,-0.04675,0.00501));
#9682=CARTESIAN_POINT('',(0.13547,-0.04675,0.00501));
#9683=CARTESIAN_POINT('',(0.1565,-0.04675,0.00501));
#9684=CARTESIAN_POINT('',(0.1561,-0.04675,0.00501));
#9685=CARTESIAN_POINT('',(0.16412,-0.04675,0.00501));
#9686=CARTESIAN_POINT('',(0.16372,-0.04675,0.00501));
#9687=CARTESIAN_POINT('',(0.17575,-0.04675,0.00501));
#9688=CARTESIAN_POINT('',(0.17535,-0.04675,0.00501));
#9689=CARTESIAN_POINT('',(0.18337,-0.04675,0.00501));
#9690=CARTESIAN_POINT('',(0.18297,-0.04675,0.00501));
#9691=CARTESIAN_POINT('',(0.023,-0.023,0.00501));
#9692=CARTESIAN_POINT('',(0.15547875,-0.023,0.00501));
#9693=CARTESIAN_POINT('',(0.1900325,-0.023,0.0050099999999999));
#9694=CARTESIAN_POINT('',(0.1900325,-0.09,0.00501));
#9695=CARTESIAN_POINT('',(0.1900325,-0.0522375,0.0050099999999999));
#9696=CARTESIAN_POINT('',(0.2425,-0.0522375,0.00501));
#9697=CARTESIAN_POINT('',(0.180825,-0.0522375,0.0050099999999999));
#9698=CARTESIAN_POINT('',(0.180825,-0.09,0.00501));
#9699=CARTESIAN_POINT('',(0.180825,-0.07635,0.0050099999999999));
#9700=CARTESIAN_POINT('',(0.2425,-0.07635,0.00501));
#9701=CARTESIAN_POINT('',(0.19035,-0.07635,0.0050099999999999));
#9702=CARTESIAN_POINT('',(0.19035,-0.09,0.00501));
#9703=CARTESIAN_POINT('',(0.19035,-0.0951,0.0050099999999999));
#9704=CARTESIAN_POINT('',(0.2425,-0.0951,0.00501));
#9705=CARTESIAN_POINT('',(0.1760625,-0.0951,0.0050099999999999));
#9706=CARTESIAN_POINT('',(0.1760625,-0.09,0.00501));
#9707=CARTESIAN_POINT('',(0.1760625,-0.11445,0.0050099999999999));
#9708=CARTESIAN_POINT('',(0.2425,-0.11445,0.00501));
#9709=CARTESIAN_POINT('',(0.1855875,-0.11445,0.0050099999999999));
#9710=CARTESIAN_POINT('',(0.1855875,-0.09,0.00501));
#9711=CARTESIAN_POINT('',(0.1855875,-0.1332,0.0050099999999999));
#9712=CARTESIAN_POINT('',(0.2425,-0.1332,0.00501));
#9713=CARTESIAN_POINT('',(0.1760625,-0.1332,0.0050099999999999));
#9714=CARTESIAN_POINT('',(0.1760625,-0.09,0.00501));
#9715=CARTESIAN_POINT('',(0.1760625,-0.146125,0.00501));
#9716=CARTESIAN_POINT('',(0.186346875,-0.146125,0.00501));
#9717=CARTESIAN_POINT('',(0.16654375,-0.146125,0.00501));
#9718=CARTESIAN_POINT('',(0.16654375,-0.141,0.00501));
#9719=CARTESIAN_POINT('',(0.16654375,-0.135875,0.00501));
#9720=CARTESIAN_POINT('',(0.15954375,-0.135875,0.00501));
#9721=CARTESIAN_POINT('',(0.15254375,-0.135875,0.00501));
#9722=CARTESIAN_POINT('',(0.15254375,-0.141,0.00501));
#9723=CARTESIAN_POINT('',(0.15254375,-0.146125,0.00501));
#9724=CARTESIAN_POINT('',(0.132740625,-0.146125,0.00501));
#9725=CARTESIAN_POINT('',(0.1129375,-0.146125,0.00501));
#9726=CARTESIAN_POINT('',(0.1129375,-0.141,0.00501));
#9727=CARTESIAN_POINT('',(0.1129375,-0.135875,0.00501));
#9728=CARTESIAN_POINT('',(0.1095375,-0.135875,0.00501));
#9729=CARTESIAN_POINT('',(0.111061426179314,-0.135875,0.00501));
#9730=CARTESIAN_POINT('',(0.1095375,-0.13589,0.00501));
#9731=CARTESIAN_POINT('',(0.108013573820685,-0.135875,0.00501));
#9732=CARTESIAN_POINT('',(0.1095375,-0.135875,0.00501));
#9733=CARTESIAN_POINT('',(0.1061375,-0.135875,0.00501));
#9734=CARTESIAN_POINT('',(0.1061375,-0.1505,0.00501));
#9735=CARTESIAN_POINT('',(0.1061375,-0.151125,0.00501));
#9736=CARTESIAN_POINT('',(0.15954375,-0.151125,0.00501));
#9737=CARTESIAN_POINT('',(0.107543606269131,-0.151125,0.00501));
#9738=CARTESIAN_POINT('',(0.1095375,-0.15113,0.00501));
#9739=CARTESIAN_POINT('',(0.111531393730869,-0.151125,0.00501));
#9740=CARTESIAN_POINT('',(0.15954375,-0.151125,0.00501));
#9741=CARTESIAN_POINT('',(0.154360805890929,-0.151125,0.00501));
#9742=CARTESIAN_POINT('',(0.1545,-0.1515,0.00501));
#9743=CARTESIAN_POINT('',(0.154639194109071,-0.151125,0.00501));
#9744=CARTESIAN_POINT('',(0.15954375,-0.151125,0.00501));
#9745=CARTESIAN_POINT('',(0.161980805890929,-0.151125,0.00501));
#9746=CARTESIAN_POINT('',(0.16212,-0.1515,0.00501));
#9747=CARTESIAN_POINT('',(0.162259194109071,-0.151125,0.00501));
#9748=CARTESIAN_POINT('',(0.15954375,-0.151125,0.00501));
#9749=CARTESIAN_POINT('',(0.1760625,-0.151125,0.00501));
#9750=CARTESIAN_POINT('',(0.1760625,-0.09,0.00501));
#9751=CARTESIAN_POINT('',(0.06276875,-0.159,0.00501));
#9752=CARTESIAN_POINT('',(0.06076875,-0.159,0.00501));
#9753=CARTESIAN_POINT('',(0.06076875,-0.16,0.00501));
#9754=CARTESIAN_POINT('',(0.06076875,-0.163,0.00501));
#9755=CARTESIAN_POINT('',(0.05476875,-0.163,0.00501));
#9756=CARTESIAN_POINT('',(0.04876875,-0.163,0.00501));
#9757=CARTESIAN_POINT('',(0.04876875,-0.16,0.00501));
#9758=CARTESIAN_POINT('',(0.04876875,-0.159,0.00501));
#9759=CARTESIAN_POINT('',(0.04676875,-0.159,0.00501));
#9760=CARTESIAN_POINT('',(0.04676875,-0.157,0.00501));
#9761=CARTESIAN_POINT('',(0.462,-0.157,0.00501));
#9762=CARTESIAN_POINT('',(0.023,-0.157,0.00501));
#9763=CARTESIAN_POINT('',(0.023,-0.157,0.00501));
#9764=CARTESIAN_POINT('',(0.023,-0.023,0.00501));
#9765=CARTESIAN_POINT('',(0.023,-0.023,0.00501));
#9766=CARTESIAN_POINT('',(0.04915,-0.023,0.00501));
#9767=CARTESIAN_POINT('',(0.04915,-0.021,0.00501));
#9768=CARTESIAN_POINT('',(0.05115,-0.021,0.00501));
#9769=CARTESIAN_POINT('',(0.05115,-0.02,0.00501));
#9770=CARTESIAN_POINT('',(0.05115,-0.017,0.00501));
#9771=CARTESIAN_POINT('',(0.05715,-0.017,0.00501));
#9772=CARTESIAN_POINT('',(0.06315,-0.017,0.00501));
#9773=CARTESIAN_POINT('',(0.06315,-0.02,0.00501));
#9774=CARTESIAN_POINT('',(0.06315,-0.021,0.00501));
#9775=CARTESIAN_POINT('',(0.06515,-0.021,0.00501));
#9776=CARTESIAN_POINT('',(0.06515,-0.023,0.00501));
#9777=CARTESIAN_POINT('',(0.023,-0.023,0.00501));
#9778=CARTESIAN_POINT('',(0.13947875,-0.023,0.00501));
#9779=CARTESIAN_POINT('',(0.13947875,-0.021,0.00501));
#9780=CARTESIAN_POINT('',(0.14147875,-0.021,0.00501));
#9781=CARTESIAN_POINT('',(0.14147875,-0.02,0.00501));
#9782=CARTESIAN_POINT('',(0.14147875,-0.017,0.00501));
#9783=CARTESIAN_POINT('',(0.14747875,-0.017,0.00501));
#9784=CARTESIAN_POINT('',(0.15347875,-0.017,0.00501));
#9785=CARTESIAN_POINT('',(0.15347875,-0.02,0.00501));
#9786=CARTESIAN_POINT('',(0.15347875,-0.021,0.00501));
#9787=CARTESIAN_POINT('',(0.15547875,-0.021,0.00501));
#9788=CARTESIAN_POINT('',(0.0834875,-0.142875,0.00501));
#9789=CARTESIAN_POINT('',(0.0834875,-0.135875,0.00501));
#9790=CARTESIAN_POINT('',(0.0834875,-0.149875,0.00501));
#9791=CARTESIAN_POINT('',(0.0904875,-0.149875,0.00501));
#9792=CARTESIAN_POINT('',(0.0974875,-0.149875,0.00501));
#9793=CARTESIAN_POINT('',(0.0974875,-0.142875,0.00501));
#9794=CARTESIAN_POINT('',(0.0974875,-0.135875,0.00501));
#9795=CARTESIAN_POINT('',(0.0904875,-0.135875,0.00501));
#9796=CARTESIAN_POINT('',(0.059675,-0.142875,0.00501));
#9797=CARTESIAN_POINT('',(0.059675,-0.135875,0.00501));
#9798=CARTESIAN_POINT('',(0.059675,-0.149875,0.00501));
#9799=CARTESIAN_POINT('',(0.066675,-0.149875,0.00501));
#9800=CARTESIAN_POINT('',(0.073675,-0.149875,0.00501));
#9801=CARTESIAN_POINT('',(0.073675,-0.142875,0.00501));
#9802=CARTESIAN_POINT('',(0.073675,-0.135875,0.00501));
#9803=CARTESIAN_POINT('',(0.066675,-0.135875,0.00501));
#9804=CARTESIAN_POINT('',(0.0428625,-0.135875,0.00501));
#9805=CARTESIAN_POINT('',(0.0498625,-0.135875,0.00501));
#9806=CARTESIAN_POINT('',(0.0358625,-0.135875,0.00501));
#9807=CARTESIAN_POINT('',(0.0358625,-0.142875,0.00501));
#9808=CARTESIAN_POINT('',(0.0358625,-0.149875,0.00501));
#9809=CARTESIAN_POINT('',(0.0428625,-0.149875,0.00501));
#9810=CARTESIAN_POINT('',(0.0498625,-0.149875,0.00501));
#9811=CARTESIAN_POINT('',(0.0498625,-0.142875,0.00501));
#9812=CARTESIAN_POINT('',(0.0428625,-0.078725,0.00501));
#9813=CARTESIAN_POINT('',(0.0498625,-0.078725,0.00501));
#9814=CARTESIAN_POINT('',(0.0358625,-0.078725,0.00501));
#9815=CARTESIAN_POINT('',(0.0358625,-0.085725,0.00501));
#9816=CARTESIAN_POINT('',(0.0358625,-0.092725,0.00501));
#9817=CARTESIAN_POINT('',(0.0428625,-0.092725,0.00501));
#9818=CARTESIAN_POINT('',(0.0498625,-0.092725,0.00501));
#9819=CARTESIAN_POINT('',(0.0498625,-0.085725,0.00501));
#9820=CARTESIAN_POINT('',(0.1571625,-0.130825,0.00501));
#9821=CARTESIAN_POINT('',(0.1641625,-0.130825,0.00501));
#9822=CARTESIAN_POINT('',(0.1501625,-0.130825,0.00501));
#9823=CARTESIAN_POINT('',(0.1641625,-0.123825,0.00501));
#9824=CARTESIAN_POINT('',(0.1641625,-0.116825,0.00501));
#9825=CARTESIAN_POINT('',(0.1571625,-0.116825,0.00501));
#9826=CARTESIAN_POINT('',(0.1501625,-0.116825,0.00501));
#9827=CARTESIAN_POINT('',(0.1501625,-0.123825,0.00501));
#9828=CARTESIAN_POINT('',(0.1190625,-0.130825,0.00501));
#9829=CARTESIAN_POINT('',(0.1260625,-0.130825,0.00501));
#9830=CARTESIAN_POINT('',(0.1120625,-0.130825,0.00501));
#9831=CARTESIAN_POINT('',(0.1260625,-0.123825,0.00501));
#9832=CARTESIAN_POINT('',(0.1260625,-0.116825,0.00501));
#9833=CARTESIAN_POINT('',(0.1190625,-0.116825,0.00501));
#9834=CARTESIAN_POINT('',(0.1120625,-0.116825,0.00501));
#9835=CARTESIAN_POINT('',(0.1120625,-0.123825,0.00501));
#9836=CARTESIAN_POINT('',(0.0879625,-0.123825,0.00501));
#9837=CARTESIAN_POINT('',(0.0879625,-0.130825,0.00501));
#9838=CARTESIAN_POINT('',(0.0879625,-0.116825,0.00501));
#9839=CARTESIAN_POINT('',(0.0809625,-0.116825,0.00501));
#9840=CARTESIAN_POINT('',(0.0739625,-0.116825,0.00501));
#9841=CARTESIAN_POINT('',(0.0739625,-0.123825,0.00501));
#9842=CARTESIAN_POINT('',(0.0739625,-0.130825,0.00501));
#9843=CARTESIAN_POINT('',(0.0809625,-0.130825,0.00501));
#9844=CARTESIAN_POINT('',(0.1596875,-0.104775,0.00501));
#9845=CARTESIAN_POINT('',(0.1596875,-0.097775,0.00501));
#9846=CARTESIAN_POINT('',(0.1596875,-0.111775,0.00501));
#9847=CARTESIAN_POINT('',(0.1666875,-0.111775,0.00501));
#9848=CARTESIAN_POINT('',(0.1736875,-0.111775,0.00501));
#9849=CARTESIAN_POINT('',(0.1736875,-0.104775,0.00501));
#9850=CARTESIAN_POINT('',(0.1736875,-0.097775,0.00501));
#9851=CARTESIAN_POINT('',(0.1666875,-0.097775,0.00501));
#9852=CARTESIAN_POINT('',(0.1406375,-0.104775,0.00501));
#9853=CARTESIAN_POINT('',(0.1406375,-0.097775,0.00501));
#9854=CARTESIAN_POINT('',(0.1406375,-0.111775,0.00501));
#9855=CARTESIAN_POINT('',(0.1476375,-0.111775,0.00501));
#9856=CARTESIAN_POINT('',(0.1546375,-0.111775,0.00501));
#9857=CARTESIAN_POINT('',(0.1546375,-0.104775,0.00501));
#9858=CARTESIAN_POINT('',(0.1546375,-0.097775,0.00501));
#9859=CARTESIAN_POINT('',(0.1476375,-0.097775,0.00501));
#9860=CARTESIAN_POINT('',(0.1215875,-0.104775,0.00501));
#9861=CARTESIAN_POINT('',(0.1215875,-0.097775,0.00501));
#9862=CARTESIAN_POINT('',(0.1215875,-0.111775,0.00501));
#9863=CARTESIAN_POINT('',(0.1285875,-0.111775,0.00501));
#9864=CARTESIAN_POINT('',(0.1355875,-0.111775,0.00501));
#9865=CARTESIAN_POINT('',(0.1355875,-0.104775,0.00501));
#9866=CARTESIAN_POINT('',(0.1355875,-0.097775,0.00501));
#9867=CARTESIAN_POINT('',(0.1285875,-0.097775,0.00501));
#9868=CARTESIAN_POINT('',(0.1025375,-0.104775,0.00501));
#9869=CARTESIAN_POINT('',(0.1025375,-0.097775,0.00501));
#9870=CARTESIAN_POINT('',(0.1025375,-0.111775,0.00501));
#9871=CARTESIAN_POINT('',(0.1095375,-0.111775,0.00501));
#9872=CARTESIAN_POINT('',(0.1165375,-0.111775,0.00501));
#9873=CARTESIAN_POINT('',(0.1165375,-0.104775,0.00501));
#9874=CARTESIAN_POINT('',(0.1165375,-0.097775,0.00501));
#9875=CARTESIAN_POINT('',(0.1095375,-0.097775,0.00501));
#9876=CARTESIAN_POINT('',(0.0834875,-0.104775,0.00501));
#9877=CARTESIAN_POINT('',(0.0834875,-0.097775,0.00501));
#9878=CARTESIAN_POINT('',(0.0834875,-0.111775,0.00501));
#9879=CARTESIAN_POINT('',(0.0904875,-0.111775,0.00501));
#9880=CARTESIAN_POINT('',(0.0974875,-0.111775,0.00501));
#9881=CARTESIAN_POINT('',(0.0974875,-0.104775,0.00501));
#9882=CARTESIAN_POINT('',(0.0974875,-0.097775,0.00501));
#9883=CARTESIAN_POINT('',(0.0904875,-0.097775,0.00501));
#9884=CARTESIAN_POINT('',(0.0714375,-0.097775,0.00501));
#9885=CARTESIAN_POINT('',(0.0784375,-0.097775,0.00501));
#9886=CARTESIAN_POINT('',(0.0644375,-0.097775,0.00501));
#9887=CARTESIAN_POINT('',(0.0644375,-0.104775,0.00501));
#9888=CARTESIAN_POINT('',(0.0644375,-0.111775,0.00501));
#9889=CARTESIAN_POINT('',(0.0714375,-0.111775,0.00501));
#9890=CARTESIAN_POINT('',(0.0784375,-0.111775,0.00501));
#9891=CARTESIAN_POINT('',(0.0784375,-0.104775,0.00501));
#9892=CARTESIAN_POINT('',(0.12635,-0.0381,0.00501));
#9893=CARTESIAN_POINT('',(0.12635,-0.0311,0.00501));
#9894=CARTESIAN_POINT('',(0.12635,-0.0451,0.00501));
#9895=CARTESIAN_POINT('',(0.13335,-0.0451,0.00501));
#9896=CARTESIAN_POINT('',(0.14035,-0.0451,0.00501));
#9897=CARTESIAN_POINT('',(0.14035,-0.0381,0.00501));
#9898=CARTESIAN_POINT('',(0.14035,-0.0311,0.00501));
#9899=CARTESIAN_POINT('',(0.13335,-0.0311,0.00501));
#9900=CARTESIAN_POINT('',(0.1073,-0.0381,0.00501));
#9901=CARTESIAN_POINT('',(0.1073,-0.0311,0.00501));
#9902=CARTESIAN_POINT('',(0.1073,-0.0451,0.00501));
#9903=CARTESIAN_POINT('',(0.1143,-0.0451,0.00501));
#9904=CARTESIAN_POINT('',(0.1213,-0.0451,0.00501));
#9905=CARTESIAN_POINT('',(0.1213,-0.0381,0.00501));
#9906=CARTESIAN_POINT('',(0.1213,-0.0311,0.00501));
#9907=CARTESIAN_POINT('',(0.1143,-0.0311,0.00501));
#9908=CARTESIAN_POINT('',(0.08825,-0.0381,0.00501));
#9909=CARTESIAN_POINT('',(0.08825,-0.0311,0.00501));
#9910=CARTESIAN_POINT('',(0.08825,-0.0451,0.00501));
#9911=CARTESIAN_POINT('',(0.09525,-0.0451,0.00501));
#9912=CARTESIAN_POINT('',(0.10225,-0.0451,0.00501));
#9913=CARTESIAN_POINT('',(0.10225,-0.0381,0.00501));
#9914=CARTESIAN_POINT('',(0.10225,-0.0311,0.00501));
#9915=CARTESIAN_POINT('',(0.09525,-0.0311,0.00501));
#9916=CARTESIAN_POINT('',(0.173975,-0.085725,0.00501));
#9917=CARTESIAN_POINT('',(0.173975,-0.078725,0.00501));
#9918=CARTESIAN_POINT('',(0.173975,-0.092725,0.00501));
#9919=CARTESIAN_POINT('',(0.180975,-0.092725,0.00501));
#9920=CARTESIAN_POINT('',(0.187975,-0.092725,0.00501));
#9921=CARTESIAN_POINT('',(0.187975,-0.085725,0.00501));
#9922=CARTESIAN_POINT('',(0.187975,-0.078725,0.00501));
#9923=CARTESIAN_POINT('',(0.180975,-0.078725,0.00501));
#9924=CARTESIAN_POINT('',(0.154925,-0.085725,0.00501));
#9925=CARTESIAN_POINT('',(0.154925,-0.078725,0.00501));
#9926=CARTESIAN_POINT('',(0.154925,-0.092725,0.00501));
#9927=CARTESIAN_POINT('',(0.161925,-0.092725,0.00501));
#9928=CARTESIAN_POINT('',(0.168925,-0.092725,0.00501));
#9929=CARTESIAN_POINT('',(0.168925,-0.085725,0.00501));
#9930=CARTESIAN_POINT('',(0.168925,-0.078725,0.00501));
#9931=CARTESIAN_POINT('',(0.161925,-0.078725,0.00501));
#9932=CARTESIAN_POINT('',(0.135875,-0.085725,0.00501));
#9933=CARTESIAN_POINT('',(0.135875,-0.078725,0.00501));
#9934=CARTESIAN_POINT('',(0.135875,-0.092725,0.00501));
#9935=CARTESIAN_POINT('',(0.142875,-0.092725,0.00501));
#9936=CARTESIAN_POINT('',(0.149875,-0.092725,0.00501));
#9937=CARTESIAN_POINT('',(0.149875,-0.085725,0.00501));
#9938=CARTESIAN_POINT('',(0.149875,-0.078725,0.00501));
#9939=CARTESIAN_POINT('',(0.142875,-0.078725,0.00501));
#9940=CARTESIAN_POINT('',(0.116825,-0.085725,0.00501));
#9941=CARTESIAN_POINT('',(0.116825,-0.078725,0.00501));
#9942=CARTESIAN_POINT('',(0.116825,-0.092725,0.00501));
#9943=CARTESIAN_POINT('',(0.123825,-0.092725,0.00501));
#9944=CARTESIAN_POINT('',(0.130825,-0.092725,0.00501));
#9945=CARTESIAN_POINT('',(0.130825,-0.085725,0.00501));
#9946=CARTESIAN_POINT('',(0.130825,-0.078725,0.00501));
#9947=CARTESIAN_POINT('',(0.123825,-0.078725,0.00501));
#9948=CARTESIAN_POINT('',(0.097775,-0.085725,0.00501));
#9949=CARTESIAN_POINT('',(0.097775,-0.078725,0.00501));
#9950=CARTESIAN_POINT('',(0.097775,-0.092725,0.00501));
#9951=CARTESIAN_POINT('',(0.104775,-0.092725,0.00501));
#9952=CARTESIAN_POINT('',(0.111775,-0.092725,0.00501));
#9953=CARTESIAN_POINT('',(0.111775,-0.085725,0.00501));
#9954=CARTESIAN_POINT('',(0.111775,-0.078725,0.00501));
#9955=CARTESIAN_POINT('',(0.104775,-0.078725,0.00501));
#9956=CARTESIAN_POINT('',(0.078725,-0.085725,0.00501));
#9957=CARTESIAN_POINT('',(0.078725,-0.078725,0.00501));
#9958=CARTESIAN_POINT('',(0.078725,-0.092725,0.00501));
#9959=CARTESIAN_POINT('',(0.085725,-0.092725,0.00501));
#9960=CARTESIAN_POINT('',(0.092725,-0.092725,0.00501));
#9961=CARTESIAN_POINT('',(0.092725,-0.085725,0.00501));
#9962=CARTESIAN_POINT('',(0.092725,-0.078725,0.00501));
#9963=CARTESIAN_POINT('',(0.085725,-0.078725,0.00501));
#9964=CARTESIAN_POINT('',(0.066675,-0.078725,0.00501));
#9965=CARTESIAN_POINT('',(0.073675,-0.078725,0.00501));
#9966=CARTESIAN_POINT('',(0.059675,-0.078725,0.00501));
#9967=CARTESIAN_POINT('',(0.059675,-0.085725,0.00501));
#9968=CARTESIAN_POINT('',(0.059675,-0.092725,0.00501));
#9969=CARTESIAN_POINT('',(0.066675,-0.092725,0.00501));
#9970=CARTESIAN_POINT('',(0.073675,-0.092725,0.00501));
#9971=CARTESIAN_POINT('',(0.073675,-0.085725,0.00501));
#9972=CARTESIAN_POINT('',(0.0762,-0.0311,0.00501));
#9973=CARTESIAN_POINT('',(0.0832,-0.0311,0.00501));
#9974=CARTESIAN_POINT('',(0.0692,-0.0311,0.00501));
#9975=CARTESIAN_POINT('',(0.0692,-0.0381,0.00501));
#9976=CARTESIAN_POINT('',(0.0692,-0.0451,0.00501));
#9977=CARTESIAN_POINT('',(0.0762,-0.0451,0.00501));
#9978=CARTESIAN_POINT('',(0.0832,-0.0451,0.00501));
#9979=CARTESIAN_POINT('',(0.0832,-0.0381,0.00501));
#9980=CARTESIAN_POINT('',(0.0381,-0.0311,0.00651));
#9981=CARTESIAN_POINT('',(0.0451,-0.0311,0.00651));
#9982=CARTESIAN_POINT('',(0.0311,-0.0311,0.00651));
#9983=CARTESIAN_POINT('',(0.0451,-0.0381,0.00651));
#9984=CARTESIAN_POINT('',(0.0451,-0.0451,0.00651));
#9985=CARTESIAN_POINT('',(0.0381,-0.0451,0.00651));
#9986=CARTESIAN_POINT('',(0.0311,-0.0451,0.00651));
#9987=CARTESIAN_POINT('',(0.0381,-0.059675,0.00651));
#9988=CARTESIAN_POINT('',(0.0451,-0.059675,0.00651));
#9989=CARTESIAN_POINT('',(0.0311,-0.059675,0.00651));
#9990=CARTESIAN_POINT('',(0.0451,-0.066675,0.00651));
#9991=CARTESIAN_POINT('',(0.0451,-0.073675,0.00651));
#9992=CARTESIAN_POINT('',(0.0381,-0.073675,0.00651));
#9993=CARTESIAN_POINT('',(0.0311,-0.073675,0.00651));
#9994=CARTESIAN_POINT('',(0.05015,-0.066675,0.00651));
#9995=CARTESIAN_POINT('',(0.05015,-0.059675,0.00651));
#9996=CARTESIAN_POINT('',(0.05015,-0.073675,0.00651));
#9997=CARTESIAN_POINT('',(0.05715,-0.059675,0.00651));
#9998=CARTESIAN_POINT('',(0.06415,-0.059675,0.00651));
#9999=CARTESIAN_POINT('',(0.06415,-0.066675,0.00651));
#10000=CARTESIAN_POINT('',(0.06415,-0.073675,0.00651));
#10001=CARTESIAN_POINT('',(0.0692,-0.066675,0.00651));
#10002=CARTESIAN_POINT('',(0.0692,-0.059675,0.00651));
#10003=CARTESIAN_POINT('',(0.0692,-0.073675,0.00651));
#10004=CARTESIAN_POINT('',(0.0762,-0.059675,0.00651));
#10005=CARTESIAN_POINT('',(0.0832,-0.059675,0.00651));
#10006=CARTESIAN_POINT('',(0.0832,-0.066675,0.00651));
#10007=CARTESIAN_POINT('',(0.0832,-0.073675,0.00651));
#10008=CARTESIAN_POINT('',(0.08825,-0.066675,0.00651));
#10009=CARTESIAN_POINT('',(0.08825,-0.059675,0.00651));
#10010=CARTESIAN_POINT('',(0.08825,-0.073675,0.00651));
#10011=CARTESIAN_POINT('',(0.09525,-0.059675,0.00651));
#10012=CARTESIAN_POINT('',(0.10225,-0.059675,0.00651));
#10013=CARTESIAN_POINT('',(0.10225,-0.066675,0.00651));
#10014=CARTESIAN_POINT('',(0.10225,-0.073675,0.00651));
#10015=CARTESIAN_POINT('',(0.1073,-0.066675,0.00651));
#10016=CARTESIAN_POINT('',(0.1073,-0.059675,0.00651));
#10017=CARTESIAN_POINT('',(0.1073,-0.073675,0.00651));
#10018=CARTESIAN_POINT('',(0.1143,-0.059675,0.00651));
#10019=CARTESIAN_POINT('',(0.1213,-0.059675,0.00651));
#10020=CARTESIAN_POINT('',(0.1213,-0.066675,0.00651));
#10021=CARTESIAN_POINT('',(0.1213,-0.073675,0.00651));
#10022=CARTESIAN_POINT('',(0.12635,-0.066675,0.00651));
#10023=CARTESIAN_POINT('',(0.12635,-0.059675,0.00651));
#10024=CARTESIAN_POINT('',(0.12635,-0.073675,0.00651));
#10025=CARTESIAN_POINT('',(0.13335,-0.059675,0.00651));
#10026=CARTESIAN_POINT('',(0.14035,-0.059675,0.00651));
#10027=CARTESIAN_POINT('',(0.14035,-0.066675,0.00651));
#10028=CARTESIAN_POINT('',(0.14035,-0.073675,0.00651));
#10029=CARTESIAN_POINT('',(0.1454,-0.066675,0.00651));
#10030=CARTESIAN_POINT('',(0.1454,-0.059675,0.00651));
#10031=CARTESIAN_POINT('',(0.1454,-0.073675,0.00651));
#10032=CARTESIAN_POINT('',(0.1524,-0.059675,0.00651));
#10033=CARTESIAN_POINT('',(0.1594,-0.059675,0.00651));
#10034=CARTESIAN_POINT('',(0.1594,-0.066675,0.00651));
#10035=CARTESIAN_POINT('',(0.1594,-0.073675,0.00651));
#10036=CARTESIAN_POINT('',(0.16445,-0.066675,0.00651));
#10037=CARTESIAN_POINT('',(0.16445,-0.059675,0.00651));
#10038=CARTESIAN_POINT('',(0.16445,-0.073675,0.00651));
#10039=CARTESIAN_POINT('',(0.17145,-0.059675,0.00651));
#10040=CARTESIAN_POINT('',(0.17845,-0.059675,0.00651));
#10041=CARTESIAN_POINT('',(0.17845,-0.066675,0.00651));
#10042=CARTESIAN_POINT('',(0.17845,-0.073675,0.00651));
#10043=CARTESIAN_POINT('',(0.1616075,-0.0311,0.00651));
#10044=CARTESIAN_POINT('',(0.1686075,-0.0311,0.00651));
#10045=CARTESIAN_POINT('',(0.1546075,-0.0311,0.00651));
#10046=CARTESIAN_POINT('',(0.1686075,-0.0381,0.00651));
#10047=CARTESIAN_POINT('',(0.1686075,-0.0451,0.00651));
#10048=CARTESIAN_POINT('',(0.1616075,-0.0451,0.00651));
#10049=CARTESIAN_POINT('',(0.1546075,-0.0451,0.00651));
#10050=CARTESIAN_POINT('',(0.1736575,-0.0381,0.00651));
#10051=CARTESIAN_POINT('',(0.1736575,-0.0311,0.00651));
#10052=CARTESIAN_POINT('',(0.1736575,-0.0451,0.00651));
#10053=CARTESIAN_POINT('',(0.1806575,-0.0311,0.00651));
#10054=CARTESIAN_POINT('',(0.1876575,-0.0311,0.00651));
#10055=CARTESIAN_POINT('',(0.1876575,-0.0381,0.00651));
#10056=CARTESIAN_POINT('',(0.1876575,-0.0451,0.00651));
#10057=CARTESIAN_POINT('',(0.1000125,-0.130825,0.00651));
#10058=CARTESIAN_POINT('',(0.0930125,-0.130825,0.00651));
#10059=CARTESIAN_POINT('',(0.1070125,-0.130825,0.00651));
#10060=CARTESIAN_POINT('',(0.0930125,-0.123825,0.00651));
#10061=CARTESIAN_POINT('',(0.0930125,-0.116825,0.00651));
#10062=CARTESIAN_POINT('',(0.1000125,-0.116825,0.00651));
#10063=CARTESIAN_POINT('',(0.1070125,-0.116825,0.00651));
#10064=CARTESIAN_POINT('',(0.1381125,-0.130825,0.00651));
#10065=CARTESIAN_POINT('',(0.1311125,-0.130825,0.00651));
#10066=CARTESIAN_POINT('',(0.1451125,-0.130825,0.00651));
#10067=CARTESIAN_POINT('',(0.1311125,-0.123825,0.00651));
#10068=CARTESIAN_POINT('',(0.1311125,-0.116825,0.00651));
#10069=CARTESIAN_POINT('',(0.1381125,-0.116825,0.00651));
#10070=CARTESIAN_POINT('',(0.1451125,-0.116825,0.00651));
#10071=CARTESIAN_POINT('',(0.1762125,-0.130825,0.00651));
#10072=CARTESIAN_POINT('',(0.1692125,-0.130825,0.00651));
#10073=CARTESIAN_POINT('',(0.1832125,-0.130825,0.00651));
#10074=CARTESIAN_POINT('',(0.1692125,-0.123825,0.00651));
#10075=CARTESIAN_POINT('',(0.1692125,-0.116825,0.00651));
#10076=CARTESIAN_POINT('',(0.1762125,-0.116825,0.00651));
#10077=CARTESIAN_POINT('',(0.1832125,-0.116825,0.00651));
#10078=CARTESIAN_POINT('',(0.04524375,-0.097775,0.00651));
#10079=CARTESIAN_POINT('',(0.05224375,-0.097775,0.00651));
#10080=CARTESIAN_POINT('',(0.03824375,-0.097775,0.00651));
#10081=CARTESIAN_POINT('',(0.05224375,-0.104775,0.00651));
#10082=CARTESIAN_POINT('',(0.05224375,-0.111775,0.00651));
#10083=CARTESIAN_POINT('',(0.04524375,-0.111775,0.00651));
#10084=CARTESIAN_POINT('',(0.03824375,-0.111775,0.00651));
#10085=CARTESIAN_POINT('',(0.05000625,-0.116825,0.00651));
#10086=CARTESIAN_POINT('',(0.05700625,-0.116825,0.00651));
#10087=CARTESIAN_POINT('',(0.04300625,-0.116825,0.00651));
#10088=CARTESIAN_POINT('',(0.05700625,-0.12195,0.00651));
#10089=CARTESIAN_POINT('',(0.05700625,-0.127075,0.00651));
#10090=CARTESIAN_POINT('',(0.057759375,-0.127075,0.00651));
#10091=CARTESIAN_POINT('',(0.0585125,-0.127075,0.00651));
#10092=CARTESIAN_POINT('',(0.0585125,-0.12195,0.00651));
#10093=CARTESIAN_POINT('',(0.0585125,-0.116825,0.00651));
#10094=CARTESIAN_POINT('',(0.0619125,-0.116825,0.00651));
#10095=CARTESIAN_POINT('',(0.0603885738206855,-0.116825,0.00651));
#10096=CARTESIAN_POINT('',(0.0619125,-0.11684,0.00651));
#10097=CARTESIAN_POINT('',(0.0634364261793145,-0.116825,0.00651));
#10098=CARTESIAN_POINT('',(0.0619125,-0.116825,0.00651));
#10099=CARTESIAN_POINT('',(0.0653125,-0.116825,0.00651));
#10100=CARTESIAN_POINT('',(0.0653125,-0.12195,0.00651));
#10101=CARTESIAN_POINT('',(0.0653125,-0.132075,0.00651));
#10102=CARTESIAN_POINT('',(0.05000625,-0.132075,0.00651));
#10103=CARTESIAN_POINT('',(0.0639063937308693,-0.132075,0.00651));
#10104=CARTESIAN_POINT('',(0.0619125,-0.13208,0.00651));
#10105=CARTESIAN_POINT('',(0.0599186062691307,-0.132075,0.00651));
#10106=CARTESIAN_POINT('',(0.05000625,-0.132075,0.00651));
#10107=CARTESIAN_POINT('',(0.0400938937308693,-0.132075,0.00651));
#10108=CARTESIAN_POINT('',(0.0381,-0.13208,0.00651));
#10109=CARTESIAN_POINT('',(0.0361061062691307,-0.132075,0.00651));
#10110=CARTESIAN_POINT('',(0.05000625,-0.132075,0.00651));
#10111=CARTESIAN_POINT('',(0.0347,-0.132075,0.00651));
#10112=CARTESIAN_POINT('',(0.0347,-0.13145,0.00651));
#10113=CARTESIAN_POINT('',(0.0347,-0.116825,0.00651));
#10114=CARTESIAN_POINT('',(0.0381,-0.116825,0.00651));
#10115=CARTESIAN_POINT('',(0.0365760738206855,-0.116825,0.00651));
#10116=CARTESIAN_POINT('',(0.0381,-0.11684,0.00651));
#10117=CARTESIAN_POINT('',(0.0396239261793144,-0.116825,0.00651));
#10118=CARTESIAN_POINT('',(0.0381,-0.116825,0.00651));
#10119=CARTESIAN_POINT('',(0.0415,-0.116825,0.00651));
#10120=CARTESIAN_POINT('',(0.0415,-0.12195,0.00651));
#10121=CARTESIAN_POINT('',(0.0415,-0.127075,0.00651));
#10122=CARTESIAN_POINT('',(0.042253125,-0.127075,0.00651));
#10123=CARTESIAN_POINT('',(0.04300625,-0.127075,0.00651));
#10124=CARTESIAN_POINT('',(0.023,-0.023,0.00651));
#10125=CARTESIAN_POINT('',(0.1900325,-0.023,-0.473844554191488));
#10126=CARTESIAN_POINT('',(0.15547875,-0.023,0.00651));
#10127=CARTESIAN_POINT('',(0.15347875,-0.02,0.00651));
#10128=CARTESIAN_POINT('',(0.15347875,-0.021,0.00501));
#10129=CARTESIAN_POINT('',(0.15347875,-0.017,0.00651));
#10130=CARTESIAN_POINT('',(0.14747875,-0.017,0.00651));
#10131=CARTESIAN_POINT('',(0.14147875,-0.017,0.00651));
#10132=CARTESIAN_POINT('',(0.14147875,-0.02,0.00651));
#10133=CARTESIAN_POINT('',(0.14147875,-0.021,0.00651));
#10134=CARTESIAN_POINT('',(0.023,-0.023,0.00651));
#10135=CARTESIAN_POINT('',(0.06515,-0.023,0.00651));
#10136=CARTESIAN_POINT('',(0.13947875,-0.023,0.00651));
#10137=CARTESIAN_POINT('',(0.06315,-0.02,0.00651));
#10138=CARTESIAN_POINT('',(0.06315,-0.021,0.00501));
#10139=CARTESIAN_POINT('',(0.06315,-0.017,0.00651));
#10140=CARTESIAN_POINT('',(0.05715,-0.017,0.00651));
#10141=CARTESIAN_POINT('',(0.05115,-0.017,0.00651));
#10142=CARTESIAN_POINT('',(0.05115,-0.02,0.00651));
#10143=CARTESIAN_POINT('',(0.05115,-0.021,0.00651));
#10144=CARTESIAN_POINT('',(0.023,-0.023,0.00651));
#10145=CARTESIAN_POINT('',(0.04915,-0.023,0.00651));
#10146=CARTESIAN_POINT('',(0.023,-0.023,0.00651));
#10147=CARTESIAN_POINT('',(0.023,-0.157,0.00651));
#10148=CARTESIAN_POINT('',(0.023,-0.157,0.00651));
#10149=CARTESIAN_POINT('',(0.462,-0.157,0.00651));
#10150=CARTESIAN_POINT('',(0.04676875,-0.157,0.00651));
#10151=CARTESIAN_POINT('',(0.04876875,-0.16,0.00651));
#10152=CARTESIAN_POINT('',(0.04876875,-0.159,0.00651));
#10153=CARTESIAN_POINT('',(0.04876875,-0.163,0.00651));
#10154=CARTESIAN_POINT('',(0.05476875,-0.163,0.00651));
#10155=CARTESIAN_POINT('',(0.06076875,-0.163,0.00651));
#10156=CARTESIAN_POINT('',(0.06076875,-0.16,0.00651));
#10157=CARTESIAN_POINT('',(0.06076875,-0.159,0.00651));
#10158=CARTESIAN_POINT('',(0.15954375,-0.135875,0.00651));
#10159=CARTESIAN_POINT('',(0.16654375,-0.135875,0.00651));
#10160=CARTESIAN_POINT('',(0.15254375,-0.135875,0.00651));
#10161=CARTESIAN_POINT('',(0.16654375,-0.141,0.00651));
#10162=CARTESIAN_POINT('',(0.16654375,-0.146125,0.00651));
#10163=CARTESIAN_POINT('',(0.186346875,-0.146125,0.00651));
#10164=CARTESIAN_POINT('',(0.1760625,-0.146125,0.00651));
#10165=CARTESIAN_POINT('',(0.15954375,-0.151125,0.00651));
#10166=CARTESIAN_POINT('',(0.1760625,-0.151125,0.00651));
#10167=CARTESIAN_POINT('',(0.162259194109071,-0.151125,0.00651));
#10168=CARTESIAN_POINT('',(0.16212,-0.1515,0.00651));
#10169=CARTESIAN_POINT('',(0.161980805890929,-0.151125,0.00651));
#10170=CARTESIAN_POINT('',(0.15954375,-0.151125,0.00651));
#10171=CARTESIAN_POINT('',(0.154639194109071,-0.151125,0.00651));
#10172=CARTESIAN_POINT('',(0.1545,-0.1515,0.00651));
#10173=CARTESIAN_POINT('',(0.154360805890929,-0.151125,0.00651));
#10174=CARTESIAN_POINT('',(0.15954375,-0.151125,0.00651));
#10175=CARTESIAN_POINT('',(0.111531393730869,-0.151125,0.00651));
#10176=CARTESIAN_POINT('',(0.1095375,-0.15113,0.00651));
#10177=CARTESIAN_POINT('',(0.107543606269131,-0.151125,0.00651));
#10178=CARTESIAN_POINT('',(0.15954375,-0.151125,0.00651));
#10179=CARTESIAN_POINT('',(0.1061375,-0.151125,0.00651));
#10180=CARTESIAN_POINT('',(0.1061375,-0.1505,0.00651));
#10181=CARTESIAN_POINT('',(0.1061375,-0.135875,0.00651));
#10182=CARTESIAN_POINT('',(0.1095375,-0.135875,0.00651));
#10183=CARTESIAN_POINT('',(0.108013573820685,-0.135875,0.00651));
#10184=CARTESIAN_POINT('',(0.1095375,-0.13589,0.00651));
#10185=CARTESIAN_POINT('',(0.111061426179314,-0.135875,0.00651));
#10186=CARTESIAN_POINT('',(0.1095375,-0.135875,0.00651));
#10187=CARTESIAN_POINT('',(0.1129375,-0.135875,0.00651));
#10188=CARTESIAN_POINT('',(0.1129375,-0.141,0.00651));
#10189=CARTESIAN_POINT('',(0.1129375,-0.146125,0.00651));
#10190=CARTESIAN_POINT('',(0.132740625,-0.146125,0.00651));
#10191=CARTESIAN_POINT('',(0.15254375,-0.146125,0.00651));
#10192=CARTESIAN_POINT('',(0.0834875,-0.142875,0.00651));
#10193=CARTESIAN_POINT('',(0.0834875,-0.135875,0.00651));
#10194=CARTESIAN_POINT('',(0.0834875,-0.149875,0.00651));
#10195=CARTESIAN_POINT('',(0.0904875,-0.135875,0.00651));
#10196=CARTESIAN_POINT('',(0.0974875,-0.135875,0.00651));
#10197=CARTESIAN_POINT('',(0.0974875,-0.142875,0.00651));
#10198=CARTESIAN_POINT('',(0.0974875,-0.149875,0.00651));
#10199=CARTESIAN_POINT('',(0.059675,-0.142875,0.00651));
#10200=CARTESIAN_POINT('',(0.059675,-0.135875,0.00651));
#10201=CARTESIAN_POINT('',(0.059675,-0.149875,0.00651));
#10202=CARTESIAN_POINT('',(0.066675,-0.135875,0.00651));
#10203=CARTESIAN_POINT('',(0.073675,-0.135875,0.00651));
#10204=CARTESIAN_POINT('',(0.073675,-0.142875,0.00651));
#10205=CARTESIAN_POINT('',(0.073675,-0.149875,0.00651));
#10206=CARTESIAN_POINT('',(0.0428625,-0.135875,0.00651));
#10207=CARTESIAN_POINT('',(0.0498625,-0.135875,0.00651));
#10208=CARTESIAN_POINT('',(0.0358625,-0.135875,0.00651));
#10209=CARTESIAN_POINT('',(0.0498625,-0.142875,0.00651));
#10210=CARTESIAN_POINT('',(0.0498625,-0.149875,0.00651));
#10211=CARTESIAN_POINT('',(0.0428625,-0.149875,0.00651));
#10212=CARTESIAN_POINT('',(0.0358625,-0.149875,0.00651));
#10213=CARTESIAN_POINT('',(0.0428625,-0.078725,0.00651));
#10214=CARTESIAN_POINT('',(0.0498625,-0.078725,0.00651));
#10215=CARTESIAN_POINT('',(0.0358625,-0.078725,0.00651));
#10216=CARTESIAN_POINT('',(0.0498625,-0.085725,0.00651));
#10217=CARTESIAN_POINT('',(0.0498625,-0.092725,0.00651));
#10218=CARTESIAN_POINT('',(0.0428625,-0.092725,0.00651));
#10219=CARTESIAN_POINT('',(0.0358625,-0.092725,0.00651));
#10220=CARTESIAN_POINT('',(0.1571625,-0.130825,0.00651));
#10221=CARTESIAN_POINT('',(0.1501625,-0.130825,0.00651));
#10222=CARTESIAN_POINT('',(0.1641625,-0.130825,0.00651));
#10223=CARTESIAN_POINT('',(0.1501625,-0.123825,0.00651));
#10224=CARTESIAN_POINT('',(0.1501625,-0.116825,0.00651));
#10225=CARTESIAN_POINT('',(0.1571625,-0.116825,0.00651));
#10226=CARTESIAN_POINT('',(0.1641625,-0.116825,0.00651));
#10227=CARTESIAN_POINT('',(0.1190625,-0.130825,0.00651));
#10228=CARTESIAN_POINT('',(0.1120625,-0.130825,0.00651));
#10229=CARTESIAN_POINT('',(0.1260625,-0.130825,0.00651));
#10230=CARTESIAN_POINT('',(0.1120625,-0.123825,0.00651));
#10231=CARTESIAN_POINT('',(0.1120625,-0.116825,0.00651));
#10232=CARTESIAN_POINT('',(0.1190625,-0.116825,0.00651));
#10233=CARTESIAN_POINT('',(0.1260625,-0.116825,0.00651));
#10234=CARTESIAN_POINT('',(0.0879625,-0.123825,0.00651));
#10235=CARTESIAN_POINT('',(0.0879625,-0.130825,0.00651));
#10236=CARTESIAN_POINT('',(0.0879625,-0.116825,0.00651));
#10237=CARTESIAN_POINT('',(0.0809625,-0.130825,0.00651));
#10238=CARTESIAN_POINT('',(0.0739625,-0.130825,0.00651));
#10239=CARTESIAN_POINT('',(0.0739625,-0.123825,0.00651));
#10240=CARTESIAN_POINT('',(0.0739625,-0.116825,0.00651));
#10241=CARTESIAN_POINT('',(0.1596875,-0.104775,0.00651));
#10242=CARTESIAN_POINT('',(0.1596875,-0.097775,0.00651));
#10243=CARTESIAN_POINT('',(0.1596875,-0.111775,0.00651));
#10244=CARTESIAN_POINT('',(0.1666875,-0.097775,0.00651));
#10245=CARTESIAN_POINT('',(0.1736875,-0.097775,0.00651));
#10246=CARTESIAN_POINT('',(0.1736875,-0.104775,0.00651));
#10247=CARTESIAN_POINT('',(0.1736875,-0.111775,0.00651));
#10248=CARTESIAN_POINT('',(0.1406375,-0.104775,0.00651));
#10249=CARTESIAN_POINT('',(0.1406375,-0.097775,0.00651));
#10250=CARTESIAN_POINT('',(0.1406375,-0.111775,0.00651));
#10251=CARTESIAN_POINT('',(0.1476375,-0.097775,0.00651));
#10252=CARTESIAN_POINT('',(0.1546375,-0.097775,0.00651));
#10253=CARTESIAN_POINT('',(0.1546375,-0.104775,0.00651));
#10254=CARTESIAN_POINT('',(0.1546375,-0.111775,0.00651));
#10255=CARTESIAN_POINT('',(0.1215875,-0.104775,0.00651));
#10256=CARTESIAN_POINT('',(0.1215875,-0.097775,0.00651));
#10257=CARTESIAN_POINT('',(0.1215875,-0.111775,0.00651));
#10258=CARTESIAN_POINT('',(0.1285875,-0.097775,0.00651));
#10259=CARTESIAN_POINT('',(0.1355875,-0.097775,0.00651));
#10260=CARTESIAN_POINT('',(0.1355875,-0.104775,0.00651));
#10261=CARTESIAN_POINT('',(0.1355875,-0.111775,0.00651));
#10262=CARTESIAN_POINT('',(0.1025375,-0.104775,0.00651));
#10263=CARTESIAN_POINT('',(0.1025375,-0.097775,0.00651));
#10264=CARTESIAN_POINT('',(0.1025375,-0.111775,0.00651));
#10265=CARTESIAN_POINT('',(0.1095375,-0.097775,0.00651));
#10266=CARTESIAN_POINT('',(0.1165375,-0.097775,0.00651));
#10267=CARTESIAN_POINT('',(0.1165375,-0.104775,0.00651));
#10268=CARTESIAN_POINT('',(0.1165375,-0.111775,0.00651));
#10269=CARTESIAN_POINT('',(0.0834875,-0.104775,0.00651));
#10270=CARTESIAN_POINT('',(0.0834875,-0.097775,0.00651));
#10271=CARTESIAN_POINT('',(0.0834875,-0.111775,0.00651));
#10272=CARTESIAN_POINT('',(0.0904875,-0.097775,0.00651));
#10273=CARTESIAN_POINT('',(0.0974875,-0.097775,0.00651));
#10274=CARTESIAN_POINT('',(0.0974875,-0.104775,0.00651));
#10275=CARTESIAN_POINT('',(0.0974875,-0.111775,0.00651));
#10276=CARTESIAN_POINT('',(0.0714375,-0.097775,0.00651));
#10277=CARTESIAN_POINT('',(0.0784375,-0.097775,0.00651));
#10278=CARTESIAN_POINT('',(0.0644375,-0.097775,0.00651));
#10279=CARTESIAN_POINT('',(0.0784375,-0.104775,0.00651));
#10280=CARTESIAN_POINT('',(0.0784375,-0.111775,0.00651));
#10281=CARTESIAN_POINT('',(0.0714375,-0.111775,0.00651));
#10282=CARTESIAN_POINT('',(0.0644375,-0.111775,0.00651));
#10283=CARTESIAN_POINT('',(0.12635,-0.0381,0.00651));
#10284=CARTESIAN_POINT('',(0.12635,-0.0311,0.00651));
#10285=CARTESIAN_POINT('',(0.12635,-0.0451,0.00651));
#10286=CARTESIAN_POINT('',(0.13335,-0.0311,0.00651));
#10287=CARTESIAN_POINT('',(0.14035,-0.0311,0.00651));
#10288=CARTESIAN_POINT('',(0.14035,-0.0381,0.00651));
#10289=CARTESIAN_POINT('',(0.14035,-0.0451,0.00651));
#10290=CARTESIAN_POINT('',(0.1073,-0.0381,0.00651));
#10291=CARTESIAN_POINT('',(0.1073,-0.0311,0.00651));
#10292=CARTESIAN_POINT('',(0.1073,-0.0451,0.00651));
#10293=CARTESIAN_POINT('',(0.1143,-0.0311,0.00651));
#10294=CARTESIAN_POINT('',(0.1213,-0.0311,0.00651));
#10295=CARTESIAN_POINT('',(0.1213,-0.0381,0.00651));
#10296=CARTESIAN_POINT('',(0.1213,-0.0451,0.00651));
#10297=CARTESIAN_POINT('',(0.08825,-0.0381,0.00651));
#10298=CARTESIAN_POINT('',(0.08825,-0.0311,0.00651));
#10299=CARTESIAN_POINT('',(0.08825,-0.0451,0.00651));
#10300=CARTESIAN_POINT('',(0.09525,-0.0311,0.00651));
#10301=CARTESIAN_POINT('',(0.10225,-0.0311,0.00651));
#10302=CARTESIAN_POINT('',(0.10225,-0.0381,0.00651));
#10303=CARTESIAN_POINT('',(0.10225,-0.0451,0.00651));
#10304=CARTESIAN_POINT('',(0.173975,-0.085725,0.00651));
#10305=CARTESIAN_POINT('',(0.173975,-0.078725,0.00651));
#10306=CARTESIAN_POINT('',(0.173975,-0.092725,0.00651));
#10307=CARTESIAN_POINT('',(0.180975,-0.078725,0.00651));
#10308=CARTESIAN_POINT('',(0.187975,-0.078725,0.00651));
#10309=CARTESIAN_POINT('',(0.187975,-0.085725,0.00651));
#10310=CARTESIAN_POINT('',(0.187975,-0.092725,0.00651));
#10311=CARTESIAN_POINT('',(0.154925,-0.085725,0.00651));
#10312=CARTESIAN_POINT('',(0.154925,-0.078725,0.00651));
#10313=CARTESIAN_POINT('',(0.154925,-0.092725,0.00651));
#10314=CARTESIAN_POINT('',(0.161925,-0.078725,0.00651));
#10315=CARTESIAN_POINT('',(0.168925,-0.078725,0.00651));
#10316=CARTESIAN_POINT('',(0.168925,-0.085725,0.00651));
#10317=CARTESIAN_POINT('',(0.168925,-0.092725,0.00651));
#10318=CARTESIAN_POINT('',(0.135875,-0.085725,0.00651));
#10319=CARTESIAN_POINT('',(0.135875,-0.078725,0.00651));
#10320=CARTESIAN_POINT('',(0.135875,-0.092725,0.00651));
#10321=CARTESIAN_POINT('',(0.142875,-0.078725,0.00651));
#10322=CARTESIAN_POINT('',(0.149875,-0.078725,0.00651));
#10323=CARTESIAN_POINT('',(0.149875,-0.085725,0.00651));
#10324=CARTESIAN_POINT('',(0.149875,-0.092725,0.00651));
#10325=CARTESIAN_POINT('',(0.116825,-0.085725,0.00651));
#10326=CARTESIAN_POINT('',(0.116825,-0.078725,0.00651));
#10327=CARTESIAN_POINT('',(0.116825,-0.092725,0.00651));
#10328=CARTESIAN_POINT('',(0.123825,-0.078725,0.00651));
#10329=CARTESIAN_POINT('',(0.130825,-0.078725,0.00651));
#10330=CARTESIAN_POINT('',(0.130825,-0.085725,0.00651));
#10331=CARTESIAN_POINT('',(0.130825,-0.092725,0.00651));
#10332=CARTESIAN_POINT('',(0.097775,-0.085725,0.00651));
#10333=CARTESIAN_POINT('',(0.097775,-0.078725,0.00651));
#10334=CARTESIAN_POINT('',(0.097775,-0.092725,0.00651));
#10335=CARTESIAN_POINT('',(0.104775,-0.078725,0.00651));
#10336=CARTESIAN_POINT('',(0.111775,-0.078725,0.00651));
#10337=CARTESIAN_POINT('',(0.111775,-0.085725,0.00651));
#10338=CARTESIAN_POINT('',(0.111775,-0.092725,0.00651));
#10339=CARTESIAN_POINT('',(0.078725,-0.085725,0.00651));
#10340=CARTESIAN_POINT('',(0.078725,-0.078725,0.00651));
#10341=CARTESIAN_POINT('',(0.078725,-0.092725,0.00651));
#10342=CARTESIAN_POINT('',(0.085725,-0.078725,0.00651));
#10343=CARTESIAN_POINT('',(0.092725,-0.078725,0.00651));
#10344=CARTESIAN_POINT('',(0.092725,-0.085725,0.00651));
#10345=CARTESIAN_POINT('',(0.092725,-0.092725,0.00651));
#10346=CARTESIAN_POINT('',(0.066675,-0.078725,0.00651));
#10347=CARTESIAN_POINT('',(0.073675,-0.078725,0.00651));
#10348=CARTESIAN_POINT('',(0.059675,-0.078725,0.00651));
#10349=CARTESIAN_POINT('',(0.073675,-0.085725,0.00651));
#10350=CARTESIAN_POINT('',(0.073675,-0.092725,0.00651));
#10351=CARTESIAN_POINT('',(0.066675,-0.092725,0.00651));
#10352=CARTESIAN_POINT('',(0.059675,-0.092725,0.00651));
#10353=CARTESIAN_POINT('',(0.0762,-0.0311,0.00651));
#10354=CARTESIAN_POINT('',(0.0832,-0.0311,0.00651));
#10355=CARTESIAN_POINT('',(0.0692,-0.0311,0.00651));
#10356=CARTESIAN_POINT('',(0.0832,-0.0381,0.00651));
#10357=CARTESIAN_POINT('',(0.0832,-0.0451,0.00651));
#10358=CARTESIAN_POINT('',(0.0762,-0.0451,0.00651));
#10359=CARTESIAN_POINT('',(0.0692,-0.0451,0.00651));
#10360=CARTESIAN_POINT('',(0.14747875,-0.02,0.00651));
#10361=CARTESIAN_POINT('',(0.05715,-0.02,0.00651));
#10362=CARTESIAN_POINT('',(0.05476875,-0.16,0.00651));
#10363=CARTESIAN_POINT('',(0.0311,-0.0381,0.00651));
#10364=CARTESIAN_POINT('',(0.0311,-0.066675,0.00651));
#10365=CARTESIAN_POINT('',(0.05715,-0.073675,0.00651));
#10366=CARTESIAN_POINT('',(0.0762,-0.073675,0.00651));
#10367=CARTESIAN_POINT('',(0.09525,-0.073675,0.00651));
#10368=CARTESIAN_POINT('',(0.1143,-0.073675,0.00651));
#10369=CARTESIAN_POINT('',(0.13335,-0.073675,0.00651));
#10370=CARTESIAN_POINT('',(0.1524,-0.073675,0.00651));
#10371=CARTESIAN_POINT('',(0.17145,-0.073675,0.00651));
#10372=CARTESIAN_POINT('',(0.1546075,-0.0381,0.00651));
#10373=CARTESIAN_POINT('',(0.1806575,-0.0451,0.00651));
#10374=CARTESIAN_POINT('',(0.1070125,-0.123825,0.00651));
#10375=CARTESIAN_POINT('',(0.1451125,-0.123825,0.00651));
#10376=CARTESIAN_POINT('',(0.1832125,-0.123825,0.00651));
#10377=CARTESIAN_POINT('',(0.03824375,-0.104775,0.00651));
#10378=CARTESIAN_POINT('',(0.04300625,-0.12195,0.00651));
#10379=CARTESIAN_POINT('',(0.03775,-0.1515,0.00651));
#10380=CARTESIAN_POINT('',(0.04537,-0.1515,0.00651));
#10381=CARTESIAN_POINT('',(0.06175,-0.1515,0.00651));
#10382=CARTESIAN_POINT('',(0.06937,-0.1515,0.00651));
#10383=CARTESIAN_POINT('',(0.0855,-0.1515,0.00651));
#10384=CARTESIAN_POINT('',(0.09312,-0.1515,0.00651));
#10385=CARTESIAN_POINT('',(0.045,-0.1325,0.00651));
#10386=CARTESIAN_POINT('',(0.05262,-0.1325,0.00651));
#10387=CARTESIAN_POINT('',(0.076,-0.1325,0.00651));
#10388=CARTESIAN_POINT('',(0.08362,-0.1325,0.00651));
#10389=CARTESIAN_POINT('',(0.095,-0.1325,0.00651));
#10390=CARTESIAN_POINT('',(0.10262,-0.1325,0.00651));
#10391=CARTESIAN_POINT('',(0.114,-0.1325,0.00651));
#10392=CARTESIAN_POINT('',(0.12162,-0.1325,0.00651));
#10393=CARTESIAN_POINT('',(0.13325,-0.1325,0.00651));
#10394=CARTESIAN_POINT('',(0.14087,-0.1325,0.00651));
#10395=CARTESIAN_POINT('',(0.152,-0.1325,0.00651));
#10396=CARTESIAN_POINT('',(0.15962,-0.1325,0.00651));
#10397=CARTESIAN_POINT('',(0.17125,-0.1325,0.00651));
#10398=CARTESIAN_POINT('',(0.17887,-0.1325,0.00651));
#10399=CARTESIAN_POINT('',(0.04025,-0.11325,0.00651));
#10400=CARTESIAN_POINT('',(0.04787,-0.11325,0.00651));
#10401=CARTESIAN_POINT('',(0.0665,-0.11325,0.00651));
#10402=CARTESIAN_POINT('',(0.07412,-0.11325,0.00651));
#10403=CARTESIAN_POINT('',(0.0855,-0.11325,0.00651));
#10404=CARTESIAN_POINT('',(0.09312,-0.11325,0.00651));
#10405=CARTESIAN_POINT('',(0.1045,-0.11325,0.00651));
#10406=CARTESIAN_POINT('',(0.11212,-0.11325,0.00651));
#10407=CARTESIAN_POINT('',(0.12375,-0.11325,0.00651));
#10408=CARTESIAN_POINT('',(0.13137,-0.11325,0.00651));
#10409=CARTESIAN_POINT('',(0.03775,-0.09425,0.00651));
#10410=CARTESIAN_POINT('',(0.04537,-0.09425,0.00651));
#10411=CARTESIAN_POINT('',(0.0615,-0.09425,0.00651));
#10412=CARTESIAN_POINT('',(0.06912,-0.09425,0.00651));
#10413=CARTESIAN_POINT('',(0.08075,-0.09425,0.00651));
#10414=CARTESIAN_POINT('',(0.08837,-0.09425,0.00651));
#10415=CARTESIAN_POINT('',(0.09975,-0.09425,0.00651));
#10416=CARTESIAN_POINT('',(0.10737,-0.09425,0.00651));
#10417=CARTESIAN_POINT('',(0.11875,-0.09425,0.00651));
#10418=CARTESIAN_POINT('',(0.12637,-0.09425,0.00651));
#10419=CARTESIAN_POINT('',(0.13775,-0.09425,0.00651));
#10420=CARTESIAN_POINT('',(0.14275,-0.11325,0.00651));
#10421=CARTESIAN_POINT('',(0.15037,-0.11325,0.00651));
#10422=CARTESIAN_POINT('',(0.162,-0.11325,0.00651));
#10423=CARTESIAN_POINT('',(0.16962,-0.11325,0.00651));
#10424=CARTESIAN_POINT('',(0.14537,-0.09425,0.00651));
#10425=CARTESIAN_POINT('',(0.157,-0.09425,0.00651));
#10426=CARTESIAN_POINT('',(0.16462,-0.09425,0.00651));
#10427=CARTESIAN_POINT('',(0.17625,-0.09425,0.00651));
#10428=CARTESIAN_POINT('',(0.18387,-0.09425,0.00651));
#10429=CARTESIAN_POINT('',(0.03325,-0.07525,0.00651));
#10430=CARTESIAN_POINT('',(0.04087,-0.07525,0.00651));
#10431=CARTESIAN_POINT('',(0.05225,-0.07525,0.00651));
#10432=CARTESIAN_POINT('',(0.05987,-0.07525,0.00651));
#10433=CARTESIAN_POINT('',(0.07125,-0.07525,0.00651));
#10434=CARTESIAN_POINT('',(0.07887,-0.07525,0.00651));
#10435=CARTESIAN_POINT('',(0.09025,-0.07525,0.00651));
#10436=CARTESIAN_POINT('',(0.09787,-0.07525,0.00651));
#10437=CARTESIAN_POINT('',(0.1095,-0.07525,0.00651));
#10438=CARTESIAN_POINT('',(0.11712,-0.07525,0.00651));
#10439=CARTESIAN_POINT('',(0.1285,-0.07525,0.00651));
#10440=CARTESIAN_POINT('',(0.13612,-0.07525,0.00651));
#10441=CARTESIAN_POINT('',(0.14725,-0.07525,0.00651));
#10442=CARTESIAN_POINT('',(0.15487,-0.07525,0.00651));
#10443=CARTESIAN_POINT('',(0.1665,-0.07525,0.00651));
#10444=CARTESIAN_POINT('',(0.17412,-0.07525,0.00651));
#10445=CARTESIAN_POINT('',(0.03319,-0.04675,0.00651));
#10446=CARTESIAN_POINT('',(0.04081,-0.04675,0.00651));
#10447=CARTESIAN_POINT('',(0.07119,-0.04675,0.00651));
#10448=CARTESIAN_POINT('',(0.07881,-0.04675,0.00651));
#10449=CARTESIAN_POINT('',(0.09025,-0.04675,0.00651));
#10450=CARTESIAN_POINT('',(0.09787,-0.04675,0.00651));
#10451=CARTESIAN_POINT('',(0.1095,-0.04675,0.00651));
#10452=CARTESIAN_POINT('',(0.11712,-0.04675,0.00651));
#10453=CARTESIAN_POINT('',(0.12825,-0.04675,0.00651));
#10454=CARTESIAN_POINT('',(0.13587,-0.04675,0.00651));
#10455=CARTESIAN_POINT('',(0.1565,-0.04675,0.00651));
#10456=CARTESIAN_POINT('',(0.16412,-0.04675,0.00651));
#10457=CARTESIAN_POINT('',(0.17575,-0.04675,0.00651));
#10458=CARTESIAN_POINT('',(0.18337,-0.04675,0.00651));
#10459=CARTESIAN_POINT('',(0.15254375,-0.141,0.00651));
#10460=CARTESIAN_POINT('',(0.0904875,-0.149875,0.00651));
#10461=CARTESIAN_POINT('',(0.066675,-0.149875,0.00651));
#10462=CARTESIAN_POINT('',(0.0358625,-0.142875,0.00651));
#10463=CARTESIAN_POINT('',(0.0358625,-0.085725,0.00651));
#10464=CARTESIAN_POINT('',(0.1641625,-0.123825,0.00651));
#10465=CARTESIAN_POINT('',(0.1260625,-0.123825,0.00651));
#10466=CARTESIAN_POINT('',(0.0809625,-0.116825,0.00651));
#10467=CARTESIAN_POINT('',(0.1666875,-0.111775,0.00651));
#10468=CARTESIAN_POINT('',(0.1476375,-0.111775,0.00651));
#10469=CARTESIAN_POINT('',(0.1285875,-0.111775,0.00651));
#10470=CARTESIAN_POINT('',(0.1095375,-0.111775,0.00651));
#10471=CARTESIAN_POINT('',(0.0904875,-0.111775,0.00651));
#10472=CARTESIAN_POINT('',(0.0644375,-0.104775,0.00651));
#10473=CARTESIAN_POINT('',(0.13335,-0.0451,0.00651));
#10474=CARTESIAN_POINT('',(0.1143,-0.0451,0.00651));
#10475=CARTESIAN_POINT('',(0.09525,-0.0451,0.00651));
#10476=CARTESIAN_POINT('',(0.180975,-0.092725,0.00651));
#10477=CARTESIAN_POINT('',(0.161925,-0.092725,0.00651));
#10478=CARTESIAN_POINT('',(0.142875,-0.092725,0.00651));
#10479=CARTESIAN_POINT('',(0.123825,-0.092725,0.00651));
#10480=CARTESIAN_POINT('',(0.104775,-0.092725,0.00651));
#10481=CARTESIAN_POINT('',(0.085725,-0.092725,0.00651));
#10482=CARTESIAN_POINT('',(0.059675,-0.085725,0.00651));
#10483=CARTESIAN_POINT('',(0.0692,-0.0381,0.00651));
#10484=CARTESIAN_POINT('',(0.15547875,-0.021,0.00651));
#10485=CARTESIAN_POINT('',(0.13947875,-0.021,0.00651));
#10486=CARTESIAN_POINT('',(0.04915,-0.021,0.00651));
#10487=CARTESIAN_POINT('',(0.06515,-0.021,0.00651));
#10488=CARTESIAN_POINT('',(0.04676875,-0.159,0.00651));
#10489=CARTESIAN_POINT('',(0.06276875,-0.159,0.00651));
#10490=CARTESIAN_POINT('',(0.1760625,-0.145756733775139,-0.473844554191488));
#10491=CARTESIAN_POINT('',(0.1760625,-0.145756733775139,-0.473844554191488));
#10492=CARTESIAN_POINT('',(0.1760625,-0.1332,-0.473844554191488));
#10493=CARTESIAN_POINT('',(0.202382092821598,-0.1332,-0.473844554191488));
#10494=CARTESIAN_POINT('',(0.1855875,-0.1332,-0.473844554191488));
#10495=CARTESIAN_POINT('',(0.1855875,-0.124285586178303,-0.473844554191488));
#10496=CARTESIAN_POINT('',(0.1855875,-0.11445,-0.473844554191488));
#10497=CARTESIAN_POINT('',(0.182213696801662,-0.11445,-0.473844554191488));
#10498=CARTESIAN_POINT('',(0.1760625,-0.11445,-0.473844554191488));
#10499=CARTESIAN_POINT('',(0.1760625,-0.10475730150938,-0.473844554191488));
#10500=CARTESIAN_POINT('',(0.1760625,-0.0951,-0.473844554191488));
#10501=CARTESIAN_POINT('',(0.184622469508648,-0.0951,-0.473844554191488));
#10502=CARTESIAN_POINT('',(0.19035,-0.0951,-0.473844554191488));
#10503=CARTESIAN_POINT('',(0.19035,-0.0852917842566967,-0.473844554191488));
#10504=CARTESIAN_POINT('',(0.19035,-0.07635,-0.473844554191488));
#10505=CARTESIAN_POINT('',(0.185422653889656,-0.07635,-0.473844554191488));
#10506=CARTESIAN_POINT('',(0.180825,-0.07635,-0.473844554191488));
#10507=CARTESIAN_POINT('',(0.180825,-0.0634591039270163,-0.473844554191488));
#10508=CARTESIAN_POINT('',(0.180825,-0.0522375,-0.473844554191488));
#10509=CARTESIAN_POINT('',(0.185245039498806,-0.0522375,-0.473844554191488));
#10510=CARTESIAN_POINT('',(0.1900325,-0.0522375,-0.473844554191488));
#10511=CARTESIAN_POINT('',(0.1900325,-0.0370982149392367,-0.473844554191488));
#10512=MECHANICAL_DESIGN_GEOMETRIC_PRESENTATION_REPRESENTATION('',(#6559),
#10513);
#10513=(
GEOMETRIC_REPRESENTATION_CONTEXT(3)
GLOBAL_UNCERTAINTY_ASSIGNED_CONTEXT((#10514))
GLOBAL_UNIT_ASSIGNED_CONTEXT((#10517,#10516,#10515))
REPRESENTATION_CONTEXT('PlateLeft','TOP_LEVEL_ASSEMBLY_PART')
);
#10514=UNCERTAINTY_MEASURE_WITH_UNIT(LENGTH_MEASURE(1.E-8),#10517,
'DISTANCE_ACCURACY_VALUE','Maximum Tolerance applied to model');
#10515=(
NAMED_UNIT(*)
SI_UNIT($,.STERADIAN.)
SOLID_ANGLE_UNIT()
);
#10516=(
NAMED_UNIT(*)
PLANE_ANGLE_UNIT()
SI_UNIT($,.RADIAN.)
);
#10517=(
LENGTH_UNIT()
NAMED_UNIT(*)
SI_UNIT($,.METRE.)
);
#10518=PRODUCT_DEFINITION_SHAPE('','',#10519);
#10519=PRODUCT_DEFINITION('','',#10521,#10520);
#10520=PRODUCT_DEFINITION_CONTEXT('',#10527,'design');
#10521=PRODUCT_DEFINITION_FORMATION_WITH_SPECIFIED_SOURCE('','',#10523,
 .NOT_KNOWN.);
#10522=PRODUCT_RELATED_PRODUCT_CATEGORY('','',(#10523));
#10523=PRODUCT('PlateLeft','PlateLeft','PlateLeft',(#10525));
#10524=PRODUCT_CATEGORY('','');
#10525=PRODUCT_CONTEXT('',#10527,'mechanical');
#10526=APPLICATION_PROTOCOL_DEFINITION('international standard',
'ap242_managed_model_based_3d_engineering',2020,#10527);
#10527=APPLICATION_CONTEXT('managed model based 3d engineering');
ENDSEC;
END-ISO-10303-21;
