ISO-10303-21;
HEADER;
/* Generated by software containing ST-Developer
 * from STEP Tools, Inc. (www.steptools.com) 
 */
/* OPTION: using custom renumber hook */

FILE_DESCRIPTION(
/* description */ ('STEP AP242 Edition 2',
'CAx-IF Rec.Pracs.---Representation and Presentation of Product Manufa
cturing Information (PMI)---4.0---2014-10-13',
'CAx-IF Rec.Pracs.---3D Tessellated Geometry---0.4---2014-09-14','2;1',
'CAx-IF Rec.Pracs.---User Defined Attributes---1.5---2016-08-15'),
/* implementation_level */ '2;1');

FILE_NAME(
/* name */ 'Case - PlateRight',
/* time_stamp */ '2026-10-05T22:05:37Z',
/* author */ (''),
/* organization */ (''),
/* preprocessor_version */ 'ST-DEVELOPER v20',
/* originating_system */ 'ONSHAPE BY PTC INC, 1.221',
/* authorisation */ '  ');

FILE_SCHEMA (('AP242_MANAGED_MODEL_BASED_3D_ENGINEERING_MIM_LF { 1 0 10303 442 3 1 4 }'));
ENDSEC;

DATA;
#10=SHAPE_REPRESENTATION_RELATIONSHIP('','',#5759,#11);
#11=ADVANCED_BREP_SHAPE_REPRESENTATION('',(#5757),#9329);
#12=PLANE('',#5764);
#13=PLANE('',#5765);
#14=PLANE('',#5766);
#15=PLANE('',#5770);
#16=PLANE('',#5771);
#17=PLANE('',#5772);
#18=PLANE('',#5776);
#19=PLANE('',#5777);
#20=PLANE('',#5778);
#21=PLANE('',#5788);
#22=PLANE('',#5789);
#23=PLANE('',#5790);
#24=PLANE('',#5791);
#25=PLANE('',#5792);
#26=PLANE('',#5793);
#27=PLANE('',#5794);
#28=PLANE('',#5795);
#29=PLANE('',#5796);
#30=PLANE('',#5797);
#31=PLANE('',#5798);
#32=PLANE('',#5799);
#33=PLANE('',#5800);
#34=PLANE('',#5801);
#35=PLANE('',#5802);
#36=PLANE('',#5803);
#37=PLANE('',#5804);
#38=PLANE('',#5805);
#39=PLANE('',#5806);
#40=PLANE('',#5807);
#41=PLANE('',#5808);
#42=PLANE('',#5809);
#43=PLANE('',#5810);
#44=PLANE('',#5811);
#45=PLANE('',#5812);
#46=PLANE('',#5813);
#47=PLANE('',#5814);
#48=PLANE('',#5815);
#49=PLANE('',#5816);
#50=PLANE('',#5817);
#51=PLANE('',#5818);
#52=PLANE('',#5819);
#53=PLANE('',#5820);
#54=PLANE('',#5821);
#55=PLANE('',#5822);
#56=PLANE('',#5823);
#57=PLANE('',#5824);
#58=PLANE('',#5825);
#59=PLANE('',#5826);
#60=PLANE('',#5827);
#61=PLANE('',#5828);
#62=PLANE('',#5829);
#63=PLANE('',#5830);
#64=PLANE('',#5831);
#65=PLANE('',#5832);
#66=PLANE('',#5833);
#67=PLANE('',#5834);
#68=PLANE('',#5835);
#69=PLANE('',#5836);
#70=PLANE('',#5837);
#71=PLANE('',#5838);
#72=PLANE('',#5839);
#73=PLANE('',#5840);
#74=PLANE('',#5841);
#75=PLANE('',#5842);
#76=PLANE('',#5843);
#77=PLANE('',#5844);
#78=PLANE('',#5845);
#79=PLANE('',#5846);
#80=PLANE('',#5847);
#81=PLANE('',#5848);
#82=PLANE('',#5849);
#83=PLANE('',#5850);
#84=PLANE('',#5851);
#85=PLANE('',#5852);
#86=PLANE('',#5853);
#87=PLANE('',#5854);
#88=PLANE('',#5855);
#89=PLANE('',#5859);
#90=PLANE('',#5860);
#91=PLANE('',#5861);
#92=PLANE('',#5865);
#93=PLANE('',#5869);
#94=PLANE('',#5870);
#95=PLANE('',#5871);
#96=PLANE('',#5875);
#97=PLANE('',#5876);
#98=PLANE('',#5877);
#99=PLANE('',#5878);
#100=PLANE('',#5879);
#101=PLANE('',#5880);
#102=PLANE('',#5881);
#103=PLANE('',#5882);
#104=PLANE('',#5883);
#105=PLANE('',#5887);
#106=PLANE('',#5888);
#107=PLANE('',#5889);
#108=PLANE('',#5893);
#109=PLANE('',#5897);
#110=PLANE('',#5898);
#111=PLANE('',#5899);
#112=PLANE('',#5903);
#113=PLANE('',#5904);
#114=PLANE('',#5905);
#115=PLANE('',#5906);
#116=PLANE('',#5907);
#117=PLANE('',#6196);
#118=PLANE('',#6197);
#119=PLANE('',#6198);
#120=PLANE('',#6199);
#121=PLANE('',#6203);
#122=PLANE('',#6204);
#123=PLANE('',#6205);
#124=PLANE('',#6209);
#125=PLANE('',#6213);
#126=PLANE('',#6217);
#127=PLANE('',#6221);
#128=PLANE('',#6222);
#129=PLANE('',#6223);
#130=PLANE('',#6227);
#131=PLANE('',#6228);
#132=PLANE('',#6229);
#133=PLANE('',#6230);
#134=PLANE('',#6231);
#135=PLANE('',#6232);
#136=PLANE('',#6233);
#137=PLANE('',#6234);
#138=PLANE('',#6235);
#139=PLANE('',#6236);
#140=PLANE('',#6237);
#141=PLANE('',#6238);
#142=PLANE('',#6239);
#143=PLANE('',#6240);
#144=PLANE('',#6241);
#145=PLANE('',#6242);
#146=PLANE('',#6243);
#147=PLANE('',#6244);
#148=PLANE('',#6245);
#149=PLANE('',#6246);
#150=PLANE('',#6247);
#151=PLANE('',#6248);
#152=PLANE('',#6249);
#153=PLANE('',#6250);
#154=PLANE('',#6251);
#155=PLANE('',#6252);
#156=PLANE('',#6253);
#157=PLANE('',#6254);
#158=PLANE('',#6255);
#159=PLANE('',#6256);
#160=PLANE('',#6257);
#161=PLANE('',#6258);
#162=PLANE('',#6259);
#163=PLANE('',#6260);
#164=PLANE('',#6261);
#165=PLANE('',#6262);
#166=PLANE('',#6263);
#167=PLANE('',#6264);
#168=PLANE('',#6265);
#169=PLANE('',#6266);
#170=PLANE('',#6267);
#171=PLANE('',#6268);
#172=LINE('',#7784,#664);
#173=LINE('',#7788,#665);
#174=LINE('',#7790,#666);
#175=LINE('',#7792,#667);
#176=LINE('',#7794,#668);
#177=LINE('',#7796,#669);
#178=LINE('',#7798,#670);
#179=LINE('',#7800,#671);
#180=LINE('',#7802,#672);
#181=LINE('',#7804,#673);
#182=LINE('',#7806,#674);
#183=LINE('',#7812,#675);
#184=LINE('',#7814,#676);
#185=LINE('',#7816,#677);
#186=LINE('',#7818,#678);
#187=LINE('',#7820,#679);
#188=LINE('',#7822,#680);
#189=LINE('',#7824,#681);
#190=LINE('',#7826,#682);
#191=LINE('',#7828,#683);
#192=LINE('',#7830,#684);
#193=LINE('',#7836,#685);
#194=LINE('',#7838,#686);
#195=LINE('',#7840,#687);
#196=LINE('',#7842,#688);
#197=LINE('',#7844,#689);
#198=LINE('',#7846,#690);
#199=LINE('',#7848,#691);
#200=LINE('',#7850,#692);
#201=LINE('',#7852,#693);
#202=LINE('',#7854,#694);
#203=LINE('',#7860,#695);
#204=LINE('',#7872,#696);
#205=LINE('',#7875,#697);
#206=LINE('',#7877,#698);
#207=LINE('',#7879,#699);
#208=LINE('',#7881,#700);
#209=LINE('',#7883,#701);
#210=LINE('',#7885,#702);
#211=LINE('',#7887,#703);
#212=LINE('',#7889,#704);
#213=LINE('',#7891,#705);
#214=LINE('',#7893,#706);
#215=LINE('',#7894,#707);
#216=LINE('',#7896,#708);
#217=LINE('',#7899,#709);
#218=LINE('',#7901,#710);
#219=LINE('',#7903,#711);
#220=LINE('',#7905,#712);
#221=LINE('',#7907,#713);
#222=LINE('',#7909,#714);
#223=LINE('',#7911,#715);
#224=LINE('',#7913,#716);
#225=LINE('',#7915,#717);
#226=LINE('',#7917,#718);
#227=LINE('',#7918,#719);
#228=LINE('',#7920,#720);
#229=LINE('',#7923,#721);
#230=LINE('',#7925,#722);
#231=LINE('',#7927,#723);
#232=LINE('',#7929,#724);
#233=LINE('',#7931,#725);
#234=LINE('',#7933,#726);
#235=LINE('',#7935,#727);
#236=LINE('',#7937,#728);
#237=LINE('',#7939,#729);
#238=LINE('',#7941,#730);
#239=LINE('',#7942,#731);
#240=LINE('',#7944,#732);
#241=LINE('',#7947,#733);
#242=LINE('',#7949,#734);
#243=LINE('',#7951,#735);
#244=LINE('',#7953,#736);
#245=LINE('',#7955,#737);
#246=LINE('',#7957,#738);
#247=LINE('',#7959,#739);
#248=LINE('',#7961,#740);
#249=LINE('',#7963,#741);
#250=LINE('',#7965,#742);
#251=LINE('',#7966,#743);
#252=LINE('',#7968,#744);
#253=LINE('',#7971,#745);
#254=LINE('',#7973,#746);
#255=LINE('',#7975,#747);
#256=LINE('',#7977,#748);
#257=LINE('',#7979,#749);
#258=LINE('',#7981,#750);
#259=LINE('',#7983,#751);
#260=LINE('',#7985,#752);
#261=LINE('',#7987,#753);
#262=LINE('',#7989,#754);
#263=LINE('',#7990,#755);
#264=LINE('',#7992,#756);
#265=LINE('',#7995,#757);
#266=LINE('',#7997,#758);
#267=LINE('',#7999,#759);
#268=LINE('',#8001,#760);
#269=LINE('',#8003,#761);
#270=LINE('',#8005,#762);
#271=LINE('',#8007,#763);
#272=LINE('',#8009,#764);
#273=LINE('',#8011,#765);
#274=LINE('',#8013,#766);
#275=LINE('',#8014,#767);
#276=LINE('',#8016,#768);
#277=LINE('',#8019,#769);
#278=LINE('',#8021,#770);
#279=LINE('',#8023,#771);
#280=LINE('',#8025,#772);
#281=LINE('',#8027,#773);
#282=LINE('',#8029,#774);
#283=LINE('',#8031,#775);
#284=LINE('',#8033,#776);
#285=LINE('',#8035,#777);
#286=LINE('',#8037,#778);
#287=LINE('',#8038,#779);
#288=LINE('',#8040,#780);
#289=LINE('',#8043,#781);
#290=LINE('',#8045,#782);
#291=LINE('',#8047,#783);
#292=LINE('',#8049,#784);
#293=LINE('',#8051,#785);
#294=LINE('',#8053,#786);
#295=LINE('',#8055,#787);
#296=LINE('',#8057,#788);
#297=LINE('',#8059,#789);
#298=LINE('',#8061,#790);
#299=LINE('',#8062,#791);
#300=LINE('',#8064,#792);
#301=LINE('',#8067,#793);
#302=LINE('',#8069,#794);
#303=LINE('',#8071,#795);
#304=LINE('',#8073,#796);
#305=LINE('',#8075,#797);
#306=LINE('',#8077,#798);
#307=LINE('',#8079,#799);
#308=LINE('',#8081,#800);
#309=LINE('',#8083,#801);
#310=LINE('',#8085,#802);
#311=LINE('',#8086,#803);
#312=LINE('',#8088,#804);
#313=LINE('',#8091,#805);
#314=LINE('',#8093,#806);
#315=LINE('',#8095,#807);
#316=LINE('',#8097,#808);
#317=LINE('',#8099,#809);
#318=LINE('',#8101,#810);
#319=LINE('',#8103,#811);
#320=LINE('',#8105,#812);
#321=LINE('',#8107,#813);
#322=LINE('',#8109,#814);
#323=LINE('',#8110,#815);
#324=LINE('',#8112,#816);
#325=LINE('',#8115,#817);
#326=LINE('',#8117,#818);
#327=LINE('',#8119,#819);
#328=LINE('',#8121,#820);
#329=LINE('',#8123,#821);
#330=LINE('',#8125,#822);
#331=LINE('',#8127,#823);
#332=LINE('',#8129,#824);
#333=LINE('',#8131,#825);
#334=LINE('',#8133,#826);
#335=LINE('',#8134,#827);
#336=LINE('',#8136,#828);
#337=LINE('',#8139,#829);
#338=LINE('',#8141,#830);
#339=LINE('',#8143,#831);
#340=LINE('',#8145,#832);
#341=LINE('',#8147,#833);
#342=LINE('',#8149,#834);
#343=LINE('',#8151,#835);
#344=LINE('',#8153,#836);
#345=LINE('',#8155,#837);
#346=LINE('',#8157,#838);
#347=LINE('',#8158,#839);
#348=LINE('',#8160,#840);
#349=LINE('',#8163,#841);
#350=LINE('',#8165,#842);
#351=LINE('',#8167,#843);
#352=LINE('',#8169,#844);
#353=LINE('',#8171,#845);
#354=LINE('',#8173,#846);
#355=LINE('',#8175,#847);
#356=LINE('',#8177,#848);
#357=LINE('',#8179,#849);
#358=LINE('',#8181,#850);
#359=LINE('',#8182,#851);
#360=LINE('',#8184,#852);
#361=LINE('',#8187,#853);
#362=LINE('',#8189,#854);
#363=LINE('',#8191,#855);
#364=LINE('',#8193,#856);
#365=LINE('',#8195,#857);
#366=LINE('',#8197,#858);
#367=LINE('',#8199,#859);
#368=LINE('',#8201,#860);
#369=LINE('',#8203,#861);
#370=LINE('',#8205,#862);
#371=LINE('',#8206,#863);
#372=LINE('',#8208,#864);
#373=LINE('',#8211,#865);
#374=LINE('',#8213,#866);
#375=LINE('',#8215,#867);
#376=LINE('',#8217,#868);
#377=LINE('',#8219,#869);
#378=LINE('',#8221,#870);
#379=LINE('',#8223,#871);
#380=LINE('',#8225,#872);
#381=LINE('',#8227,#873);
#382=LINE('',#8229,#874);
#383=LINE('',#8230,#875);
#384=LINE('',#8232,#876);
#385=LINE('',#8235,#877);
#386=LINE('',#8237,#878);
#387=LINE('',#8239,#879);
#388=LINE('',#8241,#880);
#389=LINE('',#8243,#881);
#390=LINE('',#8245,#882);
#391=LINE('',#8247,#883);
#392=LINE('',#8249,#884);
#393=LINE('',#8251,#885);
#394=LINE('',#8253,#886);
#395=LINE('',#8254,#887);
#396=LINE('',#8256,#888);
#397=LINE('',#8259,#889);
#398=LINE('',#8261,#890);
#399=LINE('',#8263,#891);
#400=LINE('',#8265,#892);
#401=LINE('',#8267,#893);
#402=LINE('',#8269,#894);
#403=LINE('',#8271,#895);
#404=LINE('',#8273,#896);
#405=LINE('',#8275,#897);
#406=LINE('',#8277,#898);
#407=LINE('',#8279,#899);
#408=LINE('',#8281,#900);
#409=LINE('',#8285,#901);
#410=LINE('',#8289,#902);
#411=LINE('',#8291,#903);
#412=LINE('',#8293,#904);
#413=LINE('',#8295,#905);
#414=LINE('',#8297,#906);
#415=LINE('',#8299,#907);
#416=LINE('',#8301,#908);
#417=LINE('',#8303,#909);
#418=LINE('',#8305,#910);
#419=LINE('',#8309,#911);
#420=LINE('',#8313,#912);
#421=LINE('',#8315,#913);
#422=LINE('',#8317,#914);
#423=LINE('',#8321,#915);
#424=LINE('',#8325,#916);
#425=LINE('',#8327,#917);
#426=LINE('',#8329,#918);
#427=LINE('',#8331,#919);
#428=LINE('',#8333,#920);
#429=LINE('',#8335,#921);
#430=LINE('',#8337,#922);
#431=LINE('',#8339,#923);
#432=LINE('',#8341,#924);
#433=LINE('',#8345,#925);
#434=LINE('',#8349,#926);
#435=LINE('',#8351,#927);
#436=LINE('',#8353,#928);
#437=LINE('',#8355,#929);
#438=LINE('',#8357,#930);
#439=LINE('',#8359,#931);
#440=LINE('',#8361,#932);
#441=LINE('',#8363,#933);
#442=LINE('',#8365,#934);
#443=LINE('',#8367,#935);
#444=LINE('',#8369,#936);
#445=LINE('',#8371,#937);
#446=LINE('',#8373,#938);
#447=LINE('',#8374,#939);
#448=LINE('',#8376,#940);
#449=LINE('',#8379,#941);
#450=LINE('',#8381,#942);
#451=LINE('',#8383,#943);
#452=LINE('',#8385,#944);
#453=LINE('',#8387,#945);
#454=LINE('',#8389,#946);
#455=LINE('',#8391,#947);
#456=LINE('',#8393,#948);
#457=LINE('',#8395,#949);
#458=LINE('',#8397,#950);
#459=LINE('',#8399,#951);
#460=LINE('',#8401,#952);
#461=LINE('',#8405,#953);
#462=LINE('',#8409,#954);
#463=LINE('',#8411,#955);
#464=LINE('',#8413,#956);
#465=LINE('',#8415,#957);
#466=LINE('',#8417,#958);
#467=LINE('',#8419,#959);
#468=LINE('',#8421,#960);
#469=LINE('',#8423,#961);
#470=LINE('',#8425,#962);
#471=LINE('',#8429,#963);
#472=LINE('',#8433,#964);
#473=LINE('',#8435,#965);
#474=LINE('',#8437,#966);
#475=LINE('',#8441,#967);
#476=LINE('',#8445,#968);
#477=LINE('',#8447,#969);
#478=LINE('',#8449,#970);
#479=LINE('',#8451,#971);
#480=LINE('',#8453,#972);
#481=LINE('',#8455,#973);
#482=LINE('',#8457,#974);
#483=LINE('',#8459,#975);
#484=LINE('',#8461,#976);
#485=LINE('',#8465,#977);
#486=LINE('',#8469,#978);
#487=LINE('',#8471,#979);
#488=LINE('',#8473,#980);
#489=LINE('',#8475,#981);
#490=LINE('',#8477,#982);
#491=LINE('',#8479,#983);
#492=LINE('',#8481,#984);
#493=LINE('',#8483,#985);
#494=LINE('',#8485,#986);
#495=LINE('',#8487,#987);
#496=LINE('',#8489,#988);
#497=LINE('',#8491,#989);
#498=LINE('',#8493,#990);
#499=LINE('',#8494,#991);
#500=LINE('',#8976,#992);
#501=LINE('',#8979,#993);
#502=LINE('',#8981,#994);
#503=LINE('',#8983,#995);
#504=LINE('',#8985,#996);
#505=LINE('',#8987,#997);
#506=LINE('',#8989,#998);
#507=LINE('',#8991,#999);
#508=LINE('',#8993,#1000);
#509=LINE('',#8995,#1001);
#510=LINE('',#8997,#1002);
#511=LINE('',#8999,#1003);
#512=LINE('',#9001,#1004);
#513=LINE('',#9005,#1005);
#514=LINE('',#9009,#1006);
#515=LINE('',#9011,#1007);
#516=LINE('',#9013,#1008);
#517=LINE('',#9015,#1009);
#518=LINE('',#9017,#1010);
#519=LINE('',#9019,#1011);
#520=LINE('',#9021,#1012);
#521=LINE('',#9023,#1013);
#522=LINE('',#9025,#1014);
#523=LINE('',#9029,#1015);
#524=LINE('',#9033,#1016);
#525=LINE('',#9035,#1017);
#526=LINE('',#9037,#1018);
#527=LINE('',#9041,#1019);
#528=LINE('',#9045,#1020);
#529=LINE('',#9047,#1021);
#530=LINE('',#9049,#1022);
#531=LINE('',#9053,#1023);
#532=LINE('',#9057,#1024);
#533=LINE('',#9059,#1025);
#534=LINE('',#9061,#1026);
#535=LINE('',#9065,#1027);
#536=LINE('',#9069,#1028);
#537=LINE('',#9071,#1029);
#538=LINE('',#9073,#1030);
#539=LINE('',#9075,#1031);
#540=LINE('',#9077,#1032);
#541=LINE('',#9079,#1033);
#542=LINE('',#9081,#1034);
#543=LINE('',#9083,#1035);
#544=LINE('',#9085,#1036);
#545=LINE('',#9089,#1037);
#546=LINE('',#9093,#1038);
#547=LINE('',#9095,#1039);
#548=LINE('',#9097,#1040);
#549=LINE('',#9099,#1041);
#550=LINE('',#9101,#1042);
#551=LINE('',#9103,#1043);
#552=LINE('',#9105,#1044);
#553=LINE('',#9107,#1045);
#554=LINE('',#9109,#1046);
#555=LINE('',#9111,#1047);
#556=LINE('',#9113,#1048);
#557=LINE('',#9115,#1049);
#558=LINE('',#9117,#1050);
#559=LINE('',#9118,#1051);
#560=LINE('',#9120,#1052);
#561=LINE('',#9123,#1053);
#562=LINE('',#9125,#1054);
#563=LINE('',#9127,#1055);
#564=LINE('',#9129,#1056);
#565=LINE('',#9131,#1057);
#566=LINE('',#9133,#1058);
#567=LINE('',#9135,#1059);
#568=LINE('',#9137,#1060);
#569=LINE('',#9139,#1061);
#570=LINE('',#9141,#1062);
#571=LINE('',#9142,#1063);
#572=LINE('',#9144,#1064);
#573=LINE('',#9147,#1065);
#574=LINE('',#9149,#1066);
#575=LINE('',#9151,#1067);
#576=LINE('',#9153,#1068);
#577=LINE('',#9155,#1069);
#578=LINE('',#9157,#1070);
#579=LINE('',#9159,#1071);
#580=LINE('',#9161,#1072);
#581=LINE('',#9163,#1073);
#582=LINE('',#9165,#1074);
#583=LINE('',#9166,#1075);
#584=LINE('',#9168,#1076);
#585=LINE('',#9171,#1077);
#586=LINE('',#9173,#1078);
#587=LINE('',#9175,#1079);
#588=LINE('',#9177,#1080);
#589=LINE('',#9179,#1081);
#590=LINE('',#9181,#1082);
#591=LINE('',#9183,#1083);
#592=LINE('',#9185,#1084);
#593=LINE('',#9187,#1085);
#594=LINE('',#9189,#1086);
#595=LINE('',#9190,#1087);
#596=LINE('',#9192,#1088);
#597=LINE('',#9195,#1089);
#598=LINE('',#9197,#1090);
#599=LINE('',#9199,#1091);
#600=LINE('',#9201,#1092);
#601=LINE('',#9203,#1093);
#602=LINE('',#9205,#1094);
#603=LINE('',#9207,#1095);
#604=LINE('',#9209,#1096);
#605=LINE('',#9211,#1097);
#606=LINE('',#9213,#1098);
#607=LINE('',#9214,#1099);
#608=LINE('',#9216,#1100);
#609=LINE('',#9219,#1101);
#610=LINE('',#9221,#1102);
#611=LINE('',#9223,#1103);
#612=LINE('',#9225,#1104);
#613=LINE('',#9227,#1105);
#614=LINE('',#9229,#1106);
#615=LINE('',#9231,#1107);
#616=LINE('',#9233,#1108);
#617=LINE('',#9235,#1109);
#618=LINE('',#9237,#1110);
#619=LINE('',#9238,#1111);
#620=LINE('',#9240,#1112);
#621=LINE('',#9243,#1113);
#622=LINE('',#9245,#1114);
#623=LINE('',#9247,#1115);
#624=LINE('',#9249,#1116);
#625=LINE('',#9251,#1117);
#626=LINE('',#9253,#1118);
#627=LINE('',#9255,#1119);
#628=LINE('',#9257,#1120);
#629=LINE('',#9259,#1121);
#630=LINE('',#9261,#1122);
#631=LINE('',#9262,#1123);
#632=LINE('',#9264,#1124);
#633=LINE('',#9267,#1125);
#634=LINE('',#9269,#1126);
#635=LINE('',#9271,#1127);
#636=LINE('',#9273,#1128);
#637=LINE('',#9275,#1129);
#638=LINE('',#9277,#1130);
#639=LINE('',#9279,#1131);
#640=LINE('',#9281,#1132);
#641=LINE('',#9283,#1133);
#642=LINE('',#9285,#1134);
#643=LINE('',#9286,#1135);
#644=LINE('',#9288,#1136);
#645=LINE('',#9291,#1137);
#646=LINE('',#9293,#1138);
#647=LINE('',#9295,#1139);
#648=LINE('',#9297,#1140);
#649=LINE('',#9299,#1141);
#650=LINE('',#9301,#1142);
#651=LINE('',#9303,#1143);
#652=LINE('',#9305,#1144);
#653=LINE('',#9307,#1145);
#654=LINE('',#9309,#1146);
#655=LINE('',#9310,#1147);
#656=LINE('',#9312,#1148);
#657=LINE('',#9315,#1149);
#658=LINE('',#9316,#1150);
#659=LINE('',#9318,#1151);
#660=LINE('',#9320,#1152);
#661=LINE('',#9322,#1153);
#662=LINE('',#9324,#1154);
#663=LINE('',#9326,#1155);
#664=VECTOR('',#6275,1.);
#665=VECTOR('',#6278,1.);
#666=VECTOR('',#6281,1.);
#667=VECTOR('',#6282,1.);
#668=VECTOR('',#6283,1.);
#669=VECTOR('',#6286,1.);
#670=VECTOR('',#6287,1.);
#671=VECTOR('',#6288,1.);
#672=VECTOR('',#6291,1.);
#673=VECTOR('',#6292,1.);
#674=VECTOR('',#6293,1.);
#675=VECTOR('',#6300,1.);
#676=VECTOR('',#6303,1.);
#677=VECTOR('',#6304,1.);
#678=VECTOR('',#6305,1.);
#679=VECTOR('',#6308,1.);
#680=VECTOR('',#6309,1.);
#681=VECTOR('',#6310,1.);
#682=VECTOR('',#6313,1.);
#683=VECTOR('',#6314,1.);
#684=VECTOR('',#6315,1.);
#685=VECTOR('',#6322,1.);
#686=VECTOR('',#6325,1.);
#687=VECTOR('',#6326,1.);
#688=VECTOR('',#6327,1.);
#689=VECTOR('',#6330,1.);
#690=VECTOR('',#6331,1.);
#691=VECTOR('',#6332,1.);
#692=VECTOR('',#6335,1.);
#693=VECTOR('',#6336,1.);
#694=VECTOR('',#6337,1.);
#695=VECTOR('',#6344,1.);
#696=VECTOR('',#6359,1.);
#697=VECTOR('',#6360,1.);
#698=VECTOR('',#6361,1.);
#699=VECTOR('',#6362,1.);
#700=VECTOR('',#6365,1.);
#701=VECTOR('',#6366,1.);
#702=VECTOR('',#6367,1.);
#703=VECTOR('',#6370,1.);
#704=VECTOR('',#6371,1.);
#705=VECTOR('',#6372,1.);
#706=VECTOR('',#6375,1.);
#707=VECTOR('',#6376,1.);
#708=VECTOR('',#6379,1.);
#709=VECTOR('',#6380,1.);
#710=VECTOR('',#6381,1.);
#711=VECTOR('',#6382,1.);
#712=VECTOR('',#6385,1.);
#713=VECTOR('',#6386,1.);
#714=VECTOR('',#6387,1.);
#715=VECTOR('',#6390,1.);
#716=VECTOR('',#6391,1.);
#717=VECTOR('',#6392,1.);
#718=VECTOR('',#6395,1.);
#719=VECTOR('',#6396,1.);
#720=VECTOR('',#6399,1.);
#721=VECTOR('',#6400,1.);
#722=VECTOR('',#6401,1.);
#723=VECTOR('',#6402,1.);
#724=VECTOR('',#6405,1.);
#725=VECTOR('',#6406,1.);
#726=VECTOR('',#6407,1.);
#727=VECTOR('',#6410,1.);
#728=VECTOR('',#6411,1.);
#729=VECTOR('',#6412,1.);
#730=VECTOR('',#6415,1.);
#731=VECTOR('',#6416,1.);
#732=VECTOR('',#6419,1.);
#733=VECTOR('',#6420,1.);
#734=VECTOR('',#6421,1.);
#735=VECTOR('',#6422,1.);
#736=VECTOR('',#6425,1.);
#737=VECTOR('',#6426,1.);
#738=VECTOR('',#6427,1.);
#739=VECTOR('',#6430,1.);
#740=VECTOR('',#6431,1.);
#741=VECTOR('',#6432,1.);
#742=VECTOR('',#6435,1.);
#743=VECTOR('',#6436,1.);
#744=VECTOR('',#6439,1.);
#745=VECTOR('',#6440,1.);
#746=VECTOR('',#6441,1.);
#747=VECTOR('',#6442,1.);
#748=VECTOR('',#6445,1.);
#749=VECTOR('',#6446,1.);
#750=VECTOR('',#6447,1.);
#751=VECTOR('',#6450,1.);
#752=VECTOR('',#6451,1.);
#753=VECTOR('',#6452,1.);
#754=VECTOR('',#6455,1.);
#755=VECTOR('',#6456,1.);
#756=VECTOR('',#6459,1.);
#757=VECTOR('',#6460,1.);
#758=VECTOR('',#6461,1.);
#759=VECTOR('',#6462,1.);
#760=VECTOR('',#6465,1.);
#761=VECTOR('',#6466,1.);
#762=VECTOR('',#6467,1.);
#763=VECTOR('',#6470,1.);
#764=VECTOR('',#6471,1.);
#765=VECTOR('',#6472,1.);
#766=VECTOR('',#6475,1.);
#767=VECTOR('',#6476,1.);
#768=VECTOR('',#6479,1.);
#769=VECTOR('',#6480,1.);
#770=VECTOR('',#6481,1.);
#771=VECTOR('',#6482,1.);
#772=VECTOR('',#6485,1.);
#773=VECTOR('',#6486,1.);
#774=VECTOR('',#6487,1.);
#775=VECTOR('',#6490,1.);
#776=VECTOR('',#6491,1.);
#777=VECTOR('',#6492,1.);
#778=VECTOR('',#6495,1.);
#779=VECTOR('',#6496,1.);
#780=VECTOR('',#6499,1.);
#781=VECTOR('',#6500,1.);
#782=VECTOR('',#6501,1.);
#783=VECTOR('',#6502,1.);
#784=VECTOR('',#6505,1.);
#785=VECTOR('',#6506,1.);
#786=VECTOR('',#6507,1.);
#787=VECTOR('',#6510,1.);
#788=VECTOR('',#6511,1.);
#789=VECTOR('',#6512,1.);
#790=VECTOR('',#6515,1.);
#791=VECTOR('',#6516,1.);
#792=VECTOR('',#6519,1.);
#793=VECTOR('',#6520,1.);
#794=VECTOR('',#6521,1.);
#795=VECTOR('',#6522,1.);
#796=VECTOR('',#6525,1.);
#797=VECTOR('',#6526,1.);
#798=VECTOR('',#6527,1.);
#799=VECTOR('',#6530,1.);
#800=VECTOR('',#6531,1.);
#801=VECTOR('',#6532,1.);
#802=VECTOR('',#6535,1.);
#803=VECTOR('',#6536,1.);
#804=VECTOR('',#6539,1.);
#805=VECTOR('',#6540,1.);
#806=VECTOR('',#6541,1.);
#807=VECTOR('',#6542,1.);
#808=VECTOR('',#6545,1.);
#809=VECTOR('',#6546,1.);
#810=VECTOR('',#6547,1.);
#811=VECTOR('',#6550,1.);
#812=VECTOR('',#6551,1.);
#813=VECTOR('',#6552,1.);
#814=VECTOR('',#6555,1.);
#815=VECTOR('',#6556,1.);
#816=VECTOR('',#6559,1.);
#817=VECTOR('',#6560,1.);
#818=VECTOR('',#6561,1.);
#819=VECTOR('',#6562,1.);
#820=VECTOR('',#6565,1.);
#821=VECTOR('',#6566,1.);
#822=VECTOR('',#6567,1.);
#823=VECTOR('',#6570,1.);
#824=VECTOR('',#6571,1.);
#825=VECTOR('',#6572,1.);
#826=VECTOR('',#6575,1.);
#827=VECTOR('',#6576,1.);
#828=VECTOR('',#6579,1.);
#829=VECTOR('',#6580,1.);
#830=VECTOR('',#6581,1.);
#831=VECTOR('',#6582,1.);
#832=VECTOR('',#6585,1.);
#833=VECTOR('',#6586,1.);
#834=VECTOR('',#6587,1.);
#835=VECTOR('',#6590,1.);
#836=VECTOR('',#6591,1.);
#837=VECTOR('',#6592,1.);
#838=VECTOR('',#6595,1.);
#839=VECTOR('',#6596,1.);
#840=VECTOR('',#6599,1.);
#841=VECTOR('',#6600,1.);
#842=VECTOR('',#6601,1.);
#843=VECTOR('',#6602,1.);
#844=VECTOR('',#6605,1.);
#845=VECTOR('',#6606,1.);
#846=VECTOR('',#6607,1.);
#847=VECTOR('',#6610,1.);
#848=VECTOR('',#6611,1.);
#849=VECTOR('',#6612,1.);
#850=VECTOR('',#6615,1.);
#851=VECTOR('',#6616,1.);
#852=VECTOR('',#6619,1.);
#853=VECTOR('',#6620,1.);
#854=VECTOR('',#6621,1.);
#855=VECTOR('',#6622,1.);
#856=VECTOR('',#6625,1.);
#857=VECTOR('',#6626,1.);
#858=VECTOR('',#6627,1.);
#859=VECTOR('',#6630,1.);
#860=VECTOR('',#6631,1.);
#861=VECTOR('',#6632,1.);
#862=VECTOR('',#6635,1.);
#863=VECTOR('',#6636,1.);
#864=VECTOR('',#6639,1.);
#865=VECTOR('',#6640,1.);
#866=VECTOR('',#6641,1.);
#867=VECTOR('',#6642,1.);
#868=VECTOR('',#6645,1.);
#869=VECTOR('',#6646,1.);
#870=VECTOR('',#6647,1.);
#871=VECTOR('',#6650,1.);
#872=VECTOR('',#6651,1.);
#873=VECTOR('',#6652,1.);
#874=VECTOR('',#6655,1.);
#875=VECTOR('',#6656,1.);
#876=VECTOR('',#6659,1.);
#877=VECTOR('',#6660,1.);
#878=VECTOR('',#6661,1.);
#879=VECTOR('',#6662,1.);
#880=VECTOR('',#6665,1.);
#881=VECTOR('',#6666,1.);
#882=VECTOR('',#6667,1.);
#883=VECTOR('',#6670,1.);
#884=VECTOR('',#6671,1.);
#885=VECTOR('',#6672,1.);
#886=VECTOR('',#6675,1.);
#887=VECTOR('',#6676,1.);
#888=VECTOR('',#6679,1.);
#889=VECTOR('',#6680,1.);
#890=VECTOR('',#6681,1.);
#891=VECTOR('',#6682,1.);
#892=VECTOR('',#6685,1.);
#893=VECTOR('',#6686,1.);
#894=VECTOR('',#6687,1.);
#895=VECTOR('',#6690,1.);
#896=VECTOR('',#6691,1.);
#897=VECTOR('',#6692,1.);
#898=VECTOR('',#6695,1.);
#899=VECTOR('',#6696,1.);
#900=VECTOR('',#6697,1.);
#901=VECTOR('',#6702,1.);
#902=VECTOR('',#6707,1.);
#903=VECTOR('',#6708,1.);
#904=VECTOR('',#6709,1.);
#905=VECTOR('',#6712,1.);
#906=VECTOR('',#6713,1.);
#907=VECTOR('',#6714,1.);
#908=VECTOR('',#6717,1.);
#909=VECTOR('',#6718,1.);
#910=VECTOR('',#6719,1.);
#911=VECTOR('',#6724,1.);
#912=VECTOR('',#6729,1.);
#913=VECTOR('',#6730,1.);
#914=VECTOR('',#6731,1.);
#915=VECTOR('',#6736,1.);
#916=VECTOR('',#6741,1.);
#917=VECTOR('',#6742,1.);
#918=VECTOR('',#6743,1.);
#919=VECTOR('',#6746,1.);
#920=VECTOR('',#6747,1.);
#921=VECTOR('',#6748,1.);
#922=VECTOR('',#6751,1.);
#923=VECTOR('',#6752,1.);
#924=VECTOR('',#6753,1.);
#925=VECTOR('',#6758,1.);
#926=VECTOR('',#6763,1.);
#927=VECTOR('',#6764,1.);
#928=VECTOR('',#6765,1.);
#929=VECTOR('',#6768,1.);
#930=VECTOR('',#6769,1.);
#931=VECTOR('',#6770,1.);
#932=VECTOR('',#6773,1.);
#933=VECTOR('',#6774,1.);
#934=VECTOR('',#6775,1.);
#935=VECTOR('',#6778,1.);
#936=VECTOR('',#6779,1.);
#937=VECTOR('',#6780,1.);
#938=VECTOR('',#6783,1.);
#939=VECTOR('',#6784,1.);
#940=VECTOR('',#6787,1.);
#941=VECTOR('',#6788,1.);
#942=VECTOR('',#6789,1.);
#943=VECTOR('',#6790,1.);
#944=VECTOR('',#6793,1.);
#945=VECTOR('',#6794,1.);
#946=VECTOR('',#6795,1.);
#947=VECTOR('',#6798,1.);
#948=VECTOR('',#6799,1.);
#949=VECTOR('',#6800,1.);
#950=VECTOR('',#6803,1.);
#951=VECTOR('',#6804,1.);
#952=VECTOR('',#6805,1.);
#953=VECTOR('',#6810,1.);
#954=VECTOR('',#6815,1.);
#955=VECTOR('',#6816,1.);
#956=VECTOR('',#6817,1.);
#957=VECTOR('',#6820,1.);
#958=VECTOR('',#6821,1.);
#959=VECTOR('',#6822,1.);
#960=VECTOR('',#6825,1.);
#961=VECTOR('',#6826,1.);
#962=VECTOR('',#6827,1.);
#963=VECTOR('',#6832,1.);
#964=VECTOR('',#6837,1.);
#965=VECTOR('',#6838,1.);
#966=VECTOR('',#6839,1.);
#967=VECTOR('',#6844,1.);
#968=VECTOR('',#6849,1.);
#969=VECTOR('',#6850,1.);
#970=VECTOR('',#6851,1.);
#971=VECTOR('',#6854,1.);
#972=VECTOR('',#6855,1.);
#973=VECTOR('',#6856,1.);
#974=VECTOR('',#6859,1.);
#975=VECTOR('',#6860,1.);
#976=VECTOR('',#6861,1.);
#977=VECTOR('',#6866,1.);
#978=VECTOR('',#6871,1.);
#979=VECTOR('',#6872,1.);
#980=VECTOR('',#6873,1.);
#981=VECTOR('',#6876,1.);
#982=VECTOR('',#6877,1.);
#983=VECTOR('',#6878,1.);
#984=VECTOR('',#6881,1.);
#985=VECTOR('',#6882,1.);
#986=VECTOR('',#6883,1.);
#987=VECTOR('',#6886,1.);
#988=VECTOR('',#6887,1.);
#989=VECTOR('',#6888,1.);
#990=VECTOR('',#6891,1.);
#991=VECTOR('',#6892,1.);
#992=VECTOR('',#7471,1.);
#993=VECTOR('',#7472,1.);
#994=VECTOR('',#7473,1.);
#995=VECTOR('',#7474,1.);
#996=VECTOR('',#7477,1.);
#997=VECTOR('',#7478,1.);
#998=VECTOR('',#7479,1.);
#999=VECTOR('',#7482,1.);
#1000=VECTOR('',#7483,1.);
#1001=VECTOR('',#7484,1.);
#1002=VECTOR('',#7487,1.);
#1003=VECTOR('',#7488,1.);
#1004=VECTOR('',#7489,1.);
#1005=VECTOR('',#7494,1.);
#1006=VECTOR('',#7499,1.);
#1007=VECTOR('',#7500,1.);
#1008=VECTOR('',#7501,1.);
#1009=VECTOR('',#7504,1.);
#1010=VECTOR('',#7505,1.);
#1011=VECTOR('',#7506,1.);
#1012=VECTOR('',#7509,1.);
#1013=VECTOR('',#7510,1.);
#1014=VECTOR('',#7511,1.);
#1015=VECTOR('',#7516,1.);
#1016=VECTOR('',#7521,1.);
#1017=VECTOR('',#7522,1.);
#1018=VECTOR('',#7523,1.);
#1019=VECTOR('',#7528,1.);
#1020=VECTOR('',#7533,1.);
#1021=VECTOR('',#7534,1.);
#1022=VECTOR('',#7535,1.);
#1023=VECTOR('',#7540,1.);
#1024=VECTOR('',#7545,1.);
#1025=VECTOR('',#7546,1.);
#1026=VECTOR('',#7547,1.);
#1027=VECTOR('',#7552,1.);
#1028=VECTOR('',#7557,1.);
#1029=VECTOR('',#7558,1.);
#1030=VECTOR('',#7559,1.);
#1031=VECTOR('',#7562,1.);
#1032=VECTOR('',#7563,1.);
#1033=VECTOR('',#7564,1.);
#1034=VECTOR('',#7567,1.);
#1035=VECTOR('',#7568,1.);
#1036=VECTOR('',#7569,1.);
#1037=VECTOR('',#7574,1.);
#1038=VECTOR('',#7579,1.);
#1039=VECTOR('',#7580,1.);
#1040=VECTOR('',#7581,1.);
#1041=VECTOR('',#7584,1.);
#1042=VECTOR('',#7585,1.);
#1043=VECTOR('',#7586,1.);
#1044=VECTOR('',#7589,1.);
#1045=VECTOR('',#7590,1.);
#1046=VECTOR('',#7591,1.);
#1047=VECTOR('',#7594,1.);
#1048=VECTOR('',#7595,1.);
#1049=VECTOR('',#7596,1.);
#1050=VECTOR('',#7599,1.);
#1051=VECTOR('',#7600,1.);
#1052=VECTOR('',#7603,1.);
#1053=VECTOR('',#7604,1.);
#1054=VECTOR('',#7605,1.);
#1055=VECTOR('',#7606,1.);
#1056=VECTOR('',#7609,1.);
#1057=VECTOR('',#7610,1.);
#1058=VECTOR('',#7611,1.);
#1059=VECTOR('',#7614,1.);
#1060=VECTOR('',#7615,1.);
#1061=VECTOR('',#7616,1.);
#1062=VECTOR('',#7619,1.);
#1063=VECTOR('',#7620,1.);
#1064=VECTOR('',#7623,1.);
#1065=VECTOR('',#7624,1.);
#1066=VECTOR('',#7625,1.);
#1067=VECTOR('',#7626,1.);
#1068=VECTOR('',#7629,1.);
#1069=VECTOR('',#7630,1.);
#1070=VECTOR('',#7631,1.);
#1071=VECTOR('',#7634,1.);
#1072=VECTOR('',#7635,1.);
#1073=VECTOR('',#7636,1.);
#1074=VECTOR('',#7639,1.);
#1075=VECTOR('',#7640,1.);
#1076=VECTOR('',#7643,1.);
#1077=VECTOR('',#7644,1.);
#1078=VECTOR('',#7645,1.);
#1079=VECTOR('',#7646,1.);
#1080=VECTOR('',#7649,1.);
#1081=VECTOR('',#7650,1.);
#1082=VECTOR('',#7651,1.);
#1083=VECTOR('',#7654,1.);
#1084=VECTOR('',#7655,1.);
#1085=VECTOR('',#7656,1.);
#1086=VECTOR('',#7659,1.);
#1087=VECTOR('',#7660,1.);
#1088=VECTOR('',#7663,1.);
#1089=VECTOR('',#7664,1.);
#1090=VECTOR('',#7665,1.);
#1091=VECTOR('',#7666,1.);
#1092=VECTOR('',#7669,1.);
#1093=VECTOR('',#7670,1.);
#1094=VECTOR('',#7671,1.);
#1095=VECTOR('',#7674,1.);
#1096=VECTOR('',#7675,1.);
#1097=VECTOR('',#7676,1.);
#1098=VECTOR('',#7679,1.);
#1099=VECTOR('',#7680,1.);
#1100=VECTOR('',#7683,1.);
#1101=VECTOR('',#7684,1.);
#1102=VECTOR('',#7685,1.);
#1103=VECTOR('',#7686,1.);
#1104=VECTOR('',#7689,1.);
#1105=VECTOR('',#7690,1.);
#1106=VECTOR('',#7691,1.);
#1107=VECTOR('',#7694,1.);
#1108=VECTOR('',#7695,1.);
#1109=VECTOR('',#7696,1.);
#1110=VECTOR('',#7699,1.);
#1111=VECTOR('',#7700,1.);
#1112=VECTOR('',#7703,1.);
#1113=VECTOR('',#7704,1.);
#1114=VECTOR('',#7705,1.);
#1115=VECTOR('',#7706,1.);
#1116=VECTOR('',#7709,1.);
#1117=VECTOR('',#7710,1.);
#1118=VECTOR('',#7711,1.);
#1119=VECTOR('',#7714,1.);
#1120=VECTOR('',#7715,1.);
#1121=VECTOR('',#7716,1.);
#1122=VECTOR('',#7719,1.);
#1123=VECTOR('',#7720,1.);
#1124=VECTOR('',#7723,1.);
#1125=VECTOR('',#7724,1.);
#1126=VECTOR('',#7725,1.);
#1127=VECTOR('',#7726,1.);
#1128=VECTOR('',#7729,1.);
#1129=VECTOR('',#7730,1.);
#1130=VECTOR('',#7731,1.);
#1131=VECTOR('',#7734,1.);
#1132=VECTOR('',#7735,1.);
#1133=VECTOR('',#7736,1.);
#1134=VECTOR('',#7739,1.);
#1135=VECTOR('',#7740,1.);
#1136=VECTOR('',#7743,1.);
#1137=VECTOR('',#7744,1.);
#1138=VECTOR('',#7745,1.);
#1139=VECTOR('',#7746,1.);
#1140=VECTOR('',#7749,1.);
#1141=VECTOR('',#7750,1.);
#1142=VECTOR('',#7751,1.);
#1143=VECTOR('',#7754,1.);
#1144=VECTOR('',#7755,1.);
#1145=VECTOR('',#7756,1.);
#1146=VECTOR('',#7759,1.);
#1147=VECTOR('',#7760,1.);
#1148=VECTOR('',#7763,1.);
#1149=VECTOR('',#7764,1.);
#1150=VECTOR('',#7765,1.);
#1151=VECTOR('',#7768,1.);
#1152=VECTOR('',#7769,1.);
#1153=VECTOR('',#7770,1.);
#1154=VECTOR('',#7773,1.);
#1155=VECTOR('',#7776,1.);
#1156=ORIENTED_EDGE('',*,*,#2604,.F.);
#1157=ORIENTED_EDGE('',*,*,#2605,.F.);
#1158=ORIENTED_EDGE('',*,*,#2606,.F.);
#1159=ORIENTED_EDGE('',*,*,#2607,.F.);
#1160=ORIENTED_EDGE('',*,*,#2608,.F.);
#1161=ORIENTED_EDGE('',*,*,#2607,.T.);
#1162=ORIENTED_EDGE('',*,*,#2609,.T.);
#1163=ORIENTED_EDGE('',*,*,#2610,.F.);
#1164=ORIENTED_EDGE('',*,*,#2611,.F.);
#1165=ORIENTED_EDGE('',*,*,#2612,.F.);
#1166=ORIENTED_EDGE('',*,*,#2613,.T.);
#1167=ORIENTED_EDGE('',*,*,#2610,.T.);
#1168=ORIENTED_EDGE('',*,*,#2614,.F.);
#1169=ORIENTED_EDGE('',*,*,#2615,.T.);
#1170=ORIENTED_EDGE('',*,*,#2616,.T.);
#1171=ORIENTED_EDGE('',*,*,#2612,.T.);
#1172=ORIENTED_EDGE('',*,*,#2617,.F.);
#1173=ORIENTED_EDGE('',*,*,#2615,.F.);
#1174=ORIENTED_EDGE('',*,*,#2618,.F.);
#1175=ORIENTED_EDGE('',*,*,#2619,.F.);
#1176=ORIENTED_EDGE('',*,*,#2620,.T.);
#1177=ORIENTED_EDGE('',*,*,#2619,.T.);
#1178=ORIENTED_EDGE('',*,*,#2621,.F.);
#1179=ORIENTED_EDGE('',*,*,#2622,.F.);
#1180=ORIENTED_EDGE('',*,*,#2623,.F.);
#1181=ORIENTED_EDGE('',*,*,#2624,.F.);
#1182=ORIENTED_EDGE('',*,*,#2625,.T.);
#1183=ORIENTED_EDGE('',*,*,#2622,.T.);
#1184=ORIENTED_EDGE('',*,*,#2626,.F.);
#1185=ORIENTED_EDGE('',*,*,#2627,.T.);
#1186=ORIENTED_EDGE('',*,*,#2628,.T.);
#1187=ORIENTED_EDGE('',*,*,#2624,.T.);
#1188=ORIENTED_EDGE('',*,*,#2629,.F.);
#1189=ORIENTED_EDGE('',*,*,#2627,.F.);
#1190=ORIENTED_EDGE('',*,*,#2630,.F.);
#1191=ORIENTED_EDGE('',*,*,#2631,.F.);
#1192=ORIENTED_EDGE('',*,*,#2632,.F.);
#1193=ORIENTED_EDGE('',*,*,#2631,.T.);
#1194=ORIENTED_EDGE('',*,*,#2633,.T.);
#1195=ORIENTED_EDGE('',*,*,#2634,.F.);
#1196=ORIENTED_EDGE('',*,*,#2635,.T.);
#1197=ORIENTED_EDGE('',*,*,#2636,.F.);
#1198=ORIENTED_EDGE('',*,*,#2637,.F.);
#1199=ORIENTED_EDGE('',*,*,#2634,.T.);
#1200=ORIENTED_EDGE('',*,*,#2638,.F.);
#1201=ORIENTED_EDGE('',*,*,#2639,.T.);
#1202=ORIENTED_EDGE('',*,*,#2640,.T.);
#1203=ORIENTED_EDGE('',*,*,#2636,.T.);
#1204=ORIENTED_EDGE('',*,*,#2641,.F.);
#1205=ORIENTED_EDGE('',*,*,#2639,.F.);
#1206=ORIENTED_EDGE('',*,*,#2642,.F.);
#1207=ORIENTED_EDGE('',*,*,#2643,.F.);
#1208=ORIENTED_EDGE('',*,*,#2644,.T.);
#1209=ORIENTED_EDGE('',*,*,#2645,.F.);
#1210=ORIENTED_EDGE('',*,*,#2646,.T.);
#1211=ORIENTED_EDGE('',*,*,#2647,.F.);
#1212=ORIENTED_EDGE('',*,*,#2648,.F.);
#1213=ORIENTED_EDGE('',*,*,#2649,.F.);
#1214=ORIENTED_EDGE('',*,*,#2650,.T.);
#1215=ORIENTED_EDGE('',*,*,#2651,.T.);
#1216=ORIENTED_EDGE('',*,*,#2652,.T.);
#1217=ORIENTED_EDGE('',*,*,#2653,.F.);
#1218=ORIENTED_EDGE('',*,*,#2654,.F.);
#1219=ORIENTED_EDGE('',*,*,#2649,.T.);
#1220=ORIENTED_EDGE('',*,*,#2655,.T.);
#1221=ORIENTED_EDGE('',*,*,#2656,.F.);
#1222=ORIENTED_EDGE('',*,*,#2657,.F.);
#1223=ORIENTED_EDGE('',*,*,#2653,.T.);
#1224=ORIENTED_EDGE('',*,*,#2658,.F.);
#1225=ORIENTED_EDGE('',*,*,#2651,.F.);
#1226=ORIENTED_EDGE('',*,*,#2659,.T.);
#1227=ORIENTED_EDGE('',*,*,#2656,.T.);
#1228=ORIENTED_EDGE('',*,*,#2660,.F.);
#1229=ORIENTED_EDGE('',*,*,#2661,.F.);
#1230=ORIENTED_EDGE('',*,*,#2662,.T.);
#1231=ORIENTED_EDGE('',*,*,#2663,.T.);
#1232=ORIENTED_EDGE('',*,*,#2664,.T.);
#1233=ORIENTED_EDGE('',*,*,#2665,.F.);
#1234=ORIENTED_EDGE('',*,*,#2666,.F.);
#1235=ORIENTED_EDGE('',*,*,#2661,.T.);
#1236=ORIENTED_EDGE('',*,*,#2667,.T.);
#1237=ORIENTED_EDGE('',*,*,#2668,.F.);
#1238=ORIENTED_EDGE('',*,*,#2669,.F.);
#1239=ORIENTED_EDGE('',*,*,#2665,.T.);
#1240=ORIENTED_EDGE('',*,*,#2670,.F.);
#1241=ORIENTED_EDGE('',*,*,#2663,.F.);
#1242=ORIENTED_EDGE('',*,*,#2671,.T.);
#1243=ORIENTED_EDGE('',*,*,#2668,.T.);
#1244=ORIENTED_EDGE('',*,*,#2672,.T.);
#1245=ORIENTED_EDGE('',*,*,#2673,.F.);
#1246=ORIENTED_EDGE('',*,*,#2674,.F.);
#1247=ORIENTED_EDGE('',*,*,#2675,.T.);
#1248=ORIENTED_EDGE('',*,*,#2676,.F.);
#1249=ORIENTED_EDGE('',*,*,#2677,.F.);
#1250=ORIENTED_EDGE('',*,*,#2678,.T.);
#1251=ORIENTED_EDGE('',*,*,#2673,.T.);
#1252=ORIENTED_EDGE('',*,*,#2679,.F.);
#1253=ORIENTED_EDGE('',*,*,#2680,.F.);
#1254=ORIENTED_EDGE('',*,*,#2681,.T.);
#1255=ORIENTED_EDGE('',*,*,#2677,.T.);
#1256=ORIENTED_EDGE('',*,*,#2682,.T.);
#1257=ORIENTED_EDGE('',*,*,#2675,.F.);
#1258=ORIENTED_EDGE('',*,*,#2683,.F.);
#1259=ORIENTED_EDGE('',*,*,#2680,.T.);
#1260=ORIENTED_EDGE('',*,*,#2684,.T.);
#1261=ORIENTED_EDGE('',*,*,#2685,.F.);
#1262=ORIENTED_EDGE('',*,*,#2686,.F.);
#1263=ORIENTED_EDGE('',*,*,#2687,.T.);
#1264=ORIENTED_EDGE('',*,*,#2688,.T.);
#1265=ORIENTED_EDGE('',*,*,#2689,.F.);
#1266=ORIENTED_EDGE('',*,*,#2690,.F.);
#1267=ORIENTED_EDGE('',*,*,#2685,.T.);
#1268=ORIENTED_EDGE('',*,*,#2691,.F.);
#1269=ORIENTED_EDGE('',*,*,#2692,.F.);
#1270=ORIENTED_EDGE('',*,*,#2693,.T.);
#1271=ORIENTED_EDGE('',*,*,#2689,.T.);
#1272=ORIENTED_EDGE('',*,*,#2694,.F.);
#1273=ORIENTED_EDGE('',*,*,#2687,.F.);
#1274=ORIENTED_EDGE('',*,*,#2695,.T.);
#1275=ORIENTED_EDGE('',*,*,#2692,.T.);
#1276=ORIENTED_EDGE('',*,*,#2696,.F.);
#1277=ORIENTED_EDGE('',*,*,#2697,.F.);
#1278=ORIENTED_EDGE('',*,*,#2698,.T.);
#1279=ORIENTED_EDGE('',*,*,#2699,.T.);
#1280=ORIENTED_EDGE('',*,*,#2700,.T.);
#1281=ORIENTED_EDGE('',*,*,#2701,.F.);
#1282=ORIENTED_EDGE('',*,*,#2702,.F.);
#1283=ORIENTED_EDGE('',*,*,#2697,.T.);
#1284=ORIENTED_EDGE('',*,*,#2703,.T.);
#1285=ORIENTED_EDGE('',*,*,#2704,.F.);
#1286=ORIENTED_EDGE('',*,*,#2705,.F.);
#1287=ORIENTED_EDGE('',*,*,#2701,.T.);
#1288=ORIENTED_EDGE('',*,*,#2706,.F.);
#1289=ORIENTED_EDGE('',*,*,#2699,.F.);
#1290=ORIENTED_EDGE('',*,*,#2707,.T.);
#1291=ORIENTED_EDGE('',*,*,#2704,.T.);
#1292=ORIENTED_EDGE('',*,*,#2708,.F.);
#1293=ORIENTED_EDGE('',*,*,#2709,.F.);
#1294=ORIENTED_EDGE('',*,*,#2710,.T.);
#1295=ORIENTED_EDGE('',*,*,#2711,.T.);
#1296=ORIENTED_EDGE('',*,*,#2712,.T.);
#1297=ORIENTED_EDGE('',*,*,#2713,.F.);
#1298=ORIENTED_EDGE('',*,*,#2714,.F.);
#1299=ORIENTED_EDGE('',*,*,#2709,.T.);
#1300=ORIENTED_EDGE('',*,*,#2715,.T.);
#1301=ORIENTED_EDGE('',*,*,#2716,.F.);
#1302=ORIENTED_EDGE('',*,*,#2717,.F.);
#1303=ORIENTED_EDGE('',*,*,#2713,.T.);
#1304=ORIENTED_EDGE('',*,*,#2718,.F.);
#1305=ORIENTED_EDGE('',*,*,#2711,.F.);
#1306=ORIENTED_EDGE('',*,*,#2719,.T.);
#1307=ORIENTED_EDGE('',*,*,#2716,.T.);
#1308=ORIENTED_EDGE('',*,*,#2720,.F.);
#1309=ORIENTED_EDGE('',*,*,#2721,.F.);
#1310=ORIENTED_EDGE('',*,*,#2722,.T.);
#1311=ORIENTED_EDGE('',*,*,#2723,.T.);
#1312=ORIENTED_EDGE('',*,*,#2724,.T.);
#1313=ORIENTED_EDGE('',*,*,#2725,.F.);
#1314=ORIENTED_EDGE('',*,*,#2726,.F.);
#1315=ORIENTED_EDGE('',*,*,#2721,.T.);
#1316=ORIENTED_EDGE('',*,*,#2727,.T.);
#1317=ORIENTED_EDGE('',*,*,#2728,.F.);
#1318=ORIENTED_EDGE('',*,*,#2729,.F.);
#1319=ORIENTED_EDGE('',*,*,#2725,.T.);
#1320=ORIENTED_EDGE('',*,*,#2730,.F.);
#1321=ORIENTED_EDGE('',*,*,#2723,.F.);
#1322=ORIENTED_EDGE('',*,*,#2731,.T.);
#1323=ORIENTED_EDGE('',*,*,#2728,.T.);
#1324=ORIENTED_EDGE('',*,*,#2732,.F.);
#1325=ORIENTED_EDGE('',*,*,#2733,.F.);
#1326=ORIENTED_EDGE('',*,*,#2734,.T.);
#1327=ORIENTED_EDGE('',*,*,#2735,.T.);
#1328=ORIENTED_EDGE('',*,*,#2736,.T.);
#1329=ORIENTED_EDGE('',*,*,#2737,.F.);
#1330=ORIENTED_EDGE('',*,*,#2738,.F.);
#1331=ORIENTED_EDGE('',*,*,#2733,.T.);
#1332=ORIENTED_EDGE('',*,*,#2739,.T.);
#1333=ORIENTED_EDGE('',*,*,#2740,.F.);
#1334=ORIENTED_EDGE('',*,*,#2741,.F.);
#1335=ORIENTED_EDGE('',*,*,#2737,.T.);
#1336=ORIENTED_EDGE('',*,*,#2742,.F.);
#1337=ORIENTED_EDGE('',*,*,#2735,.F.);
#1338=ORIENTED_EDGE('',*,*,#2743,.T.);
#1339=ORIENTED_EDGE('',*,*,#2740,.T.);
#1340=ORIENTED_EDGE('',*,*,#2744,.F.);
#1341=ORIENTED_EDGE('',*,*,#2745,.F.);
#1342=ORIENTED_EDGE('',*,*,#2746,.T.);
#1343=ORIENTED_EDGE('',*,*,#2747,.T.);
#1344=ORIENTED_EDGE('',*,*,#2748,.T.);
#1345=ORIENTED_EDGE('',*,*,#2749,.F.);
#1346=ORIENTED_EDGE('',*,*,#2750,.F.);
#1347=ORIENTED_EDGE('',*,*,#2745,.T.);
#1348=ORIENTED_EDGE('',*,*,#2751,.T.);
#1349=ORIENTED_EDGE('',*,*,#2752,.F.);
#1350=ORIENTED_EDGE('',*,*,#2753,.F.);
#1351=ORIENTED_EDGE('',*,*,#2749,.T.);
#1352=ORIENTED_EDGE('',*,*,#2754,.F.);
#1353=ORIENTED_EDGE('',*,*,#2747,.F.);
#1354=ORIENTED_EDGE('',*,*,#2755,.T.);
#1355=ORIENTED_EDGE('',*,*,#2752,.T.);
#1356=ORIENTED_EDGE('',*,*,#2756,.F.);
#1357=ORIENTED_EDGE('',*,*,#2757,.F.);
#1358=ORIENTED_EDGE('',*,*,#2758,.T.);
#1359=ORIENTED_EDGE('',*,*,#2759,.T.);
#1360=ORIENTED_EDGE('',*,*,#2760,.T.);
#1361=ORIENTED_EDGE('',*,*,#2761,.F.);
#1362=ORIENTED_EDGE('',*,*,#2762,.F.);
#1363=ORIENTED_EDGE('',*,*,#2757,.T.);
#1364=ORIENTED_EDGE('',*,*,#2763,.T.);
#1365=ORIENTED_EDGE('',*,*,#2764,.F.);
#1366=ORIENTED_EDGE('',*,*,#2765,.F.);
#1367=ORIENTED_EDGE('',*,*,#2761,.T.);
#1368=ORIENTED_EDGE('',*,*,#2766,.F.);
#1369=ORIENTED_EDGE('',*,*,#2759,.F.);
#1370=ORIENTED_EDGE('',*,*,#2767,.T.);
#1371=ORIENTED_EDGE('',*,*,#2764,.T.);
#1372=ORIENTED_EDGE('',*,*,#2768,.F.);
#1373=ORIENTED_EDGE('',*,*,#2769,.F.);
#1374=ORIENTED_EDGE('',*,*,#2770,.T.);
#1375=ORIENTED_EDGE('',*,*,#2771,.T.);
#1376=ORIENTED_EDGE('',*,*,#2772,.T.);
#1377=ORIENTED_EDGE('',*,*,#2773,.F.);
#1378=ORIENTED_EDGE('',*,*,#2774,.F.);
#1379=ORIENTED_EDGE('',*,*,#2769,.T.);
#1380=ORIENTED_EDGE('',*,*,#2775,.T.);
#1381=ORIENTED_EDGE('',*,*,#2776,.F.);
#1382=ORIENTED_EDGE('',*,*,#2777,.F.);
#1383=ORIENTED_EDGE('',*,*,#2773,.T.);
#1384=ORIENTED_EDGE('',*,*,#2778,.F.);
#1385=ORIENTED_EDGE('',*,*,#2771,.F.);
#1386=ORIENTED_EDGE('',*,*,#2779,.T.);
#1387=ORIENTED_EDGE('',*,*,#2776,.T.);
#1388=ORIENTED_EDGE('',*,*,#2780,.F.);
#1389=ORIENTED_EDGE('',*,*,#2781,.F.);
#1390=ORIENTED_EDGE('',*,*,#2782,.T.);
#1391=ORIENTED_EDGE('',*,*,#2783,.T.);
#1392=ORIENTED_EDGE('',*,*,#2784,.T.);
#1393=ORIENTED_EDGE('',*,*,#2785,.F.);
#1394=ORIENTED_EDGE('',*,*,#2786,.F.);
#1395=ORIENTED_EDGE('',*,*,#2781,.T.);
#1396=ORIENTED_EDGE('',*,*,#2787,.T.);
#1397=ORIENTED_EDGE('',*,*,#2788,.F.);
#1398=ORIENTED_EDGE('',*,*,#2789,.F.);
#1399=ORIENTED_EDGE('',*,*,#2785,.T.);
#1400=ORIENTED_EDGE('',*,*,#2790,.F.);
#1401=ORIENTED_EDGE('',*,*,#2783,.F.);
#1402=ORIENTED_EDGE('',*,*,#2791,.T.);
#1403=ORIENTED_EDGE('',*,*,#2788,.T.);
#1404=ORIENTED_EDGE('',*,*,#2792,.F.);
#1405=ORIENTED_EDGE('',*,*,#2793,.F.);
#1406=ORIENTED_EDGE('',*,*,#2794,.T.);
#1407=ORIENTED_EDGE('',*,*,#2795,.T.);
#1408=ORIENTED_EDGE('',*,*,#2796,.T.);
#1409=ORIENTED_EDGE('',*,*,#2797,.F.);
#1410=ORIENTED_EDGE('',*,*,#2798,.F.);
#1411=ORIENTED_EDGE('',*,*,#2793,.T.);
#1412=ORIENTED_EDGE('',*,*,#2799,.T.);
#1413=ORIENTED_EDGE('',*,*,#2800,.F.);
#1414=ORIENTED_EDGE('',*,*,#2801,.F.);
#1415=ORIENTED_EDGE('',*,*,#2797,.T.);
#1416=ORIENTED_EDGE('',*,*,#2802,.F.);
#1417=ORIENTED_EDGE('',*,*,#2795,.F.);
#1418=ORIENTED_EDGE('',*,*,#2803,.T.);
#1419=ORIENTED_EDGE('',*,*,#2800,.T.);
#1420=ORIENTED_EDGE('',*,*,#2804,.F.);
#1421=ORIENTED_EDGE('',*,*,#2805,.F.);
#1422=ORIENTED_EDGE('',*,*,#2806,.T.);
#1423=ORIENTED_EDGE('',*,*,#2807,.T.);
#1424=ORIENTED_EDGE('',*,*,#2808,.T.);
#1425=ORIENTED_EDGE('',*,*,#2809,.F.);
#1426=ORIENTED_EDGE('',*,*,#2810,.F.);
#1427=ORIENTED_EDGE('',*,*,#2805,.T.);
#1428=ORIENTED_EDGE('',*,*,#2811,.T.);
#1429=ORIENTED_EDGE('',*,*,#2812,.F.);
#1430=ORIENTED_EDGE('',*,*,#2813,.F.);
#1431=ORIENTED_EDGE('',*,*,#2809,.T.);
#1432=ORIENTED_EDGE('',*,*,#2814,.F.);
#1433=ORIENTED_EDGE('',*,*,#2807,.F.);
#1434=ORIENTED_EDGE('',*,*,#2815,.T.);
#1435=ORIENTED_EDGE('',*,*,#2812,.T.);
#1436=ORIENTED_EDGE('',*,*,#2816,.F.);
#1437=ORIENTED_EDGE('',*,*,#2817,.F.);
#1438=ORIENTED_EDGE('',*,*,#2818,.T.);
#1439=ORIENTED_EDGE('',*,*,#2819,.T.);
#1440=ORIENTED_EDGE('',*,*,#2820,.T.);
#1441=ORIENTED_EDGE('',*,*,#2821,.F.);
#1442=ORIENTED_EDGE('',*,*,#2822,.F.);
#1443=ORIENTED_EDGE('',*,*,#2817,.T.);
#1444=ORIENTED_EDGE('',*,*,#2823,.T.);
#1445=ORIENTED_EDGE('',*,*,#2824,.F.);
#1446=ORIENTED_EDGE('',*,*,#2825,.F.);
#1447=ORIENTED_EDGE('',*,*,#2821,.T.);
#1448=ORIENTED_EDGE('',*,*,#2826,.F.);
#1449=ORIENTED_EDGE('',*,*,#2819,.F.);
#1450=ORIENTED_EDGE('',*,*,#2827,.T.);
#1451=ORIENTED_EDGE('',*,*,#2824,.T.);
#1452=ORIENTED_EDGE('',*,*,#2828,.T.);
#1453=ORIENTED_EDGE('',*,*,#2829,.F.);
#1454=ORIENTED_EDGE('',*,*,#2830,.F.);
#1455=ORIENTED_EDGE('',*,*,#2831,.T.);
#1456=ORIENTED_EDGE('',*,*,#2832,.T.);
#1457=ORIENTED_EDGE('',*,*,#2833,.F.);
#1458=ORIENTED_EDGE('',*,*,#2834,.F.);
#1459=ORIENTED_EDGE('',*,*,#2829,.T.);
#1460=ORIENTED_EDGE('',*,*,#2835,.F.);
#1461=ORIENTED_EDGE('',*,*,#2836,.F.);
#1462=ORIENTED_EDGE('',*,*,#2837,.T.);
#1463=ORIENTED_EDGE('',*,*,#2833,.T.);
#1464=ORIENTED_EDGE('',*,*,#2838,.F.);
#1465=ORIENTED_EDGE('',*,*,#2831,.F.);
#1466=ORIENTED_EDGE('',*,*,#2839,.T.);
#1467=ORIENTED_EDGE('',*,*,#2836,.T.);
#1468=ORIENTED_EDGE('',*,*,#2840,.T.);
#1469=ORIENTED_EDGE('',*,*,#2841,.F.);
#1470=ORIENTED_EDGE('',*,*,#2842,.F.);
#1471=ORIENTED_EDGE('',*,*,#2843,.T.);
#1472=ORIENTED_EDGE('',*,*,#2844,.T.);
#1473=ORIENTED_EDGE('',*,*,#2845,.F.);
#1474=ORIENTED_EDGE('',*,*,#2846,.F.);
#1475=ORIENTED_EDGE('',*,*,#2841,.T.);
#1476=ORIENTED_EDGE('',*,*,#2847,.F.);
#1477=ORIENTED_EDGE('',*,*,#2848,.F.);
#1478=ORIENTED_EDGE('',*,*,#2849,.T.);
#1479=ORIENTED_EDGE('',*,*,#2845,.T.);
#1480=ORIENTED_EDGE('',*,*,#2850,.F.);
#1481=ORIENTED_EDGE('',*,*,#2851,.F.);
#1482=ORIENTED_EDGE('',*,*,#2852,.T.);
#1483=ORIENTED_EDGE('',*,*,#2848,.T.);
#1484=ORIENTED_EDGE('',*,*,#2853,.T.);
#1485=ORIENTED_EDGE('',*,*,#2854,.F.);
#1486=ORIENTED_EDGE('',*,*,#2855,.F.);
#1487=ORIENTED_EDGE('',*,*,#2851,.T.);
#1488=ORIENTED_EDGE('',*,*,#2856,.F.);
#1489=ORIENTED_EDGE('',*,*,#2857,.F.);
#1490=ORIENTED_EDGE('',*,*,#2858,.T.);
#1491=ORIENTED_EDGE('',*,*,#2854,.T.);
#1492=ORIENTED_EDGE('',*,*,#2859,.T.);
#1493=ORIENTED_EDGE('',*,*,#2860,.F.);
#1494=ORIENTED_EDGE('',*,*,#2861,.F.);
#1495=ORIENTED_EDGE('',*,*,#2857,.T.);
#1496=ORIENTED_EDGE('',*,*,#2862,.F.);
#1497=ORIENTED_EDGE('',*,*,#2863,.F.);
#1498=ORIENTED_EDGE('',*,*,#2864,.T.);
#1499=ORIENTED_EDGE('',*,*,#2860,.T.);
#1500=ORIENTED_EDGE('',*,*,#2865,.T.);
#1501=ORIENTED_EDGE('',*,*,#2866,.F.);
#1502=ORIENTED_EDGE('',*,*,#2867,.F.);
#1503=ORIENTED_EDGE('',*,*,#2863,.T.);
#1504=ORIENTED_EDGE('',*,*,#2868,.F.);
#1505=ORIENTED_EDGE('',*,*,#2869,.F.);
#1506=ORIENTED_EDGE('',*,*,#2870,.T.);
#1507=ORIENTED_EDGE('',*,*,#2866,.T.);
#1508=ORIENTED_EDGE('',*,*,#2871,.T.);
#1509=ORIENTED_EDGE('',*,*,#2872,.F.);
#1510=ORIENTED_EDGE('',*,*,#2873,.F.);
#1511=ORIENTED_EDGE('',*,*,#2869,.T.);
#1512=ORIENTED_EDGE('',*,*,#2874,.F.);
#1513=ORIENTED_EDGE('',*,*,#2875,.F.);
#1514=ORIENTED_EDGE('',*,*,#2876,.T.);
#1515=ORIENTED_EDGE('',*,*,#2872,.T.);
#1516=ORIENTED_EDGE('',*,*,#2877,.F.);
#1517=ORIENTED_EDGE('',*,*,#2878,.F.);
#1518=ORIENTED_EDGE('',*,*,#2879,.T.);
#1519=ORIENTED_EDGE('',*,*,#2875,.T.);
#1520=ORIENTED_EDGE('',*,*,#2880,.F.);
#1521=ORIENTED_EDGE('',*,*,#2881,.F.);
#1522=ORIENTED_EDGE('',*,*,#2882,.T.);
#1523=ORIENTED_EDGE('',*,*,#2878,.T.);
#1524=ORIENTED_EDGE('',*,*,#2883,.T.);
#1525=ORIENTED_EDGE('',*,*,#2884,.F.);
#1526=ORIENTED_EDGE('',*,*,#2885,.F.);
#1527=ORIENTED_EDGE('',*,*,#2881,.T.);
#1528=ORIENTED_EDGE('',*,*,#2886,.F.);
#1529=ORIENTED_EDGE('',*,*,#2887,.F.);
#1530=ORIENTED_EDGE('',*,*,#2888,.T.);
#1531=ORIENTED_EDGE('',*,*,#2884,.T.);
#1532=ORIENTED_EDGE('',*,*,#2889,.T.);
#1533=ORIENTED_EDGE('',*,*,#2890,.F.);
#1534=ORIENTED_EDGE('',*,*,#2891,.F.);
#1535=ORIENTED_EDGE('',*,*,#2887,.T.);
#1536=ORIENTED_EDGE('',*,*,#2892,.T.);
#1537=ORIENTED_EDGE('',*,*,#2893,.F.);
#1538=ORIENTED_EDGE('',*,*,#2894,.F.);
#1539=ORIENTED_EDGE('',*,*,#2890,.T.);
#1540=ORIENTED_EDGE('',*,*,#2895,.F.);
#1541=ORIENTED_EDGE('',*,*,#2896,.F.);
#1542=ORIENTED_EDGE('',*,*,#2897,.T.);
#1543=ORIENTED_EDGE('',*,*,#2893,.T.);
#1544=ORIENTED_EDGE('',*,*,#2898,.F.);
#1545=ORIENTED_EDGE('',*,*,#2843,.F.);
#1546=ORIENTED_EDGE('',*,*,#2899,.T.);
#1547=ORIENTED_EDGE('',*,*,#2896,.T.);
#1548=ORIENTED_EDGE('',*,*,#2900,.T.);
#1549=ORIENTED_EDGE('',*,*,#2901,.F.);
#1550=ORIENTED_EDGE('',*,*,#2902,.F.);
#1551=ORIENTED_EDGE('',*,*,#2903,.T.);
#1552=ORIENTED_EDGE('',*,*,#2904,.T.);
#1553=ORIENTED_EDGE('',*,*,#2905,.F.);
#1554=ORIENTED_EDGE('',*,*,#2906,.F.);
#1555=ORIENTED_EDGE('',*,*,#2901,.T.);
#1556=ORIENTED_EDGE('',*,*,#2907,.F.);
#1557=ORIENTED_EDGE('',*,*,#2908,.F.);
#1558=ORIENTED_EDGE('',*,*,#2909,.T.);
#1559=ORIENTED_EDGE('',*,*,#2905,.T.);
#1560=ORIENTED_EDGE('',*,*,#2910,.F.);
#1561=ORIENTED_EDGE('',*,*,#2911,.F.);
#1562=ORIENTED_EDGE('',*,*,#2912,.T.);
#1563=ORIENTED_EDGE('',*,*,#2908,.T.);
#1564=ORIENTED_EDGE('',*,*,#2913,.T.);
#1565=ORIENTED_EDGE('',*,*,#2914,.F.);
#1566=ORIENTED_EDGE('',*,*,#2915,.F.);
#1567=ORIENTED_EDGE('',*,*,#2911,.T.);
#1568=ORIENTED_EDGE('',*,*,#2916,.F.);
#1569=ORIENTED_EDGE('',*,*,#2917,.F.);
#1570=ORIENTED_EDGE('',*,*,#2918,.T.);
#1571=ORIENTED_EDGE('',*,*,#2914,.T.);
#1572=ORIENTED_EDGE('',*,*,#2919,.T.);
#1573=ORIENTED_EDGE('',*,*,#2920,.F.);
#1574=ORIENTED_EDGE('',*,*,#2921,.F.);
#1575=ORIENTED_EDGE('',*,*,#2917,.T.);
#1576=ORIENTED_EDGE('',*,*,#2922,.F.);
#1577=ORIENTED_EDGE('',*,*,#2923,.F.);
#1578=ORIENTED_EDGE('',*,*,#2924,.T.);
#1579=ORIENTED_EDGE('',*,*,#2920,.T.);
#1580=ORIENTED_EDGE('',*,*,#2925,.T.);
#1581=ORIENTED_EDGE('',*,*,#2926,.F.);
#1582=ORIENTED_EDGE('',*,*,#2927,.F.);
#1583=ORIENTED_EDGE('',*,*,#2923,.T.);
#1584=ORIENTED_EDGE('',*,*,#2928,.F.);
#1585=ORIENTED_EDGE('',*,*,#2929,.F.);
#1586=ORIENTED_EDGE('',*,*,#2930,.T.);
#1587=ORIENTED_EDGE('',*,*,#2926,.T.);
#1588=ORIENTED_EDGE('',*,*,#2931,.T.);
#1589=ORIENTED_EDGE('',*,*,#2932,.F.);
#1590=ORIENTED_EDGE('',*,*,#2933,.F.);
#1591=ORIENTED_EDGE('',*,*,#2929,.T.);
#1592=ORIENTED_EDGE('',*,*,#2934,.F.);
#1593=ORIENTED_EDGE('',*,*,#2935,.F.);
#1594=ORIENTED_EDGE('',*,*,#2936,.T.);
#1595=ORIENTED_EDGE('',*,*,#2932,.T.);
#1596=ORIENTED_EDGE('',*,*,#2937,.F.);
#1597=ORIENTED_EDGE('',*,*,#2938,.F.);
#1598=ORIENTED_EDGE('',*,*,#2939,.T.);
#1599=ORIENTED_EDGE('',*,*,#2935,.T.);
#1600=ORIENTED_EDGE('',*,*,#2940,.F.);
#1601=ORIENTED_EDGE('',*,*,#2941,.F.);
#1602=ORIENTED_EDGE('',*,*,#2942,.T.);
#1603=ORIENTED_EDGE('',*,*,#2938,.T.);
#1604=ORIENTED_EDGE('',*,*,#2943,.T.);
#1605=ORIENTED_EDGE('',*,*,#2944,.F.);
#1606=ORIENTED_EDGE('',*,*,#2945,.F.);
#1607=ORIENTED_EDGE('',*,*,#2941,.T.);
#1608=ORIENTED_EDGE('',*,*,#2946,.F.);
#1609=ORIENTED_EDGE('',*,*,#2947,.F.);
#1610=ORIENTED_EDGE('',*,*,#2948,.T.);
#1611=ORIENTED_EDGE('',*,*,#2944,.T.);
#1612=ORIENTED_EDGE('',*,*,#2949,.T.);
#1613=ORIENTED_EDGE('',*,*,#2950,.F.);
#1614=ORIENTED_EDGE('',*,*,#2951,.F.);
#1615=ORIENTED_EDGE('',*,*,#2947,.T.);
#1616=ORIENTED_EDGE('',*,*,#2952,.T.);
#1617=ORIENTED_EDGE('',*,*,#2953,.F.);
#1618=ORIENTED_EDGE('',*,*,#2954,.F.);
#1619=ORIENTED_EDGE('',*,*,#2950,.T.);
#1620=ORIENTED_EDGE('',*,*,#2955,.F.);
#1621=ORIENTED_EDGE('',*,*,#2956,.F.);
#1622=ORIENTED_EDGE('',*,*,#2957,.T.);
#1623=ORIENTED_EDGE('',*,*,#2953,.T.);
#1624=ORIENTED_EDGE('',*,*,#2958,.F.);
#1625=ORIENTED_EDGE('',*,*,#2903,.F.);
#1626=ORIENTED_EDGE('',*,*,#2959,.T.);
#1627=ORIENTED_EDGE('',*,*,#2956,.T.);
#1628=ORIENTED_EDGE('',*,*,#2960,.F.);
#1629=ORIENTED_EDGE('',*,*,#2961,.T.);
#1630=ORIENTED_EDGE('',*,*,#2962,.F.);
#1631=ORIENTED_EDGE('',*,*,#2963,.T.);
#1632=ORIENTED_EDGE('',*,*,#2964,.F.);
#1633=ORIENTED_EDGE('',*,*,#2965,.T.);
#1634=ORIENTED_EDGE('',*,*,#2966,.F.);
#1635=ORIENTED_EDGE('',*,*,#2967,.T.);
#1636=ORIENTED_EDGE('',*,*,#2968,.F.);
#1637=ORIENTED_EDGE('',*,*,#2969,.T.);
#1638=ORIENTED_EDGE('',*,*,#2970,.F.);
#1639=ORIENTED_EDGE('',*,*,#2971,.T.);
#1640=ORIENTED_EDGE('',*,*,#2972,.F.);
#1641=ORIENTED_EDGE('',*,*,#2973,.T.);
#1642=ORIENTED_EDGE('',*,*,#2974,.F.);
#1643=ORIENTED_EDGE('',*,*,#2975,.T.);
#1644=ORIENTED_EDGE('',*,*,#2976,.F.);
#1645=ORIENTED_EDGE('',*,*,#2977,.T.);
#1646=ORIENTED_EDGE('',*,*,#2978,.F.);
#1647=ORIENTED_EDGE('',*,*,#2979,.T.);
#1648=ORIENTED_EDGE('',*,*,#2980,.F.);
#1649=ORIENTED_EDGE('',*,*,#2981,.T.);
#1650=ORIENTED_EDGE('',*,*,#2982,.F.);
#1651=ORIENTED_EDGE('',*,*,#2983,.T.);
#1652=ORIENTED_EDGE('',*,*,#2984,.F.);
#1653=ORIENTED_EDGE('',*,*,#2985,.T.);
#1654=ORIENTED_EDGE('',*,*,#2986,.F.);
#1655=ORIENTED_EDGE('',*,*,#2987,.T.);
#1656=ORIENTED_EDGE('',*,*,#2988,.F.);
#1657=ORIENTED_EDGE('',*,*,#2989,.T.);
#1658=ORIENTED_EDGE('',*,*,#2990,.F.);
#1659=ORIENTED_EDGE('',*,*,#2991,.T.);
#1660=ORIENTED_EDGE('',*,*,#2992,.F.);
#1661=ORIENTED_EDGE('',*,*,#2993,.T.);
#1662=ORIENTED_EDGE('',*,*,#2994,.F.);
#1663=ORIENTED_EDGE('',*,*,#2995,.T.);
#1664=ORIENTED_EDGE('',*,*,#2996,.F.);
#1665=ORIENTED_EDGE('',*,*,#2997,.T.);
#1666=ORIENTED_EDGE('',*,*,#2998,.F.);
#1667=ORIENTED_EDGE('',*,*,#2999,.T.);
#1668=ORIENTED_EDGE('',*,*,#3000,.F.);
#1669=ORIENTED_EDGE('',*,*,#3001,.T.);
#1670=ORIENTED_EDGE('',*,*,#3002,.F.);
#1671=ORIENTED_EDGE('',*,*,#3003,.T.);
#1672=ORIENTED_EDGE('',*,*,#3004,.F.);
#1673=ORIENTED_EDGE('',*,*,#3005,.T.);
#1674=ORIENTED_EDGE('',*,*,#3006,.F.);
#1675=ORIENTED_EDGE('',*,*,#3007,.T.);
#1676=ORIENTED_EDGE('',*,*,#3008,.F.);
#1677=ORIENTED_EDGE('',*,*,#3009,.T.);
#1678=ORIENTED_EDGE('',*,*,#3010,.F.);
#1679=ORIENTED_EDGE('',*,*,#3011,.T.);
#1680=ORIENTED_EDGE('',*,*,#3012,.F.);
#1681=ORIENTED_EDGE('',*,*,#3013,.T.);
#1682=ORIENTED_EDGE('',*,*,#3014,.F.);
#1683=ORIENTED_EDGE('',*,*,#3015,.T.);
#1684=ORIENTED_EDGE('',*,*,#3016,.F.);
#1685=ORIENTED_EDGE('',*,*,#3017,.T.);
#1686=ORIENTED_EDGE('',*,*,#3018,.F.);
#1687=ORIENTED_EDGE('',*,*,#3019,.T.);
#1688=ORIENTED_EDGE('',*,*,#3020,.F.);
#1689=ORIENTED_EDGE('',*,*,#3021,.T.);
#1690=ORIENTED_EDGE('',*,*,#3022,.F.);
#1691=ORIENTED_EDGE('',*,*,#3023,.T.);
#1692=ORIENTED_EDGE('',*,*,#3024,.F.);
#1693=ORIENTED_EDGE('',*,*,#3025,.T.);
#1694=ORIENTED_EDGE('',*,*,#3026,.F.);
#1695=ORIENTED_EDGE('',*,*,#3027,.T.);
#1696=ORIENTED_EDGE('',*,*,#3028,.F.);
#1697=ORIENTED_EDGE('',*,*,#3029,.T.);
#1698=ORIENTED_EDGE('',*,*,#3030,.F.);
#1699=ORIENTED_EDGE('',*,*,#3031,.T.);
#1700=ORIENTED_EDGE('',*,*,#3032,.F.);
#1701=ORIENTED_EDGE('',*,*,#3033,.T.);
#1702=ORIENTED_EDGE('',*,*,#3034,.F.);
#1703=ORIENTED_EDGE('',*,*,#3035,.T.);
#1704=ORIENTED_EDGE('',*,*,#3036,.F.);
#1705=ORIENTED_EDGE('',*,*,#3037,.T.);
#1706=ORIENTED_EDGE('',*,*,#3038,.F.);
#1707=ORIENTED_EDGE('',*,*,#3039,.T.);
#1708=ORIENTED_EDGE('',*,*,#3040,.F.);
#1709=ORIENTED_EDGE('',*,*,#3041,.T.);
#1710=ORIENTED_EDGE('',*,*,#3042,.F.);
#1711=ORIENTED_EDGE('',*,*,#3043,.T.);
#1712=ORIENTED_EDGE('',*,*,#3044,.F.);
#1713=ORIENTED_EDGE('',*,*,#3045,.T.);
#1714=ORIENTED_EDGE('',*,*,#3046,.F.);
#1715=ORIENTED_EDGE('',*,*,#3047,.T.);
#1716=ORIENTED_EDGE('',*,*,#3048,.F.);
#1717=ORIENTED_EDGE('',*,*,#3049,.T.);
#1718=ORIENTED_EDGE('',*,*,#3050,.F.);
#1719=ORIENTED_EDGE('',*,*,#3051,.T.);
#1720=ORIENTED_EDGE('',*,*,#3052,.F.);
#1721=ORIENTED_EDGE('',*,*,#3053,.T.);
#1722=ORIENTED_EDGE('',*,*,#3054,.F.);
#1723=ORIENTED_EDGE('',*,*,#3055,.T.);
#1724=ORIENTED_EDGE('',*,*,#3056,.F.);
#1725=ORIENTED_EDGE('',*,*,#3057,.T.);
#1726=ORIENTED_EDGE('',*,*,#3058,.F.);
#1727=ORIENTED_EDGE('',*,*,#3059,.T.);
#1728=ORIENTED_EDGE('',*,*,#3060,.F.);
#1729=ORIENTED_EDGE('',*,*,#3061,.T.);
#1730=ORIENTED_EDGE('',*,*,#3062,.F.);
#1731=ORIENTED_EDGE('',*,*,#3063,.T.);
#1732=ORIENTED_EDGE('',*,*,#3064,.F.);
#1733=ORIENTED_EDGE('',*,*,#3065,.T.);
#1734=ORIENTED_EDGE('',*,*,#3066,.F.);
#1735=ORIENTED_EDGE('',*,*,#3067,.T.);
#1736=ORIENTED_EDGE('',*,*,#3068,.F.);
#1737=ORIENTED_EDGE('',*,*,#3069,.T.);
#1738=ORIENTED_EDGE('',*,*,#3070,.F.);
#1739=ORIENTED_EDGE('',*,*,#3071,.T.);
#1740=ORIENTED_EDGE('',*,*,#3072,.F.);
#1741=ORIENTED_EDGE('',*,*,#3073,.T.);
#1742=ORIENTED_EDGE('',*,*,#3074,.F.);
#1743=ORIENTED_EDGE('',*,*,#3075,.T.);
#1744=ORIENTED_EDGE('',*,*,#3076,.F.);
#1745=ORIENTED_EDGE('',*,*,#3077,.T.);
#1746=ORIENTED_EDGE('',*,*,#3078,.F.);
#1747=ORIENTED_EDGE('',*,*,#3079,.T.);
#1748=ORIENTED_EDGE('',*,*,#3080,.F.);
#1749=ORIENTED_EDGE('',*,*,#3081,.T.);
#1750=ORIENTED_EDGE('',*,*,#3082,.F.);
#1751=ORIENTED_EDGE('',*,*,#3083,.T.);
#1752=ORIENTED_EDGE('',*,*,#3084,.F.);
#1753=ORIENTED_EDGE('',*,*,#3085,.T.);
#1754=ORIENTED_EDGE('',*,*,#3086,.F.);
#1755=ORIENTED_EDGE('',*,*,#3087,.T.);
#1756=ORIENTED_EDGE('',*,*,#3088,.F.);
#1757=ORIENTED_EDGE('',*,*,#3089,.T.);
#1758=ORIENTED_EDGE('',*,*,#3090,.F.);
#1759=ORIENTED_EDGE('',*,*,#3091,.T.);
#1760=ORIENTED_EDGE('',*,*,#3092,.F.);
#1761=ORIENTED_EDGE('',*,*,#3093,.T.);
#1762=ORIENTED_EDGE('',*,*,#3094,.F.);
#1763=ORIENTED_EDGE('',*,*,#3095,.T.);
#1764=ORIENTED_EDGE('',*,*,#3096,.F.);
#1765=ORIENTED_EDGE('',*,*,#3097,.T.);
#1766=ORIENTED_EDGE('',*,*,#3098,.F.);
#1767=ORIENTED_EDGE('',*,*,#3099,.T.);
#1768=ORIENTED_EDGE('',*,*,#3100,.F.);
#1769=ORIENTED_EDGE('',*,*,#3101,.T.);
#1770=ORIENTED_EDGE('',*,*,#3102,.F.);
#1771=ORIENTED_EDGE('',*,*,#3103,.T.);
#1772=ORIENTED_EDGE('',*,*,#3104,.F.);
#1773=ORIENTED_EDGE('',*,*,#3105,.T.);
#1774=ORIENTED_EDGE('',*,*,#3106,.F.);
#1775=ORIENTED_EDGE('',*,*,#3107,.T.);
#1776=ORIENTED_EDGE('',*,*,#3108,.F.);
#1777=ORIENTED_EDGE('',*,*,#3109,.T.);
#1778=ORIENTED_EDGE('',*,*,#3110,.F.);
#1779=ORIENTED_EDGE('',*,*,#3111,.T.);
#1780=ORIENTED_EDGE('',*,*,#3112,.F.);
#1781=ORIENTED_EDGE('',*,*,#3113,.T.);
#1782=ORIENTED_EDGE('',*,*,#3114,.F.);
#1783=ORIENTED_EDGE('',*,*,#3115,.T.);
#1784=ORIENTED_EDGE('',*,*,#3116,.F.);
#1785=ORIENTED_EDGE('',*,*,#3117,.T.);
#1786=ORIENTED_EDGE('',*,*,#3118,.F.);
#1787=ORIENTED_EDGE('',*,*,#3119,.T.);
#1788=ORIENTED_EDGE('',*,*,#3120,.F.);
#1789=ORIENTED_EDGE('',*,*,#3121,.T.);
#1790=ORIENTED_EDGE('',*,*,#3122,.F.);
#1791=ORIENTED_EDGE('',*,*,#3123,.T.);
#1792=ORIENTED_EDGE('',*,*,#3124,.F.);
#1793=ORIENTED_EDGE('',*,*,#3125,.T.);
#1794=ORIENTED_EDGE('',*,*,#3126,.F.);
#1795=ORIENTED_EDGE('',*,*,#3127,.T.);
#1796=ORIENTED_EDGE('',*,*,#3128,.F.);
#1797=ORIENTED_EDGE('',*,*,#3129,.T.);
#1798=ORIENTED_EDGE('',*,*,#3130,.F.);
#1799=ORIENTED_EDGE('',*,*,#3131,.T.);
#1800=ORIENTED_EDGE('',*,*,#3132,.F.);
#1801=ORIENTED_EDGE('',*,*,#3133,.T.);
#1802=ORIENTED_EDGE('',*,*,#3134,.F.);
#1803=ORIENTED_EDGE('',*,*,#3135,.T.);
#1804=ORIENTED_EDGE('',*,*,#3136,.F.);
#1805=ORIENTED_EDGE('',*,*,#3137,.T.);
#1806=ORIENTED_EDGE('',*,*,#3138,.F.);
#1807=ORIENTED_EDGE('',*,*,#3139,.T.);
#1808=ORIENTED_EDGE('',*,*,#3140,.F.);
#1809=ORIENTED_EDGE('',*,*,#3141,.T.);
#1810=ORIENTED_EDGE('',*,*,#3142,.F.);
#1811=ORIENTED_EDGE('',*,*,#3143,.T.);
#1812=ORIENTED_EDGE('',*,*,#3144,.F.);
#1813=ORIENTED_EDGE('',*,*,#3145,.T.);
#1814=ORIENTED_EDGE('',*,*,#3146,.F.);
#1815=ORIENTED_EDGE('',*,*,#3147,.T.);
#1816=ORIENTED_EDGE('',*,*,#3148,.F.);
#1817=ORIENTED_EDGE('',*,*,#3149,.T.);
#1818=ORIENTED_EDGE('',*,*,#3150,.F.);
#1819=ORIENTED_EDGE('',*,*,#3151,.T.);
#1820=ORIENTED_EDGE('',*,*,#3152,.T.);
#1821=ORIENTED_EDGE('',*,*,#3153,.F.);
#1822=ORIENTED_EDGE('',*,*,#3154,.F.);
#1823=ORIENTED_EDGE('',*,*,#3155,.T.);
#1824=ORIENTED_EDGE('',*,*,#3156,.T.);
#1825=ORIENTED_EDGE('',*,*,#3157,.F.);
#1826=ORIENTED_EDGE('',*,*,#3158,.F.);
#1827=ORIENTED_EDGE('',*,*,#3153,.T.);
#1828=ORIENTED_EDGE('',*,*,#3159,.F.);
#1829=ORIENTED_EDGE('',*,*,#3160,.F.);
#1830=ORIENTED_EDGE('',*,*,#3161,.T.);
#1831=ORIENTED_EDGE('',*,*,#3157,.T.);
#1832=ORIENTED_EDGE('',*,*,#3162,.F.);
#1833=ORIENTED_EDGE('',*,*,#3163,.F.);
#1834=ORIENTED_EDGE('',*,*,#3164,.T.);
#1835=ORIENTED_EDGE('',*,*,#3160,.T.);
#1836=ORIENTED_EDGE('',*,*,#3165,.T.);
#1837=ORIENTED_EDGE('',*,*,#3166,.F.);
#1838=ORIENTED_EDGE('',*,*,#3167,.F.);
#1839=ORIENTED_EDGE('',*,*,#3163,.T.);
#1840=ORIENTED_EDGE('',*,*,#3168,.F.);
#1841=ORIENTED_EDGE('',*,*,#3169,.F.);
#1842=ORIENTED_EDGE('',*,*,#3170,.T.);
#1843=ORIENTED_EDGE('',*,*,#3166,.T.);
#1844=ORIENTED_EDGE('',*,*,#3171,.T.);
#1845=ORIENTED_EDGE('',*,*,#3172,.F.);
#1846=ORIENTED_EDGE('',*,*,#3173,.F.);
#1847=ORIENTED_EDGE('',*,*,#3169,.T.);
#1848=ORIENTED_EDGE('',*,*,#3174,.F.);
#1849=ORIENTED_EDGE('',*,*,#3175,.F.);
#1850=ORIENTED_EDGE('',*,*,#3176,.T.);
#1851=ORIENTED_EDGE('',*,*,#3172,.T.);
#1852=ORIENTED_EDGE('',*,*,#3177,.T.);
#1853=ORIENTED_EDGE('',*,*,#3178,.F.);
#1854=ORIENTED_EDGE('',*,*,#3179,.F.);
#1855=ORIENTED_EDGE('',*,*,#3175,.T.);
#1856=ORIENTED_EDGE('',*,*,#3180,.F.);
#1857=ORIENTED_EDGE('',*,*,#3181,.F.);
#1858=ORIENTED_EDGE('',*,*,#3182,.T.);
#1859=ORIENTED_EDGE('',*,*,#3178,.T.);
#1860=ORIENTED_EDGE('',*,*,#3183,.T.);
#1861=ORIENTED_EDGE('',*,*,#3184,.F.);
#1862=ORIENTED_EDGE('',*,*,#3185,.F.);
#1863=ORIENTED_EDGE('',*,*,#3181,.T.);
#1864=ORIENTED_EDGE('',*,*,#3186,.F.);
#1865=ORIENTED_EDGE('',*,*,#3187,.F.);
#1866=ORIENTED_EDGE('',*,*,#3188,.T.);
#1867=ORIENTED_EDGE('',*,*,#3184,.T.);
#1868=ORIENTED_EDGE('',*,*,#3189,.T.);
#1869=ORIENTED_EDGE('',*,*,#3190,.F.);
#1870=ORIENTED_EDGE('',*,*,#3191,.F.);
#1871=ORIENTED_EDGE('',*,*,#3187,.T.);
#1872=ORIENTED_EDGE('',*,*,#3192,.F.);
#1873=ORIENTED_EDGE('',*,*,#3193,.F.);
#1874=ORIENTED_EDGE('',*,*,#3194,.T.);
#1875=ORIENTED_EDGE('',*,*,#3190,.T.);
#1876=ORIENTED_EDGE('',*,*,#3195,.T.);
#1877=ORIENTED_EDGE('',*,*,#3196,.F.);
#1878=ORIENTED_EDGE('',*,*,#3197,.F.);
#1879=ORIENTED_EDGE('',*,*,#3193,.T.);
#1880=ORIENTED_EDGE('',*,*,#3198,.F.);
#1881=ORIENTED_EDGE('',*,*,#3199,.F.);
#1882=ORIENTED_EDGE('',*,*,#3200,.T.);
#1883=ORIENTED_EDGE('',*,*,#3196,.T.);
#1884=ORIENTED_EDGE('',*,*,#3201,.F.);
#1885=ORIENTED_EDGE('',*,*,#3202,.F.);
#1886=ORIENTED_EDGE('',*,*,#3203,.T.);
#1887=ORIENTED_EDGE('',*,*,#3199,.T.);
#1888=ORIENTED_EDGE('',*,*,#3204,.F.);
#1889=ORIENTED_EDGE('',*,*,#3205,.F.);
#1890=ORIENTED_EDGE('',*,*,#3206,.T.);
#1891=ORIENTED_EDGE('',*,*,#3202,.T.);
#1892=ORIENTED_EDGE('',*,*,#3207,.T.);
#1893=ORIENTED_EDGE('',*,*,#3208,.F.);
#1894=ORIENTED_EDGE('',*,*,#3209,.F.);
#1895=ORIENTED_EDGE('',*,*,#3205,.T.);
#1896=ORIENTED_EDGE('',*,*,#3210,.F.);
#1897=ORIENTED_EDGE('',*,*,#3211,.F.);
#1898=ORIENTED_EDGE('',*,*,#3212,.T.);
#1899=ORIENTED_EDGE('',*,*,#3208,.T.);
#1900=ORIENTED_EDGE('',*,*,#3213,.T.);
#1901=ORIENTED_EDGE('',*,*,#3214,.F.);
#1902=ORIENTED_EDGE('',*,*,#3215,.F.);
#1903=ORIENTED_EDGE('',*,*,#3211,.T.);
#1904=ORIENTED_EDGE('',*,*,#3216,.T.);
#1905=ORIENTED_EDGE('',*,*,#3217,.F.);
#1906=ORIENTED_EDGE('',*,*,#3218,.F.);
#1907=ORIENTED_EDGE('',*,*,#3214,.T.);
#1908=ORIENTED_EDGE('',*,*,#3219,.F.);
#1909=ORIENTED_EDGE('',*,*,#3220,.F.);
#1910=ORIENTED_EDGE('',*,*,#3221,.T.);
#1911=ORIENTED_EDGE('',*,*,#3217,.T.);
#1912=ORIENTED_EDGE('',*,*,#3222,.F.);
#1913=ORIENTED_EDGE('',*,*,#3155,.F.);
#1914=ORIENTED_EDGE('',*,*,#3223,.T.);
#1915=ORIENTED_EDGE('',*,*,#3220,.T.);
#1916=ORIENTED_EDGE('',*,*,#3224,.T.);
#1917=ORIENTED_EDGE('',*,*,#3225,.F.);
#1918=ORIENTED_EDGE('',*,*,#3226,.F.);
#1919=ORIENTED_EDGE('',*,*,#3227,.T.);
#1920=ORIENTED_EDGE('',*,*,#3228,.T.);
#1921=ORIENTED_EDGE('',*,*,#3229,.F.);
#1922=ORIENTED_EDGE('',*,*,#3230,.F.);
#1923=ORIENTED_EDGE('',*,*,#3225,.T.);
#1924=ORIENTED_EDGE('',*,*,#3231,.F.);
#1925=ORIENTED_EDGE('',*,*,#3232,.F.);
#1926=ORIENTED_EDGE('',*,*,#3233,.T.);
#1927=ORIENTED_EDGE('',*,*,#3229,.T.);
#1928=ORIENTED_EDGE('',*,*,#3234,.F.);
#1929=ORIENTED_EDGE('',*,*,#3227,.F.);
#1930=ORIENTED_EDGE('',*,*,#3235,.T.);
#1931=ORIENTED_EDGE('',*,*,#3232,.T.);
#1932=ORIENTED_EDGE('',*,*,#3236,.F.);
#1933=ORIENTED_EDGE('',*,*,#3237,.F.);
#1934=ORIENTED_EDGE('',*,*,#3238,.T.);
#1935=ORIENTED_EDGE('',*,*,#3239,.T.);
#1936=ORIENTED_EDGE('',*,*,#3240,.T.);
#1937=ORIENTED_EDGE('',*,*,#3241,.F.);
#1938=ORIENTED_EDGE('',*,*,#3242,.F.);
#1939=ORIENTED_EDGE('',*,*,#3237,.T.);
#1940=ORIENTED_EDGE('',*,*,#3243,.T.);
#1941=ORIENTED_EDGE('',*,*,#3244,.F.);
#1942=ORIENTED_EDGE('',*,*,#3245,.F.);
#1943=ORIENTED_EDGE('',*,*,#3241,.T.);
#1944=ORIENTED_EDGE('',*,*,#3246,.F.);
#1945=ORIENTED_EDGE('',*,*,#3239,.F.);
#1946=ORIENTED_EDGE('',*,*,#3247,.T.);
#1947=ORIENTED_EDGE('',*,*,#3244,.T.);
#1948=ORIENTED_EDGE('',*,*,#3248,.F.);
#1949=ORIENTED_EDGE('',*,*,#3249,.F.);
#1950=ORIENTED_EDGE('',*,*,#3250,.T.);
#1951=ORIENTED_EDGE('',*,*,#3251,.T.);
#1952=ORIENTED_EDGE('',*,*,#3252,.T.);
#1953=ORIENTED_EDGE('',*,*,#3253,.F.);
#1954=ORIENTED_EDGE('',*,*,#3254,.F.);
#1955=ORIENTED_EDGE('',*,*,#3249,.T.);
#1956=ORIENTED_EDGE('',*,*,#3255,.T.);
#1957=ORIENTED_EDGE('',*,*,#3256,.F.);
#1958=ORIENTED_EDGE('',*,*,#3257,.F.);
#1959=ORIENTED_EDGE('',*,*,#3253,.T.);
#1960=ORIENTED_EDGE('',*,*,#3258,.F.);
#1961=ORIENTED_EDGE('',*,*,#3251,.F.);
#1962=ORIENTED_EDGE('',*,*,#3259,.T.);
#1963=ORIENTED_EDGE('',*,*,#3256,.T.);
#1964=ORIENTED_EDGE('',*,*,#3260,.T.);
#1965=ORIENTED_EDGE('',*,*,#3261,.F.);
#1966=ORIENTED_EDGE('',*,*,#3262,.F.);
#1967=ORIENTED_EDGE('',*,*,#3263,.T.);
#1968=ORIENTED_EDGE('',*,*,#3264,.T.);
#1969=ORIENTED_EDGE('',*,*,#3265,.F.);
#1970=ORIENTED_EDGE('',*,*,#3266,.F.);
#1971=ORIENTED_EDGE('',*,*,#3261,.T.);
#1972=ORIENTED_EDGE('',*,*,#3267,.F.);
#1973=ORIENTED_EDGE('',*,*,#3268,.F.);
#1974=ORIENTED_EDGE('',*,*,#3269,.T.);
#1975=ORIENTED_EDGE('',*,*,#3265,.T.);
#1976=ORIENTED_EDGE('',*,*,#3270,.F.);
#1977=ORIENTED_EDGE('',*,*,#3263,.F.);
#1978=ORIENTED_EDGE('',*,*,#3271,.T.);
#1979=ORIENTED_EDGE('',*,*,#3268,.T.);
#1980=ORIENTED_EDGE('',*,*,#3272,.F.);
#1981=ORIENTED_EDGE('',*,*,#3273,.F.);
#1982=ORIENTED_EDGE('',*,*,#3274,.T.);
#1983=ORIENTED_EDGE('',*,*,#3275,.T.);
#1984=ORIENTED_EDGE('',*,*,#3276,.T.);
#1985=ORIENTED_EDGE('',*,*,#3277,.F.);
#1986=ORIENTED_EDGE('',*,*,#3278,.F.);
#1987=ORIENTED_EDGE('',*,*,#3273,.T.);
#1988=ORIENTED_EDGE('',*,*,#3279,.T.);
#1989=ORIENTED_EDGE('',*,*,#3280,.F.);
#1990=ORIENTED_EDGE('',*,*,#3281,.F.);
#1991=ORIENTED_EDGE('',*,*,#3277,.T.);
#1992=ORIENTED_EDGE('',*,*,#3282,.F.);
#1993=ORIENTED_EDGE('',*,*,#3275,.F.);
#1994=ORIENTED_EDGE('',*,*,#3283,.T.);
#1995=ORIENTED_EDGE('',*,*,#3280,.T.);
#1996=ORIENTED_EDGE('',*,*,#3284,.F.);
#1997=ORIENTED_EDGE('',*,*,#3285,.F.);
#1998=ORIENTED_EDGE('',*,*,#3286,.T.);
#1999=ORIENTED_EDGE('',*,*,#3287,.T.);
#2000=ORIENTED_EDGE('',*,*,#3288,.T.);
#2001=ORIENTED_EDGE('',*,*,#3289,.F.);
#2002=ORIENTED_EDGE('',*,*,#3290,.F.);
#2003=ORIENTED_EDGE('',*,*,#3285,.T.);
#2004=ORIENTED_EDGE('',*,*,#3291,.T.);
#2005=ORIENTED_EDGE('',*,*,#3292,.F.);
#2006=ORIENTED_EDGE('',*,*,#3293,.F.);
#2007=ORIENTED_EDGE('',*,*,#3289,.T.);
#2008=ORIENTED_EDGE('',*,*,#3294,.F.);
#2009=ORIENTED_EDGE('',*,*,#3287,.F.);
#2010=ORIENTED_EDGE('',*,*,#3295,.T.);
#2011=ORIENTED_EDGE('',*,*,#3292,.T.);
#2012=ORIENTED_EDGE('',*,*,#3296,.T.);
#2013=ORIENTED_EDGE('',*,*,#3297,.F.);
#2014=ORIENTED_EDGE('',*,*,#3298,.F.);
#2015=ORIENTED_EDGE('',*,*,#3299,.T.);
#2016=ORIENTED_EDGE('',*,*,#3300,.F.);
#2017=ORIENTED_EDGE('',*,*,#3301,.F.);
#2018=ORIENTED_EDGE('',*,*,#3302,.T.);
#2019=ORIENTED_EDGE('',*,*,#3297,.T.);
#2020=ORIENTED_EDGE('',*,*,#3303,.F.);
#2021=ORIENTED_EDGE('',*,*,#3304,.F.);
#2022=ORIENTED_EDGE('',*,*,#3305,.T.);
#2023=ORIENTED_EDGE('',*,*,#3301,.T.);
#2024=ORIENTED_EDGE('',*,*,#3306,.T.);
#2025=ORIENTED_EDGE('',*,*,#3299,.F.);
#2026=ORIENTED_EDGE('',*,*,#3307,.F.);
#2027=ORIENTED_EDGE('',*,*,#3304,.T.);
#2028=ORIENTED_EDGE('',*,*,#3308,.F.);
#2029=ORIENTED_EDGE('',*,*,#3309,.F.);
#2030=ORIENTED_EDGE('',*,*,#3310,.T.);
#2031=ORIENTED_EDGE('',*,*,#3311,.T.);
#2032=ORIENTED_EDGE('',*,*,#3312,.T.);
#2033=ORIENTED_EDGE('',*,*,#3311,.F.);
#2034=ORIENTED_EDGE('',*,*,#3313,.F.);
#2035=ORIENTED_EDGE('',*,*,#3314,.T.);
#2036=ORIENTED_EDGE('',*,*,#3315,.T.);
#2037=ORIENTED_EDGE('',*,*,#3314,.F.);
#2038=ORIENTED_EDGE('',*,*,#3316,.F.);
#2039=ORIENTED_EDGE('',*,*,#3317,.T.);
#2040=ORIENTED_EDGE('',*,*,#3318,.F.);
#2041=ORIENTED_EDGE('',*,*,#3317,.F.);
#2042=ORIENTED_EDGE('',*,*,#3319,.T.);
#2043=ORIENTED_EDGE('',*,*,#3309,.T.);
#2044=ORIENTED_EDGE('',*,*,#3320,.F.);
#2045=ORIENTED_EDGE('',*,*,#3321,.F.);
#2046=ORIENTED_EDGE('',*,*,#2604,.T.);
#2047=ORIENTED_EDGE('',*,*,#2608,.T.);
#2048=ORIENTED_EDGE('',*,*,#2613,.F.);
#2049=ORIENTED_EDGE('',*,*,#2616,.F.);
#2050=ORIENTED_EDGE('',*,*,#2617,.T.);
#2051=ORIENTED_EDGE('',*,*,#2620,.F.);
#2052=ORIENTED_EDGE('',*,*,#2625,.F.);
#2053=ORIENTED_EDGE('',*,*,#2628,.F.);
#2054=ORIENTED_EDGE('',*,*,#2629,.T.);
#2055=ORIENTED_EDGE('',*,*,#2632,.T.);
#2056=ORIENTED_EDGE('',*,*,#2637,.T.);
#2057=ORIENTED_EDGE('',*,*,#2640,.F.);
#2058=ORIENTED_EDGE('',*,*,#2641,.T.);
#2059=ORIENTED_EDGE('',*,*,#3322,.F.);
#2060=ORIENTED_EDGE('',*,*,#3315,.F.);
#2061=ORIENTED_EDGE('',*,*,#3318,.T.);
#2062=ORIENTED_EDGE('',*,*,#3308,.T.);
#2063=ORIENTED_EDGE('',*,*,#3312,.F.);
#2064=ORIENTED_EDGE('',*,*,#2644,.F.);
#2065=ORIENTED_EDGE('',*,*,#2646,.F.);
#2066=ORIENTED_EDGE('',*,*,#2659,.F.);
#2067=ORIENTED_EDGE('',*,*,#2650,.F.);
#2068=ORIENTED_EDGE('',*,*,#2654,.T.);
#2069=ORIENTED_EDGE('',*,*,#2657,.T.);
#2070=ORIENTED_EDGE('',*,*,#2671,.F.);
#2071=ORIENTED_EDGE('',*,*,#2662,.F.);
#2072=ORIENTED_EDGE('',*,*,#2666,.T.);
#2073=ORIENTED_EDGE('',*,*,#2669,.T.);
#2074=ORIENTED_EDGE('',*,*,#2683,.T.);
#2075=ORIENTED_EDGE('',*,*,#2674,.T.);
#2076=ORIENTED_EDGE('',*,*,#2678,.F.);
#2077=ORIENTED_EDGE('',*,*,#2681,.F.);
#2078=ORIENTED_EDGE('',*,*,#2695,.F.);
#2079=ORIENTED_EDGE('',*,*,#2686,.T.);
#2080=ORIENTED_EDGE('',*,*,#2690,.T.);
#2081=ORIENTED_EDGE('',*,*,#2693,.F.);
#2082=ORIENTED_EDGE('',*,*,#2707,.F.);
#2083=ORIENTED_EDGE('',*,*,#2698,.F.);
#2084=ORIENTED_EDGE('',*,*,#2702,.T.);
#2085=ORIENTED_EDGE('',*,*,#2705,.T.);
#2086=ORIENTED_EDGE('',*,*,#2719,.F.);
#2087=ORIENTED_EDGE('',*,*,#2710,.F.);
#2088=ORIENTED_EDGE('',*,*,#2714,.T.);
#2089=ORIENTED_EDGE('',*,*,#2717,.T.);
#2090=ORIENTED_EDGE('',*,*,#2731,.F.);
#2091=ORIENTED_EDGE('',*,*,#2722,.F.);
#2092=ORIENTED_EDGE('',*,*,#2726,.T.);
#2093=ORIENTED_EDGE('',*,*,#2729,.T.);
#2094=ORIENTED_EDGE('',*,*,#2743,.F.);
#2095=ORIENTED_EDGE('',*,*,#2734,.F.);
#2096=ORIENTED_EDGE('',*,*,#2738,.T.);
#2097=ORIENTED_EDGE('',*,*,#2741,.T.);
#2098=ORIENTED_EDGE('',*,*,#2755,.F.);
#2099=ORIENTED_EDGE('',*,*,#2746,.F.);
#2100=ORIENTED_EDGE('',*,*,#2750,.T.);
#2101=ORIENTED_EDGE('',*,*,#2753,.T.);
#2102=ORIENTED_EDGE('',*,*,#2767,.F.);
#2103=ORIENTED_EDGE('',*,*,#2758,.F.);
#2104=ORIENTED_EDGE('',*,*,#2762,.T.);
#2105=ORIENTED_EDGE('',*,*,#2765,.T.);
#2106=ORIENTED_EDGE('',*,*,#2779,.F.);
#2107=ORIENTED_EDGE('',*,*,#2770,.F.);
#2108=ORIENTED_EDGE('',*,*,#2774,.T.);
#2109=ORIENTED_EDGE('',*,*,#2777,.T.);
#2110=ORIENTED_EDGE('',*,*,#2791,.F.);
#2111=ORIENTED_EDGE('',*,*,#2782,.F.);
#2112=ORIENTED_EDGE('',*,*,#2786,.T.);
#2113=ORIENTED_EDGE('',*,*,#2789,.T.);
#2114=ORIENTED_EDGE('',*,*,#2803,.F.);
#2115=ORIENTED_EDGE('',*,*,#2794,.F.);
#2116=ORIENTED_EDGE('',*,*,#2798,.T.);
#2117=ORIENTED_EDGE('',*,*,#2801,.T.);
#2118=ORIENTED_EDGE('',*,*,#2815,.F.);
#2119=ORIENTED_EDGE('',*,*,#2806,.F.);
#2120=ORIENTED_EDGE('',*,*,#2810,.T.);
#2121=ORIENTED_EDGE('',*,*,#2813,.T.);
#2122=ORIENTED_EDGE('',*,*,#2827,.F.);
#2123=ORIENTED_EDGE('',*,*,#2818,.F.);
#2124=ORIENTED_EDGE('',*,*,#2822,.T.);
#2125=ORIENTED_EDGE('',*,*,#2825,.T.);
#2126=ORIENTED_EDGE('',*,*,#2839,.F.);
#2127=ORIENTED_EDGE('',*,*,#2830,.T.);
#2128=ORIENTED_EDGE('',*,*,#2834,.T.);
#2129=ORIENTED_EDGE('',*,*,#2837,.F.);
#2130=ORIENTED_EDGE('',*,*,#2899,.F.);
#2131=ORIENTED_EDGE('',*,*,#2842,.T.);
#2132=ORIENTED_EDGE('',*,*,#2846,.T.);
#2133=ORIENTED_EDGE('',*,*,#2849,.F.);
#2134=ORIENTED_EDGE('',*,*,#2852,.F.);
#2135=ORIENTED_EDGE('',*,*,#2855,.T.);
#2136=ORIENTED_EDGE('',*,*,#2858,.F.);
#2137=ORIENTED_EDGE('',*,*,#2861,.T.);
#2138=ORIENTED_EDGE('',*,*,#2864,.F.);
#2139=ORIENTED_EDGE('',*,*,#2867,.T.);
#2140=ORIENTED_EDGE('',*,*,#2870,.F.);
#2141=ORIENTED_EDGE('',*,*,#2873,.T.);
#2142=ORIENTED_EDGE('',*,*,#2876,.F.);
#2143=ORIENTED_EDGE('',*,*,#2879,.F.);
#2144=ORIENTED_EDGE('',*,*,#2882,.F.);
#2145=ORIENTED_EDGE('',*,*,#2885,.T.);
#2146=ORIENTED_EDGE('',*,*,#2888,.F.);
#2147=ORIENTED_EDGE('',*,*,#2891,.T.);
#2148=ORIENTED_EDGE('',*,*,#2894,.T.);
#2149=ORIENTED_EDGE('',*,*,#2897,.F.);
#2150=ORIENTED_EDGE('',*,*,#2959,.F.);
#2151=ORIENTED_EDGE('',*,*,#2902,.T.);
#2152=ORIENTED_EDGE('',*,*,#2906,.T.);
#2153=ORIENTED_EDGE('',*,*,#2909,.F.);
#2154=ORIENTED_EDGE('',*,*,#2912,.F.);
#2155=ORIENTED_EDGE('',*,*,#2915,.T.);
#2156=ORIENTED_EDGE('',*,*,#2918,.F.);
#2157=ORIENTED_EDGE('',*,*,#2921,.T.);
#2158=ORIENTED_EDGE('',*,*,#2924,.F.);
#2159=ORIENTED_EDGE('',*,*,#2927,.T.);
#2160=ORIENTED_EDGE('',*,*,#2930,.F.);
#2161=ORIENTED_EDGE('',*,*,#2933,.T.);
#2162=ORIENTED_EDGE('',*,*,#2936,.F.);
#2163=ORIENTED_EDGE('',*,*,#2939,.F.);
#2164=ORIENTED_EDGE('',*,*,#2942,.F.);
#2165=ORIENTED_EDGE('',*,*,#2945,.T.);
#2166=ORIENTED_EDGE('',*,*,#2948,.F.);
#2167=ORIENTED_EDGE('',*,*,#2951,.T.);
#2168=ORIENTED_EDGE('',*,*,#2954,.T.);
#2169=ORIENTED_EDGE('',*,*,#2957,.F.);
#2170=ORIENTED_EDGE('',*,*,#2960,.T.);
#2171=ORIENTED_EDGE('',*,*,#2962,.T.);
#2172=ORIENTED_EDGE('',*,*,#2964,.T.);
#2173=ORIENTED_EDGE('',*,*,#2966,.T.);
#2174=ORIENTED_EDGE('',*,*,#2968,.T.);
#2175=ORIENTED_EDGE('',*,*,#2970,.T.);
#2176=ORIENTED_EDGE('',*,*,#2972,.T.);
#2177=ORIENTED_EDGE('',*,*,#2974,.T.);
#2178=ORIENTED_EDGE('',*,*,#2976,.T.);
#2179=ORIENTED_EDGE('',*,*,#2978,.T.);
#2180=ORIENTED_EDGE('',*,*,#2980,.T.);
#2181=ORIENTED_EDGE('',*,*,#2982,.T.);
#2182=ORIENTED_EDGE('',*,*,#2984,.T.);
#2183=ORIENTED_EDGE('',*,*,#2986,.T.);
#2184=ORIENTED_EDGE('',*,*,#2988,.T.);
#2185=ORIENTED_EDGE('',*,*,#2990,.T.);
#2186=ORIENTED_EDGE('',*,*,#2992,.T.);
#2187=ORIENTED_EDGE('',*,*,#2994,.T.);
#2188=ORIENTED_EDGE('',*,*,#2996,.T.);
#2189=ORIENTED_EDGE('',*,*,#2998,.T.);
#2190=ORIENTED_EDGE('',*,*,#3000,.T.);
#2191=ORIENTED_EDGE('',*,*,#3002,.T.);
#2192=ORIENTED_EDGE('',*,*,#3004,.T.);
#2193=ORIENTED_EDGE('',*,*,#3006,.T.);
#2194=ORIENTED_EDGE('',*,*,#3008,.T.);
#2195=ORIENTED_EDGE('',*,*,#3010,.T.);
#2196=ORIENTED_EDGE('',*,*,#3012,.T.);
#2197=ORIENTED_EDGE('',*,*,#3014,.T.);
#2198=ORIENTED_EDGE('',*,*,#3016,.T.);
#2199=ORIENTED_EDGE('',*,*,#3018,.T.);
#2200=ORIENTED_EDGE('',*,*,#3020,.T.);
#2201=ORIENTED_EDGE('',*,*,#3022,.T.);
#2202=ORIENTED_EDGE('',*,*,#3024,.T.);
#2203=ORIENTED_EDGE('',*,*,#3026,.T.);
#2204=ORIENTED_EDGE('',*,*,#3028,.T.);
#2205=ORIENTED_EDGE('',*,*,#3030,.T.);
#2206=ORIENTED_EDGE('',*,*,#3032,.T.);
#2207=ORIENTED_EDGE('',*,*,#3034,.T.);
#2208=ORIENTED_EDGE('',*,*,#3036,.T.);
#2209=ORIENTED_EDGE('',*,*,#3038,.T.);
#2210=ORIENTED_EDGE('',*,*,#3040,.T.);
#2211=ORIENTED_EDGE('',*,*,#3042,.T.);
#2212=ORIENTED_EDGE('',*,*,#3044,.T.);
#2213=ORIENTED_EDGE('',*,*,#3046,.T.);
#2214=ORIENTED_EDGE('',*,*,#3048,.T.);
#2215=ORIENTED_EDGE('',*,*,#3050,.T.);
#2216=ORIENTED_EDGE('',*,*,#3052,.T.);
#2217=ORIENTED_EDGE('',*,*,#3054,.T.);
#2218=ORIENTED_EDGE('',*,*,#3056,.T.);
#2219=ORIENTED_EDGE('',*,*,#3058,.T.);
#2220=ORIENTED_EDGE('',*,*,#3060,.T.);
#2221=ORIENTED_EDGE('',*,*,#3062,.T.);
#2222=ORIENTED_EDGE('',*,*,#3064,.T.);
#2223=ORIENTED_EDGE('',*,*,#3066,.T.);
#2224=ORIENTED_EDGE('',*,*,#3068,.T.);
#2225=ORIENTED_EDGE('',*,*,#3070,.T.);
#2226=ORIENTED_EDGE('',*,*,#3072,.T.);
#2227=ORIENTED_EDGE('',*,*,#3074,.T.);
#2228=ORIENTED_EDGE('',*,*,#3076,.T.);
#2229=ORIENTED_EDGE('',*,*,#3078,.T.);
#2230=ORIENTED_EDGE('',*,*,#3080,.T.);
#2231=ORIENTED_EDGE('',*,*,#3082,.T.);
#2232=ORIENTED_EDGE('',*,*,#3084,.T.);
#2233=ORIENTED_EDGE('',*,*,#3086,.T.);
#2234=ORIENTED_EDGE('',*,*,#3088,.T.);
#2235=ORIENTED_EDGE('',*,*,#3090,.T.);
#2236=ORIENTED_EDGE('',*,*,#3092,.T.);
#2237=ORIENTED_EDGE('',*,*,#3094,.T.);
#2238=ORIENTED_EDGE('',*,*,#3096,.T.);
#2239=ORIENTED_EDGE('',*,*,#3098,.T.);
#2240=ORIENTED_EDGE('',*,*,#3100,.T.);
#2241=ORIENTED_EDGE('',*,*,#3102,.T.);
#2242=ORIENTED_EDGE('',*,*,#3104,.T.);
#2243=ORIENTED_EDGE('',*,*,#3106,.T.);
#2244=ORIENTED_EDGE('',*,*,#3108,.T.);
#2245=ORIENTED_EDGE('',*,*,#3110,.T.);
#2246=ORIENTED_EDGE('',*,*,#3112,.T.);
#2247=ORIENTED_EDGE('',*,*,#3114,.T.);
#2248=ORIENTED_EDGE('',*,*,#3116,.T.);
#2249=ORIENTED_EDGE('',*,*,#3118,.T.);
#2250=ORIENTED_EDGE('',*,*,#3120,.T.);
#2251=ORIENTED_EDGE('',*,*,#3122,.T.);
#2252=ORIENTED_EDGE('',*,*,#3124,.T.);
#2253=ORIENTED_EDGE('',*,*,#3126,.T.);
#2254=ORIENTED_EDGE('',*,*,#3128,.T.);
#2255=ORIENTED_EDGE('',*,*,#3130,.T.);
#2256=ORIENTED_EDGE('',*,*,#3132,.T.);
#2257=ORIENTED_EDGE('',*,*,#3134,.T.);
#2258=ORIENTED_EDGE('',*,*,#3136,.T.);
#2259=ORIENTED_EDGE('',*,*,#3138,.T.);
#2260=ORIENTED_EDGE('',*,*,#3140,.T.);
#2261=ORIENTED_EDGE('',*,*,#3142,.T.);
#2262=ORIENTED_EDGE('',*,*,#3144,.T.);
#2263=ORIENTED_EDGE('',*,*,#3146,.T.);
#2264=ORIENTED_EDGE('',*,*,#3148,.T.);
#2265=ORIENTED_EDGE('',*,*,#3150,.T.);
#2266=ORIENTED_EDGE('',*,*,#3223,.F.);
#2267=ORIENTED_EDGE('',*,*,#3154,.T.);
#2268=ORIENTED_EDGE('',*,*,#3158,.T.);
#2269=ORIENTED_EDGE('',*,*,#3161,.F.);
#2270=ORIENTED_EDGE('',*,*,#3164,.F.);
#2271=ORIENTED_EDGE('',*,*,#3167,.T.);
#2272=ORIENTED_EDGE('',*,*,#3170,.F.);
#2273=ORIENTED_EDGE('',*,*,#3173,.T.);
#2274=ORIENTED_EDGE('',*,*,#3176,.F.);
#2275=ORIENTED_EDGE('',*,*,#3179,.T.);
#2276=ORIENTED_EDGE('',*,*,#3182,.F.);
#2277=ORIENTED_EDGE('',*,*,#3185,.T.);
#2278=ORIENTED_EDGE('',*,*,#3188,.F.);
#2279=ORIENTED_EDGE('',*,*,#3191,.T.);
#2280=ORIENTED_EDGE('',*,*,#3194,.F.);
#2281=ORIENTED_EDGE('',*,*,#3197,.T.);
#2282=ORIENTED_EDGE('',*,*,#3200,.F.);
#2283=ORIENTED_EDGE('',*,*,#3203,.F.);
#2284=ORIENTED_EDGE('',*,*,#3206,.F.);
#2285=ORIENTED_EDGE('',*,*,#3209,.T.);
#2286=ORIENTED_EDGE('',*,*,#3212,.F.);
#2287=ORIENTED_EDGE('',*,*,#3215,.T.);
#2288=ORIENTED_EDGE('',*,*,#3218,.T.);
#2289=ORIENTED_EDGE('',*,*,#3221,.F.);
#2290=ORIENTED_EDGE('',*,*,#3235,.F.);
#2291=ORIENTED_EDGE('',*,*,#3226,.T.);
#2292=ORIENTED_EDGE('',*,*,#3230,.T.);
#2293=ORIENTED_EDGE('',*,*,#3233,.F.);
#2294=ORIENTED_EDGE('',*,*,#3247,.F.);
#2295=ORIENTED_EDGE('',*,*,#3238,.F.);
#2296=ORIENTED_EDGE('',*,*,#3242,.T.);
#2297=ORIENTED_EDGE('',*,*,#3245,.T.);
#2298=ORIENTED_EDGE('',*,*,#3259,.F.);
#2299=ORIENTED_EDGE('',*,*,#3250,.F.);
#2300=ORIENTED_EDGE('',*,*,#3254,.T.);
#2301=ORIENTED_EDGE('',*,*,#3257,.T.);
#2302=ORIENTED_EDGE('',*,*,#3271,.F.);
#2303=ORIENTED_EDGE('',*,*,#3262,.T.);
#2304=ORIENTED_EDGE('',*,*,#3266,.T.);
#2305=ORIENTED_EDGE('',*,*,#3269,.F.);
#2306=ORIENTED_EDGE('',*,*,#3283,.F.);
#2307=ORIENTED_EDGE('',*,*,#3274,.F.);
#2308=ORIENTED_EDGE('',*,*,#3278,.T.);
#2309=ORIENTED_EDGE('',*,*,#3281,.T.);
#2310=ORIENTED_EDGE('',*,*,#3295,.F.);
#2311=ORIENTED_EDGE('',*,*,#3286,.F.);
#2312=ORIENTED_EDGE('',*,*,#3290,.T.);
#2313=ORIENTED_EDGE('',*,*,#3293,.T.);
#2314=ORIENTED_EDGE('',*,*,#3307,.T.);
#2315=ORIENTED_EDGE('',*,*,#3298,.T.);
#2316=ORIENTED_EDGE('',*,*,#3302,.F.);
#2317=ORIENTED_EDGE('',*,*,#3305,.F.);
#2318=ORIENTED_EDGE('',*,*,#3319,.F.);
#2319=ORIENTED_EDGE('',*,*,#3316,.T.);
#2320=ORIENTED_EDGE('',*,*,#3313,.T.);
#2321=ORIENTED_EDGE('',*,*,#3310,.F.);
#2322=ORIENTED_EDGE('',*,*,#3306,.F.);
#2323=ORIENTED_EDGE('',*,*,#3303,.T.);
#2324=ORIENTED_EDGE('',*,*,#3300,.T.);
#2325=ORIENTED_EDGE('',*,*,#3296,.F.);
#2326=ORIENTED_EDGE('',*,*,#3294,.T.);
#2327=ORIENTED_EDGE('',*,*,#3291,.F.);
#2328=ORIENTED_EDGE('',*,*,#3288,.F.);
#2329=ORIENTED_EDGE('',*,*,#3284,.T.);
#2330=ORIENTED_EDGE('',*,*,#3282,.T.);
#2331=ORIENTED_EDGE('',*,*,#3279,.F.);
#2332=ORIENTED_EDGE('',*,*,#3276,.F.);
#2333=ORIENTED_EDGE('',*,*,#3272,.T.);
#2334=ORIENTED_EDGE('',*,*,#3270,.T.);
#2335=ORIENTED_EDGE('',*,*,#3267,.T.);
#2336=ORIENTED_EDGE('',*,*,#3264,.F.);
#2337=ORIENTED_EDGE('',*,*,#3260,.F.);
#2338=ORIENTED_EDGE('',*,*,#3258,.T.);
#2339=ORIENTED_EDGE('',*,*,#3255,.F.);
#2340=ORIENTED_EDGE('',*,*,#3252,.F.);
#2341=ORIENTED_EDGE('',*,*,#3248,.T.);
#2342=ORIENTED_EDGE('',*,*,#3246,.T.);
#2343=ORIENTED_EDGE('',*,*,#3243,.F.);
#2344=ORIENTED_EDGE('',*,*,#3240,.F.);
#2345=ORIENTED_EDGE('',*,*,#3236,.T.);
#2346=ORIENTED_EDGE('',*,*,#3234,.T.);
#2347=ORIENTED_EDGE('',*,*,#3231,.T.);
#2348=ORIENTED_EDGE('',*,*,#3228,.F.);
#2349=ORIENTED_EDGE('',*,*,#3224,.F.);
#2350=ORIENTED_EDGE('',*,*,#3222,.T.);
#2351=ORIENTED_EDGE('',*,*,#3219,.T.);
#2352=ORIENTED_EDGE('',*,*,#3216,.F.);
#2353=ORIENTED_EDGE('',*,*,#3213,.F.);
#2354=ORIENTED_EDGE('',*,*,#3210,.T.);
#2355=ORIENTED_EDGE('',*,*,#3207,.F.);
#2356=ORIENTED_EDGE('',*,*,#3204,.T.);
#2357=ORIENTED_EDGE('',*,*,#3201,.T.);
#2358=ORIENTED_EDGE('',*,*,#3198,.T.);
#2359=ORIENTED_EDGE('',*,*,#3195,.F.);
#2360=ORIENTED_EDGE('',*,*,#3192,.T.);
#2361=ORIENTED_EDGE('',*,*,#3189,.F.);
#2362=ORIENTED_EDGE('',*,*,#3186,.T.);
#2363=ORIENTED_EDGE('',*,*,#3183,.F.);
#2364=ORIENTED_EDGE('',*,*,#3180,.T.);
#2365=ORIENTED_EDGE('',*,*,#3177,.F.);
#2366=ORIENTED_EDGE('',*,*,#3174,.T.);
#2367=ORIENTED_EDGE('',*,*,#3171,.F.);
#2368=ORIENTED_EDGE('',*,*,#3168,.T.);
#2369=ORIENTED_EDGE('',*,*,#3165,.F.);
#2370=ORIENTED_EDGE('',*,*,#3162,.T.);
#2371=ORIENTED_EDGE('',*,*,#3159,.T.);
#2372=ORIENTED_EDGE('',*,*,#3156,.F.);
#2373=ORIENTED_EDGE('',*,*,#3152,.F.);
#2374=ORIENTED_EDGE('',*,*,#3151,.F.);
#2375=ORIENTED_EDGE('',*,*,#3149,.F.);
#2376=ORIENTED_EDGE('',*,*,#3147,.F.);
#2377=ORIENTED_EDGE('',*,*,#3145,.F.);
#2378=ORIENTED_EDGE('',*,*,#3143,.F.);
#2379=ORIENTED_EDGE('',*,*,#3141,.F.);
#2380=ORIENTED_EDGE('',*,*,#3139,.F.);
#2381=ORIENTED_EDGE('',*,*,#3137,.F.);
#2382=ORIENTED_EDGE('',*,*,#3135,.F.);
#2383=ORIENTED_EDGE('',*,*,#3133,.F.);
#2384=ORIENTED_EDGE('',*,*,#3131,.F.);
#2385=ORIENTED_EDGE('',*,*,#3129,.F.);
#2386=ORIENTED_EDGE('',*,*,#3127,.F.);
#2387=ORIENTED_EDGE('',*,*,#3125,.F.);
#2388=ORIENTED_EDGE('',*,*,#3123,.F.);
#2389=ORIENTED_EDGE('',*,*,#3121,.F.);
#2390=ORIENTED_EDGE('',*,*,#3119,.F.);
#2391=ORIENTED_EDGE('',*,*,#3117,.F.);
#2392=ORIENTED_EDGE('',*,*,#3115,.F.);
#2393=ORIENTED_EDGE('',*,*,#3113,.F.);
#2394=ORIENTED_EDGE('',*,*,#3111,.F.);
#2395=ORIENTED_EDGE('',*,*,#3109,.F.);
#2396=ORIENTED_EDGE('',*,*,#3107,.F.);
#2397=ORIENTED_EDGE('',*,*,#3105,.F.);
#2398=ORIENTED_EDGE('',*,*,#3103,.F.);
#2399=ORIENTED_EDGE('',*,*,#3101,.F.);
#2400=ORIENTED_EDGE('',*,*,#3099,.F.);
#2401=ORIENTED_EDGE('',*,*,#3097,.F.);
#2402=ORIENTED_EDGE('',*,*,#3095,.F.);
#2403=ORIENTED_EDGE('',*,*,#3093,.F.);
#2404=ORIENTED_EDGE('',*,*,#3091,.F.);
#2405=ORIENTED_EDGE('',*,*,#3089,.F.);
#2406=ORIENTED_EDGE('',*,*,#3087,.F.);
#2407=ORIENTED_EDGE('',*,*,#3085,.F.);
#2408=ORIENTED_EDGE('',*,*,#3083,.F.);
#2409=ORIENTED_EDGE('',*,*,#3081,.F.);
#2410=ORIENTED_EDGE('',*,*,#3079,.F.);
#2411=ORIENTED_EDGE('',*,*,#3077,.F.);
#2412=ORIENTED_EDGE('',*,*,#3075,.F.);
#2413=ORIENTED_EDGE('',*,*,#3073,.F.);
#2414=ORIENTED_EDGE('',*,*,#3071,.F.);
#2415=ORIENTED_EDGE('',*,*,#3069,.F.);
#2416=ORIENTED_EDGE('',*,*,#3067,.F.);
#2417=ORIENTED_EDGE('',*,*,#3065,.F.);
#2418=ORIENTED_EDGE('',*,*,#3063,.F.);
#2419=ORIENTED_EDGE('',*,*,#3061,.F.);
#2420=ORIENTED_EDGE('',*,*,#3059,.F.);
#2421=ORIENTED_EDGE('',*,*,#3057,.F.);
#2422=ORIENTED_EDGE('',*,*,#3055,.F.);
#2423=ORIENTED_EDGE('',*,*,#3053,.F.);
#2424=ORIENTED_EDGE('',*,*,#3051,.F.);
#2425=ORIENTED_EDGE('',*,*,#3049,.F.);
#2426=ORIENTED_EDGE('',*,*,#3047,.F.);
#2427=ORIENTED_EDGE('',*,*,#3045,.F.);
#2428=ORIENTED_EDGE('',*,*,#3043,.F.);
#2429=ORIENTED_EDGE('',*,*,#3041,.F.);
#2430=ORIENTED_EDGE('',*,*,#3039,.F.);
#2431=ORIENTED_EDGE('',*,*,#3037,.F.);
#2432=ORIENTED_EDGE('',*,*,#3035,.F.);
#2433=ORIENTED_EDGE('',*,*,#3033,.F.);
#2434=ORIENTED_EDGE('',*,*,#3031,.F.);
#2435=ORIENTED_EDGE('',*,*,#3029,.F.);
#2436=ORIENTED_EDGE('',*,*,#3027,.F.);
#2437=ORIENTED_EDGE('',*,*,#3025,.F.);
#2438=ORIENTED_EDGE('',*,*,#3023,.F.);
#2439=ORIENTED_EDGE('',*,*,#3021,.F.);
#2440=ORIENTED_EDGE('',*,*,#3019,.F.);
#2441=ORIENTED_EDGE('',*,*,#3017,.F.);
#2442=ORIENTED_EDGE('',*,*,#3015,.F.);
#2443=ORIENTED_EDGE('',*,*,#3013,.F.);
#2444=ORIENTED_EDGE('',*,*,#3011,.F.);
#2445=ORIENTED_EDGE('',*,*,#3009,.F.);
#2446=ORIENTED_EDGE('',*,*,#3007,.F.);
#2447=ORIENTED_EDGE('',*,*,#3005,.F.);
#2448=ORIENTED_EDGE('',*,*,#3003,.F.);
#2449=ORIENTED_EDGE('',*,*,#3001,.F.);
#2450=ORIENTED_EDGE('',*,*,#2999,.F.);
#2451=ORIENTED_EDGE('',*,*,#2997,.F.);
#2452=ORIENTED_EDGE('',*,*,#2995,.F.);
#2453=ORIENTED_EDGE('',*,*,#2993,.F.);
#2454=ORIENTED_EDGE('',*,*,#2991,.F.);
#2455=ORIENTED_EDGE('',*,*,#2989,.F.);
#2456=ORIENTED_EDGE('',*,*,#2987,.F.);
#2457=ORIENTED_EDGE('',*,*,#2985,.F.);
#2458=ORIENTED_EDGE('',*,*,#2983,.F.);
#2459=ORIENTED_EDGE('',*,*,#2981,.F.);
#2460=ORIENTED_EDGE('',*,*,#2979,.F.);
#2461=ORIENTED_EDGE('',*,*,#2977,.F.);
#2462=ORIENTED_EDGE('',*,*,#2975,.F.);
#2463=ORIENTED_EDGE('',*,*,#2973,.F.);
#2464=ORIENTED_EDGE('',*,*,#2971,.F.);
#2465=ORIENTED_EDGE('',*,*,#2969,.F.);
#2466=ORIENTED_EDGE('',*,*,#2967,.F.);
#2467=ORIENTED_EDGE('',*,*,#2965,.F.);
#2468=ORIENTED_EDGE('',*,*,#2963,.F.);
#2469=ORIENTED_EDGE('',*,*,#2961,.F.);
#2470=ORIENTED_EDGE('',*,*,#2958,.T.);
#2471=ORIENTED_EDGE('',*,*,#2955,.T.);
#2472=ORIENTED_EDGE('',*,*,#2952,.F.);
#2473=ORIENTED_EDGE('',*,*,#2949,.F.);
#2474=ORIENTED_EDGE('',*,*,#2946,.T.);
#2475=ORIENTED_EDGE('',*,*,#2943,.F.);
#2476=ORIENTED_EDGE('',*,*,#2940,.T.);
#2477=ORIENTED_EDGE('',*,*,#2937,.T.);
#2478=ORIENTED_EDGE('',*,*,#2934,.T.);
#2479=ORIENTED_EDGE('',*,*,#2931,.F.);
#2480=ORIENTED_EDGE('',*,*,#2928,.T.);
#2481=ORIENTED_EDGE('',*,*,#2925,.F.);
#2482=ORIENTED_EDGE('',*,*,#2922,.T.);
#2483=ORIENTED_EDGE('',*,*,#2919,.F.);
#2484=ORIENTED_EDGE('',*,*,#2916,.T.);
#2485=ORIENTED_EDGE('',*,*,#2913,.F.);
#2486=ORIENTED_EDGE('',*,*,#2910,.T.);
#2487=ORIENTED_EDGE('',*,*,#2907,.T.);
#2488=ORIENTED_EDGE('',*,*,#2904,.F.);
#2489=ORIENTED_EDGE('',*,*,#2900,.F.);
#2490=ORIENTED_EDGE('',*,*,#2898,.T.);
#2491=ORIENTED_EDGE('',*,*,#2895,.T.);
#2492=ORIENTED_EDGE('',*,*,#2892,.F.);
#2493=ORIENTED_EDGE('',*,*,#2889,.F.);
#2494=ORIENTED_EDGE('',*,*,#2886,.T.);
#2495=ORIENTED_EDGE('',*,*,#2883,.F.);
#2496=ORIENTED_EDGE('',*,*,#2880,.T.);
#2497=ORIENTED_EDGE('',*,*,#2877,.T.);
#2498=ORIENTED_EDGE('',*,*,#2874,.T.);
#2499=ORIENTED_EDGE('',*,*,#2871,.F.);
#2500=ORIENTED_EDGE('',*,*,#2868,.T.);
#2501=ORIENTED_EDGE('',*,*,#2865,.F.);
#2502=ORIENTED_EDGE('',*,*,#2862,.T.);
#2503=ORIENTED_EDGE('',*,*,#2859,.F.);
#2504=ORIENTED_EDGE('',*,*,#2856,.T.);
#2505=ORIENTED_EDGE('',*,*,#2853,.F.);
#2506=ORIENTED_EDGE('',*,*,#2850,.T.);
#2507=ORIENTED_EDGE('',*,*,#2847,.T.);
#2508=ORIENTED_EDGE('',*,*,#2844,.F.);
#2509=ORIENTED_EDGE('',*,*,#2840,.F.);
#2510=ORIENTED_EDGE('',*,*,#2838,.T.);
#2511=ORIENTED_EDGE('',*,*,#2835,.T.);
#2512=ORIENTED_EDGE('',*,*,#2832,.F.);
#2513=ORIENTED_EDGE('',*,*,#2828,.F.);
#2514=ORIENTED_EDGE('',*,*,#2826,.T.);
#2515=ORIENTED_EDGE('',*,*,#2823,.F.);
#2516=ORIENTED_EDGE('',*,*,#2820,.F.);
#2517=ORIENTED_EDGE('',*,*,#2816,.T.);
#2518=ORIENTED_EDGE('',*,*,#2814,.T.);
#2519=ORIENTED_EDGE('',*,*,#2811,.F.);
#2520=ORIENTED_EDGE('',*,*,#2808,.F.);
#2521=ORIENTED_EDGE('',*,*,#2804,.T.);
#2522=ORIENTED_EDGE('',*,*,#2802,.T.);
#2523=ORIENTED_EDGE('',*,*,#2799,.F.);
#2524=ORIENTED_EDGE('',*,*,#2796,.F.);
#2525=ORIENTED_EDGE('',*,*,#2792,.T.);
#2526=ORIENTED_EDGE('',*,*,#2790,.T.);
#2527=ORIENTED_EDGE('',*,*,#2787,.F.);
#2528=ORIENTED_EDGE('',*,*,#2784,.F.);
#2529=ORIENTED_EDGE('',*,*,#2780,.T.);
#2530=ORIENTED_EDGE('',*,*,#2778,.T.);
#2531=ORIENTED_EDGE('',*,*,#2775,.F.);
#2532=ORIENTED_EDGE('',*,*,#2772,.F.);
#2533=ORIENTED_EDGE('',*,*,#2768,.T.);
#2534=ORIENTED_EDGE('',*,*,#2766,.T.);
#2535=ORIENTED_EDGE('',*,*,#2763,.F.);
#2536=ORIENTED_EDGE('',*,*,#2760,.F.);
#2537=ORIENTED_EDGE('',*,*,#2756,.T.);
#2538=ORIENTED_EDGE('',*,*,#2754,.T.);
#2539=ORIENTED_EDGE('',*,*,#2751,.F.);
#2540=ORIENTED_EDGE('',*,*,#2748,.F.);
#2541=ORIENTED_EDGE('',*,*,#2744,.T.);
#2542=ORIENTED_EDGE('',*,*,#2742,.T.);
#2543=ORIENTED_EDGE('',*,*,#2739,.F.);
#2544=ORIENTED_EDGE('',*,*,#2736,.F.);
#2545=ORIENTED_EDGE('',*,*,#2732,.T.);
#2546=ORIENTED_EDGE('',*,*,#2730,.T.);
#2547=ORIENTED_EDGE('',*,*,#2727,.F.);
#2548=ORIENTED_EDGE('',*,*,#2724,.F.);
#2549=ORIENTED_EDGE('',*,*,#2720,.T.);
#2550=ORIENTED_EDGE('',*,*,#2718,.T.);
#2551=ORIENTED_EDGE('',*,*,#2715,.F.);
#2552=ORIENTED_EDGE('',*,*,#2712,.F.);
#2553=ORIENTED_EDGE('',*,*,#2708,.T.);
#2554=ORIENTED_EDGE('',*,*,#2706,.T.);
#2555=ORIENTED_EDGE('',*,*,#2703,.F.);
#2556=ORIENTED_EDGE('',*,*,#2700,.F.);
#2557=ORIENTED_EDGE('',*,*,#2696,.T.);
#2558=ORIENTED_EDGE('',*,*,#2694,.T.);
#2559=ORIENTED_EDGE('',*,*,#2691,.T.);
#2560=ORIENTED_EDGE('',*,*,#2688,.F.);
#2561=ORIENTED_EDGE('',*,*,#2684,.F.);
#2562=ORIENTED_EDGE('',*,*,#2682,.F.);
#2563=ORIENTED_EDGE('',*,*,#2679,.T.);
#2564=ORIENTED_EDGE('',*,*,#2676,.T.);
#2565=ORIENTED_EDGE('',*,*,#2672,.F.);
#2566=ORIENTED_EDGE('',*,*,#2670,.T.);
#2567=ORIENTED_EDGE('',*,*,#2667,.F.);
#2568=ORIENTED_EDGE('',*,*,#2664,.F.);
#2569=ORIENTED_EDGE('',*,*,#2660,.T.);
#2570=ORIENTED_EDGE('',*,*,#2658,.T.);
#2571=ORIENTED_EDGE('',*,*,#2655,.F.);
#2572=ORIENTED_EDGE('',*,*,#2652,.F.);
#2573=ORIENTED_EDGE('',*,*,#2648,.T.);
#2574=ORIENTED_EDGE('',*,*,#2647,.T.);
#2575=ORIENTED_EDGE('',*,*,#2645,.T.);
#2576=ORIENTED_EDGE('',*,*,#3323,.T.);
#2577=ORIENTED_EDGE('',*,*,#3324,.T.);
#2578=ORIENTED_EDGE('',*,*,#3325,.T.);
#2579=ORIENTED_EDGE('',*,*,#2642,.T.);
#2580=ORIENTED_EDGE('',*,*,#2638,.T.);
#2581=ORIENTED_EDGE('',*,*,#2635,.F.);
#2582=ORIENTED_EDGE('',*,*,#2633,.F.);
#2583=ORIENTED_EDGE('',*,*,#2630,.T.);
#2584=ORIENTED_EDGE('',*,*,#2626,.T.);
#2585=ORIENTED_EDGE('',*,*,#2623,.T.);
#2586=ORIENTED_EDGE('',*,*,#2621,.T.);
#2587=ORIENTED_EDGE('',*,*,#2618,.T.);
#2588=ORIENTED_EDGE('',*,*,#2614,.T.);
#2589=ORIENTED_EDGE('',*,*,#2611,.T.);
#2590=ORIENTED_EDGE('',*,*,#2609,.F.);
#2591=ORIENTED_EDGE('',*,*,#2606,.T.);
#2592=ORIENTED_EDGE('',*,*,#3326,.F.);
#2593=ORIENTED_EDGE('',*,*,#3323,.F.);
#2594=ORIENTED_EDGE('',*,*,#2605,.T.);
#2595=ORIENTED_EDGE('',*,*,#3321,.T.);
#2596=ORIENTED_EDGE('',*,*,#3325,.F.);
#2597=ORIENTED_EDGE('',*,*,#3327,.T.);
#2598=ORIENTED_EDGE('',*,*,#3322,.T.);
#2599=ORIENTED_EDGE('',*,*,#2643,.T.);
#2600=ORIENTED_EDGE('',*,*,#3326,.T.);
#2601=ORIENTED_EDGE('',*,*,#3320,.T.);
#2602=ORIENTED_EDGE('',*,*,#3327,.F.);
#2603=ORIENTED_EDGE('',*,*,#3324,.F.);
#2604=EDGE_CURVE('',#3328,#3329,#3876,.F.);
#2605=EDGE_CURVE('',#3330,#3328,#172,.F.);
#2606=EDGE_CURVE('',#3331,#3330,#3877,.T.);
#2607=EDGE_CURVE('',#3329,#3331,#173,.T.);
#2608=EDGE_CURVE('',#3329,#3332,#174,.T.);
#2609=EDGE_CURVE('',#3331,#3333,#175,.T.);
#2610=EDGE_CURVE('',#3332,#3333,#176,.T.);
#2611=EDGE_CURVE('',#3334,#3333,#177,.T.);
#2612=EDGE_CURVE('',#3335,#3334,#178,.T.);
#2613=EDGE_CURVE('',#3335,#3332,#179,.T.);
#2614=EDGE_CURVE('',#3336,#3334,#180,.T.);
#2615=EDGE_CURVE('',#3336,#3337,#181,.F.);
#2616=EDGE_CURVE('',#3337,#3335,#182,.T.);
#2617=EDGE_CURVE('',#3337,#3338,#3878,.F.);
#2618=EDGE_CURVE('',#3339,#3336,#3879,.T.);
#2619=EDGE_CURVE('',#3338,#3339,#183,.T.);
#2620=EDGE_CURVE('',#3340,#3338,#184,.T.);
#2621=EDGE_CURVE('',#3341,#3339,#185,.T.);
#2622=EDGE_CURVE('',#3340,#3341,#186,.T.);
#2623=EDGE_CURVE('',#3342,#3341,#187,.T.);
#2624=EDGE_CURVE('',#3343,#3342,#188,.T.);
#2625=EDGE_CURVE('',#3343,#3340,#189,.T.);
#2626=EDGE_CURVE('',#3344,#3342,#190,.T.);
#2627=EDGE_CURVE('',#3344,#3345,#191,.F.);
#2628=EDGE_CURVE('',#3345,#3343,#192,.T.);
#2629=EDGE_CURVE('',#3345,#3346,#3880,.F.);
#2630=EDGE_CURVE('',#3347,#3344,#3881,.T.);
#2631=EDGE_CURVE('',#3346,#3347,#193,.T.);
#2632=EDGE_CURVE('',#3346,#3348,#194,.T.);
#2633=EDGE_CURVE('',#3347,#3349,#195,.T.);
#2634=EDGE_CURVE('',#3348,#3349,#196,.T.);
#2635=EDGE_CURVE('',#3349,#3350,#197,.T.);
#2636=EDGE_CURVE('',#3351,#3350,#198,.T.);
#2637=EDGE_CURVE('',#3348,#3351,#199,.T.);
#2638=EDGE_CURVE('',#3352,#3350,#200,.T.);
#2639=EDGE_CURVE('',#3352,#3353,#201,.F.);
#2640=EDGE_CURVE('',#3353,#3351,#202,.T.);
#2641=EDGE_CURVE('',#3353,#3354,#3882,.F.);
#2642=EDGE_CURVE('',#3355,#3352,#3883,.T.);
#2643=EDGE_CURVE('',#3354,#3355,#203,.T.);
#2644=EDGE_CURVE('',#3356,#3356,#3884,.T.);
#2645=EDGE_CURVE('',#3357,#3357,#3885,.T.);
#2646=EDGE_CURVE('',#3358,#3358,#3886,.T.);
#2647=EDGE_CURVE('',#3359,#3359,#3887,.T.);
#2648=EDGE_CURVE('',#3360,#3361,#204,.T.);
#2649=EDGE_CURVE('',#3362,#3360,#205,.T.);
#2650=EDGE_CURVE('',#3362,#3363,#206,.T.);
#2651=EDGE_CURVE('',#3363,#3361,#207,.T.);
#2652=EDGE_CURVE('',#3360,#3364,#208,.T.);
#2653=EDGE_CURVE('',#3365,#3364,#209,.T.);
#2654=EDGE_CURVE('',#3362,#3365,#210,.T.);
#2655=EDGE_CURVE('',#3364,#3366,#211,.T.);
#2656=EDGE_CURVE('',#3367,#3366,#212,.T.);
#2657=EDGE_CURVE('',#3365,#3367,#213,.T.);
#2658=EDGE_CURVE('',#3361,#3366,#214,.T.);
#2659=EDGE_CURVE('',#3363,#3367,#215,.T.);
#2660=EDGE_CURVE('',#3368,#3369,#216,.T.);
#2661=EDGE_CURVE('',#3370,#3368,#217,.T.);
#2662=EDGE_CURVE('',#3370,#3371,#218,.T.);
#2663=EDGE_CURVE('',#3371,#3369,#219,.T.);
#2664=EDGE_CURVE('',#3368,#3372,#220,.T.);
#2665=EDGE_CURVE('',#3373,#3372,#221,.T.);
#2666=EDGE_CURVE('',#3370,#3373,#222,.T.);
#2667=EDGE_CURVE('',#3372,#3374,#223,.T.);
#2668=EDGE_CURVE('',#3375,#3374,#224,.T.);
#2669=EDGE_CURVE('',#3373,#3375,#225,.T.);
#2670=EDGE_CURVE('',#3369,#3374,#226,.T.);
#2671=EDGE_CURVE('',#3371,#3375,#227,.T.);
#2672=EDGE_CURVE('',#3376,#3377,#228,.T.);
#2673=EDGE_CURVE('',#3378,#3377,#229,.T.);
#2674=EDGE_CURVE('',#3379,#3378,#230,.T.);
#2675=EDGE_CURVE('',#3379,#3376,#231,.T.);
#2676=EDGE_CURVE('',#3380,#3377,#232,.T.);
#2677=EDGE_CURVE('',#3381,#3380,#233,.T.);
#2678=EDGE_CURVE('',#3381,#3378,#234,.T.);
#2679=EDGE_CURVE('',#3382,#3380,#235,.T.);
#2680=EDGE_CURVE('',#3383,#3382,#236,.T.);
#2681=EDGE_CURVE('',#3383,#3381,#237,.T.);
#2682=EDGE_CURVE('',#3382,#3376,#238,.T.);
#2683=EDGE_CURVE('',#3383,#3379,#239,.T.);
#2684=EDGE_CURVE('',#3384,#3385,#240,.T.);
#2685=EDGE_CURVE('',#3386,#3385,#241,.T.);
#2686=EDGE_CURVE('',#3387,#3386,#242,.T.);
#2687=EDGE_CURVE('',#3387,#3384,#243,.T.);
#2688=EDGE_CURVE('',#3385,#3388,#244,.T.);
#2689=EDGE_CURVE('',#3389,#3388,#245,.T.);
#2690=EDGE_CURVE('',#3386,#3389,#246,.T.);
#2691=EDGE_CURVE('',#3390,#3388,#247,.T.);
#2692=EDGE_CURVE('',#3391,#3390,#248,.T.);
#2693=EDGE_CURVE('',#3391,#3389,#249,.T.);
#2694=EDGE_CURVE('',#3384,#3390,#250,.T.);
#2695=EDGE_CURVE('',#3387,#3391,#251,.T.);
#2696=EDGE_CURVE('',#3392,#3393,#252,.T.);
#2697=EDGE_CURVE('',#3394,#3392,#253,.T.);
#2698=EDGE_CURVE('',#3394,#3395,#254,.T.);
#2699=EDGE_CURVE('',#3395,#3393,#255,.T.);
#2700=EDGE_CURVE('',#3392,#3396,#256,.T.);
#2701=EDGE_CURVE('',#3397,#3396,#257,.T.);
#2702=EDGE_CURVE('',#3394,#3397,#258,.T.);
#2703=EDGE_CURVE('',#3396,#3398,#259,.T.);
#2704=EDGE_CURVE('',#3399,#3398,#260,.T.);
#2705=EDGE_CURVE('',#3397,#3399,#261,.T.);
#2706=EDGE_CURVE('',#3393,#3398,#262,.T.);
#2707=EDGE_CURVE('',#3395,#3399,#263,.T.);
#2708=EDGE_CURVE('',#3400,#3401,#264,.T.);
#2709=EDGE_CURVE('',#3402,#3400,#265,.T.);
#2710=EDGE_CURVE('',#3402,#3403,#266,.T.);
#2711=EDGE_CURVE('',#3403,#3401,#267,.T.);
#2712=EDGE_CURVE('',#3400,#3404,#268,.T.);
#2713=EDGE_CURVE('',#3405,#3404,#269,.T.);
#2714=EDGE_CURVE('',#3402,#3405,#270,.T.);
#2715=EDGE_CURVE('',#3404,#3406,#271,.T.);
#2716=EDGE_CURVE('',#3407,#3406,#272,.T.);
#2717=EDGE_CURVE('',#3405,#3407,#273,.T.);
#2718=EDGE_CURVE('',#3401,#3406,#274,.T.);
#2719=EDGE_CURVE('',#3403,#3407,#275,.T.);
#2720=EDGE_CURVE('',#3408,#3409,#276,.T.);
#2721=EDGE_CURVE('',#3410,#3408,#277,.T.);
#2722=EDGE_CURVE('',#3410,#3411,#278,.T.);
#2723=EDGE_CURVE('',#3411,#3409,#279,.T.);
#2724=EDGE_CURVE('',#3408,#3412,#280,.T.);
#2725=EDGE_CURVE('',#3413,#3412,#281,.T.);
#2726=EDGE_CURVE('',#3410,#3413,#282,.T.);
#2727=EDGE_CURVE('',#3412,#3414,#283,.T.);
#2728=EDGE_CURVE('',#3415,#3414,#284,.T.);
#2729=EDGE_CURVE('',#3413,#3415,#285,.T.);
#2730=EDGE_CURVE('',#3409,#3414,#286,.T.);
#2731=EDGE_CURVE('',#3411,#3415,#287,.T.);
#2732=EDGE_CURVE('',#3416,#3417,#288,.T.);
#2733=EDGE_CURVE('',#3418,#3416,#289,.T.);
#2734=EDGE_CURVE('',#3418,#3419,#290,.T.);
#2735=EDGE_CURVE('',#3419,#3417,#291,.T.);
#2736=EDGE_CURVE('',#3416,#3420,#292,.T.);
#2737=EDGE_CURVE('',#3421,#3420,#293,.T.);
#2738=EDGE_CURVE('',#3418,#3421,#294,.T.);
#2739=EDGE_CURVE('',#3420,#3422,#295,.T.);
#2740=EDGE_CURVE('',#3423,#3422,#296,.T.);
#2741=EDGE_CURVE('',#3421,#3423,#297,.T.);
#2742=EDGE_CURVE('',#3417,#3422,#298,.T.);
#2743=EDGE_CURVE('',#3419,#3423,#299,.T.);
#2744=EDGE_CURVE('',#3424,#3425,#300,.T.);
#2745=EDGE_CURVE('',#3426,#3424,#301,.T.);
#2746=EDGE_CURVE('',#3426,#3427,#302,.T.);
#2747=EDGE_CURVE('',#3427,#3425,#303,.T.);
#2748=EDGE_CURVE('',#3424,#3428,#304,.T.);
#2749=EDGE_CURVE('',#3429,#3428,#305,.T.);
#2750=EDGE_CURVE('',#3426,#3429,#306,.T.);
#2751=EDGE_CURVE('',#3428,#3430,#307,.T.);
#2752=EDGE_CURVE('',#3431,#3430,#308,.T.);
#2753=EDGE_CURVE('',#3429,#3431,#309,.T.);
#2754=EDGE_CURVE('',#3425,#3430,#310,.T.);
#2755=EDGE_CURVE('',#3427,#3431,#311,.T.);
#2756=EDGE_CURVE('',#3432,#3433,#312,.T.);
#2757=EDGE_CURVE('',#3434,#3432,#313,.T.);
#2758=EDGE_CURVE('',#3434,#3435,#314,.T.);
#2759=EDGE_CURVE('',#3435,#3433,#315,.T.);
#2760=EDGE_CURVE('',#3432,#3436,#316,.T.);
#2761=EDGE_CURVE('',#3437,#3436,#317,.T.);
#2762=EDGE_CURVE('',#3434,#3437,#318,.T.);
#2763=EDGE_CURVE('',#3436,#3438,#319,.T.);
#2764=EDGE_CURVE('',#3439,#3438,#320,.T.);
#2765=EDGE_CURVE('',#3437,#3439,#321,.T.);
#2766=EDGE_CURVE('',#3433,#3438,#322,.T.);
#2767=EDGE_CURVE('',#3435,#3439,#323,.T.);
#2768=EDGE_CURVE('',#3440,#3441,#324,.T.);
#2769=EDGE_CURVE('',#3442,#3440,#325,.T.);
#2770=EDGE_CURVE('',#3442,#3443,#326,.T.);
#2771=EDGE_CURVE('',#3443,#3441,#327,.T.);
#2772=EDGE_CURVE('',#3440,#3444,#328,.T.);
#2773=EDGE_CURVE('',#3445,#3444,#329,.T.);
#2774=EDGE_CURVE('',#3442,#3445,#330,.T.);
#2775=EDGE_CURVE('',#3444,#3446,#331,.T.);
#2776=EDGE_CURVE('',#3447,#3446,#332,.T.);
#2777=EDGE_CURVE('',#3445,#3447,#333,.T.);
#2778=EDGE_CURVE('',#3441,#3446,#334,.T.);
#2779=EDGE_CURVE('',#3443,#3447,#335,.T.);
#2780=EDGE_CURVE('',#3448,#3449,#336,.T.);
#2781=EDGE_CURVE('',#3450,#3448,#337,.T.);
#2782=EDGE_CURVE('',#3450,#3451,#338,.T.);
#2783=EDGE_CURVE('',#3451,#3449,#339,.T.);
#2784=EDGE_CURVE('',#3448,#3452,#340,.T.);
#2785=EDGE_CURVE('',#3453,#3452,#341,.T.);
#2786=EDGE_CURVE('',#3450,#3453,#342,.T.);
#2787=EDGE_CURVE('',#3452,#3454,#343,.T.);
#2788=EDGE_CURVE('',#3455,#3454,#344,.T.);
#2789=EDGE_CURVE('',#3453,#3455,#345,.T.);
#2790=EDGE_CURVE('',#3449,#3454,#346,.T.);
#2791=EDGE_CURVE('',#3451,#3455,#347,.T.);
#2792=EDGE_CURVE('',#3456,#3457,#348,.T.);
#2793=EDGE_CURVE('',#3458,#3456,#349,.T.);
#2794=EDGE_CURVE('',#3458,#3459,#350,.T.);
#2795=EDGE_CURVE('',#3459,#3457,#351,.T.);
#2796=EDGE_CURVE('',#3456,#3460,#352,.T.);
#2797=EDGE_CURVE('',#3461,#3460,#353,.T.);
#2798=EDGE_CURVE('',#3458,#3461,#354,.T.);
#2799=EDGE_CURVE('',#3460,#3462,#355,.T.);
#2800=EDGE_CURVE('',#3463,#3462,#356,.T.);
#2801=EDGE_CURVE('',#3461,#3463,#357,.T.);
#2802=EDGE_CURVE('',#3457,#3462,#358,.T.);
#2803=EDGE_CURVE('',#3459,#3463,#359,.T.);
#2804=EDGE_CURVE('',#3464,#3465,#360,.T.);
#2805=EDGE_CURVE('',#3466,#3464,#361,.T.);
#2806=EDGE_CURVE('',#3466,#3467,#362,.T.);
#2807=EDGE_CURVE('',#3467,#3465,#363,.T.);
#2808=EDGE_CURVE('',#3464,#3468,#364,.T.);
#2809=EDGE_CURVE('',#3469,#3468,#365,.T.);
#2810=EDGE_CURVE('',#3466,#3469,#366,.T.);
#2811=EDGE_CURVE('',#3468,#3470,#367,.T.);
#2812=EDGE_CURVE('',#3471,#3470,#368,.T.);
#2813=EDGE_CURVE('',#3469,#3471,#369,.T.);
#2814=EDGE_CURVE('',#3465,#3470,#370,.T.);
#2815=EDGE_CURVE('',#3467,#3471,#371,.T.);
#2816=EDGE_CURVE('',#3472,#3473,#372,.T.);
#2817=EDGE_CURVE('',#3474,#3472,#373,.T.);
#2818=EDGE_CURVE('',#3474,#3475,#374,.T.);
#2819=EDGE_CURVE('',#3475,#3473,#375,.T.);
#2820=EDGE_CURVE('',#3472,#3476,#376,.T.);
#2821=EDGE_CURVE('',#3477,#3476,#377,.T.);
#2822=EDGE_CURVE('',#3474,#3477,#378,.T.);
#2823=EDGE_CURVE('',#3476,#3478,#379,.T.);
#2824=EDGE_CURVE('',#3479,#3478,#380,.T.);
#2825=EDGE_CURVE('',#3477,#3479,#381,.T.);
#2826=EDGE_CURVE('',#3473,#3478,#382,.T.);
#2827=EDGE_CURVE('',#3475,#3479,#383,.T.);
#2828=EDGE_CURVE('',#3480,#3481,#384,.T.);
#2829=EDGE_CURVE('',#3482,#3481,#385,.T.);
#2830=EDGE_CURVE('',#3483,#3482,#386,.T.);
#2831=EDGE_CURVE('',#3483,#3480,#387,.T.);
#2832=EDGE_CURVE('',#3481,#3484,#388,.T.);
#2833=EDGE_CURVE('',#3485,#3484,#389,.T.);
#2834=EDGE_CURVE('',#3482,#3485,#390,.T.);
#2835=EDGE_CURVE('',#3486,#3484,#391,.T.);
#2836=EDGE_CURVE('',#3487,#3486,#392,.T.);
#2837=EDGE_CURVE('',#3487,#3485,#393,.T.);
#2838=EDGE_CURVE('',#3480,#3486,#394,.T.);
#2839=EDGE_CURVE('',#3483,#3487,#395,.T.);
#2840=EDGE_CURVE('',#3488,#3489,#396,.T.);
#2841=EDGE_CURVE('',#3490,#3489,#397,.T.);
#2842=EDGE_CURVE('',#3491,#3490,#398,.T.);
#2843=EDGE_CURVE('',#3491,#3488,#399,.T.);
#2844=EDGE_CURVE('',#3489,#3492,#400,.T.);
#2845=EDGE_CURVE('',#3493,#3492,#401,.T.);
#2846=EDGE_CURVE('',#3490,#3493,#402,.T.);
#2847=EDGE_CURVE('',#3494,#3492,#403,.T.);
#2848=EDGE_CURVE('',#3495,#3494,#404,.T.);
#2849=EDGE_CURVE('',#3495,#3493,#405,.T.);
#2850=EDGE_CURVE('',#3496,#3494,#406,.T.);
#2851=EDGE_CURVE('',#3497,#3496,#407,.T.);
#2852=EDGE_CURVE('',#3497,#3495,#408,.T.);
#2853=EDGE_CURVE('',#3496,#3498,#3888,.T.);
#2854=EDGE_CURVE('',#3499,#3498,#409,.T.);
#2855=EDGE_CURVE('',#3497,#3499,#3889,.T.);
#2856=EDGE_CURVE('',#3500,#3498,#410,.T.);
#2857=EDGE_CURVE('',#3501,#3500,#411,.T.);
#2858=EDGE_CURVE('',#3501,#3499,#412,.T.);
#2859=EDGE_CURVE('',#3500,#3502,#413,.T.);
#2860=EDGE_CURVE('',#3503,#3502,#414,.T.);
#2861=EDGE_CURVE('',#3501,#3503,#415,.T.);
#2862=EDGE_CURVE('',#3504,#3502,#416,.T.);
#2863=EDGE_CURVE('',#3505,#3504,#417,.T.);
#2864=EDGE_CURVE('',#3505,#3503,#418,.T.);
#2865=EDGE_CURVE('',#3504,#3506,#3890,.T.);
#2866=EDGE_CURVE('',#3507,#3506,#419,.T.);
#2867=EDGE_CURVE('',#3505,#3507,#3891,.T.);
#2868=EDGE_CURVE('',#3508,#3506,#420,.T.);
#2869=EDGE_CURVE('',#3509,#3508,#421,.T.);
#2870=EDGE_CURVE('',#3509,#3507,#422,.T.);
#2871=EDGE_CURVE('',#3508,#3510,#3892,.T.);
#2872=EDGE_CURVE('',#3511,#3510,#423,.T.);
#2873=EDGE_CURVE('',#3509,#3511,#3893,.T.);
#2874=EDGE_CURVE('',#3512,#3510,#424,.T.);
#2875=EDGE_CURVE('',#3513,#3512,#425,.T.);
#2876=EDGE_CURVE('',#3513,#3511,#426,.T.);
#2877=EDGE_CURVE('',#3514,#3512,#427,.T.);
#2878=EDGE_CURVE('',#3515,#3514,#428,.T.);
#2879=EDGE_CURVE('',#3515,#3513,#429,.T.);
#2880=EDGE_CURVE('',#3516,#3514,#430,.T.);
#2881=EDGE_CURVE('',#3517,#3516,#431,.T.);
#2882=EDGE_CURVE('',#3517,#3515,#432,.T.);
#2883=EDGE_CURVE('',#3516,#3518,#3894,.T.);
#2884=EDGE_CURVE('',#3519,#3518,#433,.T.);
#2885=EDGE_CURVE('',#3517,#3519,#3895,.T.);
#2886=EDGE_CURVE('',#3520,#3518,#434,.T.);
#2887=EDGE_CURVE('',#3521,#3520,#435,.T.);
#2888=EDGE_CURVE('',#3521,#3519,#436,.T.);
#2889=EDGE_CURVE('',#3520,#3522,#437,.T.);
#2890=EDGE_CURVE('',#3523,#3522,#438,.T.);
#2891=EDGE_CURVE('',#3521,#3523,#439,.T.);
#2892=EDGE_CURVE('',#3522,#3524,#440,.T.);
#2893=EDGE_CURVE('',#3525,#3524,#441,.T.);
#2894=EDGE_CURVE('',#3523,#3525,#442,.T.);
#2895=EDGE_CURVE('',#3526,#3524,#443,.T.);
#2896=EDGE_CURVE('',#3527,#3526,#444,.T.);
#2897=EDGE_CURVE('',#3527,#3525,#445,.T.);
#2898=EDGE_CURVE('',#3488,#3526,#446,.T.);
#2899=EDGE_CURVE('',#3491,#3527,#447,.T.);
#2900=EDGE_CURVE('',#3528,#3529,#448,.T.);
#2901=EDGE_CURVE('',#3530,#3529,#449,.T.);
#2902=EDGE_CURVE('',#3531,#3530,#450,.T.);
#2903=EDGE_CURVE('',#3531,#3528,#451,.T.);
#2904=EDGE_CURVE('',#3529,#3532,#452,.T.);
#2905=EDGE_CURVE('',#3533,#3532,#453,.T.);
#2906=EDGE_CURVE('',#3530,#3533,#454,.T.);
#2907=EDGE_CURVE('',#3534,#3532,#455,.T.);
#2908=EDGE_CURVE('',#3535,#3534,#456,.T.);
#2909=EDGE_CURVE('',#3535,#3533,#457,.T.);
#2910=EDGE_CURVE('',#3536,#3534,#458,.T.);
#2911=EDGE_CURVE('',#3537,#3536,#459,.T.);
#2912=EDGE_CURVE('',#3537,#3535,#460,.T.);
#2913=EDGE_CURVE('',#3536,#3538,#3896,.T.);
#2914=EDGE_CURVE('',#3539,#3538,#461,.T.);
#2915=EDGE_CURVE('',#3537,#3539,#3897,.T.);
#2916=EDGE_CURVE('',#3540,#3538,#462,.T.);
#2917=EDGE_CURVE('',#3541,#3540,#463,.T.);
#2918=EDGE_CURVE('',#3541,#3539,#464,.T.);
#2919=EDGE_CURVE('',#3540,#3542,#465,.T.);
#2920=EDGE_CURVE('',#3543,#3542,#466,.T.);
#2921=EDGE_CURVE('',#3541,#3543,#467,.T.);
#2922=EDGE_CURVE('',#3544,#3542,#468,.T.);
#2923=EDGE_CURVE('',#3545,#3544,#469,.T.);
#2924=EDGE_CURVE('',#3545,#3543,#470,.T.);
#2925=EDGE_CURVE('',#3544,#3546,#3898,.T.);
#2926=EDGE_CURVE('',#3547,#3546,#471,.T.);
#2927=EDGE_CURVE('',#3545,#3547,#3899,.T.);
#2928=EDGE_CURVE('',#3548,#3546,#472,.T.);
#2929=EDGE_CURVE('',#3549,#3548,#473,.T.);
#2930=EDGE_CURVE('',#3549,#3547,#474,.T.);
#2931=EDGE_CURVE('',#3548,#3550,#3900,.T.);
#2932=EDGE_CURVE('',#3551,#3550,#475,.T.);
#2933=EDGE_CURVE('',#3549,#3551,#3901,.T.);
#2934=EDGE_CURVE('',#3552,#3550,#476,.T.);
#2935=EDGE_CURVE('',#3553,#3552,#477,.T.);
#2936=EDGE_CURVE('',#3553,#3551,#478,.T.);
#2937=EDGE_CURVE('',#3554,#3552,#479,.T.);
#2938=EDGE_CURVE('',#3555,#3554,#480,.T.);
#2939=EDGE_CURVE('',#3555,#3553,#481,.T.);
#2940=EDGE_CURVE('',#3556,#3554,#482,.T.);
#2941=EDGE_CURVE('',#3557,#3556,#483,.T.);
#2942=EDGE_CURVE('',#3557,#3555,#484,.T.);
#2943=EDGE_CURVE('',#3556,#3558,#3902,.T.);
#2944=EDGE_CURVE('',#3559,#3558,#485,.T.);
#2945=EDGE_CURVE('',#3557,#3559,#3903,.T.);
#2946=EDGE_CURVE('',#3560,#3558,#486,.T.);
#2947=EDGE_CURVE('',#3561,#3560,#487,.T.);
#2948=EDGE_CURVE('',#3561,#3559,#488,.T.);
#2949=EDGE_CURVE('',#3560,#3562,#489,.T.);
#2950=EDGE_CURVE('',#3563,#3562,#490,.T.);
#2951=EDGE_CURVE('',#3561,#3563,#491,.T.);
#2952=EDGE_CURVE('',#3562,#3564,#492,.T.);
#2953=EDGE_CURVE('',#3565,#3564,#493,.T.);
#2954=EDGE_CURVE('',#3563,#3565,#494,.T.);
#2955=EDGE_CURVE('',#3566,#3564,#495,.T.);
#2956=EDGE_CURVE('',#3567,#3566,#496,.T.);
#2957=EDGE_CURVE('',#3567,#3565,#497,.T.);
#2958=EDGE_CURVE('',#3528,#3566,#498,.T.);
#2959=EDGE_CURVE('',#3531,#3567,#499,.T.);
#2960=EDGE_CURVE('',#3568,#3568,#3904,.T.);
#2961=EDGE_CURVE('',#3569,#3569,#3905,.T.);
#2962=EDGE_CURVE('',#3570,#3570,#3906,.T.);
#2963=EDGE_CURVE('',#3571,#3571,#3907,.T.);
#2964=EDGE_CURVE('',#3572,#3572,#3908,.T.);
#2965=EDGE_CURVE('',#3573,#3573,#3909,.T.);
#2966=EDGE_CURVE('',#3574,#3574,#3910,.T.);
#2967=EDGE_CURVE('',#3575,#3575,#3911,.T.);
#2968=EDGE_CURVE('',#3576,#3576,#3912,.T.);
#2969=EDGE_CURVE('',#3577,#3577,#3913,.T.);
#2970=EDGE_CURVE('',#3578,#3578,#3914,.T.);
#2971=EDGE_CURVE('',#3579,#3579,#3915,.T.);
#2972=EDGE_CURVE('',#3580,#3580,#3916,.T.);
#2973=EDGE_CURVE('',#3581,#3581,#3917,.T.);
#2974=EDGE_CURVE('',#3582,#3582,#3918,.T.);
#2975=EDGE_CURVE('',#3583,#3583,#3919,.T.);
#2976=EDGE_CURVE('',#3584,#3584,#3920,.T.);
#2977=EDGE_CURVE('',#3585,#3585,#3921,.T.);
#2978=EDGE_CURVE('',#3586,#3586,#3922,.T.);
#2979=EDGE_CURVE('',#3587,#3587,#3923,.T.);
#2980=EDGE_CURVE('',#3588,#3588,#3924,.T.);
#2981=EDGE_CURVE('',#3589,#3589,#3925,.T.);
#2982=EDGE_CURVE('',#3590,#3590,#3926,.T.);
#2983=EDGE_CURVE('',#3591,#3591,#3927,.T.);
#2984=EDGE_CURVE('',#3592,#3592,#3928,.T.);
#2985=EDGE_CURVE('',#3593,#3593,#3929,.T.);
#2986=EDGE_CURVE('',#3594,#3594,#3930,.T.);
#2987=EDGE_CURVE('',#3595,#3595,#3931,.T.);
#2988=EDGE_CURVE('',#3596,#3596,#3932,.T.);
#2989=EDGE_CURVE('',#3597,#3597,#3933,.T.);
#2990=EDGE_CURVE('',#3598,#3598,#3934,.T.);
#2991=EDGE_CURVE('',#3599,#3599,#3935,.T.);
#2992=EDGE_CURVE('',#3600,#3600,#3936,.T.);
#2993=EDGE_CURVE('',#3601,#3601,#3937,.T.);
#2994=EDGE_CURVE('',#3602,#3602,#3938,.T.);
#2995=EDGE_CURVE('',#3603,#3603,#3939,.T.);
#2996=EDGE_CURVE('',#3604,#3604,#3940,.T.);
#2997=EDGE_CURVE('',#3605,#3605,#3941,.T.);
#2998=EDGE_CURVE('',#3606,#3606,#3942,.T.);
#2999=EDGE_CURVE('',#3607,#3607,#3943,.T.);
#3000=EDGE_CURVE('',#3608,#3608,#3944,.T.);
#3001=EDGE_CURVE('',#3609,#3609,#3945,.T.);
#3002=EDGE_CURVE('',#3610,#3610,#3946,.T.);
#3003=EDGE_CURVE('',#3611,#3611,#3947,.T.);
#3004=EDGE_CURVE('',#3612,#3612,#3948,.T.);
#3005=EDGE_CURVE('',#3613,#3613,#3949,.T.);
#3006=EDGE_CURVE('',#3614,#3614,#3950,.T.);
#3007=EDGE_CURVE('',#3615,#3615,#3951,.T.);
#3008=EDGE_CURVE('',#3616,#3616,#3952,.T.);
#3009=EDGE_CURVE('',#3617,#3617,#3953,.T.);
#3010=EDGE_CURVE('',#3618,#3618,#3954,.T.);
#3011=EDGE_CURVE('',#3619,#3619,#3955,.T.);
#3012=EDGE_CURVE('',#3620,#3620,#3956,.T.);
#3013=EDGE_CURVE('',#3621,#3621,#3957,.T.);
#3014=EDGE_CURVE('',#3622,#3622,#3958,.T.);
#3015=EDGE_CURVE('',#3623,#3623,#3959,.T.);
#3016=EDGE_CURVE('',#3624,#3624,#3960,.T.);
#3017=EDGE_CURVE('',#3625,#3625,#3961,.T.);
#3018=EDGE_CURVE('',#3626,#3626,#3962,.T.);
#3019=EDGE_CURVE('',#3627,#3627,#3963,.T.);
#3020=EDGE_CURVE('',#3628,#3628,#3964,.T.);
#3021=EDGE_CURVE('',#3629,#3629,#3965,.T.);
#3022=EDGE_CURVE('',#3630,#3630,#3966,.T.);
#3023=EDGE_CURVE('',#3631,#3631,#3967,.T.);
#3024=EDGE_CURVE('',#3632,#3632,#3968,.T.);
#3025=EDGE_CURVE('',#3633,#3633,#3969,.T.);
#3026=EDGE_CURVE('',#3634,#3634,#3970,.T.);
#3027=EDGE_CURVE('',#3635,#3635,#3971,.T.);
#3028=EDGE_CURVE('',#3636,#3636,#3972,.T.);
#3029=EDGE_CURVE('',#3637,#3637,#3973,.T.);
#3030=EDGE_CURVE('',#3638,#3638,#3974,.T.);
#3031=EDGE_CURVE('',#3639,#3639,#3975,.T.);
#3032=EDGE_CURVE('',#3640,#3640,#3976,.T.);
#3033=EDGE_CURVE('',#3641,#3641,#3977,.T.);
#3034=EDGE_CURVE('',#3642,#3642,#3978,.T.);
#3035=EDGE_CURVE('',#3643,#3643,#3979,.T.);
#3036=EDGE_CURVE('',#3644,#3644,#3980,.T.);
#3037=EDGE_CURVE('',#3645,#3645,#3981,.T.);
#3038=EDGE_CURVE('',#3646,#3646,#3982,.T.);
#3039=EDGE_CURVE('',#3647,#3647,#3983,.T.);
#3040=EDGE_CURVE('',#3648,#3648,#3984,.T.);
#3041=EDGE_CURVE('',#3649,#3649,#3985,.T.);
#3042=EDGE_CURVE('',#3650,#3650,#3986,.T.);
#3043=EDGE_CURVE('',#3651,#3651,#3987,.T.);
#3044=EDGE_CURVE('',#3652,#3652,#3988,.T.);
#3045=EDGE_CURVE('',#3653,#3653,#3989,.T.);
#3046=EDGE_CURVE('',#3654,#3654,#3990,.T.);
#3047=EDGE_CURVE('',#3655,#3655,#3991,.T.);
#3048=EDGE_CURVE('',#3656,#3656,#3992,.T.);
#3049=EDGE_CURVE('',#3657,#3657,#3993,.T.);
#3050=EDGE_CURVE('',#3658,#3658,#3994,.T.);
#3051=EDGE_CURVE('',#3659,#3659,#3995,.T.);
#3052=EDGE_CURVE('',#3660,#3660,#3996,.T.);
#3053=EDGE_CURVE('',#3661,#3661,#3997,.T.);
#3054=EDGE_CURVE('',#3662,#3662,#3998,.T.);
#3055=EDGE_CURVE('',#3663,#3663,#3999,.T.);
#3056=EDGE_CURVE('',#3664,#3664,#4000,.T.);
#3057=EDGE_CURVE('',#3665,#3665,#4001,.T.);
#3058=EDGE_CURVE('',#3666,#3666,#4002,.T.);
#3059=EDGE_CURVE('',#3667,#3667,#4003,.T.);
#3060=EDGE_CURVE('',#3668,#3668,#4004,.T.);
#3061=EDGE_CURVE('',#3669,#3669,#4005,.T.);
#3062=EDGE_CURVE('',#3670,#3670,#4006,.T.);
#3063=EDGE_CURVE('',#3671,#3671,#4007,.T.);
#3064=EDGE_CURVE('',#3672,#3672,#4008,.T.);
#3065=EDGE_CURVE('',#3673,#3673,#4009,.T.);
#3066=EDGE_CURVE('',#3674,#3674,#4010,.T.);
#3067=EDGE_CURVE('',#3675,#3675,#4011,.T.);
#3068=EDGE_CURVE('',#3676,#3676,#4012,.T.);
#3069=EDGE_CURVE('',#3677,#3677,#4013,.T.);
#3070=EDGE_CURVE('',#3678,#3678,#4014,.T.);
#3071=EDGE_CURVE('',#3679,#3679,#4015,.T.);
#3072=EDGE_CURVE('',#3680,#3680,#4016,.T.);
#3073=EDGE_CURVE('',#3681,#3681,#4017,.T.);
#3074=EDGE_CURVE('',#3682,#3682,#4018,.T.);
#3075=EDGE_CURVE('',#3683,#3683,#4019,.T.);
#3076=EDGE_CURVE('',#3684,#3684,#4020,.T.);
#3077=EDGE_CURVE('',#3685,#3685,#4021,.T.);
#3078=EDGE_CURVE('',#3686,#3686,#4022,.T.);
#3079=EDGE_CURVE('',#3687,#3687,#4023,.T.);
#3080=EDGE_CURVE('',#3688,#3688,#4024,.T.);
#3081=EDGE_CURVE('',#3689,#3689,#4025,.T.);
#3082=EDGE_CURVE('',#3690,#3690,#4026,.T.);
#3083=EDGE_CURVE('',#3691,#3691,#4027,.T.);
#3084=EDGE_CURVE('',#3692,#3692,#4028,.T.);
#3085=EDGE_CURVE('',#3693,#3693,#4029,.T.);
#3086=EDGE_CURVE('',#3694,#3694,#4030,.T.);
#3087=EDGE_CURVE('',#3695,#3695,#4031,.T.);
#3088=EDGE_CURVE('',#3696,#3696,#4032,.T.);
#3089=EDGE_CURVE('',#3697,#3697,#4033,.T.);
#3090=EDGE_CURVE('',#3698,#3698,#4034,.T.);
#3091=EDGE_CURVE('',#3699,#3699,#4035,.T.);
#3092=EDGE_CURVE('',#3700,#3700,#4036,.T.);
#3093=EDGE_CURVE('',#3701,#3701,#4037,.T.);
#3094=EDGE_CURVE('',#3702,#3702,#4038,.T.);
#3095=EDGE_CURVE('',#3703,#3703,#4039,.T.);
#3096=EDGE_CURVE('',#3704,#3704,#4040,.T.);
#3097=EDGE_CURVE('',#3705,#3705,#4041,.T.);
#3098=EDGE_CURVE('',#3706,#3706,#4042,.T.);
#3099=EDGE_CURVE('',#3707,#3707,#4043,.T.);
#3100=EDGE_CURVE('',#3708,#3708,#4044,.T.);
#3101=EDGE_CURVE('',#3709,#3709,#4045,.T.);
#3102=EDGE_CURVE('',#3710,#3710,#4046,.T.);
#3103=EDGE_CURVE('',#3711,#3711,#4047,.T.);
#3104=EDGE_CURVE('',#3712,#3712,#4048,.T.);
#3105=EDGE_CURVE('',#3713,#3713,#4049,.T.);
#3106=EDGE_CURVE('',#3714,#3714,#4050,.T.);
#3107=EDGE_CURVE('',#3715,#3715,#4051,.T.);
#3108=EDGE_CURVE('',#3716,#3716,#4052,.T.);
#3109=EDGE_CURVE('',#3717,#3717,#4053,.T.);
#3110=EDGE_CURVE('',#3718,#3718,#4054,.T.);
#3111=EDGE_CURVE('',#3719,#3719,#4055,.T.);
#3112=EDGE_CURVE('',#3720,#3720,#4056,.T.);
#3113=EDGE_CURVE('',#3721,#3721,#4057,.T.);
#3114=EDGE_CURVE('',#3722,#3722,#4058,.T.);
#3115=EDGE_CURVE('',#3723,#3723,#4059,.T.);
#3116=EDGE_CURVE('',#3724,#3724,#4060,.T.);
#3117=EDGE_CURVE('',#3725,#3725,#4061,.T.);
#3118=EDGE_CURVE('',#3726,#3726,#4062,.T.);
#3119=EDGE_CURVE('',#3727,#3727,#4063,.T.);
#3120=EDGE_CURVE('',#3728,#3728,#4064,.T.);
#3121=EDGE_CURVE('',#3729,#3729,#4065,.T.);
#3122=EDGE_CURVE('',#3730,#3730,#4066,.T.);
#3123=EDGE_CURVE('',#3731,#3731,#4067,.T.);
#3124=EDGE_CURVE('',#3732,#3732,#4068,.T.);
#3125=EDGE_CURVE('',#3733,#3733,#4069,.T.);
#3126=EDGE_CURVE('',#3734,#3734,#4070,.T.);
#3127=EDGE_CURVE('',#3735,#3735,#4071,.T.);
#3128=EDGE_CURVE('',#3736,#3736,#4072,.T.);
#3129=EDGE_CURVE('',#3737,#3737,#4073,.T.);
#3130=EDGE_CURVE('',#3738,#3738,#4074,.T.);
#3131=EDGE_CURVE('',#3739,#3739,#4075,.T.);
#3132=EDGE_CURVE('',#3740,#3740,#4076,.T.);
#3133=EDGE_CURVE('',#3741,#3741,#4077,.T.);
#3134=EDGE_CURVE('',#3742,#3742,#4078,.T.);
#3135=EDGE_CURVE('',#3743,#3743,#4079,.T.);
#3136=EDGE_CURVE('',#3744,#3744,#4080,.T.);
#3137=EDGE_CURVE('',#3745,#3745,#4081,.T.);
#3138=EDGE_CURVE('',#3746,#3746,#4082,.T.);
#3139=EDGE_CURVE('',#3747,#3747,#4083,.T.);
#3140=EDGE_CURVE('',#3748,#3748,#4084,.T.);
#3141=EDGE_CURVE('',#3749,#3749,#4085,.T.);
#3142=EDGE_CURVE('',#3750,#3750,#4086,.T.);
#3143=EDGE_CURVE('',#3751,#3751,#4087,.T.);
#3144=EDGE_CURVE('',#3752,#3752,#4088,.T.);
#3145=EDGE_CURVE('',#3753,#3753,#4089,.T.);
#3146=EDGE_CURVE('',#3754,#3754,#4090,.T.);
#3147=EDGE_CURVE('',#3755,#3755,#4091,.T.);
#3148=EDGE_CURVE('',#3756,#3756,#4092,.T.);
#3149=EDGE_CURVE('',#3757,#3757,#4093,.T.);
#3150=EDGE_CURVE('',#3758,#3758,#4094,.T.);
#3151=EDGE_CURVE('',#3759,#3759,#4095,.T.);
#3152=EDGE_CURVE('',#3760,#3761,#500,.T.);
#3153=EDGE_CURVE('',#3762,#3761,#501,.T.);
#3154=EDGE_CURVE('',#3763,#3762,#502,.T.);
#3155=EDGE_CURVE('',#3763,#3760,#503,.T.);
#3156=EDGE_CURVE('',#3761,#3764,#504,.T.);
#3157=EDGE_CURVE('',#3765,#3764,#505,.T.);
#3158=EDGE_CURVE('',#3762,#3765,#506,.T.);
#3159=EDGE_CURVE('',#3766,#3764,#507,.T.);
#3160=EDGE_CURVE('',#3767,#3766,#508,.T.);
#3161=EDGE_CURVE('',#3767,#3765,#509,.T.);
#3162=EDGE_CURVE('',#3768,#3766,#510,.T.);
#3163=EDGE_CURVE('',#3769,#3768,#511,.T.);
#3164=EDGE_CURVE('',#3769,#3767,#512,.T.);
#3165=EDGE_CURVE('',#3768,#3770,#4096,.T.);
#3166=EDGE_CURVE('',#3771,#3770,#513,.T.);
#3167=EDGE_CURVE('',#3769,#3771,#4097,.T.);
#3168=EDGE_CURVE('',#3772,#3770,#514,.T.);
#3169=EDGE_CURVE('',#3773,#3772,#515,.T.);
#3170=EDGE_CURVE('',#3773,#3771,#516,.T.);
#3171=EDGE_CURVE('',#3772,#3774,#517,.T.);
#3172=EDGE_CURVE('',#3775,#3774,#518,.T.);
#3173=EDGE_CURVE('',#3773,#3775,#519,.T.);
#3174=EDGE_CURVE('',#3776,#3774,#520,.T.);
#3175=EDGE_CURVE('',#3777,#3776,#521,.T.);
#3176=EDGE_CURVE('',#3777,#3775,#522,.T.);
#3177=EDGE_CURVE('',#3776,#3778,#4098,.T.);
#3178=EDGE_CURVE('',#3779,#3778,#523,.T.);
#3179=EDGE_CURVE('',#3777,#3779,#4099,.T.);
#3180=EDGE_CURVE('',#3780,#3778,#524,.T.);
#3181=EDGE_CURVE('',#3781,#3780,#525,.T.);
#3182=EDGE_CURVE('',#3781,#3779,#526,.T.);
#3183=EDGE_CURVE('',#3780,#3782,#4100,.T.);
#3184=EDGE_CURVE('',#3783,#3782,#527,.T.);
#3185=EDGE_CURVE('',#3781,#3783,#4101,.T.);
#3186=EDGE_CURVE('',#3784,#3782,#528,.T.);
#3187=EDGE_CURVE('',#3785,#3784,#529,.T.);
#3188=EDGE_CURVE('',#3785,#3783,#530,.T.);
#3189=EDGE_CURVE('',#3784,#3786,#4102,.T.);
#3190=EDGE_CURVE('',#3787,#3786,#531,.T.);
#3191=EDGE_CURVE('',#3785,#3787,#4103,.T.);
#3192=EDGE_CURVE('',#3788,#3786,#532,.T.);
#3193=EDGE_CURVE('',#3789,#3788,#533,.T.);
#3194=EDGE_CURVE('',#3789,#3787,#534,.T.);
#3195=EDGE_CURVE('',#3788,#3790,#4104,.T.);
#3196=EDGE_CURVE('',#3791,#3790,#535,.T.);
#3197=EDGE_CURVE('',#3789,#3791,#4105,.T.);
#3198=EDGE_CURVE('',#3792,#3790,#536,.T.);
#3199=EDGE_CURVE('',#3793,#3792,#537,.T.);
#3200=EDGE_CURVE('',#3793,#3791,#538,.T.);
#3201=EDGE_CURVE('',#3794,#3792,#539,.T.);
#3202=EDGE_CURVE('',#3795,#3794,#540,.T.);
#3203=EDGE_CURVE('',#3795,#3793,#541,.T.);
#3204=EDGE_CURVE('',#3796,#3794,#542,.T.);
#3205=EDGE_CURVE('',#3797,#3796,#543,.T.);
#3206=EDGE_CURVE('',#3797,#3795,#544,.T.);
#3207=EDGE_CURVE('',#3796,#3798,#4106,.T.);
#3208=EDGE_CURVE('',#3799,#3798,#545,.T.);
#3209=EDGE_CURVE('',#3797,#3799,#4107,.T.);
#3210=EDGE_CURVE('',#3800,#3798,#546,.T.);
#3211=EDGE_CURVE('',#3801,#3800,#547,.T.);
#3212=EDGE_CURVE('',#3801,#3799,#548,.T.);
#3213=EDGE_CURVE('',#3800,#3802,#549,.T.);
#3214=EDGE_CURVE('',#3803,#3802,#550,.T.);
#3215=EDGE_CURVE('',#3801,#3803,#551,.T.);
#3216=EDGE_CURVE('',#3802,#3804,#552,.T.);
#3217=EDGE_CURVE('',#3805,#3804,#553,.T.);
#3218=EDGE_CURVE('',#3803,#3805,#554,.T.);
#3219=EDGE_CURVE('',#3806,#3804,#555,.T.);
#3220=EDGE_CURVE('',#3807,#3806,#556,.T.);
#3221=EDGE_CURVE('',#3807,#3805,#557,.T.);
#3222=EDGE_CURVE('',#3760,#3806,#558,.T.);
#3223=EDGE_CURVE('',#3763,#3807,#559,.T.);
#3224=EDGE_CURVE('',#3808,#3809,#560,.T.);
#3225=EDGE_CURVE('',#3810,#3809,#561,.T.);
#3226=EDGE_CURVE('',#3811,#3810,#562,.T.);
#3227=EDGE_CURVE('',#3811,#3808,#563,.T.);
#3228=EDGE_CURVE('',#3809,#3812,#564,.T.);
#3229=EDGE_CURVE('',#3813,#3812,#565,.T.);
#3230=EDGE_CURVE('',#3810,#3813,#566,.T.);
#3231=EDGE_CURVE('',#3814,#3812,#567,.T.);
#3232=EDGE_CURVE('',#3815,#3814,#568,.T.);
#3233=EDGE_CURVE('',#3815,#3813,#569,.T.);
#3234=EDGE_CURVE('',#3808,#3814,#570,.T.);
#3235=EDGE_CURVE('',#3811,#3815,#571,.T.);
#3236=EDGE_CURVE('',#3816,#3817,#572,.T.);
#3237=EDGE_CURVE('',#3818,#3816,#573,.T.);
#3238=EDGE_CURVE('',#3818,#3819,#574,.T.);
#3239=EDGE_CURVE('',#3819,#3817,#575,.T.);
#3240=EDGE_CURVE('',#3816,#3820,#576,.T.);
#3241=EDGE_CURVE('',#3821,#3820,#577,.T.);
#3242=EDGE_CURVE('',#3818,#3821,#578,.T.);
#3243=EDGE_CURVE('',#3820,#3822,#579,.T.);
#3244=EDGE_CURVE('',#3823,#3822,#580,.T.);
#3245=EDGE_CURVE('',#3821,#3823,#581,.T.);
#3246=EDGE_CURVE('',#3817,#3822,#582,.T.);
#3247=EDGE_CURVE('',#3819,#3823,#583,.T.);
#3248=EDGE_CURVE('',#3824,#3825,#584,.T.);
#3249=EDGE_CURVE('',#3826,#3824,#585,.T.);
#3250=EDGE_CURVE('',#3826,#3827,#586,.T.);
#3251=EDGE_CURVE('',#3827,#3825,#587,.T.);
#3252=EDGE_CURVE('',#3824,#3828,#588,.T.);
#3253=EDGE_CURVE('',#3829,#3828,#589,.T.);
#3254=EDGE_CURVE('',#3826,#3829,#590,.T.);
#3255=EDGE_CURVE('',#3828,#3830,#591,.T.);
#3256=EDGE_CURVE('',#3831,#3830,#592,.T.);
#3257=EDGE_CURVE('',#3829,#3831,#593,.T.);
#3258=EDGE_CURVE('',#3825,#3830,#594,.T.);
#3259=EDGE_CURVE('',#3827,#3831,#595,.T.);
#3260=EDGE_CURVE('',#3832,#3833,#596,.T.);
#3261=EDGE_CURVE('',#3834,#3833,#597,.T.);
#3262=EDGE_CURVE('',#3835,#3834,#598,.T.);
#3263=EDGE_CURVE('',#3835,#3832,#599,.T.);
#3264=EDGE_CURVE('',#3833,#3836,#600,.T.);
#3265=EDGE_CURVE('',#3837,#3836,#601,.T.);
#3266=EDGE_CURVE('',#3834,#3837,#602,.T.);
#3267=EDGE_CURVE('',#3838,#3836,#603,.T.);
#3268=EDGE_CURVE('',#3839,#3838,#604,.T.);
#3269=EDGE_CURVE('',#3839,#3837,#605,.T.);
#3270=EDGE_CURVE('',#3832,#3838,#606,.T.);
#3271=EDGE_CURVE('',#3835,#3839,#607,.T.);
#3272=EDGE_CURVE('',#3840,#3841,#608,.T.);
#3273=EDGE_CURVE('',#3842,#3840,#609,.T.);
#3274=EDGE_CURVE('',#3842,#3843,#610,.T.);
#3275=EDGE_CURVE('',#3843,#3841,#611,.T.);
#3276=EDGE_CURVE('',#3840,#3844,#612,.T.);
#3277=EDGE_CURVE('',#3845,#3844,#613,.T.);
#3278=EDGE_CURVE('',#3842,#3845,#614,.T.);
#3279=EDGE_CURVE('',#3844,#3846,#615,.T.);
#3280=EDGE_CURVE('',#3847,#3846,#616,.T.);
#3281=EDGE_CURVE('',#3845,#3847,#617,.T.);
#3282=EDGE_CURVE('',#3841,#3846,#618,.T.);
#3283=EDGE_CURVE('',#3843,#3847,#619,.T.);
#3284=EDGE_CURVE('',#3848,#3849,#620,.T.);
#3285=EDGE_CURVE('',#3850,#3848,#621,.T.);
#3286=EDGE_CURVE('',#3850,#3851,#622,.T.);
#3287=EDGE_CURVE('',#3851,#3849,#623,.T.);
#3288=EDGE_CURVE('',#3848,#3852,#624,.T.);
#3289=EDGE_CURVE('',#3853,#3852,#625,.T.);
#3290=EDGE_CURVE('',#3850,#3853,#626,.T.);
#3291=EDGE_CURVE('',#3852,#3854,#627,.T.);
#3292=EDGE_CURVE('',#3855,#3854,#628,.T.);
#3293=EDGE_CURVE('',#3853,#3855,#629,.T.);
#3294=EDGE_CURVE('',#3849,#3854,#630,.T.);
#3295=EDGE_CURVE('',#3851,#3855,#631,.T.);
#3296=EDGE_CURVE('',#3856,#3857,#632,.T.);
#3297=EDGE_CURVE('',#3858,#3857,#633,.T.);
#3298=EDGE_CURVE('',#3859,#3858,#634,.T.);
#3299=EDGE_CURVE('',#3859,#3856,#635,.T.);
#3300=EDGE_CURVE('',#3860,#3857,#636,.T.);
#3301=EDGE_CURVE('',#3861,#3860,#637,.T.);
#3302=EDGE_CURVE('',#3861,#3858,#638,.T.);
#3303=EDGE_CURVE('',#3862,#3860,#639,.T.);
#3304=EDGE_CURVE('',#3863,#3862,#640,.T.);
#3305=EDGE_CURVE('',#3863,#3861,#641,.T.);
#3306=EDGE_CURVE('',#3862,#3856,#642,.T.);
#3307=EDGE_CURVE('',#3863,#3859,#643,.T.);
#3308=EDGE_CURVE('',#3864,#3865,#644,.T.);
#3309=EDGE_CURVE('',#3866,#3864,#645,.T.);
#3310=EDGE_CURVE('',#3866,#3867,#646,.T.);
#3311=EDGE_CURVE('',#3867,#3865,#647,.T.);
#3312=EDGE_CURVE('',#3868,#3865,#648,.T.);
#3313=EDGE_CURVE('',#3869,#3867,#649,.T.);
#3314=EDGE_CURVE('',#3869,#3868,#650,.T.);
#3315=EDGE_CURVE('',#3870,#3868,#651,.T.);
#3316=EDGE_CURVE('',#3871,#3869,#652,.T.);
#3317=EDGE_CURVE('',#3871,#3870,#653,.T.);
#3318=EDGE_CURVE('',#3870,#3864,#654,.T.);
#3319=EDGE_CURVE('',#3871,#3866,#655,.T.);
#3320=EDGE_CURVE('',#3872,#3873,#656,.F.);
#3321=EDGE_CURVE('',#3328,#3872,#657,.T.);
#3322=EDGE_CURVE('',#3873,#3354,#658,.T.);
#3323=EDGE_CURVE('',#3330,#3874,#659,.T.);
#3324=EDGE_CURVE('',#3874,#3875,#660,.T.);
#3325=EDGE_CURVE('',#3875,#3355,#661,.T.);
#3326=EDGE_CURVE('',#3874,#3872,#662,.T.);
#3327=EDGE_CURVE('',#3875,#3873,#663,.T.);
#3328=VERTEX_POINT('',#7782);
#3329=VERTEX_POINT('',#7783);
#3330=VERTEX_POINT('',#7785);
#3331=VERTEX_POINT('',#7787);
#3332=VERTEX_POINT('',#7791);
#3333=VERTEX_POINT('',#7793);
#3334=VERTEX_POINT('',#7797);
#3335=VERTEX_POINT('',#7799);
#3336=VERTEX_POINT('',#7803);
#3337=VERTEX_POINT('',#7805);
#3338=VERTEX_POINT('',#7809);
#3339=VERTEX_POINT('',#7811);
#3340=VERTEX_POINT('',#7815);
#3341=VERTEX_POINT('',#7817);
#3342=VERTEX_POINT('',#7821);
#3343=VERTEX_POINT('',#7823);
#3344=VERTEX_POINT('',#7827);
#3345=VERTEX_POINT('',#7829);
#3346=VERTEX_POINT('',#7833);
#3347=VERTEX_POINT('',#7835);
#3348=VERTEX_POINT('',#7839);
#3349=VERTEX_POINT('',#7841);
#3350=VERTEX_POINT('',#7845);
#3351=VERTEX_POINT('',#7847);
#3352=VERTEX_POINT('',#7851);
#3353=VERTEX_POINT('',#7853);
#3354=VERTEX_POINT('',#7857);
#3355=VERTEX_POINT('',#7859);
#3356=VERTEX_POINT('',#7863);
#3357=VERTEX_POINT('',#7865);
#3358=VERTEX_POINT('',#7868);
#3359=VERTEX_POINT('',#7870);
#3360=VERTEX_POINT('',#7873);
#3361=VERTEX_POINT('',#7874);
#3362=VERTEX_POINT('',#7876);
#3363=VERTEX_POINT('',#7878);
#3364=VERTEX_POINT('',#7882);
#3365=VERTEX_POINT('',#7884);
#3366=VERTEX_POINT('',#7888);
#3367=VERTEX_POINT('',#7890);
#3368=VERTEX_POINT('',#7897);
#3369=VERTEX_POINT('',#7898);
#3370=VERTEX_POINT('',#7900);
#3371=VERTEX_POINT('',#7902);
#3372=VERTEX_POINT('',#7906);
#3373=VERTEX_POINT('',#7908);
#3374=VERTEX_POINT('',#7912);
#3375=VERTEX_POINT('',#7914);
#3376=VERTEX_POINT('',#7921);
#3377=VERTEX_POINT('',#7922);
#3378=VERTEX_POINT('',#7924);
#3379=VERTEX_POINT('',#7926);
#3380=VERTEX_POINT('',#7930);
#3381=VERTEX_POINT('',#7932);
#3382=VERTEX_POINT('',#7936);
#3383=VERTEX_POINT('',#7938);
#3384=VERTEX_POINT('',#7945);
#3385=VERTEX_POINT('',#7946);
#3386=VERTEX_POINT('',#7948);
#3387=VERTEX_POINT('',#7950);
#3388=VERTEX_POINT('',#7954);
#3389=VERTEX_POINT('',#7956);
#3390=VERTEX_POINT('',#7960);
#3391=VERTEX_POINT('',#7962);
#3392=VERTEX_POINT('',#7969);
#3393=VERTEX_POINT('',#7970);
#3394=VERTEX_POINT('',#7972);
#3395=VERTEX_POINT('',#7974);
#3396=VERTEX_POINT('',#7978);
#3397=VERTEX_POINT('',#7980);
#3398=VERTEX_POINT('',#7984);
#3399=VERTEX_POINT('',#7986);
#3400=VERTEX_POINT('',#7993);
#3401=VERTEX_POINT('',#7994);
#3402=VERTEX_POINT('',#7996);
#3403=VERTEX_POINT('',#7998);
#3404=VERTEX_POINT('',#8002);
#3405=VERTEX_POINT('',#8004);
#3406=VERTEX_POINT('',#8008);
#3407=VERTEX_POINT('',#8010);
#3408=VERTEX_POINT('',#8017);
#3409=VERTEX_POINT('',#8018);
#3410=VERTEX_POINT('',#8020);
#3411=VERTEX_POINT('',#8022);
#3412=VERTEX_POINT('',#8026);
#3413=VERTEX_POINT('',#8028);
#3414=VERTEX_POINT('',#8032);
#3415=VERTEX_POINT('',#8034);
#3416=VERTEX_POINT('',#8041);
#3417=VERTEX_POINT('',#8042);
#3418=VERTEX_POINT('',#8044);
#3419=VERTEX_POINT('',#8046);
#3420=VERTEX_POINT('',#8050);
#3421=VERTEX_POINT('',#8052);
#3422=VERTEX_POINT('',#8056);
#3423=VERTEX_POINT('',#8058);
#3424=VERTEX_POINT('',#8065);
#3425=VERTEX_POINT('',#8066);
#3426=VERTEX_POINT('',#8068);
#3427=VERTEX_POINT('',#8070);
#3428=VERTEX_POINT('',#8074);
#3429=VERTEX_POINT('',#8076);
#3430=VERTEX_POINT('',#8080);
#3431=VERTEX_POINT('',#8082);
#3432=VERTEX_POINT('',#8089);
#3433=VERTEX_POINT('',#8090);
#3434=VERTEX_POINT('',#8092);
#3435=VERTEX_POINT('',#8094);
#3436=VERTEX_POINT('',#8098);
#3437=VERTEX_POINT('',#8100);
#3438=VERTEX_POINT('',#8104);
#3439=VERTEX_POINT('',#8106);
#3440=VERTEX_POINT('',#8113);
#3441=VERTEX_POINT('',#8114);
#3442=VERTEX_POINT('',#8116);
#3443=VERTEX_POINT('',#8118);
#3444=VERTEX_POINT('',#8122);
#3445=VERTEX_POINT('',#8124);
#3446=VERTEX_POINT('',#8128);
#3447=VERTEX_POINT('',#8130);
#3448=VERTEX_POINT('',#8137);
#3449=VERTEX_POINT('',#8138);
#3450=VERTEX_POINT('',#8140);
#3451=VERTEX_POINT('',#8142);
#3452=VERTEX_POINT('',#8146);
#3453=VERTEX_POINT('',#8148);
#3454=VERTEX_POINT('',#8152);
#3455=VERTEX_POINT('',#8154);
#3456=VERTEX_POINT('',#8161);
#3457=VERTEX_POINT('',#8162);
#3458=VERTEX_POINT('',#8164);
#3459=VERTEX_POINT('',#8166);
#3460=VERTEX_POINT('',#8170);
#3461=VERTEX_POINT('',#8172);
#3462=VERTEX_POINT('',#8176);
#3463=VERTEX_POINT('',#8178);
#3464=VERTEX_POINT('',#8185);
#3465=VERTEX_POINT('',#8186);
#3466=VERTEX_POINT('',#8188);
#3467=VERTEX_POINT('',#8190);
#3468=VERTEX_POINT('',#8194);
#3469=VERTEX_POINT('',#8196);
#3470=VERTEX_POINT('',#8200);
#3471=VERTEX_POINT('',#8202);
#3472=VERTEX_POINT('',#8209);
#3473=VERTEX_POINT('',#8210);
#3474=VERTEX_POINT('',#8212);
#3475=VERTEX_POINT('',#8214);
#3476=VERTEX_POINT('',#8218);
#3477=VERTEX_POINT('',#8220);
#3478=VERTEX_POINT('',#8224);
#3479=VERTEX_POINT('',#8226);
#3480=VERTEX_POINT('',#8233);
#3481=VERTEX_POINT('',#8234);
#3482=VERTEX_POINT('',#8236);
#3483=VERTEX_POINT('',#8238);
#3484=VERTEX_POINT('',#8242);
#3485=VERTEX_POINT('',#8244);
#3486=VERTEX_POINT('',#8248);
#3487=VERTEX_POINT('',#8250);
#3488=VERTEX_POINT('',#8257);
#3489=VERTEX_POINT('',#8258);
#3490=VERTEX_POINT('',#8260);
#3491=VERTEX_POINT('',#8262);
#3492=VERTEX_POINT('',#8266);
#3493=VERTEX_POINT('',#8268);
#3494=VERTEX_POINT('',#8272);
#3495=VERTEX_POINT('',#8274);
#3496=VERTEX_POINT('',#8278);
#3497=VERTEX_POINT('',#8280);
#3498=VERTEX_POINT('',#8284);
#3499=VERTEX_POINT('',#8286);
#3500=VERTEX_POINT('',#8290);
#3501=VERTEX_POINT('',#8292);
#3502=VERTEX_POINT('',#8296);
#3503=VERTEX_POINT('',#8298);
#3504=VERTEX_POINT('',#8302);
#3505=VERTEX_POINT('',#8304);
#3506=VERTEX_POINT('',#8308);
#3507=VERTEX_POINT('',#8310);
#3508=VERTEX_POINT('',#8314);
#3509=VERTEX_POINT('',#8316);
#3510=VERTEX_POINT('',#8320);
#3511=VERTEX_POINT('',#8322);
#3512=VERTEX_POINT('',#8326);
#3513=VERTEX_POINT('',#8328);
#3514=VERTEX_POINT('',#8332);
#3515=VERTEX_POINT('',#8334);
#3516=VERTEX_POINT('',#8338);
#3517=VERTEX_POINT('',#8340);
#3518=VERTEX_POINT('',#8344);
#3519=VERTEX_POINT('',#8346);
#3520=VERTEX_POINT('',#8350);
#3521=VERTEX_POINT('',#8352);
#3522=VERTEX_POINT('',#8356);
#3523=VERTEX_POINT('',#8358);
#3524=VERTEX_POINT('',#8362);
#3525=VERTEX_POINT('',#8364);
#3526=VERTEX_POINT('',#8368);
#3527=VERTEX_POINT('',#8370);
#3528=VERTEX_POINT('',#8377);
#3529=VERTEX_POINT('',#8378);
#3530=VERTEX_POINT('',#8380);
#3531=VERTEX_POINT('',#8382);
#3532=VERTEX_POINT('',#8386);
#3533=VERTEX_POINT('',#8388);
#3534=VERTEX_POINT('',#8392);
#3535=VERTEX_POINT('',#8394);
#3536=VERTEX_POINT('',#8398);
#3537=VERTEX_POINT('',#8400);
#3538=VERTEX_POINT('',#8404);
#3539=VERTEX_POINT('',#8406);
#3540=VERTEX_POINT('',#8410);
#3541=VERTEX_POINT('',#8412);
#3542=VERTEX_POINT('',#8416);
#3543=VERTEX_POINT('',#8418);
#3544=VERTEX_POINT('',#8422);
#3545=VERTEX_POINT('',#8424);
#3546=VERTEX_POINT('',#8428);
#3547=VERTEX_POINT('',#8430);
#3548=VERTEX_POINT('',#8434);
#3549=VERTEX_POINT('',#8436);
#3550=VERTEX_POINT('',#8440);
#3551=VERTEX_POINT('',#8442);
#3552=VERTEX_POINT('',#8446);
#3553=VERTEX_POINT('',#8448);
#3554=VERTEX_POINT('',#8452);
#3555=VERTEX_POINT('',#8454);
#3556=VERTEX_POINT('',#8458);
#3557=VERTEX_POINT('',#8460);
#3558=VERTEX_POINT('',#8464);
#3559=VERTEX_POINT('',#8466);
#3560=VERTEX_POINT('',#8470);
#3561=VERTEX_POINT('',#8472);
#3562=VERTEX_POINT('',#8476);
#3563=VERTEX_POINT('',#8478);
#3564=VERTEX_POINT('',#8482);
#3565=VERTEX_POINT('',#8484);
#3566=VERTEX_POINT('',#8488);
#3567=VERTEX_POINT('',#8490);
#3568=VERTEX_POINT('',#8497);
#3569=VERTEX_POINT('',#8499);
#3570=VERTEX_POINT('',#8502);
#3571=VERTEX_POINT('',#8504);
#3572=VERTEX_POINT('',#8507);
#3573=VERTEX_POINT('',#8509);
#3574=VERTEX_POINT('',#8512);
#3575=VERTEX_POINT('',#8514);
#3576=VERTEX_POINT('',#8517);
#3577=VERTEX_POINT('',#8519);
#3578=VERTEX_POINT('',#8522);
#3579=VERTEX_POINT('',#8524);
#3580=VERTEX_POINT('',#8527);
#3581=VERTEX_POINT('',#8529);
#3582=VERTEX_POINT('',#8532);
#3583=VERTEX_POINT('',#8534);
#3584=VERTEX_POINT('',#8537);
#3585=VERTEX_POINT('',#8539);
#3586=VERTEX_POINT('',#8542);
#3587=VERTEX_POINT('',#8544);
#3588=VERTEX_POINT('',#8547);
#3589=VERTEX_POINT('',#8549);
#3590=VERTEX_POINT('',#8552);
#3591=VERTEX_POINT('',#8554);
#3592=VERTEX_POINT('',#8557);
#3593=VERTEX_POINT('',#8559);
#3594=VERTEX_POINT('',#8562);
#3595=VERTEX_POINT('',#8564);
#3596=VERTEX_POINT('',#8567);
#3597=VERTEX_POINT('',#8569);
#3598=VERTEX_POINT('',#8572);
#3599=VERTEX_POINT('',#8574);
#3600=VERTEX_POINT('',#8577);
#3601=VERTEX_POINT('',#8579);
#3602=VERTEX_POINT('',#8582);
#3603=VERTEX_POINT('',#8584);
#3604=VERTEX_POINT('',#8587);
#3605=VERTEX_POINT('',#8589);
#3606=VERTEX_POINT('',#8592);
#3607=VERTEX_POINT('',#8594);
#3608=VERTEX_POINT('',#8597);
#3609=VERTEX_POINT('',#8599);
#3610=VERTEX_POINT('',#8602);
#3611=VERTEX_POINT('',#8604);
#3612=VERTEX_POINT('',#8607);
#3613=VERTEX_POINT('',#8609);
#3614=VERTEX_POINT('',#8612);
#3615=VERTEX_POINT('',#8614);
#3616=VERTEX_POINT('',#8617);
#3617=VERTEX_POINT('',#8619);
#3618=VERTEX_POINT('',#8622);
#3619=VERTEX_POINT('',#8624);
#3620=VERTEX_POINT('',#8627);
#3621=VERTEX_POINT('',#8629);
#3622=VERTEX_POINT('',#8632);
#3623=VERTEX_POINT('',#8634);
#3624=VERTEX_POINT('',#8637);
#3625=VERTEX_POINT('',#8639);
#3626=VERTEX_POINT('',#8642);
#3627=VERTEX_POINT('',#8644);
#3628=VERTEX_POINT('',#8647);
#3629=VERTEX_POINT('',#8649);
#3630=VERTEX_POINT('',#8652);
#3631=VERTEX_POINT('',#8654);
#3632=VERTEX_POINT('',#8657);
#3633=VERTEX_POINT('',#8659);
#3634=VERTEX_POINT('',#8662);
#3635=VERTEX_POINT('',#8664);
#3636=VERTEX_POINT('',#8667);
#3637=VERTEX_POINT('',#8669);
#3638=VERTEX_POINT('',#8672);
#3639=VERTEX_POINT('',#8674);
#3640=VERTEX_POINT('',#8677);
#3641=VERTEX_POINT('',#8679);
#3642=VERTEX_POINT('',#8682);
#3643=VERTEX_POINT('',#8684);
#3644=VERTEX_POINT('',#8687);
#3645=VERTEX_POINT('',#8689);
#3646=VERTEX_POINT('',#8692);
#3647=VERTEX_POINT('',#8694);
#3648=VERTEX_POINT('',#8697);
#3649=VERTEX_POINT('',#8699);
#3650=VERTEX_POINT('',#8702);
#3651=VERTEX_POINT('',#8704);
#3652=VERTEX_POINT('',#8707);
#3653=VERTEX_POINT('',#8709);
#3654=VERTEX_POINT('',#8712);
#3655=VERTEX_POINT('',#8714);
#3656=VERTEX_POINT('',#8717);
#3657=VERTEX_POINT('',#8719);
#3658=VERTEX_POINT('',#8722);
#3659=VERTEX_POINT('',#8724);
#3660=VERTEX_POINT('',#8727);
#3661=VERTEX_POINT('',#8729);
#3662=VERTEX_POINT('',#8732);
#3663=VERTEX_POINT('',#8734);
#3664=VERTEX_POINT('',#8737);
#3665=VERTEX_POINT('',#8739);
#3666=VERTEX_POINT('',#8742);
#3667=VERTEX_POINT('',#8744);
#3668=VERTEX_POINT('',#8747);
#3669=VERTEX_POINT('',#8749);
#3670=VERTEX_POINT('',#8752);
#3671=VERTEX_POINT('',#8754);
#3672=VERTEX_POINT('',#8757);
#3673=VERTEX_POINT('',#8759);
#3674=VERTEX_POINT('',#8762);
#3675=VERTEX_POINT('',#8764);
#3676=VERTEX_POINT('',#8767);
#3677=VERTEX_POINT('',#8769);
#3678=VERTEX_POINT('',#8772);
#3679=VERTEX_POINT('',#8774);
#3680=VERTEX_POINT('',#8777);
#3681=VERTEX_POINT('',#8779);
#3682=VERTEX_POINT('',#8782);
#3683=VERTEX_POINT('',#8784);
#3684=VERTEX_POINT('',#8787);
#3685=VERTEX_POINT('',#8789);
#3686=VERTEX_POINT('',#8792);
#3687=VERTEX_POINT('',#8794);
#3688=VERTEX_POINT('',#8797);
#3689=VERTEX_POINT('',#8799);
#3690=VERTEX_POINT('',#8802);
#3691=VERTEX_POINT('',#8804);
#3692=VERTEX_POINT('',#8807);
#3693=VERTEX_POINT('',#8809);
#3694=VERTEX_POINT('',#8812);
#3695=VERTEX_POINT('',#8814);
#3696=VERTEX_POINT('',#8817);
#3697=VERTEX_POINT('',#8819);
#3698=VERTEX_POINT('',#8822);
#3699=VERTEX_POINT('',#8824);
#3700=VERTEX_POINT('',#8827);
#3701=VERTEX_POINT('',#8829);
#3702=VERTEX_POINT('',#8832);
#3703=VERTEX_POINT('',#8834);
#3704=VERTEX_POINT('',#8837);
#3705=VERTEX_POINT('',#8839);
#3706=VERTEX_POINT('',#8842);
#3707=VERTEX_POINT('',#8844);
#3708=VERTEX_POINT('',#8847);
#3709=VERTEX_POINT('',#8849);
#3710=VERTEX_POINT('',#8852);
#3711=VERTEX_POINT('',#8854);
#3712=VERTEX_POINT('',#8857);
#3713=VERTEX_POINT('',#8859);
#3714=VERTEX_POINT('',#8862);
#3715=VERTEX_POINT('',#8864);
#3716=VERTEX_POINT('',#8867);
#3717=VERTEX_POINT('',#8869);
#3718=VERTEX_POINT('',#8872);
#3719=VERTEX_POINT('',#8874);
#3720=VERTEX_POINT('',#8877);
#3721=VERTEX_POINT('',#8879);
#3722=VERTEX_POINT('',#8882);
#3723=VERTEX_POINT('',#8884);
#3724=VERTEX_POINT('',#8887);
#3725=VERTEX_POINT('',#8889);
#3726=VERTEX_POINT('',#8892);
#3727=VERTEX_POINT('',#8894);
#3728=VERTEX_POINT('',#8897);
#3729=VERTEX_POINT('',#8899);
#3730=VERTEX_POINT('',#8902);
#3731=VERTEX_POINT('',#8904);
#3732=VERTEX_POINT('',#8907);
#3733=VERTEX_POINT('',#8909);
#3734=VERTEX_POINT('',#8912);
#3735=VERTEX_POINT('',#8914);
#3736=VERTEX_POINT('',#8917);
#3737=VERTEX_POINT('',#8919);
#3738=VERTEX_POINT('',#8922);
#3739=VERTEX_POINT('',#8924);
#3740=VERTEX_POINT('',#8927);
#3741=VERTEX_POINT('',#8929);
#3742=VERTEX_POINT('',#8932);
#3743=VERTEX_POINT('',#8934);
#3744=VERTEX_POINT('',#8937);
#3745=VERTEX_POINT('',#8939);
#3746=VERTEX_POINT('',#8942);
#3747=VERTEX_POINT('',#8944);
#3748=VERTEX_POINT('',#8947);
#3749=VERTEX_POINT('',#8949);
#3750=VERTEX_POINT('',#8952);
#3751=VERTEX_POINT('',#8954);
#3752=VERTEX_POINT('',#8957);
#3753=VERTEX_POINT('',#8959);
#3754=VERTEX_POINT('',#8962);
#3755=VERTEX_POINT('',#8964);
#3756=VERTEX_POINT('',#8967);
#3757=VERTEX_POINT('',#8969);
#3758=VERTEX_POINT('',#8972);
#3759=VERTEX_POINT('',#8974);
#3760=VERTEX_POINT('',#8977);
#3761=VERTEX_POINT('',#8978);
#3762=VERTEX_POINT('',#8980);
#3763=VERTEX_POINT('',#8982);
#3764=VERTEX_POINT('',#8986);
#3765=VERTEX_POINT('',#8988);
#3766=VERTEX_POINT('',#8992);
#3767=VERTEX_POINT('',#8994);
#3768=VERTEX_POINT('',#8998);
#3769=VERTEX_POINT('',#9000);
#3770=VERTEX_POINT('',#9004);
#3771=VERTEX_POINT('',#9006);
#3772=VERTEX_POINT('',#9010);
#3773=VERTEX_POINT('',#9012);
#3774=VERTEX_POINT('',#9016);
#3775=VERTEX_POINT('',#9018);
#3776=VERTEX_POINT('',#9022);
#3777=VERTEX_POINT('',#9024);
#3778=VERTEX_POINT('',#9028);
#3779=VERTEX_POINT('',#9030);
#3780=VERTEX_POINT('',#9034);
#3781=VERTEX_POINT('',#9036);
#3782=VERTEX_POINT('',#9040);
#3783=VERTEX_POINT('',#9042);
#3784=VERTEX_POINT('',#9046);
#3785=VERTEX_POINT('',#9048);
#3786=VERTEX_POINT('',#9052);
#3787=VERTEX_POINT('',#9054);
#3788=VERTEX_POINT('',#9058);
#3789=VERTEX_POINT('',#9060);
#3790=VERTEX_POINT('',#9064);
#3791=VERTEX_POINT('',#9066);
#3792=VERTEX_POINT('',#9070);
#3793=VERTEX_POINT('',#9072);
#3794=VERTEX_POINT('',#9076);
#3795=VERTEX_POINT('',#9078);
#3796=VERTEX_POINT('',#9082);
#3797=VERTEX_POINT('',#9084);
#3798=VERTEX_POINT('',#9088);
#3799=VERTEX_POINT('',#9090);
#3800=VERTEX_POINT('',#9094);
#3801=VERTEX_POINT('',#9096);
#3802=VERTEX_POINT('',#9100);
#3803=VERTEX_POINT('',#9102);
#3804=VERTEX_POINT('',#9106);
#3805=VERTEX_POINT('',#9108);
#3806=VERTEX_POINT('',#9112);
#3807=VERTEX_POINT('',#9114);
#3808=VERTEX_POINT('',#9121);
#3809=VERTEX_POINT('',#9122);
#3810=VERTEX_POINT('',#9124);
#3811=VERTEX_POINT('',#9126);
#3812=VERTEX_POINT('',#9130);
#3813=VERTEX_POINT('',#9132);
#3814=VERTEX_POINT('',#9136);
#3815=VERTEX_POINT('',#9138);
#3816=VERTEX_POINT('',#9145);
#3817=VERTEX_POINT('',#9146);
#3818=VERTEX_POINT('',#9148);
#3819=VERTEX_POINT('',#9150);
#3820=VERTEX_POINT('',#9154);
#3821=VERTEX_POINT('',#9156);
#3822=VERTEX_POINT('',#9160);
#3823=VERTEX_POINT('',#9162);
#3824=VERTEX_POINT('',#9169);
#3825=VERTEX_POINT('',#9170);
#3826=VERTEX_POINT('',#9172);
#3827=VERTEX_POINT('',#9174);
#3828=VERTEX_POINT('',#9178);
#3829=VERTEX_POINT('',#9180);
#3830=VERTEX_POINT('',#9184);
#3831=VERTEX_POINT('',#9186);
#3832=VERTEX_POINT('',#9193);
#3833=VERTEX_POINT('',#9194);
#3834=VERTEX_POINT('',#9196);
#3835=VERTEX_POINT('',#9198);
#3836=VERTEX_POINT('',#9202);
#3837=VERTEX_POINT('',#9204);
#3838=VERTEX_POINT('',#9208);
#3839=VERTEX_POINT('',#9210);
#3840=VERTEX_POINT('',#9217);
#3841=VERTEX_POINT('',#9218);
#3842=VERTEX_POINT('',#9220);
#3843=VERTEX_POINT('',#9222);
#3844=VERTEX_POINT('',#9226);
#3845=VERTEX_POINT('',#9228);
#3846=VERTEX_POINT('',#9232);
#3847=VERTEX_POINT('',#9234);
#3848=VERTEX_POINT('',#9241);
#3849=VERTEX_POINT('',#9242);
#3850=VERTEX_POINT('',#9244);
#3851=VERTEX_POINT('',#9246);
#3852=VERTEX_POINT('',#9250);
#3853=VERTEX_POINT('',#9252);
#3854=VERTEX_POINT('',#9256);
#3855=VERTEX_POINT('',#9258);
#3856=VERTEX_POINT('',#9265);
#3857=VERTEX_POINT('',#9266);
#3858=VERTEX_POINT('',#9268);
#3859=VERTEX_POINT('',#9270);
#3860=VERTEX_POINT('',#9274);
#3861=VERTEX_POINT('',#9276);
#3862=VERTEX_POINT('',#9280);
#3863=VERTEX_POINT('',#9282);
#3864=VERTEX_POINT('',#9289);
#3865=VERTEX_POINT('',#9290);
#3866=VERTEX_POINT('',#9292);
#3867=VERTEX_POINT('',#9294);
#3868=VERTEX_POINT('',#9298);
#3869=VERTEX_POINT('',#9300);
#3870=VERTEX_POINT('',#9304);
#3871=VERTEX_POINT('',#9306);
#3872=VERTEX_POINT('',#9313);
#3873=VERTEX_POINT('',#9314);
#3874=VERTEX_POINT('',#9319);
#3875=VERTEX_POINT('',#9321);
#3876=CIRCLE('',#5762,0.002);
#3877=CIRCLE('',#5763,0.002);
#3878=CIRCLE('',#5768,0.002);
#3879=CIRCLE('',#5769,0.002);
#3880=CIRCLE('',#5774,0.002);
#3881=CIRCLE('',#5775,0.002);
#3882=CIRCLE('',#5780,0.002);
#3883=CIRCLE('',#5781,0.002);
#3884=CIRCLE('',#5783,0.0011);
#3885=CIRCLE('',#5784,0.0011);
#3886=CIRCLE('',#5786,0.0011);
#3887=CIRCLE('',#5787,0.0011);
#3888=CIRCLE('',#5857,0.001524);
#3889=CIRCLE('',#5858,0.001524);
#3890=CIRCLE('',#5863,0.0019939);
#3891=CIRCLE('',#5864,0.0019939);
#3892=CIRCLE('',#5867,0.0019939);
#3893=CIRCLE('',#5868,0.0019939);
#3894=CIRCLE('',#5873,0.001524);
#3895=CIRCLE('',#5874,0.001524);
#3896=CIRCLE('',#5885,0.001524);
#3897=CIRCLE('',#5886,0.001524);
#3898=CIRCLE('',#5891,0.0019939);
#3899=CIRCLE('',#5892,0.0019939);
#3900=CIRCLE('',#5895,0.0019939);
#3901=CIRCLE('',#5896,0.0019939);
#3902=CIRCLE('',#5901,0.001524);
#3903=CIRCLE('',#5902,0.001524);
#3904=CIRCLE('',#5909,0.0004);
#3905=CIRCLE('',#5910,0.0004);
#3906=CIRCLE('',#5912,0.0004);
#3907=CIRCLE('',#5913,0.0004);
#3908=CIRCLE('',#5915,0.0004);
#3909=CIRCLE('',#5916,0.0004);
#3910=CIRCLE('',#5918,0.0004);
#3911=CIRCLE('',#5919,0.0004);
#3912=CIRCLE('',#5921,0.0004);
#3913=CIRCLE('',#5922,0.0004);
#3914=CIRCLE('',#5924,0.0004);
#3915=CIRCLE('',#5925,0.0004);
#3916=CIRCLE('',#5927,0.0004);
#3917=CIRCLE('',#5928,0.0004);
#3918=CIRCLE('',#5930,0.0004);
#3919=CIRCLE('',#5931,0.0004);
#3920=CIRCLE('',#5933,0.0004);
#3921=CIRCLE('',#5934,0.0004);
#3922=CIRCLE('',#5936,0.0004);
#3923=CIRCLE('',#5937,0.0004);
#3924=CIRCLE('',#5939,0.0004);
#3925=CIRCLE('',#5940,0.0004);
#3926=CIRCLE('',#5942,0.0004);
#3927=CIRCLE('',#5943,0.0004);
#3928=CIRCLE('',#5945,0.0004);
#3929=CIRCLE('',#5946,0.0004);
#3930=CIRCLE('',#5948,0.0004);
#3931=CIRCLE('',#5949,0.0004);
#3932=CIRCLE('',#5951,0.0004);
#3933=CIRCLE('',#5952,0.0004);
#3934=CIRCLE('',#5954,0.0004);
#3935=CIRCLE('',#5955,0.0004);
#3936=CIRCLE('',#5957,0.0004);
#3937=CIRCLE('',#5958,0.0004);
#3938=CIRCLE('',#5960,0.0004);
#3939=CIRCLE('',#5961,0.0004);
#3940=CIRCLE('',#5963,0.0004);
#3941=CIRCLE('',#5964,0.0004);
#3942=CIRCLE('',#5966,0.0004);
#3943=CIRCLE('',#5967,0.0004);
#3944=CIRCLE('',#5969,0.0004);
#3945=CIRCLE('',#5970,0.0004);
#3946=CIRCLE('',#5972,0.0004);
#3947=CIRCLE('',#5973,0.0004);
#3948=CIRCLE('',#5975,0.0004);
#3949=CIRCLE('',#5976,0.0004);
#3950=CIRCLE('',#5978,0.0004);
#3951=CIRCLE('',#5979,0.0004);
#3952=CIRCLE('',#5981,0.0004);
#3953=CIRCLE('',#5982,0.0004);
#3954=CIRCLE('',#5984,0.0004);
#3955=CIRCLE('',#5985,0.0004);
#3956=CIRCLE('',#5987,0.0004);
#3957=CIRCLE('',#5988,0.0004);
#3958=CIRCLE('',#5990,0.0004);
#3959=CIRCLE('',#5991,0.0004);
#3960=CIRCLE('',#5993,0.0004);
#3961=CIRCLE('',#5994,0.0004);
#3962=CIRCLE('',#5996,0.0004);
#3963=CIRCLE('',#5997,0.0004);
#3964=CIRCLE('',#5999,0.0004);
#3965=CIRCLE('',#6000,0.0004);
#3966=CIRCLE('',#6002,0.0004);
#3967=CIRCLE('',#6003,0.0004);
#3968=CIRCLE('',#6005,0.0004);
#3969=CIRCLE('',#6006,0.0004);
#3970=CIRCLE('',#6008,0.0004);
#3971=CIRCLE('',#6009,0.0004);
#3972=CIRCLE('',#6011,0.0004);
#3973=CIRCLE('',#6012,0.0004);
#3974=CIRCLE('',#6014,0.0004);
#3975=CIRCLE('',#6015,0.0004);
#3976=CIRCLE('',#6017,0.0004);
#3977=CIRCLE('',#6018,0.0004);
#3978=CIRCLE('',#6020,0.0004);
#3979=CIRCLE('',#6021,0.0004);
#3980=CIRCLE('',#6023,0.0004);
#3981=CIRCLE('',#6024,0.0004);
#3982=CIRCLE('',#6026,0.0004);
#3983=CIRCLE('',#6027,0.0004);
#3984=CIRCLE('',#6029,0.0004);
#3985=CIRCLE('',#6030,0.0004);
#3986=CIRCLE('',#6032,0.0004);
#3987=CIRCLE('',#6033,0.0004);
#3988=CIRCLE('',#6035,0.0004);
#3989=CIRCLE('',#6036,0.0004);
#3990=CIRCLE('',#6038,0.0004);
#3991=CIRCLE('',#6039,0.0004);
#3992=CIRCLE('',#6041,0.0004);
#3993=CIRCLE('',#6042,0.0004);
#3994=CIRCLE('',#6044,0.0004);
#3995=CIRCLE('',#6045,0.0004);
#3996=CIRCLE('',#6047,0.0004);
#3997=CIRCLE('',#6048,0.0004);
#3998=CIRCLE('',#6050,0.0004);
#3999=CIRCLE('',#6051,0.0004);
#4000=CIRCLE('',#6053,0.0004);
#4001=CIRCLE('',#6054,0.0004);
#4002=CIRCLE('',#6056,0.0004);
#4003=CIRCLE('',#6057,0.0004);
#4004=CIRCLE('',#6059,0.0004);
#4005=CIRCLE('',#6060,0.0004);
#4006=CIRCLE('',#6062,0.0004);
#4007=CIRCLE('',#6063,0.0004);
#4008=CIRCLE('',#6065,0.0005);
#4009=CIRCLE('',#6066,0.0005);
#4010=CIRCLE('',#6068,0.0005);
#4011=CIRCLE('',#6069,0.0005);
#4012=CIRCLE('',#6071,0.0005);
#4013=CIRCLE('',#6072,0.0005);
#4014=CIRCLE('',#6074,0.0005);
#4015=CIRCLE('',#6075,0.0005);
#4016=CIRCLE('',#6077,0.0005);
#4017=CIRCLE('',#6078,0.0005);
#4018=CIRCLE('',#6080,0.0005);
#4019=CIRCLE('',#6081,0.0005);
#4020=CIRCLE('',#6083,0.0005);
#4021=CIRCLE('',#6084,0.0005);
#4022=CIRCLE('',#6086,0.0005);
#4023=CIRCLE('',#6087,0.0005);
#4024=CIRCLE('',#6089,0.0005);
#4025=CIRCLE('',#6090,0.0005);
#4026=CIRCLE('',#6092,0.0005);
#4027=CIRCLE('',#6093,0.0005);
#4028=CIRCLE('',#6095,0.0005);
#4029=CIRCLE('',#6096,0.0005);
#4030=CIRCLE('',#6098,0.0005);
#4031=CIRCLE('',#6099,0.0005);
#4032=CIRCLE('',#6101,0.0005);
#4033=CIRCLE('',#6102,0.0005);
#4034=CIRCLE('',#6104,0.0005);
#4035=CIRCLE('',#6105,0.0005);
#4036=CIRCLE('',#6107,0.0005);
#4037=CIRCLE('',#6108,0.0005);
#4038=CIRCLE('',#6110,0.0005);
#4039=CIRCLE('',#6111,0.0005);
#4040=CIRCLE('',#6113,0.0005);
#4041=CIRCLE('',#6114,0.0005);
#4042=CIRCLE('',#6116,0.0005);
#4043=CIRCLE('',#6117,0.0005);
#4044=CIRCLE('',#6119,0.0005);
#4045=CIRCLE('',#6120,0.0005);
#4046=CIRCLE('',#6122,0.0005);
#4047=CIRCLE('',#6123,0.0005);
#4048=CIRCLE('',#6125,0.000925);
#4049=CIRCLE('',#6126,0.000925);
#4050=CIRCLE('',#6128,0.0011);
#4051=CIRCLE('',#6129,0.0011);
#4052=CIRCLE('',#6131,0.0005);
#4053=CIRCLE('',#6132,0.0005);
#4054=CIRCLE('',#6134,0.0005);
#4055=CIRCLE('',#6135,0.0005);
#4056=CIRCLE('',#6137,0.0005);
#4057=CIRCLE('',#6138,0.0005);
#4058=CIRCLE('',#6140,0.0005);
#4059=CIRCLE('',#6141,0.0005);
#4060=CIRCLE('',#6143,0.0005);
#4061=CIRCLE('',#6144,0.0005);
#4062=CIRCLE('',#6146,0.0005);
#4063=CIRCLE('',#6147,0.0005);
#4064=CIRCLE('',#6149,0.0005);
#4065=CIRCLE('',#6150,0.0005);
#4066=CIRCLE('',#6152,0.0005);
#4067=CIRCLE('',#6153,0.0005);
#4068=CIRCLE('',#6155,0.0005);
#4069=CIRCLE('',#6156,0.0005);
#4070=CIRCLE('',#6158,0.000925);
#4071=CIRCLE('',#6159,0.000925);
#4072=CIRCLE('',#6161,0.0011);
#4073=CIRCLE('',#6162,0.0011);
#4074=CIRCLE('',#6164,0.0005);
#4075=CIRCLE('',#6165,0.0005);
#4076=CIRCLE('',#6167,0.0005);
#4077=CIRCLE('',#6168,0.0005);
#4078=CIRCLE('',#6170,0.0005);
#4079=CIRCLE('',#6171,0.0005);
#4080=CIRCLE('',#6173,0.0005);
#4081=CIRCLE('',#6174,0.0005);
#4082=CIRCLE('',#6176,0.0005);
#4083=CIRCLE('',#6177,0.0005);
#4084=CIRCLE('',#6179,0.0005);
#4085=CIRCLE('',#6180,0.0005);
#4086=CIRCLE('',#6182,0.0005);
#4087=CIRCLE('',#6183,0.0005);
#4088=CIRCLE('',#6185,0.0005);
#4089=CIRCLE('',#6186,0.0005);
#4090=CIRCLE('',#6188,0.0005);
#4091=CIRCLE('',#6189,0.0005);
#4092=CIRCLE('',#6191,0.0005);
#4093=CIRCLE('',#6192,0.0005);
#4094=CIRCLE('',#6194,0.0005);
#4095=CIRCLE('',#6195,0.0005);
#4096=CIRCLE('',#6201,0.001524);
#4097=CIRCLE('',#6202,0.001524);
#4098=CIRCLE('',#6207,0.0019939);
#4099=CIRCLE('',#6208,0.0019939);
#4100=CIRCLE('',#6211,0.0004);
#4101=CIRCLE('',#6212,0.0004);
#4102=CIRCLE('',#6215,0.0004);
#4103=CIRCLE('',#6216,0.0004);
#4104=CIRCLE('',#6219,0.0019939);
#4105=CIRCLE('',#6220,0.0019939);
#4106=CIRCLE('',#6225,0.001524);
#4107=CIRCLE('',#6226,0.001524);
#4108=EDGE_LOOP('',(#1156,#1157,#1158,#1159));
#4109=EDGE_LOOP('',(#1160,#1161,#1162,#1163));
#4110=EDGE_LOOP('',(#1164,#1165,#1166,#1167));
#4111=EDGE_LOOP('',(#1168,#1169,#1170,#1171));
#4112=EDGE_LOOP('',(#1172,#1173,#1174,#1175));
#4113=EDGE_LOOP('',(#1176,#1177,#1178,#1179));
#4114=EDGE_LOOP('',(#1180,#1181,#1182,#1183));
#4115=EDGE_LOOP('',(#1184,#1185,#1186,#1187));
#4116=EDGE_LOOP('',(#1188,#1189,#1190,#1191));
#4117=EDGE_LOOP('',(#1192,#1193,#1194,#1195));
#4118=EDGE_LOOP('',(#1196,#1197,#1198,#1199));
#4119=EDGE_LOOP('',(#1200,#1201,#1202,#1203));
#4120=EDGE_LOOP('',(#1204,#1205,#1206,#1207));
#4121=EDGE_LOOP('',(#1208));
#4122=EDGE_LOOP('',(#1209));
#4123=EDGE_LOOP('',(#1210));
#4124=EDGE_LOOP('',(#1211));
#4125=EDGE_LOOP('',(#1212,#1213,#1214,#1215));
#4126=EDGE_LOOP('',(#1216,#1217,#1218,#1219));
#4127=EDGE_LOOP('',(#1220,#1221,#1222,#1223));
#4128=EDGE_LOOP('',(#1224,#1225,#1226,#1227));
#4129=EDGE_LOOP('',(#1228,#1229,#1230,#1231));
#4130=EDGE_LOOP('',(#1232,#1233,#1234,#1235));
#4131=EDGE_LOOP('',(#1236,#1237,#1238,#1239));
#4132=EDGE_LOOP('',(#1240,#1241,#1242,#1243));
#4133=EDGE_LOOP('',(#1244,#1245,#1246,#1247));
#4134=EDGE_LOOP('',(#1248,#1249,#1250,#1251));
#4135=EDGE_LOOP('',(#1252,#1253,#1254,#1255));
#4136=EDGE_LOOP('',(#1256,#1257,#1258,#1259));
#4137=EDGE_LOOP('',(#1260,#1261,#1262,#1263));
#4138=EDGE_LOOP('',(#1264,#1265,#1266,#1267));
#4139=EDGE_LOOP('',(#1268,#1269,#1270,#1271));
#4140=EDGE_LOOP('',(#1272,#1273,#1274,#1275));
#4141=EDGE_LOOP('',(#1276,#1277,#1278,#1279));
#4142=EDGE_LOOP('',(#1280,#1281,#1282,#1283));
#4143=EDGE_LOOP('',(#1284,#1285,#1286,#1287));
#4144=EDGE_LOOP('',(#1288,#1289,#1290,#1291));
#4145=EDGE_LOOP('',(#1292,#1293,#1294,#1295));
#4146=EDGE_LOOP('',(#1296,#1297,#1298,#1299));
#4147=EDGE_LOOP('',(#1300,#1301,#1302,#1303));
#4148=EDGE_LOOP('',(#1304,#1305,#1306,#1307));
#4149=EDGE_LOOP('',(#1308,#1309,#1310,#1311));
#4150=EDGE_LOOP('',(#1312,#1313,#1314,#1315));
#4151=EDGE_LOOP('',(#1316,#1317,#1318,#1319));
#4152=EDGE_LOOP('',(#1320,#1321,#1322,#1323));
#4153=EDGE_LOOP('',(#1324,#1325,#1326,#1327));
#4154=EDGE_LOOP('',(#1328,#1329,#1330,#1331));
#4155=EDGE_LOOP('',(#1332,#1333,#1334,#1335));
#4156=EDGE_LOOP('',(#1336,#1337,#1338,#1339));
#4157=EDGE_LOOP('',(#1340,#1341,#1342,#1343));
#4158=EDGE_LOOP('',(#1344,#1345,#1346,#1347));
#4159=EDGE_LOOP('',(#1348,#1349,#1350,#1351));
#4160=EDGE_LOOP('',(#1352,#1353,#1354,#1355));
#4161=EDGE_LOOP('',(#1356,#1357,#1358,#1359));
#4162=EDGE_LOOP('',(#1360,#1361,#1362,#1363));
#4163=EDGE_LOOP('',(#1364,#1365,#1366,#1367));
#4164=EDGE_LOOP('',(#1368,#1369,#1370,#1371));
#4165=EDGE_LOOP('',(#1372,#1373,#1374,#1375));
#4166=EDGE_LOOP('',(#1376,#1377,#1378,#1379));
#4167=EDGE_LOOP('',(#1380,#1381,#1382,#1383));
#4168=EDGE_LOOP('',(#1384,#1385,#1386,#1387));
#4169=EDGE_LOOP('',(#1388,#1389,#1390,#1391));
#4170=EDGE_LOOP('',(#1392,#1393,#1394,#1395));
#4171=EDGE_LOOP('',(#1396,#1397,#1398,#1399));
#4172=EDGE_LOOP('',(#1400,#1401,#1402,#1403));
#4173=EDGE_LOOP('',(#1404,#1405,#1406,#1407));
#4174=EDGE_LOOP('',(#1408,#1409,#1410,#1411));
#4175=EDGE_LOOP('',(#1412,#1413,#1414,#1415));
#4176=EDGE_LOOP('',(#1416,#1417,#1418,#1419));
#4177=EDGE_LOOP('',(#1420,#1421,#1422,#1423));
#4178=EDGE_LOOP('',(#1424,#1425,#1426,#1427));
#4179=EDGE_LOOP('',(#1428,#1429,#1430,#1431));
#4180=EDGE_LOOP('',(#1432,#1433,#1434,#1435));
#4181=EDGE_LOOP('',(#1436,#1437,#1438,#1439));
#4182=EDGE_LOOP('',(#1440,#1441,#1442,#1443));
#4183=EDGE_LOOP('',(#1444,#1445,#1446,#1447));
#4184=EDGE_LOOP('',(#1448,#1449,#1450,#1451));
#4185=EDGE_LOOP('',(#1452,#1453,#1454,#1455));
#4186=EDGE_LOOP('',(#1456,#1457,#1458,#1459));
#4187=EDGE_LOOP('',(#1460,#1461,#1462,#1463));
#4188=EDGE_LOOP('',(#1464,#1465,#1466,#1467));
#4189=EDGE_LOOP('',(#1468,#1469,#1470,#1471));
#4190=EDGE_LOOP('',(#1472,#1473,#1474,#1475));
#4191=EDGE_LOOP('',(#1476,#1477,#1478,#1479));
#4192=EDGE_LOOP('',(#1480,#1481,#1482,#1483));
#4193=EDGE_LOOP('',(#1484,#1485,#1486,#1487));
#4194=EDGE_LOOP('',(#1488,#1489,#1490,#1491));
#4195=EDGE_LOOP('',(#1492,#1493,#1494,#1495));
#4196=EDGE_LOOP('',(#1496,#1497,#1498,#1499));
#4197=EDGE_LOOP('',(#1500,#1501,#1502,#1503));
#4198=EDGE_LOOP('',(#1504,#1505,#1506,#1507));
#4199=EDGE_LOOP('',(#1508,#1509,#1510,#1511));
#4200=EDGE_LOOP('',(#1512,#1513,#1514,#1515));
#4201=EDGE_LOOP('',(#1516,#1517,#1518,#1519));
#4202=EDGE_LOOP('',(#1520,#1521,#1522,#1523));
#4203=EDGE_LOOP('',(#1524,#1525,#1526,#1527));
#4204=EDGE_LOOP('',(#1528,#1529,#1530,#1531));
#4205=EDGE_LOOP('',(#1532,#1533,#1534,#1535));
#4206=EDGE_LOOP('',(#1536,#1537,#1538,#1539));
#4207=EDGE_LOOP('',(#1540,#1541,#1542,#1543));
#4208=EDGE_LOOP('',(#1544,#1545,#1546,#1547));
#4209=EDGE_LOOP('',(#1548,#1549,#1550,#1551));
#4210=EDGE_LOOP('',(#1552,#1553,#1554,#1555));
#4211=EDGE_LOOP('',(#1556,#1557,#1558,#1559));
#4212=EDGE_LOOP('',(#1560,#1561,#1562,#1563));
#4213=EDGE_LOOP('',(#1564,#1565,#1566,#1567));
#4214=EDGE_LOOP('',(#1568,#1569,#1570,#1571));
#4215=EDGE_LOOP('',(#1572,#1573,#1574,#1575));
#4216=EDGE_LOOP('',(#1576,#1577,#1578,#1579));
#4217=EDGE_LOOP('',(#1580,#1581,#1582,#1583));
#4218=EDGE_LOOP('',(#1584,#1585,#1586,#1587));
#4219=EDGE_LOOP('',(#1588,#1589,#1590,#1591));
#4220=EDGE_LOOP('',(#1592,#1593,#1594,#1595));
#4221=EDGE_LOOP('',(#1596,#1597,#1598,#1599));
#4222=EDGE_LOOP('',(#1600,#1601,#1602,#1603));
#4223=EDGE_LOOP('',(#1604,#1605,#1606,#1607));
#4224=EDGE_LOOP('',(#1608,#1609,#1610,#1611));
#4225=EDGE_LOOP('',(#1612,#1613,#1614,#1615));
#4226=EDGE_LOOP('',(#1616,#1617,#1618,#1619));
#4227=EDGE_LOOP('',(#1620,#1621,#1622,#1623));
#4228=EDGE_LOOP('',(#1624,#1625,#1626,#1627));
#4229=EDGE_LOOP('',(#1628));
#4230=EDGE_LOOP('',(#1629));
#4231=EDGE_LOOP('',(#1630));
#4232=EDGE_LOOP('',(#1631));
#4233=EDGE_LOOP('',(#1632));
#4234=EDGE_LOOP('',(#1633));
#4235=EDGE_LOOP('',(#1634));
#4236=EDGE_LOOP('',(#1635));
#4237=EDGE_LOOP('',(#1636));
#4238=EDGE_LOOP('',(#1637));
#4239=EDGE_LOOP('',(#1638));
#4240=EDGE_LOOP('',(#1639));
#4241=EDGE_LOOP('',(#1640));
#4242=EDGE_LOOP('',(#1641));
#4243=EDGE_LOOP('',(#1642));
#4244=EDGE_LOOP('',(#1643));
#4245=EDGE_LOOP('',(#1644));
#4246=EDGE_LOOP('',(#1645));
#4247=EDGE_LOOP('',(#1646));
#4248=EDGE_LOOP('',(#1647));
#4249=EDGE_LOOP('',(#1648));
#4250=EDGE_LOOP('',(#1649));
#4251=EDGE_LOOP('',(#1650));
#4252=EDGE_LOOP('',(#1651));
#4253=EDGE_LOOP('',(#1652));
#4254=EDGE_LOOP('',(#1653));
#4255=EDGE_LOOP('',(#1654));
#4256=EDGE_LOOP('',(#1655));
#4257=EDGE_LOOP('',(#1656));
#4258=EDGE_LOOP('',(#1657));
#4259=EDGE_LOOP('',(#1658));
#4260=EDGE_LOOP('',(#1659));
#4261=EDGE_LOOP('',(#1660));
#4262=EDGE_LOOP('',(#1661));
#4263=EDGE_LOOP('',(#1662));
#4264=EDGE_LOOP('',(#1663));
#4265=EDGE_LOOP('',(#1664));
#4266=EDGE_LOOP('',(#1665));
#4267=EDGE_LOOP('',(#1666));
#4268=EDGE_LOOP('',(#1667));
#4269=EDGE_LOOP('',(#1668));
#4270=EDGE_LOOP('',(#1669));
#4271=EDGE_LOOP('',(#1670));
#4272=EDGE_LOOP('',(#1671));
#4273=EDGE_LOOP('',(#1672));
#4274=EDGE_LOOP('',(#1673));
#4275=EDGE_LOOP('',(#1674));
#4276=EDGE_LOOP('',(#1675));
#4277=EDGE_LOOP('',(#1676));
#4278=EDGE_LOOP('',(#1677));
#4279=EDGE_LOOP('',(#1678));
#4280=EDGE_LOOP('',(#1679));
#4281=EDGE_LOOP('',(#1680));
#4282=EDGE_LOOP('',(#1681));
#4283=EDGE_LOOP('',(#1682));
#4284=EDGE_LOOP('',(#1683));
#4285=EDGE_LOOP('',(#1684));
#4286=EDGE_LOOP('',(#1685));
#4287=EDGE_LOOP('',(#1686));
#4288=EDGE_LOOP('',(#1687));
#4289=EDGE_LOOP('',(#1688));
#4290=EDGE_LOOP('',(#1689));
#4291=EDGE_LOOP('',(#1690));
#4292=EDGE_LOOP('',(#1691));
#4293=EDGE_LOOP('',(#1692));
#4294=EDGE_LOOP('',(#1693));
#4295=EDGE_LOOP('',(#1694));
#4296=EDGE_LOOP('',(#1695));
#4297=EDGE_LOOP('',(#1696));
#4298=EDGE_LOOP('',(#1697));
#4299=EDGE_LOOP('',(#1698));
#4300=EDGE_LOOP('',(#1699));
#4301=EDGE_LOOP('',(#1700));
#4302=EDGE_LOOP('',(#1701));
#4303=EDGE_LOOP('',(#1702));
#4304=EDGE_LOOP('',(#1703));
#4305=EDGE_LOOP('',(#1704));
#4306=EDGE_LOOP('',(#1705));
#4307=EDGE_LOOP('',(#1706));
#4308=EDGE_LOOP('',(#1707));
#4309=EDGE_LOOP('',(#1708));
#4310=EDGE_LOOP('',(#1709));
#4311=EDGE_LOOP('',(#1710));
#4312=EDGE_LOOP('',(#1711));
#4313=EDGE_LOOP('',(#1712));
#4314=EDGE_LOOP('',(#1713));
#4315=EDGE_LOOP('',(#1714));
#4316=EDGE_LOOP('',(#1715));
#4317=EDGE_LOOP('',(#1716));
#4318=EDGE_LOOP('',(#1717));
#4319=EDGE_LOOP('',(#1718));
#4320=EDGE_LOOP('',(#1719));
#4321=EDGE_LOOP('',(#1720));
#4322=EDGE_LOOP('',(#1721));
#4323=EDGE_LOOP('',(#1722));
#4324=EDGE_LOOP('',(#1723));
#4325=EDGE_LOOP('',(#1724));
#4326=EDGE_LOOP('',(#1725));
#4327=EDGE_LOOP('',(#1726));
#4328=EDGE_LOOP('',(#1727));
#4329=EDGE_LOOP('',(#1728));
#4330=EDGE_LOOP('',(#1729));
#4331=EDGE_LOOP('',(#1730));
#4332=EDGE_LOOP('',(#1731));
#4333=EDGE_LOOP('',(#1732));
#4334=EDGE_LOOP('',(#1733));
#4335=EDGE_LOOP('',(#1734));
#4336=EDGE_LOOP('',(#1735));
#4337=EDGE_LOOP('',(#1736));
#4338=EDGE_LOOP('',(#1737));
#4339=EDGE_LOOP('',(#1738));
#4340=EDGE_LOOP('',(#1739));
#4341=EDGE_LOOP('',(#1740));
#4342=EDGE_LOOP('',(#1741));
#4343=EDGE_LOOP('',(#1742));
#4344=EDGE_LOOP('',(#1743));
#4345=EDGE_LOOP('',(#1744));
#4346=EDGE_LOOP('',(#1745));
#4347=EDGE_LOOP('',(#1746));
#4348=EDGE_LOOP('',(#1747));
#4349=EDGE_LOOP('',(#1748));
#4350=EDGE_LOOP('',(#1749));
#4351=EDGE_LOOP('',(#1750));
#4352=EDGE_LOOP('',(#1751));
#4353=EDGE_LOOP('',(#1752));
#4354=EDGE_LOOP('',(#1753));
#4355=EDGE_LOOP('',(#1754));
#4356=EDGE_LOOP('',(#1755));
#4357=EDGE_LOOP('',(#1756));
#4358=EDGE_LOOP('',(#1757));
#4359=EDGE_LOOP('',(#1758));
#4360=EDGE_LOOP('',(#1759));
#4361=EDGE_LOOP('',(#1760));
#4362=EDGE_LOOP('',(#1761));
#4363=EDGE_LOOP('',(#1762));
#4364=EDGE_LOOP('',(#1763));
#4365=EDGE_LOOP('',(#1764));
#4366=EDGE_LOOP('',(#1765));
#4367=EDGE_LOOP('',(#1766));
#4368=EDGE_LOOP('',(#1767));
#4369=EDGE_LOOP('',(#1768));
#4370=EDGE_LOOP('',(#1769));
#4371=EDGE_LOOP('',(#1770));
#4372=EDGE_LOOP('',(#1771));
#4373=EDGE_LOOP('',(#1772));
#4374=EDGE_LOOP('',(#1773));
#4375=EDGE_LOOP('',(#1774));
#4376=EDGE_LOOP('',(#1775));
#4377=EDGE_LOOP('',(#1776));
#4378=EDGE_LOOP('',(#1777));
#4379=EDGE_LOOP('',(#1778));
#4380=EDGE_LOOP('',(#1779));
#4381=EDGE_LOOP('',(#1780));
#4382=EDGE_LOOP('',(#1781));
#4383=EDGE_LOOP('',(#1782));
#4384=EDGE_LOOP('',(#1783));
#4385=EDGE_LOOP('',(#1784));
#4386=EDGE_LOOP('',(#1785));
#4387=EDGE_LOOP('',(#1786));
#4388=EDGE_LOOP('',(#1787));
#4389=EDGE_LOOP('',(#1788));
#4390=EDGE_LOOP('',(#1789));
#4391=EDGE_LOOP('',(#1790));
#4392=EDGE_LOOP('',(#1791));
#4393=EDGE_LOOP('',(#1792));
#4394=EDGE_LOOP('',(#1793));
#4395=EDGE_LOOP('',(#1794));
#4396=EDGE_LOOP('',(#1795));
#4397=EDGE_LOOP('',(#1796));
#4398=EDGE_LOOP('',(#1797));
#4399=EDGE_LOOP('',(#1798));
#4400=EDGE_LOOP('',(#1799));
#4401=EDGE_LOOP('',(#1800));
#4402=EDGE_LOOP('',(#1801));
#4403=EDGE_LOOP('',(#1802));
#4404=EDGE_LOOP('',(#1803));
#4405=EDGE_LOOP('',(#1804));
#4406=EDGE_LOOP('',(#1805));
#4407=EDGE_LOOP('',(#1806));
#4408=EDGE_LOOP('',(#1807));
#4409=EDGE_LOOP('',(#1808));
#4410=EDGE_LOOP('',(#1809));
#4411=EDGE_LOOP('',(#1810));
#4412=EDGE_LOOP('',(#1811));
#4413=EDGE_LOOP('',(#1812));
#4414=EDGE_LOOP('',(#1813));
#4415=EDGE_LOOP('',(#1814));
#4416=EDGE_LOOP('',(#1815));
#4417=EDGE_LOOP('',(#1816));
#4418=EDGE_LOOP('',(#1817));
#4419=EDGE_LOOP('',(#1818));
#4420=EDGE_LOOP('',(#1819));
#4421=EDGE_LOOP('',(#1820,#1821,#1822,#1823));
#4422=EDGE_LOOP('',(#1824,#1825,#1826,#1827));
#4423=EDGE_LOOP('',(#1828,#1829,#1830,#1831));
#4424=EDGE_LOOP('',(#1832,#1833,#1834,#1835));
#4425=EDGE_LOOP('',(#1836,#1837,#1838,#1839));
#4426=EDGE_LOOP('',(#1840,#1841,#1842,#1843));
#4427=EDGE_LOOP('',(#1844,#1845,#1846,#1847));
#4428=EDGE_LOOP('',(#1848,#1849,#1850,#1851));
#4429=EDGE_LOOP('',(#1852,#1853,#1854,#1855));
#4430=EDGE_LOOP('',(#1856,#1857,#1858,#1859));
#4431=EDGE_LOOP('',(#1860,#1861,#1862,#1863));
#4432=EDGE_LOOP('',(#1864,#1865,#1866,#1867));
#4433=EDGE_LOOP('',(#1868,#1869,#1870,#1871));
#4434=EDGE_LOOP('',(#1872,#1873,#1874,#1875));
#4435=EDGE_LOOP('',(#1876,#1877,#1878,#1879));
#4436=EDGE_LOOP('',(#1880,#1881,#1882,#1883));
#4437=EDGE_LOOP('',(#1884,#1885,#1886,#1887));
#4438=EDGE_LOOP('',(#1888,#1889,#1890,#1891));
#4439=EDGE_LOOP('',(#1892,#1893,#1894,#1895));
#4440=EDGE_LOOP('',(#1896,#1897,#1898,#1899));
#4441=EDGE_LOOP('',(#1900,#1901,#1902,#1903));
#4442=EDGE_LOOP('',(#1904,#1905,#1906,#1907));
#4443=EDGE_LOOP('',(#1908,#1909,#1910,#1911));
#4444=EDGE_LOOP('',(#1912,#1913,#1914,#1915));
#4445=EDGE_LOOP('',(#1916,#1917,#1918,#1919));
#4446=EDGE_LOOP('',(#1920,#1921,#1922,#1923));
#4447=EDGE_LOOP('',(#1924,#1925,#1926,#1927));
#4448=EDGE_LOOP('',(#1928,#1929,#1930,#1931));
#4449=EDGE_LOOP('',(#1932,#1933,#1934,#1935));
#4450=EDGE_LOOP('',(#1936,#1937,#1938,#1939));
#4451=EDGE_LOOP('',(#1940,#1941,#1942,#1943));
#4452=EDGE_LOOP('',(#1944,#1945,#1946,#1947));
#4453=EDGE_LOOP('',(#1948,#1949,#1950,#1951));
#4454=EDGE_LOOP('',(#1952,#1953,#1954,#1955));
#4455=EDGE_LOOP('',(#1956,#1957,#1958,#1959));
#4456=EDGE_LOOP('',(#1960,#1961,#1962,#1963));
#4457=EDGE_LOOP('',(#1964,#1965,#1966,#1967));
#4458=EDGE_LOOP('',(#1968,#1969,#1970,#1971));
#4459=EDGE_LOOP('',(#1972,#1973,#1974,#1975));
#4460=EDGE_LOOP('',(#1976,#1977,#1978,#1979));
#4461=EDGE_LOOP('',(#1980,#1981,#1982,#1983));
#4462=EDGE_LOOP('',(#1984,#1985,#1986,#1987));
#4463=EDGE_LOOP('',(#1988,#1989,#1990,#1991));
#4464=EDGE_LOOP('',(#1992,#1993,#1994,#1995));
#4465=EDGE_LOOP('',(#1996,#1997,#1998,#1999));
#4466=EDGE_LOOP('',(#2000,#2001,#2002,#2003));
#4467=EDGE_LOOP('',(#2004,#2005,#2006,#2007));
#4468=EDGE_LOOP('',(#2008,#2009,#2010,#2011));
#4469=EDGE_LOOP('',(#2012,#2013,#2014,#2015));
#4470=EDGE_LOOP('',(#2016,#2017,#2018,#2019));
#4471=EDGE_LOOP('',(#2020,#2021,#2022,#2023));
#4472=EDGE_LOOP('',(#2024,#2025,#2026,#2027));
#4473=EDGE_LOOP('',(#2028,#2029,#2030,#2031));
#4474=EDGE_LOOP('',(#2032,#2033,#2034,#2035));
#4475=EDGE_LOOP('',(#2036,#2037,#2038,#2039));
#4476=EDGE_LOOP('',(#2040,#2041,#2042,#2043));
#4477=EDGE_LOOP('',(#2044,#2045,#2046,#2047,#2048,#2049,#2050,#2051,#2052,
#2053,#2054,#2055,#2056,#2057,#2058,#2059));
#4478=EDGE_LOOP('',(#2060,#2061,#2062,#2063));
#4479=EDGE_LOOP('',(#2064));
#4480=EDGE_LOOP('',(#2065));
#4481=EDGE_LOOP('',(#2066,#2067,#2068,#2069));
#4482=EDGE_LOOP('',(#2070,#2071,#2072,#2073));
#4483=EDGE_LOOP('',(#2074,#2075,#2076,#2077));
#4484=EDGE_LOOP('',(#2078,#2079,#2080,#2081));
#4485=EDGE_LOOP('',(#2082,#2083,#2084,#2085));
#4486=EDGE_LOOP('',(#2086,#2087,#2088,#2089));
#4487=EDGE_LOOP('',(#2090,#2091,#2092,#2093));
#4488=EDGE_LOOP('',(#2094,#2095,#2096,#2097));
#4489=EDGE_LOOP('',(#2098,#2099,#2100,#2101));
#4490=EDGE_LOOP('',(#2102,#2103,#2104,#2105));
#4491=EDGE_LOOP('',(#2106,#2107,#2108,#2109));
#4492=EDGE_LOOP('',(#2110,#2111,#2112,#2113));
#4493=EDGE_LOOP('',(#2114,#2115,#2116,#2117));
#4494=EDGE_LOOP('',(#2118,#2119,#2120,#2121));
#4495=EDGE_LOOP('',(#2122,#2123,#2124,#2125));
#4496=EDGE_LOOP('',(#2126,#2127,#2128,#2129));
#4497=EDGE_LOOP('',(#2130,#2131,#2132,#2133,#2134,#2135,#2136,#2137,#2138,
#2139,#2140,#2141,#2142,#2143,#2144,#2145,#2146,#2147,#2148,#2149));
#4498=EDGE_LOOP('',(#2150,#2151,#2152,#2153,#2154,#2155,#2156,#2157,#2158,
#2159,#2160,#2161,#2162,#2163,#2164,#2165,#2166,#2167,#2168,#2169));
#4499=EDGE_LOOP('',(#2170));
#4500=EDGE_LOOP('',(#2171));
#4501=EDGE_LOOP('',(#2172));
#4502=EDGE_LOOP('',(#2173));
#4503=EDGE_LOOP('',(#2174));
#4504=EDGE_LOOP('',(#2175));
#4505=EDGE_LOOP('',(#2176));
#4506=EDGE_LOOP('',(#2177));
#4507=EDGE_LOOP('',(#2178));
#4508=EDGE_LOOP('',(#2179));
#4509=EDGE_LOOP('',(#2180));
#4510=EDGE_LOOP('',(#2181));
#4511=EDGE_LOOP('',(#2182));
#4512=EDGE_LOOP('',(#2183));
#4513=EDGE_LOOP('',(#2184));
#4514=EDGE_LOOP('',(#2185));
#4515=EDGE_LOOP('',(#2186));
#4516=EDGE_LOOP('',(#2187));
#4517=EDGE_LOOP('',(#2188));
#4518=EDGE_LOOP('',(#2189));
#4519=EDGE_LOOP('',(#2190));
#4520=EDGE_LOOP('',(#2191));
#4521=EDGE_LOOP('',(#2192));
#4522=EDGE_LOOP('',(#2193));
#4523=EDGE_LOOP('',(#2194));
#4524=EDGE_LOOP('',(#2195));
#4525=EDGE_LOOP('',(#2196));
#4526=EDGE_LOOP('',(#2197));
#4527=EDGE_LOOP('',(#2198));
#4528=EDGE_LOOP('',(#2199));
#4529=EDGE_LOOP('',(#2200));
#4530=EDGE_LOOP('',(#2201));
#4531=EDGE_LOOP('',(#2202));
#4532=EDGE_LOOP('',(#2203));
#4533=EDGE_LOOP('',(#2204));
#4534=EDGE_LOOP('',(#2205));
#4535=EDGE_LOOP('',(#2206));
#4536=EDGE_LOOP('',(#2207));
#4537=EDGE_LOOP('',(#2208));
#4538=EDGE_LOOP('',(#2209));
#4539=EDGE_LOOP('',(#2210));
#4540=EDGE_LOOP('',(#2211));
#4541=EDGE_LOOP('',(#2212));
#4542=EDGE_LOOP('',(#2213));
#4543=EDGE_LOOP('',(#2214));
#4544=EDGE_LOOP('',(#2215));
#4545=EDGE_LOOP('',(#2216));
#4546=EDGE_LOOP('',(#2217));
#4547=EDGE_LOOP('',(#2218));
#4548=EDGE_LOOP('',(#2219));
#4549=EDGE_LOOP('',(#2220));
#4550=EDGE_LOOP('',(#2221));
#4551=EDGE_LOOP('',(#2222));
#4552=EDGE_LOOP('',(#2223));
#4553=EDGE_LOOP('',(#2224));
#4554=EDGE_LOOP('',(#2225));
#4555=EDGE_LOOP('',(#2226));
#4556=EDGE_LOOP('',(#2227));
#4557=EDGE_LOOP('',(#2228));
#4558=EDGE_LOOP('',(#2229));
#4559=EDGE_LOOP('',(#2230));
#4560=EDGE_LOOP('',(#2231));
#4561=EDGE_LOOP('',(#2232));
#4562=EDGE_LOOP('',(#2233));
#4563=EDGE_LOOP('',(#2234));
#4564=EDGE_LOOP('',(#2235));
#4565=EDGE_LOOP('',(#2236));
#4566=EDGE_LOOP('',(#2237));
#4567=EDGE_LOOP('',(#2238));
#4568=EDGE_LOOP('',(#2239));
#4569=EDGE_LOOP('',(#2240));
#4570=EDGE_LOOP('',(#2241));
#4571=EDGE_LOOP('',(#2242));
#4572=EDGE_LOOP('',(#2243));
#4573=EDGE_LOOP('',(#2244));
#4574=EDGE_LOOP('',(#2245));
#4575=EDGE_LOOP('',(#2246));
#4576=EDGE_LOOP('',(#2247));
#4577=EDGE_LOOP('',(#2248));
#4578=EDGE_LOOP('',(#2249));
#4579=EDGE_LOOP('',(#2250));
#4580=EDGE_LOOP('',(#2251));
#4581=EDGE_LOOP('',(#2252));
#4582=EDGE_LOOP('',(#2253));
#4583=EDGE_LOOP('',(#2254));
#4584=EDGE_LOOP('',(#2255));
#4585=EDGE_LOOP('',(#2256));
#4586=EDGE_LOOP('',(#2257));
#4587=EDGE_LOOP('',(#2258));
#4588=EDGE_LOOP('',(#2259));
#4589=EDGE_LOOP('',(#2260));
#4590=EDGE_LOOP('',(#2261));
#4591=EDGE_LOOP('',(#2262));
#4592=EDGE_LOOP('',(#2263));
#4593=EDGE_LOOP('',(#2264));
#4594=EDGE_LOOP('',(#2265));
#4595=EDGE_LOOP('',(#2266,#2267,#2268,#2269,#2270,#2271,#2272,#2273,#2274,
#2275,#2276,#2277,#2278,#2279,#2280,#2281,#2282,#2283,#2284,#2285,#2286,
#2287,#2288,#2289));
#4596=EDGE_LOOP('',(#2290,#2291,#2292,#2293));
#4597=EDGE_LOOP('',(#2294,#2295,#2296,#2297));
#4598=EDGE_LOOP('',(#2298,#2299,#2300,#2301));
#4599=EDGE_LOOP('',(#2302,#2303,#2304,#2305));
#4600=EDGE_LOOP('',(#2306,#2307,#2308,#2309));
#4601=EDGE_LOOP('',(#2310,#2311,#2312,#2313));
#4602=EDGE_LOOP('',(#2314,#2315,#2316,#2317));
#4603=EDGE_LOOP('',(#2318,#2319,#2320,#2321));
#4604=EDGE_LOOP('',(#2322,#2323,#2324,#2325));
#4605=EDGE_LOOP('',(#2326,#2327,#2328,#2329));
#4606=EDGE_LOOP('',(#2330,#2331,#2332,#2333));
#4607=EDGE_LOOP('',(#2334,#2335,#2336,#2337));
#4608=EDGE_LOOP('',(#2338,#2339,#2340,#2341));
#4609=EDGE_LOOP('',(#2342,#2343,#2344,#2345));
#4610=EDGE_LOOP('',(#2346,#2347,#2348,#2349));
#4611=EDGE_LOOP('',(#2350,#2351,#2352,#2353,#2354,#2355,#2356,#2357,#2358,
#2359,#2360,#2361,#2362,#2363,#2364,#2365,#2366,#2367,#2368,#2369,#2370,
#2371,#2372,#2373));
#4612=EDGE_LOOP('',(#2374));
#4613=EDGE_LOOP('',(#2375));
#4614=EDGE_LOOP('',(#2376));
#4615=EDGE_LOOP('',(#2377));
#4616=EDGE_LOOP('',(#2378));
#4617=EDGE_LOOP('',(#2379));
#4618=EDGE_LOOP('',(#2380));
#4619=EDGE_LOOP('',(#2381));
#4620=EDGE_LOOP('',(#2382));
#4621=EDGE_LOOP('',(#2383));
#4622=EDGE_LOOP('',(#2384));
#4623=EDGE_LOOP('',(#2385));
#4624=EDGE_LOOP('',(#2386));
#4625=EDGE_LOOP('',(#2387));
#4626=EDGE_LOOP('',(#2388));
#4627=EDGE_LOOP('',(#2389));
#4628=EDGE_LOOP('',(#2390));
#4629=EDGE_LOOP('',(#2391));
#4630=EDGE_LOOP('',(#2392));
#4631=EDGE_LOOP('',(#2393));
#4632=EDGE_LOOP('',(#2394));
#4633=EDGE_LOOP('',(#2395));
#4634=EDGE_LOOP('',(#2396));
#4635=EDGE_LOOP('',(#2397));
#4636=EDGE_LOOP('',(#2398));
#4637=EDGE_LOOP('',(#2399));
#4638=EDGE_LOOP('',(#2400));
#4639=EDGE_LOOP('',(#2401));
#4640=EDGE_LOOP('',(#2402));
#4641=EDGE_LOOP('',(#2403));
#4642=EDGE_LOOP('',(#2404));
#4643=EDGE_LOOP('',(#2405));
#4644=EDGE_LOOP('',(#2406));
#4645=EDGE_LOOP('',(#2407));
#4646=EDGE_LOOP('',(#2408));
#4647=EDGE_LOOP('',(#2409));
#4648=EDGE_LOOP('',(#2410));
#4649=EDGE_LOOP('',(#2411));
#4650=EDGE_LOOP('',(#2412));
#4651=EDGE_LOOP('',(#2413));
#4652=EDGE_LOOP('',(#2414));
#4653=EDGE_LOOP('',(#2415));
#4654=EDGE_LOOP('',(#2416));
#4655=EDGE_LOOP('',(#2417));
#4656=EDGE_LOOP('',(#2418));
#4657=EDGE_LOOP('',(#2419));
#4658=EDGE_LOOP('',(#2420));
#4659=EDGE_LOOP('',(#2421));
#4660=EDGE_LOOP('',(#2422));
#4661=EDGE_LOOP('',(#2423));
#4662=EDGE_LOOP('',(#2424));
#4663=EDGE_LOOP('',(#2425));
#4664=EDGE_LOOP('',(#2426));
#4665=EDGE_LOOP('',(#2427));
#4666=EDGE_LOOP('',(#2428));
#4667=EDGE_LOOP('',(#2429));
#4668=EDGE_LOOP('',(#2430));
#4669=EDGE_LOOP('',(#2431));
#4670=EDGE_LOOP('',(#2432));
#4671=EDGE_LOOP('',(#2433));
#4672=EDGE_LOOP('',(#2434));
#4673=EDGE_LOOP('',(#2435));
#4674=EDGE_LOOP('',(#2436));
#4675=EDGE_LOOP('',(#2437));
#4676=EDGE_LOOP('',(#2438));
#4677=EDGE_LOOP('',(#2439));
#4678=EDGE_LOOP('',(#2440));
#4679=EDGE_LOOP('',(#2441));
#4680=EDGE_LOOP('',(#2442));
#4681=EDGE_LOOP('',(#2443));
#4682=EDGE_LOOP('',(#2444));
#4683=EDGE_LOOP('',(#2445));
#4684=EDGE_LOOP('',(#2446));
#4685=EDGE_LOOP('',(#2447));
#4686=EDGE_LOOP('',(#2448));
#4687=EDGE_LOOP('',(#2449));
#4688=EDGE_LOOP('',(#2450));
#4689=EDGE_LOOP('',(#2451));
#4690=EDGE_LOOP('',(#2452));
#4691=EDGE_LOOP('',(#2453));
#4692=EDGE_LOOP('',(#2454));
#4693=EDGE_LOOP('',(#2455));
#4694=EDGE_LOOP('',(#2456));
#4695=EDGE_LOOP('',(#2457));
#4696=EDGE_LOOP('',(#2458));
#4697=EDGE_LOOP('',(#2459));
#4698=EDGE_LOOP('',(#2460));
#4699=EDGE_LOOP('',(#2461));
#4700=EDGE_LOOP('',(#2462));
#4701=EDGE_LOOP('',(#2463));
#4702=EDGE_LOOP('',(#2464));
#4703=EDGE_LOOP('',(#2465));
#4704=EDGE_LOOP('',(#2466));
#4705=EDGE_LOOP('',(#2467));
#4706=EDGE_LOOP('',(#2468));
#4707=EDGE_LOOP('',(#2469));
#4708=EDGE_LOOP('',(#2470,#2471,#2472,#2473,#2474,#2475,#2476,#2477,#2478,
#2479,#2480,#2481,#2482,#2483,#2484,#2485,#2486,#2487,#2488,#2489));
#4709=EDGE_LOOP('',(#2490,#2491,#2492,#2493,#2494,#2495,#2496,#2497,#2498,
#2499,#2500,#2501,#2502,#2503,#2504,#2505,#2506,#2507,#2508,#2509));
#4710=EDGE_LOOP('',(#2510,#2511,#2512,#2513));
#4711=EDGE_LOOP('',(#2514,#2515,#2516,#2517));
#4712=EDGE_LOOP('',(#2518,#2519,#2520,#2521));
#4713=EDGE_LOOP('',(#2522,#2523,#2524,#2525));
#4714=EDGE_LOOP('',(#2526,#2527,#2528,#2529));
#4715=EDGE_LOOP('',(#2530,#2531,#2532,#2533));
#4716=EDGE_LOOP('',(#2534,#2535,#2536,#2537));
#4717=EDGE_LOOP('',(#2538,#2539,#2540,#2541));
#4718=EDGE_LOOP('',(#2542,#2543,#2544,#2545));
#4719=EDGE_LOOP('',(#2546,#2547,#2548,#2549));
#4720=EDGE_LOOP('',(#2550,#2551,#2552,#2553));
#4721=EDGE_LOOP('',(#2554,#2555,#2556,#2557));
#4722=EDGE_LOOP('',(#2558,#2559,#2560,#2561));
#4723=EDGE_LOOP('',(#2562,#2563,#2564,#2565));
#4724=EDGE_LOOP('',(#2566,#2567,#2568,#2569));
#4725=EDGE_LOOP('',(#2570,#2571,#2572,#2573));
#4726=EDGE_LOOP('',(#2574));
#4727=EDGE_LOOP('',(#2575));
#4728=EDGE_LOOP('',(#2576,#2577,#2578,#2579,#2580,#2581,#2582,#2583,#2584,
#2585,#2586,#2587,#2588,#2589,#2590,#2591));
#4729=EDGE_LOOP('',(#2592,#2593,#2594,#2595));
#4730=EDGE_LOOP('',(#2596,#2597,#2598,#2599));
#4731=EDGE_LOOP('',(#2600,#2601,#2602,#2603));
#4732=FACE_BOUND('',#4108,.T.);
#4733=FACE_BOUND('',#4109,.T.);
#4734=FACE_BOUND('',#4110,.T.);
#4735=FACE_BOUND('',#4111,.T.);
#4736=FACE_BOUND('',#4112,.T.);
#4737=FACE_BOUND('',#4113,.T.);
#4738=FACE_BOUND('',#4114,.T.);
#4739=FACE_BOUND('',#4115,.T.);
#4740=FACE_BOUND('',#4116,.T.);
#4741=FACE_BOUND('',#4117,.T.);
#4742=FACE_BOUND('',#4118,.T.);
#4743=FACE_BOUND('',#4119,.T.);
#4744=FACE_BOUND('',#4120,.T.);
#4745=FACE_BOUND('',#4121,.T.);
#4746=FACE_BOUND('',#4122,.T.);
#4747=FACE_BOUND('',#4123,.T.);
#4748=FACE_BOUND('',#4124,.T.);
#4749=FACE_BOUND('',#4125,.T.);
#4750=FACE_BOUND('',#4126,.T.);
#4751=FACE_BOUND('',#4127,.T.);
#4752=FACE_BOUND('',#4128,.T.);
#4753=FACE_BOUND('',#4129,.T.);
#4754=FACE_BOUND('',#4130,.T.);
#4755=FACE_BOUND('',#4131,.T.);
#4756=FACE_BOUND('',#4132,.T.);
#4757=FACE_BOUND('',#4133,.T.);
#4758=FACE_BOUND('',#4134,.T.);
#4759=FACE_BOUND('',#4135,.T.);
#4760=FACE_BOUND('',#4136,.T.);
#4761=FACE_BOUND('',#4137,.T.);
#4762=FACE_BOUND('',#4138,.T.);
#4763=FACE_BOUND('',#4139,.T.);
#4764=FACE_BOUND('',#4140,.T.);
#4765=FACE_BOUND('',#4141,.T.);
#4766=FACE_BOUND('',#4142,.T.);
#4767=FACE_BOUND('',#4143,.T.);
#4768=FACE_BOUND('',#4144,.T.);
#4769=FACE_BOUND('',#4145,.T.);
#4770=FACE_BOUND('',#4146,.T.);
#4771=FACE_BOUND('',#4147,.T.);
#4772=FACE_BOUND('',#4148,.T.);
#4773=FACE_BOUND('',#4149,.T.);
#4774=FACE_BOUND('',#4150,.T.);
#4775=FACE_BOUND('',#4151,.T.);
#4776=FACE_BOUND('',#4152,.T.);
#4777=FACE_BOUND('',#4153,.T.);
#4778=FACE_BOUND('',#4154,.T.);
#4779=FACE_BOUND('',#4155,.T.);
#4780=FACE_BOUND('',#4156,.T.);
#4781=FACE_BOUND('',#4157,.T.);
#4782=FACE_BOUND('',#4158,.T.);
#4783=FACE_BOUND('',#4159,.T.);
#4784=FACE_BOUND('',#4160,.T.);
#4785=FACE_BOUND('',#4161,.T.);
#4786=FACE_BOUND('',#4162,.T.);
#4787=FACE_BOUND('',#4163,.T.);
#4788=FACE_BOUND('',#4164,.T.);
#4789=FACE_BOUND('',#4165,.T.);
#4790=FACE_BOUND('',#4166,.T.);
#4791=FACE_BOUND('',#4167,.T.);
#4792=FACE_BOUND('',#4168,.T.);
#4793=FACE_BOUND('',#4169,.T.);
#4794=FACE_BOUND('',#4170,.T.);
#4795=FACE_BOUND('',#4171,.T.);
#4796=FACE_BOUND('',#4172,.T.);
#4797=FACE_BOUND('',#4173,.T.);
#4798=FACE_BOUND('',#4174,.T.);
#4799=FACE_BOUND('',#4175,.T.);
#4800=FACE_BOUND('',#4176,.T.);
#4801=FACE_BOUND('',#4177,.T.);
#4802=FACE_BOUND('',#4178,.T.);
#4803=FACE_BOUND('',#4179,.T.);
#4804=FACE_BOUND('',#4180,.T.);
#4805=FACE_BOUND('',#4181,.T.);
#4806=FACE_BOUND('',#4182,.T.);
#4807=FACE_BOUND('',#4183,.T.);
#4808=FACE_BOUND('',#4184,.T.);
#4809=FACE_BOUND('',#4185,.T.);
#4810=FACE_BOUND('',#4186,.T.);
#4811=FACE_BOUND('',#4187,.T.);
#4812=FACE_BOUND('',#4188,.T.);
#4813=FACE_BOUND('',#4189,.T.);
#4814=FACE_BOUND('',#4190,.T.);
#4815=FACE_BOUND('',#4191,.T.);
#4816=FACE_BOUND('',#4192,.T.);
#4817=FACE_BOUND('',#4193,.T.);
#4818=FACE_BOUND('',#4194,.T.);
#4819=FACE_BOUND('',#4195,.T.);
#4820=FACE_BOUND('',#4196,.T.);
#4821=FACE_BOUND('',#4197,.T.);
#4822=FACE_BOUND('',#4198,.T.);
#4823=FACE_BOUND('',#4199,.T.);
#4824=FACE_BOUND('',#4200,.T.);
#4825=FACE_BOUND('',#4201,.T.);
#4826=FACE_BOUND('',#4202,.T.);
#4827=FACE_BOUND('',#4203,.T.);
#4828=FACE_BOUND('',#4204,.T.);
#4829=FACE_BOUND('',#4205,.T.);
#4830=FACE_BOUND('',#4206,.T.);
#4831=FACE_BOUND('',#4207,.T.);
#4832=FACE_BOUND('',#4208,.T.);
#4833=FACE_BOUND('',#4209,.T.);
#4834=FACE_BOUND('',#4210,.T.);
#4835=FACE_BOUND('',#4211,.T.);
#4836=FACE_BOUND('',#4212,.T.);
#4837=FACE_BOUND('',#4213,.T.);
#4838=FACE_BOUND('',#4214,.T.);
#4839=FACE_BOUND('',#4215,.T.);
#4840=FACE_BOUND('',#4216,.T.);
#4841=FACE_BOUND('',#4217,.T.);
#4842=FACE_BOUND('',#4218,.T.);
#4843=FACE_BOUND('',#4219,.T.);
#4844=FACE_BOUND('',#4220,.T.);
#4845=FACE_BOUND('',#4221,.T.);
#4846=FACE_BOUND('',#4222,.T.);
#4847=FACE_BOUND('',#4223,.T.);
#4848=FACE_BOUND('',#4224,.T.);
#4849=FACE_BOUND('',#4225,.T.);
#4850=FACE_BOUND('',#4226,.T.);
#4851=FACE_BOUND('',#4227,.T.);
#4852=FACE_BOUND('',#4228,.T.);
#4853=FACE_BOUND('',#4229,.T.);
#4854=FACE_BOUND('',#4230,.T.);
#4855=FACE_BOUND('',#4231,.T.);
#4856=FACE_BOUND('',#4232,.T.);
#4857=FACE_BOUND('',#4233,.T.);
#4858=FACE_BOUND('',#4234,.T.);
#4859=FACE_BOUND('',#4235,.T.);
#4860=FACE_BOUND('',#4236,.T.);
#4861=FACE_BOUND('',#4237,.T.);
#4862=FACE_BOUND('',#4238,.T.);
#4863=FACE_BOUND('',#4239,.T.);
#4864=FACE_BOUND('',#4240,.T.);
#4865=FACE_BOUND('',#4241,.T.);
#4866=FACE_BOUND('',#4242,.T.);
#4867=FACE_BOUND('',#4243,.T.);
#4868=FACE_BOUND('',#4244,.T.);
#4869=FACE_BOUND('',#4245,.T.);
#4870=FACE_BOUND('',#4246,.T.);
#4871=FACE_BOUND('',#4247,.T.);
#4872=FACE_BOUND('',#4248,.T.);
#4873=FACE_BOUND('',#4249,.T.);
#4874=FACE_BOUND('',#4250,.T.);
#4875=FACE_BOUND('',#4251,.T.);
#4876=FACE_BOUND('',#4252,.T.);
#4877=FACE_BOUND('',#4253,.T.);
#4878=FACE_BOUND('',#4254,.T.);
#4879=FACE_BOUND('',#4255,.T.);
#4880=FACE_BOUND('',#4256,.T.);
#4881=FACE_BOUND('',#4257,.T.);
#4882=FACE_BOUND('',#4258,.T.);
#4883=FACE_BOUND('',#4259,.T.);
#4884=FACE_BOUND('',#4260,.T.);
#4885=FACE_BOUND('',#4261,.T.);
#4886=FACE_BOUND('',#4262,.T.);
#4887=FACE_BOUND('',#4263,.T.);
#4888=FACE_BOUND('',#4264,.T.);
#4889=FACE_BOUND('',#4265,.T.);
#4890=FACE_BOUND('',#4266,.T.);
#4891=FACE_BOUND('',#4267,.T.);
#4892=FACE_BOUND('',#4268,.T.);
#4893=FACE_BOUND('',#4269,.T.);
#4894=FACE_BOUND('',#4270,.T.);
#4895=FACE_BOUND('',#4271,.T.);
#4896=FACE_BOUND('',#4272,.T.);
#4897=FACE_BOUND('',#4273,.T.);
#4898=FACE_BOUND('',#4274,.T.);
#4899=FACE_BOUND('',#4275,.T.);
#4900=FACE_BOUND('',#4276,.T.);
#4901=FACE_BOUND('',#4277,.T.);
#4902=FACE_BOUND('',#4278,.T.);
#4903=FACE_BOUND('',#4279,.T.);
#4904=FACE_BOUND('',#4280,.T.);
#4905=FACE_BOUND('',#4281,.T.);
#4906=FACE_BOUND('',#4282,.T.);
#4907=FACE_BOUND('',#4283,.T.);
#4908=FACE_BOUND('',#4284,.T.);
#4909=FACE_BOUND('',#4285,.T.);
#4910=FACE_BOUND('',#4286,.T.);
#4911=FACE_BOUND('',#4287,.T.);
#4912=FACE_BOUND('',#4288,.T.);
#4913=FACE_BOUND('',#4289,.T.);
#4914=FACE_BOUND('',#4290,.T.);
#4915=FACE_BOUND('',#4291,.T.);
#4916=FACE_BOUND('',#4292,.T.);
#4917=FACE_BOUND('',#4293,.T.);
#4918=FACE_BOUND('',#4294,.T.);
#4919=FACE_BOUND('',#4295,.T.);
#4920=FACE_BOUND('',#4296,.T.);
#4921=FACE_BOUND('',#4297,.T.);
#4922=FACE_BOUND('',#4298,.T.);
#4923=FACE_BOUND('',#4299,.T.);
#4924=FACE_BOUND('',#4300,.T.);
#4925=FACE_BOUND('',#4301,.T.);
#4926=FACE_BOUND('',#4302,.T.);
#4927=FACE_BOUND('',#4303,.T.);
#4928=FACE_BOUND('',#4304,.T.);
#4929=FACE_BOUND('',#4305,.T.);
#4930=FACE_BOUND('',#4306,.T.);
#4931=FACE_BOUND('',#4307,.T.);
#4932=FACE_BOUND('',#4308,.T.);
#4933=FACE_BOUND('',#4309,.T.);
#4934=FACE_BOUND('',#4310,.T.);
#4935=FACE_BOUND('',#4311,.T.);
#4936=FACE_BOUND('',#4312,.T.);
#4937=FACE_BOUND('',#4313,.T.);
#4938=FACE_BOUND('',#4314,.T.);
#4939=FACE_BOUND('',#4315,.T.);
#4940=FACE_BOUND('',#4316,.T.);
#4941=FACE_BOUND('',#4317,.T.);
#4942=FACE_BOUND('',#4318,.T.);
#4943=FACE_BOUND('',#4319,.T.);
#4944=FACE_BOUND('',#4320,.T.);
#4945=FACE_BOUND('',#4321,.T.);
#4946=FACE_BOUND('',#4322,.T.);
#4947=FACE_BOUND('',#4323,.T.);
#4948=FACE_BOUND('',#4324,.T.);
#4949=FACE_BOUND('',#4325,.T.);
#4950=FACE_BOUND('',#4326,.T.);
#4951=FACE_BOUND('',#4327,.T.);
#4952=FACE_BOUND('',#4328,.T.);
#4953=FACE_BOUND('',#4329,.T.);
#4954=FACE_BOUND('',#4330,.T.);
#4955=FACE_BOUND('',#4331,.T.);
#4956=FACE_BOUND('',#4332,.T.);
#4957=FACE_BOUND('',#4333,.T.);
#4958=FACE_BOUND('',#4334,.T.);
#4959=FACE_BOUND('',#4335,.T.);
#4960=FACE_BOUND('',#4336,.T.);
#4961=FACE_BOUND('',#4337,.T.);
#4962=FACE_BOUND('',#4338,.T.);
#4963=FACE_BOUND('',#4339,.T.);
#4964=FACE_BOUND('',#4340,.T.);
#4965=FACE_BOUND('',#4341,.T.);
#4966=FACE_BOUND('',#4342,.T.);
#4967=FACE_BOUND('',#4343,.T.);
#4968=FACE_BOUND('',#4344,.T.);
#4969=FACE_BOUND('',#4345,.T.);
#4970=FACE_BOUND('',#4346,.T.);
#4971=FACE_BOUND('',#4347,.T.);
#4972=FACE_BOUND('',#4348,.T.);
#4973=FACE_BOUND('',#4349,.T.);
#4974=FACE_BOUND('',#4350,.T.);
#4975=FACE_BOUND('',#4351,.T.);
#4976=FACE_BOUND('',#4352,.T.);
#4977=FACE_BOUND('',#4353,.T.);
#4978=FACE_BOUND('',#4354,.T.);
#4979=FACE_BOUND('',#4355,.T.);
#4980=FACE_BOUND('',#4356,.T.);
#4981=FACE_BOUND('',#4357,.T.);
#4982=FACE_BOUND('',#4358,.T.);
#4983=FACE_BOUND('',#4359,.T.);
#4984=FACE_BOUND('',#4360,.T.);
#4985=FACE_BOUND('',#4361,.T.);
#4986=FACE_BOUND('',#4362,.T.);
#4987=FACE_BOUND('',#4363,.T.);
#4988=FACE_BOUND('',#4364,.T.);
#4989=FACE_BOUND('',#4365,.T.);
#4990=FACE_BOUND('',#4366,.T.);
#4991=FACE_BOUND('',#4367,.T.);
#4992=FACE_BOUND('',#4368,.T.);
#4993=FACE_BOUND('',#4369,.T.);
#4994=FACE_BOUND('',#4370,.T.);
#4995=FACE_BOUND('',#4371,.T.);
#4996=FACE_BOUND('',#4372,.T.);
#4997=FACE_BOUND('',#4373,.T.);
#4998=FACE_BOUND('',#4374,.T.);
#4999=FACE_BOUND('',#4375,.T.);
#5000=FACE_BOUND('',#4376,.T.);
#5001=FACE_BOUND('',#4377,.T.);
#5002=FACE_BOUND('',#4378,.T.);
#5003=FACE_BOUND('',#4379,.T.);
#5004=FACE_BOUND('',#4380,.T.);
#5005=FACE_BOUND('',#4381,.T.);
#5006=FACE_BOUND('',#4382,.T.);
#5007=FACE_BOUND('',#4383,.T.);
#5008=FACE_BOUND('',#4384,.T.);
#5009=FACE_BOUND('',#4385,.T.);
#5010=FACE_BOUND('',#4386,.T.);
#5011=FACE_BOUND('',#4387,.T.);
#5012=FACE_BOUND('',#4388,.T.);
#5013=FACE_BOUND('',#4389,.T.);
#5014=FACE_BOUND('',#4390,.T.);
#5015=FACE_BOUND('',#4391,.T.);
#5016=FACE_BOUND('',#4392,.T.);
#5017=FACE_BOUND('',#4393,.T.);
#5018=FACE_BOUND('',#4394,.T.);
#5019=FACE_BOUND('',#4395,.T.);
#5020=FACE_BOUND('',#4396,.T.);
#5021=FACE_BOUND('',#4397,.T.);
#5022=FACE_BOUND('',#4398,.T.);
#5023=FACE_BOUND('',#4399,.T.);
#5024=FACE_BOUND('',#4400,.T.);
#5025=FACE_BOUND('',#4401,.T.);
#5026=FACE_BOUND('',#4402,.T.);
#5027=FACE_BOUND('',#4403,.T.);
#5028=FACE_BOUND('',#4404,.T.);
#5029=FACE_BOUND('',#4405,.T.);
#5030=FACE_BOUND('',#4406,.T.);
#5031=FACE_BOUND('',#4407,.T.);
#5032=FACE_BOUND('',#4408,.T.);
#5033=FACE_BOUND('',#4409,.T.);
#5034=FACE_BOUND('',#4410,.T.);
#5035=FACE_BOUND('',#4411,.T.);
#5036=FACE_BOUND('',#4412,.T.);
#5037=FACE_BOUND('',#4413,.T.);
#5038=FACE_BOUND('',#4414,.T.);
#5039=FACE_BOUND('',#4415,.T.);
#5040=FACE_BOUND('',#4416,.T.);
#5041=FACE_BOUND('',#4417,.T.);
#5042=FACE_BOUND('',#4418,.T.);
#5043=FACE_BOUND('',#4419,.T.);
#5044=FACE_BOUND('',#4420,.T.);
#5045=FACE_BOUND('',#4421,.T.);
#5046=FACE_BOUND('',#4422,.T.);
#5047=FACE_BOUND('',#4423,.T.);
#5048=FACE_BOUND('',#4424,.T.);
#5049=FACE_BOUND('',#4425,.T.);
#5050=FACE_BOUND('',#4426,.T.);
#5051=FACE_BOUND('',#4427,.T.);
#5052=FACE_BOUND('',#4428,.T.);
#5053=FACE_BOUND('',#4429,.T.);
#5054=FACE_BOUND('',#4430,.T.);
#5055=FACE_BOUND('',#4431,.T.);
#5056=FACE_BOUND('',#4432,.T.);
#5057=FACE_BOUND('',#4433,.T.);
#5058=FACE_BOUND('',#4434,.T.);
#5059=FACE_BOUND('',#4435,.T.);
#5060=FACE_BOUND('',#4436,.T.);
#5061=FACE_BOUND('',#4437,.T.);
#5062=FACE_BOUND('',#4438,.T.);
#5063=FACE_BOUND('',#4439,.T.);
#5064=FACE_BOUND('',#4440,.T.);
#5065=FACE_BOUND('',#4441,.T.);
#5066=FACE_BOUND('',#4442,.T.);
#5067=FACE_BOUND('',#4443,.T.);
#5068=FACE_BOUND('',#4444,.T.);
#5069=FACE_BOUND('',#4445,.T.);
#5070=FACE_BOUND('',#4446,.T.);
#5071=FACE_BOUND('',#4447,.T.);
#5072=FACE_BOUND('',#4448,.T.);
#5073=FACE_BOUND('',#4449,.T.);
#5074=FACE_BOUND('',#4450,.T.);
#5075=FACE_BOUND('',#4451,.T.);
#5076=FACE_BOUND('',#4452,.T.);
#5077=FACE_BOUND('',#4453,.T.);
#5078=FACE_BOUND('',#4454,.T.);
#5079=FACE_BOUND('',#4455,.T.);
#5080=FACE_BOUND('',#4456,.T.);
#5081=FACE_BOUND('',#4457,.T.);
#5082=FACE_BOUND('',#4458,.T.);
#5083=FACE_BOUND('',#4459,.T.);
#5084=FACE_BOUND('',#4460,.T.);
#5085=FACE_BOUND('',#4461,.T.);
#5086=FACE_BOUND('',#4462,.T.);
#5087=FACE_BOUND('',#4463,.T.);
#5088=FACE_BOUND('',#4464,.T.);
#5089=FACE_BOUND('',#4465,.T.);
#5090=FACE_BOUND('',#4466,.T.);
#5091=FACE_BOUND('',#4467,.T.);
#5092=FACE_BOUND('',#4468,.T.);
#5093=FACE_BOUND('',#4469,.T.);
#5094=FACE_BOUND('',#4470,.T.);
#5095=FACE_BOUND('',#4471,.T.);
#5096=FACE_BOUND('',#4472,.T.);
#5097=FACE_BOUND('',#4473,.T.);
#5098=FACE_BOUND('',#4474,.T.);
#5099=FACE_BOUND('',#4475,.T.);
#5100=FACE_BOUND('',#4476,.T.);
#5101=FACE_BOUND('',#4477,.T.);
#5102=FACE_BOUND('',#4478,.T.);
#5103=FACE_BOUND('',#4479,.T.);
#5104=FACE_BOUND('',#4480,.T.);
#5105=FACE_BOUND('',#4481,.T.);
#5106=FACE_BOUND('',#4482,.T.);
#5107=FACE_BOUND('',#4483,.T.);
#5108=FACE_BOUND('',#4484,.T.);
#5109=FACE_BOUND('',#4485,.T.);
#5110=FACE_BOUND('',#4486,.T.);
#5111=FACE_BOUND('',#4487,.T.);
#5112=FACE_BOUND('',#4488,.T.);
#5113=FACE_BOUND('',#4489,.T.);
#5114=FACE_BOUND('',#4490,.T.);
#5115=FACE_BOUND('',#4491,.T.);
#5116=FACE_BOUND('',#4492,.T.);
#5117=FACE_BOUND('',#4493,.T.);
#5118=FACE_BOUND('',#4494,.T.);
#5119=FACE_BOUND('',#4495,.T.);
#5120=FACE_BOUND('',#4496,.T.);
#5121=FACE_BOUND('',#4497,.T.);
#5122=FACE_BOUND('',#4498,.T.);
#5123=FACE_BOUND('',#4499,.T.);
#5124=FACE_BOUND('',#4500,.T.);
#5125=FACE_BOUND('',#4501,.T.);
#5126=FACE_BOUND('',#4502,.T.);
#5127=FACE_BOUND('',#4503,.T.);
#5128=FACE_BOUND('',#4504,.T.);
#5129=FACE_BOUND('',#4505,.T.);
#5130=FACE_BOUND('',#4506,.T.);
#5131=FACE_BOUND('',#4507,.T.);
#5132=FACE_BOUND('',#4508,.T.);
#5133=FACE_BOUND('',#4509,.T.);
#5134=FACE_BOUND('',#4510,.T.);
#5135=FACE_BOUND('',#4511,.T.);
#5136=FACE_BOUND('',#4512,.T.);
#5137=FACE_BOUND('',#4513,.T.);
#5138=FACE_BOUND('',#4514,.T.);
#5139=FACE_BOUND('',#4515,.T.);
#5140=FACE_BOUND('',#4516,.T.);
#5141=FACE_BOUND('',#4517,.T.);
#5142=FACE_BOUND('',#4518,.T.);
#5143=FACE_BOUND('',#4519,.T.);
#5144=FACE_BOUND('',#4520,.T.);
#5145=FACE_BOUND('',#4521,.T.);
#5146=FACE_BOUND('',#4522,.T.);
#5147=FACE_BOUND('',#4523,.T.);
#5148=FACE_BOUND('',#4524,.T.);
#5149=FACE_BOUND('',#4525,.T.);
#5150=FACE_BOUND('',#4526,.T.);
#5151=FACE_BOUND('',#4527,.T.);
#5152=FACE_BOUND('',#4528,.T.);
#5153=FACE_BOUND('',#4529,.T.);
#5154=FACE_BOUND('',#4530,.T.);
#5155=FACE_BOUND('',#4531,.T.);
#5156=FACE_BOUND('',#4532,.T.);
#5157=FACE_BOUND('',#4533,.T.);
#5158=FACE_BOUND('',#4534,.T.);
#5159=FACE_BOUND('',#4535,.T.);
#5160=FACE_BOUND('',#4536,.T.);
#5161=FACE_BOUND('',#4537,.T.);
#5162=FACE_BOUND('',#4538,.T.);
#5163=FACE_BOUND('',#4539,.T.);
#5164=FACE_BOUND('',#4540,.T.);
#5165=FACE_BOUND('',#4541,.T.);
#5166=FACE_BOUND('',#4542,.T.);
#5167=FACE_BOUND('',#4543,.T.);
#5168=FACE_BOUND('',#4544,.T.);
#5169=FACE_BOUND('',#4545,.T.);
#5170=FACE_BOUND('',#4546,.T.);
#5171=FACE_BOUND('',#4547,.T.);
#5172=FACE_BOUND('',#4548,.T.);
#5173=FACE_BOUND('',#4549,.T.);
#5174=FACE_BOUND('',#4550,.T.);
#5175=FACE_BOUND('',#4551,.T.);
#5176=FACE_BOUND('',#4552,.T.);
#5177=FACE_BOUND('',#4553,.T.);
#5178=FACE_BOUND('',#4554,.T.);
#5179=FACE_BOUND('',#4555,.T.);
#5180=FACE_BOUND('',#4556,.T.);
#5181=FACE_BOUND('',#4557,.T.);
#5182=FACE_BOUND('',#4558,.T.);
#5183=FACE_BOUND('',#4559,.T.);
#5184=FACE_BOUND('',#4560,.T.);
#5185=FACE_BOUND('',#4561,.T.);
#5186=FACE_BOUND('',#4562,.T.);
#5187=FACE_BOUND('',#4563,.T.);
#5188=FACE_BOUND('',#4564,.T.);
#5189=FACE_BOUND('',#4565,.T.);
#5190=FACE_BOUND('',#4566,.T.);
#5191=FACE_BOUND('',#4567,.T.);
#5192=FACE_BOUND('',#4568,.T.);
#5193=FACE_BOUND('',#4569,.T.);
#5194=FACE_BOUND('',#4570,.T.);
#5195=FACE_BOUND('',#4571,.T.);
#5196=FACE_BOUND('',#4572,.T.);
#5197=FACE_BOUND('',#4573,.T.);
#5198=FACE_BOUND('',#4574,.T.);
#5199=FACE_BOUND('',#4575,.T.);
#5200=FACE_BOUND('',#4576,.T.);
#5201=FACE_BOUND('',#4577,.T.);
#5202=FACE_BOUND('',#4578,.T.);
#5203=FACE_BOUND('',#4579,.T.);
#5204=FACE_BOUND('',#4580,.T.);
#5205=FACE_BOUND('',#4581,.T.);
#5206=FACE_BOUND('',#4582,.T.);
#5207=FACE_BOUND('',#4583,.T.);
#5208=FACE_BOUND('',#4584,.T.);
#5209=FACE_BOUND('',#4585,.T.);
#5210=FACE_BOUND('',#4586,.T.);
#5211=FACE_BOUND('',#4587,.T.);
#5212=FACE_BOUND('',#4588,.T.);
#5213=FACE_BOUND('',#4589,.T.);
#5214=FACE_BOUND('',#4590,.T.);
#5215=FACE_BOUND('',#4591,.T.);
#5216=FACE_BOUND('',#4592,.T.);
#5217=FACE_BOUND('',#4593,.T.);
#5218=FACE_BOUND('',#4594,.T.);
#5219=FACE_BOUND('',#4595,.T.);
#5220=FACE_BOUND('',#4596,.T.);
#5221=FACE_BOUND('',#4597,.T.);
#5222=FACE_BOUND('',#4598,.T.);
#5223=FACE_BOUND('',#4599,.T.);
#5224=FACE_BOUND('',#4600,.T.);
#5225=FACE_BOUND('',#4601,.T.);
#5226=FACE_BOUND('',#4602,.T.);
#5227=FACE_BOUND('',#4603,.T.);
#5228=FACE_BOUND('',#4604,.T.);
#5229=FACE_BOUND('',#4605,.T.);
#5230=FACE_BOUND('',#4606,.T.);
#5231=FACE_BOUND('',#4607,.T.);
#5232=FACE_BOUND('',#4608,.T.);
#5233=FACE_BOUND('',#4609,.T.);
#5234=FACE_BOUND('',#4610,.T.);
#5235=FACE_BOUND('',#4611,.T.);
#5236=FACE_BOUND('',#4612,.T.);
#5237=FACE_BOUND('',#4613,.T.);
#5238=FACE_BOUND('',#4614,.T.);
#5239=FACE_BOUND('',#4615,.T.);
#5240=FACE_BOUND('',#4616,.T.);
#5241=FACE_BOUND('',#4617,.T.);
#5242=FACE_BOUND('',#4618,.T.);
#5243=FACE_BOUND('',#4619,.T.);
#5244=FACE_BOUND('',#4620,.T.);
#5245=FACE_BOUND('',#4621,.T.);
#5246=FACE_BOUND('',#4622,.T.);
#5247=FACE_BOUND('',#4623,.T.);
#5248=FACE_BOUND('',#4624,.T.);
#5249=FACE_BOUND('',#4625,.T.);
#5250=FACE_BOUND('',#4626,.T.);
#5251=FACE_BOUND('',#4627,.T.);
#5252=FACE_BOUND('',#4628,.T.);
#5253=FACE_BOUND('',#4629,.T.);
#5254=FACE_BOUND('',#4630,.T.);
#5255=FACE_BOUND('',#4631,.T.);
#5256=FACE_BOUND('',#4632,.T.);
#5257=FACE_BOUND('',#4633,.T.);
#5258=FACE_BOUND('',#4634,.T.);
#5259=FACE_BOUND('',#4635,.T.);
#5260=FACE_BOUND('',#4636,.T.);
#5261=FACE_BOUND('',#4637,.T.);
#5262=FACE_BOUND('',#4638,.T.);
#5263=FACE_BOUND('',#4639,.T.);
#5264=FACE_BOUND('',#4640,.T.);
#5265=FACE_BOUND('',#4641,.T.);
#5266=FACE_BOUND('',#4642,.T.);
#5267=FACE_BOUND('',#4643,.T.);
#5268=FACE_BOUND('',#4644,.T.);
#5269=FACE_BOUND('',#4645,.T.);
#5270=FACE_BOUND('',#4646,.T.);
#5271=FACE_BOUND('',#4647,.T.);
#5272=FACE_BOUND('',#4648,.T.);
#5273=FACE_BOUND('',#4649,.T.);
#5274=FACE_BOUND('',#4650,.T.);
#5275=FACE_BOUND('',#4651,.T.);
#5276=FACE_BOUND('',#4652,.T.);
#5277=FACE_BOUND('',#4653,.T.);
#5278=FACE_BOUND('',#4654,.T.);
#5279=FACE_BOUND('',#4655,.T.);
#5280=FACE_BOUND('',#4656,.T.);
#5281=FACE_BOUND('',#4657,.T.);
#5282=FACE_BOUND('',#4658,.T.);
#5283=FACE_BOUND('',#4659,.T.);
#5284=FACE_BOUND('',#4660,.T.);
#5285=FACE_BOUND('',#4661,.T.);
#5286=FACE_BOUND('',#4662,.T.);
#5287=FACE_BOUND('',#4663,.T.);
#5288=FACE_BOUND('',#4664,.T.);
#5289=FACE_BOUND('',#4665,.T.);
#5290=FACE_BOUND('',#4666,.T.);
#5291=FACE_BOUND('',#4667,.T.);
#5292=FACE_BOUND('',#4668,.T.);
#5293=FACE_BOUND('',#4669,.T.);
#5294=FACE_BOUND('',#4670,.T.);
#5295=FACE_BOUND('',#4671,.T.);
#5296=FACE_BOUND('',#4672,.T.);
#5297=FACE_BOUND('',#4673,.T.);
#5298=FACE_BOUND('',#4674,.T.);
#5299=FACE_BOUND('',#4675,.T.);
#5300=FACE_BOUND('',#4676,.T.);
#5301=FACE_BOUND('',#4677,.T.);
#5302=FACE_BOUND('',#4678,.T.);
#5303=FACE_BOUND('',#4679,.T.);
#5304=FACE_BOUND('',#4680,.T.);
#5305=FACE_BOUND('',#4681,.T.);
#5306=FACE_BOUND('',#4682,.T.);
#5307=FACE_BOUND('',#4683,.T.);
#5308=FACE_BOUND('',#4684,.T.);
#5309=FACE_BOUND('',#4685,.T.);
#5310=FACE_BOUND('',#4686,.T.);
#5311=FACE_BOUND('',#4687,.T.);
#5312=FACE_BOUND('',#4688,.T.);
#5313=FACE_BOUND('',#4689,.T.);
#5314=FACE_BOUND('',#4690,.T.);
#5315=FACE_BOUND('',#4691,.T.);
#5316=FACE_BOUND('',#4692,.T.);
#5317=FACE_BOUND('',#4693,.T.);
#5318=FACE_BOUND('',#4694,.T.);
#5319=FACE_BOUND('',#4695,.T.);
#5320=FACE_BOUND('',#4696,.T.);
#5321=FACE_BOUND('',#4697,.T.);
#5322=FACE_BOUND('',#4698,.T.);
#5323=FACE_BOUND('',#4699,.T.);
#5324=FACE_BOUND('',#4700,.T.);
#5325=FACE_BOUND('',#4701,.T.);
#5326=FACE_BOUND('',#4702,.T.);
#5327=FACE_BOUND('',#4703,.T.);
#5328=FACE_BOUND('',#4704,.T.);
#5329=FACE_BOUND('',#4705,.T.);
#5330=FACE_BOUND('',#4706,.T.);
#5331=FACE_BOUND('',#4707,.T.);
#5332=FACE_BOUND('',#4708,.T.);
#5333=FACE_BOUND('',#4709,.T.);
#5334=FACE_BOUND('',#4710,.T.);
#5335=FACE_BOUND('',#4711,.T.);
#5336=FACE_BOUND('',#4712,.T.);
#5337=FACE_BOUND('',#4713,.T.);
#5338=FACE_BOUND('',#4714,.T.);
#5339=FACE_BOUND('',#4715,.T.);
#5340=FACE_BOUND('',#4716,.T.);
#5341=FACE_BOUND('',#4717,.T.);
#5342=FACE_BOUND('',#4718,.T.);
#5343=FACE_BOUND('',#4719,.T.);
#5344=FACE_BOUND('',#4720,.T.);
#5345=FACE_BOUND('',#4721,.T.);
#5346=FACE_BOUND('',#4722,.T.);
#5347=FACE_BOUND('',#4723,.T.);
#5348=FACE_BOUND('',#4724,.T.);
#5349=FACE_BOUND('',#4725,.T.);
#5350=FACE_BOUND('',#4726,.T.);
#5351=FACE_BOUND('',#4727,.T.);
#5352=FACE_BOUND('',#4728,.T.);
#5353=FACE_BOUND('',#4729,.T.);
#5354=FACE_BOUND('',#4730,.T.);
#5355=FACE_BOUND('',#4731,.T.);
#5356=CYLINDRICAL_SURFACE('',#5761,0.002);
#5357=CYLINDRICAL_SURFACE('',#5767,0.002);
#5358=CYLINDRICAL_SURFACE('',#5773,0.002);
#5359=CYLINDRICAL_SURFACE('',#5779,0.002);
#5360=CYLINDRICAL_SURFACE('',#5782,0.0011);
#5361=CYLINDRICAL_SURFACE('',#5785,0.0011);
#5362=CYLINDRICAL_SURFACE('',#5856,0.001524);
#5363=CYLINDRICAL_SURFACE('',#5862,0.0019939);
#5364=CYLINDRICAL_SURFACE('',#5866,0.0019939);
#5365=CYLINDRICAL_SURFACE('',#5872,0.001524);
#5366=CYLINDRICAL_SURFACE('',#5884,0.001524);
#5367=CYLINDRICAL_SURFACE('',#5890,0.0019939);
#5368=CYLINDRICAL_SURFACE('',#5894,0.0019939);
#5369=CYLINDRICAL_SURFACE('',#5900,0.001524);
#5370=CYLINDRICAL_SURFACE('',#5908,0.0004);
#5371=CYLINDRICAL_SURFACE('',#5911,0.0004);
#5372=CYLINDRICAL_SURFACE('',#5914,0.0004);
#5373=CYLINDRICAL_SURFACE('',#5917,0.0004);
#5374=CYLINDRICAL_SURFACE('',#5920,0.0004);
#5375=CYLINDRICAL_SURFACE('',#5923,0.0004);
#5376=CYLINDRICAL_SURFACE('',#5926,0.0004);
#5377=CYLINDRICAL_SURFACE('',#5929,0.0004);
#5378=CYLINDRICAL_SURFACE('',#5932,0.0004);
#5379=CYLINDRICAL_SURFACE('',#5935,0.0004);
#5380=CYLINDRICAL_SURFACE('',#5938,0.0004);
#5381=CYLINDRICAL_SURFACE('',#5941,0.0004);
#5382=CYLINDRICAL_SURFACE('',#5944,0.0004);
#5383=CYLINDRICAL_SURFACE('',#5947,0.0004);
#5384=CYLINDRICAL_SURFACE('',#5950,0.0004);
#5385=CYLINDRICAL_SURFACE('',#5953,0.0004);
#5386=CYLINDRICAL_SURFACE('',#5956,0.0004);
#5387=CYLINDRICAL_SURFACE('',#5959,0.0004);
#5388=CYLINDRICAL_SURFACE('',#5962,0.0004);
#5389=CYLINDRICAL_SURFACE('',#5965,0.0004);
#5390=CYLINDRICAL_SURFACE('',#5968,0.0004);
#5391=CYLINDRICAL_SURFACE('',#5971,0.0004);
#5392=CYLINDRICAL_SURFACE('',#5974,0.0004);
#5393=CYLINDRICAL_SURFACE('',#5977,0.0004);
#5394=CYLINDRICAL_SURFACE('',#5980,0.0004);
#5395=CYLINDRICAL_SURFACE('',#5983,0.0004);
#5396=CYLINDRICAL_SURFACE('',#5986,0.0004);
#5397=CYLINDRICAL_SURFACE('',#5989,0.0004);
#5398=CYLINDRICAL_SURFACE('',#5992,0.0004);
#5399=CYLINDRICAL_SURFACE('',#5995,0.0004);
#5400=CYLINDRICAL_SURFACE('',#5998,0.0004);
#5401=CYLINDRICAL_SURFACE('',#6001,0.0004);
#5402=CYLINDRICAL_SURFACE('',#6004,0.0004);
#5403=CYLINDRICAL_SURFACE('',#6007,0.0004);
#5404=CYLINDRICAL_SURFACE('',#6010,0.0004);
#5405=CYLINDRICAL_SURFACE('',#6013,0.0004);
#5406=CYLINDRICAL_SURFACE('',#6016,0.0004);
#5407=CYLINDRICAL_SURFACE('',#6019,0.0004);
#5408=CYLINDRICAL_SURFACE('',#6022,0.0004);
#5409=CYLINDRICAL_SURFACE('',#6025,0.0004);
#5410=CYLINDRICAL_SURFACE('',#6028,0.0004);
#5411=CYLINDRICAL_SURFACE('',#6031,0.0004);
#5412=CYLINDRICAL_SURFACE('',#6034,0.0004);
#5413=CYLINDRICAL_SURFACE('',#6037,0.0004);
#5414=CYLINDRICAL_SURFACE('',#6040,0.0004);
#5415=CYLINDRICAL_SURFACE('',#6043,0.0004);
#5416=CYLINDRICAL_SURFACE('',#6046,0.0004);
#5417=CYLINDRICAL_SURFACE('',#6049,0.0004);
#5418=CYLINDRICAL_SURFACE('',#6052,0.0004);
#5419=CYLINDRICAL_SURFACE('',#6055,0.0004);
#5420=CYLINDRICAL_SURFACE('',#6058,0.0004);
#5421=CYLINDRICAL_SURFACE('',#6061,0.0004);
#5422=CYLINDRICAL_SURFACE('',#6064,0.0005);
#5423=CYLINDRICAL_SURFACE('',#6067,0.0005);
#5424=CYLINDRICAL_SURFACE('',#6070,0.0005);
#5425=CYLINDRICAL_SURFACE('',#6073,0.0005);
#5426=CYLINDRICAL_SURFACE('',#6076,0.0005);
#5427=CYLINDRICAL_SURFACE('',#6079,0.0005);
#5428=CYLINDRICAL_SURFACE('',#6082,0.0005);
#5429=CYLINDRICAL_SURFACE('',#6085,0.0005);
#5430=CYLINDRICAL_SURFACE('',#6088,0.0005);
#5431=CYLINDRICAL_SURFACE('',#6091,0.0005);
#5432=CYLINDRICAL_SURFACE('',#6094,0.0005);
#5433=CYLINDRICAL_SURFACE('',#6097,0.0005);
#5434=CYLINDRICAL_SURFACE('',#6100,0.0005);
#5435=CYLINDRICAL_SURFACE('',#6103,0.0005);
#5436=CYLINDRICAL_SURFACE('',#6106,0.0005);
#5437=CYLINDRICAL_SURFACE('',#6109,0.0005);
#5438=CYLINDRICAL_SURFACE('',#6112,0.0005);
#5439=CYLINDRICAL_SURFACE('',#6115,0.0005);
#5440=CYLINDRICAL_SURFACE('',#6118,0.0005);
#5441=CYLINDRICAL_SURFACE('',#6121,0.0005);
#5442=CYLINDRICAL_SURFACE('',#6124,0.000925);
#5443=CYLINDRICAL_SURFACE('',#6127,0.0011);
#5444=CYLINDRICAL_SURFACE('',#6130,0.0005);
#5445=CYLINDRICAL_SURFACE('',#6133,0.0005);
#5446=CYLINDRICAL_SURFACE('',#6136,0.0005);
#5447=CYLINDRICAL_SURFACE('',#6139,0.0005);
#5448=CYLINDRICAL_SURFACE('',#6142,0.0005);
#5449=CYLINDRICAL_SURFACE('',#6145,0.0005);
#5450=CYLINDRICAL_SURFACE('',#6148,0.0005);
#5451=CYLINDRICAL_SURFACE('',#6151,0.0005);
#5452=CYLINDRICAL_SURFACE('',#6154,0.0005);
#5453=CYLINDRICAL_SURFACE('',#6157,0.000925);
#5454=CYLINDRICAL_SURFACE('',#6160,0.0011);
#5455=CYLINDRICAL_SURFACE('',#6163,0.0005);
#5456=CYLINDRICAL_SURFACE('',#6166,0.0005);
#5457=CYLINDRICAL_SURFACE('',#6169,0.0005);
#5458=CYLINDRICAL_SURFACE('',#6172,0.0005);
#5459=CYLINDRICAL_SURFACE('',#6175,0.0005);
#5460=CYLINDRICAL_SURFACE('',#6178,0.0005);
#5461=CYLINDRICAL_SURFACE('',#6181,0.0005);
#5462=CYLINDRICAL_SURFACE('',#6184,0.0005);
#5463=CYLINDRICAL_SURFACE('',#6187,0.0005);
#5464=CYLINDRICAL_SURFACE('',#6190,0.0005);
#5465=CYLINDRICAL_SURFACE('',#6193,0.0005);
#5466=CYLINDRICAL_SURFACE('',#6200,0.001524);
#5467=CYLINDRICAL_SURFACE('',#6206,0.0019939);
#5468=CYLINDRICAL_SURFACE('',#6210,0.0004);
#5469=CYLINDRICAL_SURFACE('',#6214,0.0004);
#5470=CYLINDRICAL_SURFACE('',#6218,0.0019939);
#5471=CYLINDRICAL_SURFACE('',#6224,0.001524);
#5472=ADVANCED_FACE('',(#4732),#5356,.F.);
#5473=ADVANCED_FACE('',(#4733),#12,.F.);
#5474=ADVANCED_FACE('',(#4734),#13,.T.);
#5475=ADVANCED_FACE('',(#4735),#14,.T.);
#5476=ADVANCED_FACE('',(#4736),#5357,.F.);
#5477=ADVANCED_FACE('',(#4737),#15,.T.);
#5478=ADVANCED_FACE('',(#4738),#16,.T.);
#5479=ADVANCED_FACE('',(#4739),#17,.T.);
#5480=ADVANCED_FACE('',(#4740),#5358,.F.);
#5481=ADVANCED_FACE('',(#4741),#18,.F.);
#5482=ADVANCED_FACE('',(#4742),#19,.F.);
#5483=ADVANCED_FACE('',(#4743),#20,.T.);
#5484=ADVANCED_FACE('',(#4744),#5359,.F.);
#5485=ADVANCED_FACE('',(#4745,#4746),#5360,.F.);
#5486=ADVANCED_FACE('',(#4747,#4748),#5361,.F.);
#5487=ADVANCED_FACE('',(#4749),#21,.T.);
#5488=ADVANCED_FACE('',(#4750),#22,.F.);
#5489=ADVANCED_FACE('',(#4751),#23,.F.);
#5490=ADVANCED_FACE('',(#4752),#24,.T.);
#5491=ADVANCED_FACE('',(#4753),#25,.T.);
#5492=ADVANCED_FACE('',(#4754),#26,.F.);
#5493=ADVANCED_FACE('',(#4755),#27,.F.);
#5494=ADVANCED_FACE('',(#4756),#28,.T.);
#5495=ADVANCED_FACE('',(#4757),#29,.F.);
#5496=ADVANCED_FACE('',(#4758),#30,.T.);
#5497=ADVANCED_FACE('',(#4759),#31,.T.);
#5498=ADVANCED_FACE('',(#4760),#32,.F.);
#5499=ADVANCED_FACE('',(#4761),#33,.F.);
#5500=ADVANCED_FACE('',(#4762),#34,.F.);
#5501=ADVANCED_FACE('',(#4763),#35,.T.);
#5502=ADVANCED_FACE('',(#4764),#36,.T.);
#5503=ADVANCED_FACE('',(#4765),#37,.T.);
#5504=ADVANCED_FACE('',(#4766),#38,.F.);
#5505=ADVANCED_FACE('',(#4767),#39,.F.);
#5506=ADVANCED_FACE('',(#4768),#40,.T.);
#5507=ADVANCED_FACE('',(#4769),#41,.T.);
#5508=ADVANCED_FACE('',(#4770),#42,.F.);
#5509=ADVANCED_FACE('',(#4771),#43,.F.);
#5510=ADVANCED_FACE('',(#4772),#44,.T.);
#5511=ADVANCED_FACE('',(#4773),#45,.T.);
#5512=ADVANCED_FACE('',(#4774),#46,.F.);
#5513=ADVANCED_FACE('',(#4775),#47,.F.);
#5514=ADVANCED_FACE('',(#4776),#48,.T.);
#5515=ADVANCED_FACE('',(#4777),#49,.T.);
#5516=ADVANCED_FACE('',(#4778),#50,.F.);
#5517=ADVANCED_FACE('',(#4779),#51,.F.);
#5518=ADVANCED_FACE('',(#4780),#52,.T.);
#5519=ADVANCED_FACE('',(#4781),#53,.T.);
#5520=ADVANCED_FACE('',(#4782),#54,.F.);
#5521=ADVANCED_FACE('',(#4783),#55,.F.);
#5522=ADVANCED_FACE('',(#4784),#56,.T.);
#5523=ADVANCED_FACE('',(#4785),#57,.T.);
#5524=ADVANCED_FACE('',(#4786),#58,.F.);
#5525=ADVANCED_FACE('',(#4787),#59,.F.);
#5526=ADVANCED_FACE('',(#4788),#60,.T.);
#5527=ADVANCED_FACE('',(#4789),#61,.T.);
#5528=ADVANCED_FACE('',(#4790),#62,.F.);
#5529=ADVANCED_FACE('',(#4791),#63,.F.);
#5530=ADVANCED_FACE('',(#4792),#64,.T.);
#5531=ADVANCED_FACE('',(#4793),#65,.T.);
#5532=ADVANCED_FACE('',(#4794),#66,.F.);
#5533=ADVANCED_FACE('',(#4795),#67,.F.);
#5534=ADVANCED_FACE('',(#4796),#68,.T.);
#5535=ADVANCED_FACE('',(#4797),#69,.T.);
#5536=ADVANCED_FACE('',(#4798),#70,.F.);
#5537=ADVANCED_FACE('',(#4799),#71,.F.);
#5538=ADVANCED_FACE('',(#4800),#72,.T.);
#5539=ADVANCED_FACE('',(#4801),#73,.T.);
#5540=ADVANCED_FACE('',(#4802),#74,.F.);
#5541=ADVANCED_FACE('',(#4803),#75,.F.);
#5542=ADVANCED_FACE('',(#4804),#76,.T.);
#5543=ADVANCED_FACE('',(#4805),#77,.T.);
#5544=ADVANCED_FACE('',(#4806),#78,.F.);
#5545=ADVANCED_FACE('',(#4807),#79,.F.);
#5546=ADVANCED_FACE('',(#4808),#80,.T.);
#5547=ADVANCED_FACE('',(#4809),#81,.F.);
#5548=ADVANCED_FACE('',(#4810),#82,.F.);
#5549=ADVANCED_FACE('',(#4811),#83,.T.);
#5550=ADVANCED_FACE('',(#4812),#84,.T.);
#5551=ADVANCED_FACE('',(#4813),#85,.F.);
#5552=ADVANCED_FACE('',(#4814),#86,.F.);
#5553=ADVANCED_FACE('',(#4815),#87,.T.);
#5554=ADVANCED_FACE('',(#4816),#88,.T.);
#5555=ADVANCED_FACE('',(#4817),#5362,.F.);
#5556=ADVANCED_FACE('',(#4818),#89,.T.);
#5557=ADVANCED_FACE('',(#4819),#90,.F.);
#5558=ADVANCED_FACE('',(#4820),#91,.T.);
#5559=ADVANCED_FACE('',(#4821),#5363,.F.);
#5560=ADVANCED_FACE('',(#4822),#92,.T.);
#5561=ADVANCED_FACE('',(#4823),#5364,.F.);
#5562=ADVANCED_FACE('',(#4824),#93,.T.);
#5563=ADVANCED_FACE('',(#4825),#94,.T.);
#5564=ADVANCED_FACE('',(#4826),#95,.T.);
#5565=ADVANCED_FACE('',(#4827),#5365,.F.);
#5566=ADVANCED_FACE('',(#4828),#96,.T.);
#5567=ADVANCED_FACE('',(#4829),#97,.F.);
#5568=ADVANCED_FACE('',(#4830),#98,.F.);
#5569=ADVANCED_FACE('',(#4831),#99,.T.);
#5570=ADVANCED_FACE('',(#4832),#100,.T.);
#5571=ADVANCED_FACE('',(#4833),#101,.F.);
#5572=ADVANCED_FACE('',(#4834),#102,.F.);
#5573=ADVANCED_FACE('',(#4835),#103,.T.);
#5574=ADVANCED_FACE('',(#4836),#104,.T.);
#5575=ADVANCED_FACE('',(#4837),#5366,.F.);
#5576=ADVANCED_FACE('',(#4838),#105,.T.);
#5577=ADVANCED_FACE('',(#4839),#106,.F.);
#5578=ADVANCED_FACE('',(#4840),#107,.T.);
#5579=ADVANCED_FACE('',(#4841),#5367,.F.);
#5580=ADVANCED_FACE('',(#4842),#108,.T.);
#5581=ADVANCED_FACE('',(#4843),#5368,.F.);
#5582=ADVANCED_FACE('',(#4844),#109,.T.);
#5583=ADVANCED_FACE('',(#4845),#110,.T.);
#5584=ADVANCED_FACE('',(#4846),#111,.T.);
#5585=ADVANCED_FACE('',(#4847),#5369,.F.);
#5586=ADVANCED_FACE('',(#4848),#112,.T.);
#5587=ADVANCED_FACE('',(#4849),#113,.F.);
#5588=ADVANCED_FACE('',(#4850),#114,.F.);
#5589=ADVANCED_FACE('',(#4851),#115,.T.);
#5590=ADVANCED_FACE('',(#4852),#116,.T.);
#5591=ADVANCED_FACE('',(#4853,#4854),#5370,.F.);
#5592=ADVANCED_FACE('',(#4855,#4856),#5371,.F.);
#5593=ADVANCED_FACE('',(#4857,#4858),#5372,.F.);
#5594=ADVANCED_FACE('',(#4859,#4860),#5373,.F.);
#5595=ADVANCED_FACE('',(#4861,#4862),#5374,.F.);
#5596=ADVANCED_FACE('',(#4863,#4864),#5375,.F.);
#5597=ADVANCED_FACE('',(#4865,#4866),#5376,.F.);
#5598=ADVANCED_FACE('',(#4867,#4868),#5377,.F.);
#5599=ADVANCED_FACE('',(#4869,#4870),#5378,.F.);
#5600=ADVANCED_FACE('',(#4871,#4872),#5379,.F.);
#5601=ADVANCED_FACE('',(#4873,#4874),#5380,.F.);
#5602=ADVANCED_FACE('',(#4875,#4876),#5381,.F.);
#5603=ADVANCED_FACE('',(#4877,#4878),#5382,.F.);
#5604=ADVANCED_FACE('',(#4879,#4880),#5383,.F.);
#5605=ADVANCED_FACE('',(#4881,#4882),#5384,.F.);
#5606=ADVANCED_FACE('',(#4883,#4884),#5385,.F.);
#5607=ADVANCED_FACE('',(#4885,#4886),#5386,.F.);
#5608=ADVANCED_FACE('',(#4887,#4888),#5387,.F.);
#5609=ADVANCED_FACE('',(#4889,#4890),#5388,.F.);
#5610=ADVANCED_FACE('',(#4891,#4892),#5389,.F.);
#5611=ADVANCED_FACE('',(#4893,#4894),#5390,.F.);
#5612=ADVANCED_FACE('',(#4895,#4896),#5391,.F.);
#5613=ADVANCED_FACE('',(#4897,#4898),#5392,.F.);
#5614=ADVANCED_FACE('',(#4899,#4900),#5393,.F.);
#5615=ADVANCED_FACE('',(#4901,#4902),#5394,.F.);
#5616=ADVANCED_FACE('',(#4903,#4904),#5395,.F.);
#5617=ADVANCED_FACE('',(#4905,#4906),#5396,.F.);
#5618=ADVANCED_FACE('',(#4907,#4908),#5397,.F.);
#5619=ADVANCED_FACE('',(#4909,#4910),#5398,.F.);
#5620=ADVANCED_FACE('',(#4911,#4912),#5399,.F.);
#5621=ADVANCED_FACE('',(#4913,#4914),#5400,.F.);
#5622=ADVANCED_FACE('',(#4915,#4916),#5401,.F.);
#5623=ADVANCED_FACE('',(#4917,#4918),#5402,.F.);
#5624=ADVANCED_FACE('',(#4919,#4920),#5403,.F.);
#5625=ADVANCED_FACE('',(#4921,#4922),#5404,.F.);
#5626=ADVANCED_FACE('',(#4923,#4924),#5405,.F.);
#5627=ADVANCED_FACE('',(#4925,#4926),#5406,.F.);
#5628=ADVANCED_FACE('',(#4927,#4928),#5407,.F.);
#5629=ADVANCED_FACE('',(#4929,#4930),#5408,.F.);
#5630=ADVANCED_FACE('',(#4931,#4932),#5409,.F.);
#5631=ADVANCED_FACE('',(#4933,#4934),#5410,.F.);
#5632=ADVANCED_FACE('',(#4935,#4936),#5411,.F.);
#5633=ADVANCED_FACE('',(#4937,#4938),#5412,.F.);
#5634=ADVANCED_FACE('',(#4939,#4940),#5413,.F.);
#5635=ADVANCED_FACE('',(#4941,#4942),#5414,.F.);
#5636=ADVANCED_FACE('',(#4943,#4944),#5415,.F.);
#5637=ADVANCED_FACE('',(#4945,#4946),#5416,.F.);
#5638=ADVANCED_FACE('',(#4947,#4948),#5417,.F.);
#5639=ADVANCED_FACE('',(#4949,#4950),#5418,.F.);
#5640=ADVANCED_FACE('',(#4951,#4952),#5419,.F.);
#5641=ADVANCED_FACE('',(#4953,#4954),#5420,.F.);
#5642=ADVANCED_FACE('',(#4955,#4956),#5421,.F.);
#5643=ADVANCED_FACE('',(#4957,#4958),#5422,.F.);
#5644=ADVANCED_FACE('',(#4959,#4960),#5423,.F.);
#5645=ADVANCED_FACE('',(#4961,#4962),#5424,.F.);
#5646=ADVANCED_FACE('',(#4963,#4964),#5425,.F.);
#5647=ADVANCED_FACE('',(#4965,#4966),#5426,.F.);
#5648=ADVANCED_FACE('',(#4967,#4968),#5427,.F.);
#5649=ADVANCED_FACE('',(#4969,#4970),#5428,.F.);
#5650=ADVANCED_FACE('',(#4971,#4972),#5429,.F.);
#5651=ADVANCED_FACE('',(#4973,#4974),#5430,.F.);
#5652=ADVANCED_FACE('',(#4975,#4976),#5431,.F.);
#5653=ADVANCED_FACE('',(#4977,#4978),#5432,.F.);
#5654=ADVANCED_FACE('',(#4979,#4980),#5433,.F.);
#5655=ADVANCED_FACE('',(#4981,#4982),#5434,.F.);
#5656=ADVANCED_FACE('',(#4983,#4984),#5435,.F.);
#5657=ADVANCED_FACE('',(#4985,#4986),#5436,.F.);
#5658=ADVANCED_FACE('',(#4987,#4988),#5437,.F.);
#5659=ADVANCED_FACE('',(#4989,#4990),#5438,.F.);
#5660=ADVANCED_FACE('',(#4991,#4992),#5439,.F.);
#5661=ADVANCED_FACE('',(#4993,#4994),#5440,.F.);
#5662=ADVANCED_FACE('',(#4995,#4996),#5441,.F.);
#5663=ADVANCED_FACE('',(#4997,#4998),#5442,.F.);
#5664=ADVANCED_FACE('',(#4999,#5000),#5443,.F.);
#5665=ADVANCED_FACE('',(#5001,#5002),#5444,.F.);
#5666=ADVANCED_FACE('',(#5003,#5004),#5445,.F.);
#5667=ADVANCED_FACE('',(#5005,#5006),#5446,.F.);
#5668=ADVANCED_FACE('',(#5007,#5008),#5447,.F.);
#5669=ADVANCED_FACE('',(#5009,#5010),#5448,.F.);
#5670=ADVANCED_FACE('',(#5011,#5012),#5449,.F.);
#5671=ADVANCED_FACE('',(#5013,#5014),#5450,.F.);
#5672=ADVANCED_FACE('',(#5015,#5016),#5451,.F.);
#5673=ADVANCED_FACE('',(#5017,#5018),#5452,.F.);
#5674=ADVANCED_FACE('',(#5019,#5020),#5453,.F.);
#5675=ADVANCED_FACE('',(#5021,#5022),#5454,.F.);
#5676=ADVANCED_FACE('',(#5023,#5024),#5455,.F.);
#5677=ADVANCED_FACE('',(#5025,#5026),#5456,.F.);
#5678=ADVANCED_FACE('',(#5027,#5028),#5457,.F.);
#5679=ADVANCED_FACE('',(#5029,#5030),#5458,.F.);
#5680=ADVANCED_FACE('',(#5031,#5032),#5459,.F.);
#5681=ADVANCED_FACE('',(#5033,#5034),#5460,.F.);
#5682=ADVANCED_FACE('',(#5035,#5036),#5461,.F.);
#5683=ADVANCED_FACE('',(#5037,#5038),#5462,.F.);
#5684=ADVANCED_FACE('',(#5039,#5040),#5463,.F.);
#5685=ADVANCED_FACE('',(#5041,#5042),#5464,.F.);
#5686=ADVANCED_FACE('',(#5043,#5044),#5465,.F.);
#5687=ADVANCED_FACE('',(#5045),#117,.F.);
#5688=ADVANCED_FACE('',(#5046),#118,.F.);
#5689=ADVANCED_FACE('',(#5047),#119,.T.);
#5690=ADVANCED_FACE('',(#5048),#120,.T.);
#5691=ADVANCED_FACE('',(#5049),#5466,.F.);
#5692=ADVANCED_FACE('',(#5050),#121,.T.);
#5693=ADVANCED_FACE('',(#5051),#122,.F.);
#5694=ADVANCED_FACE('',(#5052),#123,.T.);
#5695=ADVANCED_FACE('',(#5053),#5467,.F.);
#5696=ADVANCED_FACE('',(#5054),#124,.T.);
#5697=ADVANCED_FACE('',(#5055),#5468,.F.);
#5698=ADVANCED_FACE('',(#5056),#125,.T.);
#5699=ADVANCED_FACE('',(#5057),#5469,.F.);
#5700=ADVANCED_FACE('',(#5058),#126,.T.);
#5701=ADVANCED_FACE('',(#5059),#5470,.F.);
#5702=ADVANCED_FACE('',(#5060),#127,.T.);
#5703=ADVANCED_FACE('',(#5061),#128,.T.);
#5704=ADVANCED_FACE('',(#5062),#129,.T.);
#5705=ADVANCED_FACE('',(#5063),#5471,.F.);
#5706=ADVANCED_FACE('',(#5064),#130,.T.);
#5707=ADVANCED_FACE('',(#5065),#131,.F.);
#5708=ADVANCED_FACE('',(#5066),#132,.F.);
#5709=ADVANCED_FACE('',(#5067),#133,.T.);
#5710=ADVANCED_FACE('',(#5068),#134,.T.);
#5711=ADVANCED_FACE('',(#5069),#135,.F.);
#5712=ADVANCED_FACE('',(#5070),#136,.F.);
#5713=ADVANCED_FACE('',(#5071),#137,.T.);
#5714=ADVANCED_FACE('',(#5072),#138,.T.);
#5715=ADVANCED_FACE('',(#5073),#139,.T.);
#5716=ADVANCED_FACE('',(#5074),#140,.F.);
#5717=ADVANCED_FACE('',(#5075),#141,.F.);
#5718=ADVANCED_FACE('',(#5076),#142,.T.);
#5719=ADVANCED_FACE('',(#5077),#143,.T.);
#5720=ADVANCED_FACE('',(#5078),#144,.F.);
#5721=ADVANCED_FACE('',(#5079),#145,.F.);
#5722=ADVANCED_FACE('',(#5080),#146,.T.);
#5723=ADVANCED_FACE('',(#5081),#147,.F.);
#5724=ADVANCED_FACE('',(#5082),#148,.F.);
#5725=ADVANCED_FACE('',(#5083),#149,.T.);
#5726=ADVANCED_FACE('',(#5084),#150,.T.);
#5727=ADVANCED_FACE('',(#5085),#151,.T.);
#5728=ADVANCED_FACE('',(#5086),#152,.F.);
#5729=ADVANCED_FACE('',(#5087),#153,.F.);
#5730=ADVANCED_FACE('',(#5088),#154,.T.);
#5731=ADVANCED_FACE('',(#5089),#155,.T.);
#5732=ADVANCED_FACE('',(#5090),#156,.F.);
#5733=ADVANCED_FACE('',(#5091),#157,.F.);
#5734=ADVANCED_FACE('',(#5092),#158,.T.);
#5735=ADVANCED_FACE('',(#5093),#159,.F.);
#5736=ADVANCED_FACE('',(#5094),#160,.T.);
#5737=ADVANCED_FACE('',(#5095),#161,.T.);
#5738=ADVANCED_FACE('',(#5096),#162,.F.);
#5739=ADVANCED_FACE('',(#5097),#163,.T.);
#5740=ADVANCED_FACE('',(#5098),#164,.F.);
#5741=ADVANCED_FACE('',(#5099),#165,.F.);
#5742=ADVANCED_FACE('',(#5100),#166,.T.);
#5743=ADVANCED_FACE('',(#5101,#5102,#5103,#5104,#5105,#5106,#5107,#5108,
#5109,#5110,#5111,#5112,#5113,#5114,#5115,#5116,#5117,#5118,#5119,#5120,
#5121,#5122,#5123,#5124,#5125,#5126,#5127,#5128,#5129,#5130,#5131,#5132,
#5133,#5134,#5135,#5136,#5137,#5138,#5139,#5140,#5141,#5142,#5143,#5144,
#5145,#5146,#5147,#5148,#5149,#5150,#5151,#5152,#5153,#5154,#5155,#5156,
#5157,#5158,#5159,#5160,#5161,#5162,#5163,#5164,#5165,#5166,#5167,#5168,
#5169,#5170,#5171,#5172,#5173,#5174,#5175,#5176,#5177,#5178,#5179,#5180,
#5181,#5182,#5183,#5184,#5185,#5186,#5187,#5188,#5189,#5190,#5191,#5192,
#5193,#5194,#5195,#5196,#5197,#5198,#5199,#5200,#5201,#5202,#5203,#5204,
#5205,#5206,#5207,#5208,#5209,#5210,#5211,#5212,#5213,#5214,#5215,#5216,
#5217,#5218,#5219,#5220,#5221,#5222,#5223,#5224,#5225,#5226),#167,.T.);
#5744=ADVANCED_FACE('',(#5227,#5228,#5229,#5230,#5231,#5232,#5233,#5234,
#5235,#5236,#5237,#5238,#5239,#5240,#5241,#5242,#5243,#5244,#5245,#5246,
#5247,#5248,#5249,#5250,#5251,#5252,#5253,#5254,#5255,#5256,#5257,#5258,
#5259,#5260,#5261,#5262,#5263,#5264,#5265,#5266,#5267,#5268,#5269,#5270,
#5271,#5272,#5273,#5274,#5275,#5276,#5277,#5278,#5279,#5280,#5281,#5282,
#5283,#5284,#5285,#5286,#5287,#5288,#5289,#5290,#5291,#5292,#5293,#5294,
#5295,#5296,#5297,#5298,#5299,#5300,#5301,#5302,#5303,#5304,#5305,#5306,
#5307,#5308,#5309,#5310,#5311,#5312,#5313,#5314,#5315,#5316,#5317,#5318,
#5319,#5320,#5321,#5322,#5323,#5324,#5325,#5326,#5327,#5328,#5329,#5330,
#5331,#5332,#5333,#5334,#5335,#5336,#5337,#5338,#5339,#5340,#5341,#5342,
#5343,#5344,#5345,#5346,#5347,#5348,#5349,#5350,#5351,#5352),#168,.F.);
#5745=ADVANCED_FACE('',(#5353),#169,.T.);
#5746=ADVANCED_FACE('',(#5354),#170,.T.);
#5747=ADVANCED_FACE('',(#5355),#171,.F.);
#5748=CLOSED_SHELL('',(#5472,#5473,#5474,#5475,#5476,#5477,#5478,#5479,
#5480,#5481,#5482,#5483,#5484,#5485,#5486,#5487,#5488,#5489,#5490,#5491,
#5492,#5493,#5494,#5495,#5496,#5497,#5498,#5499,#5500,#5501,#5502,#5503,
#5504,#5505,#5506,#5507,#5508,#5509,#5510,#5511,#5512,#5513,#5514,#5515,
#5516,#5517,#5518,#5519,#5520,#5521,#5522,#5523,#5524,#5525,#5526,#5527,
#5528,#5529,#5530,#5531,#5532,#5533,#5534,#5535,#5536,#5537,#5538,#5539,
#5540,#5541,#5542,#5543,#5544,#5545,#5546,#5547,#5548,#5549,#5550,#5551,
#5552,#5553,#5554,#5555,#5556,#5557,#5558,#5559,#5560,#5561,#5562,#5563,
#5564,#5565,#5566,#5567,#5568,#5569,#5570,#5571,#5572,#5573,#5574,#5575,
#5576,#5577,#5578,#5579,#5580,#5581,#5582,#5583,#5584,#5585,#5586,#5587,
#5588,#5589,#5590,#5591,#5592,#5593,#5594,#5595,#5596,#5597,#5598,#5599,
#5600,#5601,#5602,#5603,#5604,#5605,#5606,#5607,#5608,#5609,#5610,#5611,
#5612,#5613,#5614,#5615,#5616,#5617,#5618,#5619,#5620,#5621,#5622,#5623,
#5624,#5625,#5626,#5627,#5628,#5629,#5630,#5631,#5632,#5633,#5634,#5635,
#5636,#5637,#5638,#5639,#5640,#5641,#5642,#5643,#5644,#5645,#5646,#5647,
#5648,#5649,#5650,#5651,#5652,#5653,#5654,#5655,#5656,#5657,#5658,#5659,
#5660,#5661,#5662,#5663,#5664,#5665,#5666,#5667,#5668,#5669,#5670,#5671,
#5672,#5673,#5674,#5675,#5676,#5677,#5678,#5679,#5680,#5681,#5682,#5683,
#5684,#5685,#5686,#5687,#5688,#5689,#5690,#5691,#5692,#5693,#5694,#5695,
#5696,#5697,#5698,#5699,#5700,#5701,#5702,#5703,#5704,#5705,#5706,#5707,
#5708,#5709,#5710,#5711,#5712,#5713,#5714,#5715,#5716,#5717,#5718,#5719,
#5720,#5721,#5722,#5723,#5724,#5725,#5726,#5727,#5728,#5729,#5730,#5731,
#5732,#5733,#5734,#5735,#5736,#5737,#5738,#5739,#5740,#5741,#5742,#5743,
#5744,#5745,#5746,#5747));
#5749=STYLED_ITEM('',(#5750),#5757);
#5750=PRESENTATION_STYLE_ASSIGNMENT((#5751));
#5751=SURFACE_STYLE_USAGE(.BOTH.,#5752);
#5752=SURFACE_SIDE_STYLE('',(#5753));
#5753=SURFACE_STYLE_FILL_AREA(#5754);
#5754=FILL_AREA_STYLE('',(#5755));
#5755=FILL_AREA_STYLE_COLOUR('',#5756);
#5756=COLOUR_RGB('',0.615686274509804,0.811764705882353,0.929411764705882);
#5757=MANIFOLD_SOLID_BREP('PlateRight',#5748);
#5758=SHAPE_DEFINITION_REPRESENTATION(#9334,#5759);
#5759=SHAPE_REPRESENTATION('PlateRight',(#5760),#9329);
#5760=AXIS2_PLACEMENT_3D('',#7779,#6269,#6270);
#5761=AXIS2_PLACEMENT_3D('',#7780,#6271,#6272);
#5762=AXIS2_PLACEMENT_3D('',#7781,#6273,#6274);
#5763=AXIS2_PLACEMENT_3D('',#7786,#6276,#6277);
#5764=AXIS2_PLACEMENT_3D('',#7789,#6279,#6280);
#5765=AXIS2_PLACEMENT_3D('',#7795,#6284,#6285);
#5766=AXIS2_PLACEMENT_3D('',#7801,#6289,#6290);
#5767=AXIS2_PLACEMENT_3D('',#7807,#6294,#6295);
#5768=AXIS2_PLACEMENT_3D('',#7808,#6296,#6297);
#5769=AXIS2_PLACEMENT_3D('',#7810,#6298,#6299);
#5770=AXIS2_PLACEMENT_3D('',#7813,#6301,#6302);
#5771=AXIS2_PLACEMENT_3D('',#7819,#6306,#6307);
#5772=AXIS2_PLACEMENT_3D('',#7825,#6311,#6312);
#5773=AXIS2_PLACEMENT_3D('',#7831,#6316,#6317);
#5774=AXIS2_PLACEMENT_3D('',#7832,#6318,#6319);
#5775=AXIS2_PLACEMENT_3D('',#7834,#6320,#6321);
#5776=AXIS2_PLACEMENT_3D('',#7837,#6323,#6324);
#5777=AXIS2_PLACEMENT_3D('',#7843,#6328,#6329);
#5778=AXIS2_PLACEMENT_3D('',#7849,#6333,#6334);
#5779=AXIS2_PLACEMENT_3D('',#7855,#6338,#6339);
#5780=AXIS2_PLACEMENT_3D('',#7856,#6340,#6341);
#5781=AXIS2_PLACEMENT_3D('',#7858,#6342,#6343);
#5782=AXIS2_PLACEMENT_3D('',#7861,#6345,#6346);
#5783=AXIS2_PLACEMENT_3D('',#7862,#6347,#6348);
#5784=AXIS2_PLACEMENT_3D('',#7864,#6349,#6350);
#5785=AXIS2_PLACEMENT_3D('',#7866,#6351,#6352);
#5786=AXIS2_PLACEMENT_3D('',#7867,#6353,#6354);
#5787=AXIS2_PLACEMENT_3D('',#7869,#6355,#6356);
#5788=AXIS2_PLACEMENT_3D('',#7871,#6357,#6358);
#5789=AXIS2_PLACEMENT_3D('',#7880,#6363,#6364);
#5790=AXIS2_PLACEMENT_3D('',#7886,#6368,#6369);
#5791=AXIS2_PLACEMENT_3D('',#7892,#6373,#6374);
#5792=AXIS2_PLACEMENT_3D('',#7895,#6377,#6378);
#5793=AXIS2_PLACEMENT_3D('',#7904,#6383,#6384);
#5794=AXIS2_PLACEMENT_3D('',#7910,#6388,#6389);
#5795=AXIS2_PLACEMENT_3D('',#7916,#6393,#6394);
#5796=AXIS2_PLACEMENT_3D('',#7919,#6397,#6398);
#5797=AXIS2_PLACEMENT_3D('',#7928,#6403,#6404);
#5798=AXIS2_PLACEMENT_3D('',#7934,#6408,#6409);
#5799=AXIS2_PLACEMENT_3D('',#7940,#6413,#6414);
#5800=AXIS2_PLACEMENT_3D('',#7943,#6417,#6418);
#5801=AXIS2_PLACEMENT_3D('',#7952,#6423,#6424);
#5802=AXIS2_PLACEMENT_3D('',#7958,#6428,#6429);
#5803=AXIS2_PLACEMENT_3D('',#7964,#6433,#6434);
#5804=AXIS2_PLACEMENT_3D('',#7967,#6437,#6438);
#5805=AXIS2_PLACEMENT_3D('',#7976,#6443,#6444);
#5806=AXIS2_PLACEMENT_3D('',#7982,#6448,#6449);
#5807=AXIS2_PLACEMENT_3D('',#7988,#6453,#6454);
#5808=AXIS2_PLACEMENT_3D('',#7991,#6457,#6458);
#5809=AXIS2_PLACEMENT_3D('',#8000,#6463,#6464);
#5810=AXIS2_PLACEMENT_3D('',#8006,#6468,#6469);
#5811=AXIS2_PLACEMENT_3D('',#8012,#6473,#6474);
#5812=AXIS2_PLACEMENT_3D('',#8015,#6477,#6478);
#5813=AXIS2_PLACEMENT_3D('',#8024,#6483,#6484);
#5814=AXIS2_PLACEMENT_3D('',#8030,#6488,#6489);
#5815=AXIS2_PLACEMENT_3D('',#8036,#6493,#6494);
#5816=AXIS2_PLACEMENT_3D('',#8039,#6497,#6498);
#5817=AXIS2_PLACEMENT_3D('',#8048,#6503,#6504);
#5818=AXIS2_PLACEMENT_3D('',#8054,#6508,#6509);
#5819=AXIS2_PLACEMENT_3D('',#8060,#6513,#6514);
#5820=AXIS2_PLACEMENT_3D('',#8063,#6517,#6518);
#5821=AXIS2_PLACEMENT_3D('',#8072,#6523,#6524);
#5822=AXIS2_PLACEMENT_3D('',#8078,#6528,#6529);
#5823=AXIS2_PLACEMENT_3D('',#8084,#6533,#6534);
#5824=AXIS2_PLACEMENT_3D('',#8087,#6537,#6538);
#5825=AXIS2_PLACEMENT_3D('',#8096,#6543,#6544);
#5826=AXIS2_PLACEMENT_3D('',#8102,#6548,#6549);
#5827=AXIS2_PLACEMENT_3D('',#8108,#6553,#6554);
#5828=AXIS2_PLACEMENT_3D('',#8111,#6557,#6558);
#5829=AXIS2_PLACEMENT_3D('',#8120,#6563,#6564);
#5830=AXIS2_PLACEMENT_3D('',#8126,#6568,#6569);
#5831=AXIS2_PLACEMENT_3D('',#8132,#6573,#6574);
#5832=AXIS2_PLACEMENT_3D('',#8135,#6577,#6578);
#5833=AXIS2_PLACEMENT_3D('',#8144,#6583,#6584);
#5834=AXIS2_PLACEMENT_3D('',#8150,#6588,#6589);
#5835=AXIS2_PLACEMENT_3D('',#8156,#6593,#6594);
#5836=AXIS2_PLACEMENT_3D('',#8159,#6597,#6598);
#5837=AXIS2_PLACEMENT_3D('',#8168,#6603,#6604);
#5838=AXIS2_PLACEMENT_3D('',#8174,#6608,#6609);
#5839=AXIS2_PLACEMENT_3D('',#8180,#6613,#6614);
#5840=AXIS2_PLACEMENT_3D('',#8183,#6617,#6618);
#5841=AXIS2_PLACEMENT_3D('',#8192,#6623,#6624);
#5842=AXIS2_PLACEMENT_3D('',#8198,#6628,#6629);
#5843=AXIS2_PLACEMENT_3D('',#8204,#6633,#6634);
#5844=AXIS2_PLACEMENT_3D('',#8207,#6637,#6638);
#5845=AXIS2_PLACEMENT_3D('',#8216,#6643,#6644);
#5846=AXIS2_PLACEMENT_3D('',#8222,#6648,#6649);
#5847=AXIS2_PLACEMENT_3D('',#8228,#6653,#6654);
#5848=AXIS2_PLACEMENT_3D('',#8231,#6657,#6658);
#5849=AXIS2_PLACEMENT_3D('',#8240,#6663,#6664);
#5850=AXIS2_PLACEMENT_3D('',#8246,#6668,#6669);
#5851=AXIS2_PLACEMENT_3D('',#8252,#6673,#6674);
#5852=AXIS2_PLACEMENT_3D('',#8255,#6677,#6678);
#5853=AXIS2_PLACEMENT_3D('',#8264,#6683,#6684);
#5854=AXIS2_PLACEMENT_3D('',#8270,#6688,#6689);
#5855=AXIS2_PLACEMENT_3D('',#8276,#6693,#6694);
#5856=AXIS2_PLACEMENT_3D('',#8282,#6698,#6699);
#5857=AXIS2_PLACEMENT_3D('',#8283,#6700,#6701);
#5858=AXIS2_PLACEMENT_3D('',#8287,#6703,#6704);
#5859=AXIS2_PLACEMENT_3D('',#8288,#6705,#6706);
#5860=AXIS2_PLACEMENT_3D('',#8294,#6710,#6711);
#5861=AXIS2_PLACEMENT_3D('',#8300,#6715,#6716);
#5862=AXIS2_PLACEMENT_3D('',#8306,#6720,#6721);
#5863=AXIS2_PLACEMENT_3D('',#8307,#6722,#6723);
#5864=AXIS2_PLACEMENT_3D('',#8311,#6725,#6726);
#5865=AXIS2_PLACEMENT_3D('',#8312,#6727,#6728);
#5866=AXIS2_PLACEMENT_3D('',#8318,#6732,#6733);
#5867=AXIS2_PLACEMENT_3D('',#8319,#6734,#6735);
#5868=AXIS2_PLACEMENT_3D('',#8323,#6737,#6738);
#5869=AXIS2_PLACEMENT_3D('',#8324,#6739,#6740);
#5870=AXIS2_PLACEMENT_3D('',#8330,#6744,#6745);
#5871=AXIS2_PLACEMENT_3D('',#8336,#6749,#6750);
#5872=AXIS2_PLACEMENT_3D('',#8342,#6754,#6755);
#5873=AXIS2_PLACEMENT_3D('',#8343,#6756,#6757);
#5874=AXIS2_PLACEMENT_3D('',#8347,#6759,#6760);
#5875=AXIS2_PLACEMENT_3D('',#8348,#6761,#6762);
#5876=AXIS2_PLACEMENT_3D('',#8354,#6766,#6767);
#5877=AXIS2_PLACEMENT_3D('',#8360,#6771,#6772);
#5878=AXIS2_PLACEMENT_3D('',#8366,#6776,#6777);
#5879=AXIS2_PLACEMENT_3D('',#8372,#6781,#6782);
#5880=AXIS2_PLACEMENT_3D('',#8375,#6785,#6786);
#5881=AXIS2_PLACEMENT_3D('',#8384,#6791,#6792);
#5882=AXIS2_PLACEMENT_3D('',#8390,#6796,#6797);
#5883=AXIS2_PLACEMENT_3D('',#8396,#6801,#6802);
#5884=AXIS2_PLACEMENT_3D('',#8402,#6806,#6807);
#5885=AXIS2_PLACEMENT_3D('',#8403,#6808,#6809);
#5886=AXIS2_PLACEMENT_3D('',#8407,#6811,#6812);
#5887=AXIS2_PLACEMENT_3D('',#8408,#6813,#6814);
#5888=AXIS2_PLACEMENT_3D('',#8414,#6818,#6819);
#5889=AXIS2_PLACEMENT_3D('',#8420,#6823,#6824);
#5890=AXIS2_PLACEMENT_3D('',#8426,#6828,#6829);
#5891=AXIS2_PLACEMENT_3D('',#8427,#6830,#6831);
#5892=AXIS2_PLACEMENT_3D('',#8431,#6833,#6834);
#5893=AXIS2_PLACEMENT_3D('',#8432,#6835,#6836);
#5894=AXIS2_PLACEMENT_3D('',#8438,#6840,#6841);
#5895=AXIS2_PLACEMENT_3D('',#8439,#6842,#6843);
#5896=AXIS2_PLACEMENT_3D('',#8443,#6845,#6846);
#5897=AXIS2_PLACEMENT_3D('',#8444,#6847,#6848);
#5898=AXIS2_PLACEMENT_3D('',#8450,#6852,#6853);
#5899=AXIS2_PLACEMENT_3D('',#8456,#6857,#6858);
#5900=AXIS2_PLACEMENT_3D('',#8462,#6862,#6863);
#5901=AXIS2_PLACEMENT_3D('',#8463,#6864,#6865);
#5902=AXIS2_PLACEMENT_3D('',#8467,#6867,#6868);
#5903=AXIS2_PLACEMENT_3D('',#8468,#6869,#6870);
#5904=AXIS2_PLACEMENT_3D('',#8474,#6874,#6875);
#5905=AXIS2_PLACEMENT_3D('',#8480,#6879,#6880);
#5906=AXIS2_PLACEMENT_3D('',#8486,#6884,#6885);
#5907=AXIS2_PLACEMENT_3D('',#8492,#6889,#6890);
#5908=AXIS2_PLACEMENT_3D('',#8495,#6893,#6894);
#5909=AXIS2_PLACEMENT_3D('',#8496,#6895,#6896);
#5910=AXIS2_PLACEMENT_3D('',#8498,#6897,#6898);
#5911=AXIS2_PLACEMENT_3D('',#8500,#6899,#6900);
#5912=AXIS2_PLACEMENT_3D('',#8501,#6901,#6902);
#5913=AXIS2_PLACEMENT_3D('',#8503,#6903,#6904);
#5914=AXIS2_PLACEMENT_3D('',#8505,#6905,#6906);
#5915=AXIS2_PLACEMENT_3D('',#8506,#6907,#6908);
#5916=AXIS2_PLACEMENT_3D('',#8508,#6909,#6910);
#5917=AXIS2_PLACEMENT_3D('',#8510,#6911,#6912);
#5918=AXIS2_PLACEMENT_3D('',#8511,#6913,#6914);
#5919=AXIS2_PLACEMENT_3D('',#8513,#6915,#6916);
#5920=AXIS2_PLACEMENT_3D('',#8515,#6917,#6918);
#5921=AXIS2_PLACEMENT_3D('',#8516,#6919,#6920);
#5922=AXIS2_PLACEMENT_3D('',#8518,#6921,#6922);
#5923=AXIS2_PLACEMENT_3D('',#8520,#6923,#6924);
#5924=AXIS2_PLACEMENT_3D('',#8521,#6925,#6926);
#5925=AXIS2_PLACEMENT_3D('',#8523,#6927,#6928);
#5926=AXIS2_PLACEMENT_3D('',#8525,#6929,#6930);
#5927=AXIS2_PLACEMENT_3D('',#8526,#6931,#6932);
#5928=AXIS2_PLACEMENT_3D('',#8528,#6933,#6934);
#5929=AXIS2_PLACEMENT_3D('',#8530,#6935,#6936);
#5930=AXIS2_PLACEMENT_3D('',#8531,#6937,#6938);
#5931=AXIS2_PLACEMENT_3D('',#8533,#6939,#6940);
#5932=AXIS2_PLACEMENT_3D('',#8535,#6941,#6942);
#5933=AXIS2_PLACEMENT_3D('',#8536,#6943,#6944);
#5934=AXIS2_PLACEMENT_3D('',#8538,#6945,#6946);
#5935=AXIS2_PLACEMENT_3D('',#8540,#6947,#6948);
#5936=AXIS2_PLACEMENT_3D('',#8541,#6949,#6950);
#5937=AXIS2_PLACEMENT_3D('',#8543,#6951,#6952);
#5938=AXIS2_PLACEMENT_3D('',#8545,#6953,#6954);
#5939=AXIS2_PLACEMENT_3D('',#8546,#6955,#6956);
#5940=AXIS2_PLACEMENT_3D('',#8548,#6957,#6958);
#5941=AXIS2_PLACEMENT_3D('',#8550,#6959,#6960);
#5942=AXIS2_PLACEMENT_3D('',#8551,#6961,#6962);
#5943=AXIS2_PLACEMENT_3D('',#8553,#6963,#6964);
#5944=AXIS2_PLACEMENT_3D('',#8555,#6965,#6966);
#5945=AXIS2_PLACEMENT_3D('',#8556,#6967,#6968);
#5946=AXIS2_PLACEMENT_3D('',#8558,#6969,#6970);
#5947=AXIS2_PLACEMENT_3D('',#8560,#6971,#6972);
#5948=AXIS2_PLACEMENT_3D('',#8561,#6973,#6974);
#5949=AXIS2_PLACEMENT_3D('',#8563,#6975,#6976);
#5950=AXIS2_PLACEMENT_3D('',#8565,#6977,#6978);
#5951=AXIS2_PLACEMENT_3D('',#8566,#6979,#6980);
#5952=AXIS2_PLACEMENT_3D('',#8568,#6981,#6982);
#5953=AXIS2_PLACEMENT_3D('',#8570,#6983,#6984);
#5954=AXIS2_PLACEMENT_3D('',#8571,#6985,#6986);
#5955=AXIS2_PLACEMENT_3D('',#8573,#6987,#6988);
#5956=AXIS2_PLACEMENT_3D('',#8575,#6989,#6990);
#5957=AXIS2_PLACEMENT_3D('',#8576,#6991,#6992);
#5958=AXIS2_PLACEMENT_3D('',#8578,#6993,#6994);
#5959=AXIS2_PLACEMENT_3D('',#8580,#6995,#6996);
#5960=AXIS2_PLACEMENT_3D('',#8581,#6997,#6998);
#5961=AXIS2_PLACEMENT_3D('',#8583,#6999,#7000);
#5962=AXIS2_PLACEMENT_3D('',#8585,#7001,#7002);
#5963=AXIS2_PLACEMENT_3D('',#8586,#7003,#7004);
#5964=AXIS2_PLACEMENT_3D('',#8588,#7005,#7006);
#5965=AXIS2_PLACEMENT_3D('',#8590,#7007,#7008);
#5966=AXIS2_PLACEMENT_3D('',#8591,#7009,#7010);
#5967=AXIS2_PLACEMENT_3D('',#8593,#7011,#7012);
#5968=AXIS2_PLACEMENT_3D('',#8595,#7013,#7014);
#5969=AXIS2_PLACEMENT_3D('',#8596,#7015,#7016);
#5970=AXIS2_PLACEMENT_3D('',#8598,#7017,#7018);
#5971=AXIS2_PLACEMENT_3D('',#8600,#7019,#7020);
#5972=AXIS2_PLACEMENT_3D('',#8601,#7021,#7022);
#5973=AXIS2_PLACEMENT_3D('',#8603,#7023,#7024);
#5974=AXIS2_PLACEMENT_3D('',#8605,#7025,#7026);
#5975=AXIS2_PLACEMENT_3D('',#8606,#7027,#7028);
#5976=AXIS2_PLACEMENT_3D('',#8608,#7029,#7030);
#5977=AXIS2_PLACEMENT_3D('',#8610,#7031,#7032);
#5978=AXIS2_PLACEMENT_3D('',#8611,#7033,#7034);
#5979=AXIS2_PLACEMENT_3D('',#8613,#7035,#7036);
#5980=AXIS2_PLACEMENT_3D('',#8615,#7037,#7038);
#5981=AXIS2_PLACEMENT_3D('',#8616,#7039,#7040);
#5982=AXIS2_PLACEMENT_3D('',#8618,#7041,#7042);
#5983=AXIS2_PLACEMENT_3D('',#8620,#7043,#7044);
#5984=AXIS2_PLACEMENT_3D('',#8621,#7045,#7046);
#5985=AXIS2_PLACEMENT_3D('',#8623,#7047,#7048);
#5986=AXIS2_PLACEMENT_3D('',#8625,#7049,#7050);
#5987=AXIS2_PLACEMENT_3D('',#8626,#7051,#7052);
#5988=AXIS2_PLACEMENT_3D('',#8628,#7053,#7054);
#5989=AXIS2_PLACEMENT_3D('',#8630,#7055,#7056);
#5990=AXIS2_PLACEMENT_3D('',#8631,#7057,#7058);
#5991=AXIS2_PLACEMENT_3D('',#8633,#7059,#7060);
#5992=AXIS2_PLACEMENT_3D('',#8635,#7061,#7062);
#5993=AXIS2_PLACEMENT_3D('',#8636,#7063,#7064);
#5994=AXIS2_PLACEMENT_3D('',#8638,#7065,#7066);
#5995=AXIS2_PLACEMENT_3D('',#8640,#7067,#7068);
#5996=AXIS2_PLACEMENT_3D('',#8641,#7069,#7070);
#5997=AXIS2_PLACEMENT_3D('',#8643,#7071,#7072);
#5998=AXIS2_PLACEMENT_3D('',#8645,#7073,#7074);
#5999=AXIS2_PLACEMENT_3D('',#8646,#7075,#7076);
#6000=AXIS2_PLACEMENT_3D('',#8648,#7077,#7078);
#6001=AXIS2_PLACEMENT_3D('',#8650,#7079,#7080);
#6002=AXIS2_PLACEMENT_3D('',#8651,#7081,#7082);
#6003=AXIS2_PLACEMENT_3D('',#8653,#7083,#7084);
#6004=AXIS2_PLACEMENT_3D('',#8655,#7085,#7086);
#6005=AXIS2_PLACEMENT_3D('',#8656,#7087,#7088);
#6006=AXIS2_PLACEMENT_3D('',#8658,#7089,#7090);
#6007=AXIS2_PLACEMENT_3D('',#8660,#7091,#7092);
#6008=AXIS2_PLACEMENT_3D('',#8661,#7093,#7094);
#6009=AXIS2_PLACEMENT_3D('',#8663,#7095,#7096);
#6010=AXIS2_PLACEMENT_3D('',#8665,#7097,#7098);
#6011=AXIS2_PLACEMENT_3D('',#8666,#7099,#7100);
#6012=AXIS2_PLACEMENT_3D('',#8668,#7101,#7102);
#6013=AXIS2_PLACEMENT_3D('',#8670,#7103,#7104);
#6014=AXIS2_PLACEMENT_3D('',#8671,#7105,#7106);
#6015=AXIS2_PLACEMENT_3D('',#8673,#7107,#7108);
#6016=AXIS2_PLACEMENT_3D('',#8675,#7109,#7110);
#6017=AXIS2_PLACEMENT_3D('',#8676,#7111,#7112);
#6018=AXIS2_PLACEMENT_3D('',#8678,#7113,#7114);
#6019=AXIS2_PLACEMENT_3D('',#8680,#7115,#7116);
#6020=AXIS2_PLACEMENT_3D('',#8681,#7117,#7118);
#6021=AXIS2_PLACEMENT_3D('',#8683,#7119,#7120);
#6022=AXIS2_PLACEMENT_3D('',#8685,#7121,#7122);
#6023=AXIS2_PLACEMENT_3D('',#8686,#7123,#7124);
#6024=AXIS2_PLACEMENT_3D('',#8688,#7125,#7126);
#6025=AXIS2_PLACEMENT_3D('',#8690,#7127,#7128);
#6026=AXIS2_PLACEMENT_3D('',#8691,#7129,#7130);
#6027=AXIS2_PLACEMENT_3D('',#8693,#7131,#7132);
#6028=AXIS2_PLACEMENT_3D('',#8695,#7133,#7134);
#6029=AXIS2_PLACEMENT_3D('',#8696,#7135,#7136);
#6030=AXIS2_PLACEMENT_3D('',#8698,#7137,#7138);
#6031=AXIS2_PLACEMENT_3D('',#8700,#7139,#7140);
#6032=AXIS2_PLACEMENT_3D('',#8701,#7141,#7142);
#6033=AXIS2_PLACEMENT_3D('',#8703,#7143,#7144);
#6034=AXIS2_PLACEMENT_3D('',#8705,#7145,#7146);
#6035=AXIS2_PLACEMENT_3D('',#8706,#7147,#7148);
#6036=AXIS2_PLACEMENT_3D('',#8708,#7149,#7150);
#6037=AXIS2_PLACEMENT_3D('',#8710,#7151,#7152);
#6038=AXIS2_PLACEMENT_3D('',#8711,#7153,#7154);
#6039=AXIS2_PLACEMENT_3D('',#8713,#7155,#7156);
#6040=AXIS2_PLACEMENT_3D('',#8715,#7157,#7158);
#6041=AXIS2_PLACEMENT_3D('',#8716,#7159,#7160);
#6042=AXIS2_PLACEMENT_3D('',#8718,#7161,#7162);
#6043=AXIS2_PLACEMENT_3D('',#8720,#7163,#7164);
#6044=AXIS2_PLACEMENT_3D('',#8721,#7165,#7166);
#6045=AXIS2_PLACEMENT_3D('',#8723,#7167,#7168);
#6046=AXIS2_PLACEMENT_3D('',#8725,#7169,#7170);
#6047=AXIS2_PLACEMENT_3D('',#8726,#7171,#7172);
#6048=AXIS2_PLACEMENT_3D('',#8728,#7173,#7174);
#6049=AXIS2_PLACEMENT_3D('',#8730,#7175,#7176);
#6050=AXIS2_PLACEMENT_3D('',#8731,#7177,#7178);
#6051=AXIS2_PLACEMENT_3D('',#8733,#7179,#7180);
#6052=AXIS2_PLACEMENT_3D('',#8735,#7181,#7182);
#6053=AXIS2_PLACEMENT_3D('',#8736,#7183,#7184);
#6054=AXIS2_PLACEMENT_3D('',#8738,#7185,#7186);
#6055=AXIS2_PLACEMENT_3D('',#8740,#7187,#7188);
#6056=AXIS2_PLACEMENT_3D('',#8741,#7189,#7190);
#6057=AXIS2_PLACEMENT_3D('',#8743,#7191,#7192);
#6058=AXIS2_PLACEMENT_3D('',#8745,#7193,#7194);
#6059=AXIS2_PLACEMENT_3D('',#8746,#7195,#7196);
#6060=AXIS2_PLACEMENT_3D('',#8748,#7197,#7198);
#6061=AXIS2_PLACEMENT_3D('',#8750,#7199,#7200);
#6062=AXIS2_PLACEMENT_3D('',#8751,#7201,#7202);
#6063=AXIS2_PLACEMENT_3D('',#8753,#7203,#7204);
#6064=AXIS2_PLACEMENT_3D('',#8755,#7205,#7206);
#6065=AXIS2_PLACEMENT_3D('',#8756,#7207,#7208);
#6066=AXIS2_PLACEMENT_3D('',#8758,#7209,#7210);
#6067=AXIS2_PLACEMENT_3D('',#8760,#7211,#7212);
#6068=AXIS2_PLACEMENT_3D('',#8761,#7213,#7214);
#6069=AXIS2_PLACEMENT_3D('',#8763,#7215,#7216);
#6070=AXIS2_PLACEMENT_3D('',#8765,#7217,#7218);
#6071=AXIS2_PLACEMENT_3D('',#8766,#7219,#7220);
#6072=AXIS2_PLACEMENT_3D('',#8768,#7221,#7222);
#6073=AXIS2_PLACEMENT_3D('',#8770,#7223,#7224);
#6074=AXIS2_PLACEMENT_3D('',#8771,#7225,#7226);
#6075=AXIS2_PLACEMENT_3D('',#8773,#7227,#7228);
#6076=AXIS2_PLACEMENT_3D('',#8775,#7229,#7230);
#6077=AXIS2_PLACEMENT_3D('',#8776,#7231,#7232);
#6078=AXIS2_PLACEMENT_3D('',#8778,#7233,#7234);
#6079=AXIS2_PLACEMENT_3D('',#8780,#7235,#7236);
#6080=AXIS2_PLACEMENT_3D('',#8781,#7237,#7238);
#6081=AXIS2_PLACEMENT_3D('',#8783,#7239,#7240);
#6082=AXIS2_PLACEMENT_3D('',#8785,#7241,#7242);
#6083=AXIS2_PLACEMENT_3D('',#8786,#7243,#7244);
#6084=AXIS2_PLACEMENT_3D('',#8788,#7245,#7246);
#6085=AXIS2_PLACEMENT_3D('',#8790,#7247,#7248);
#6086=AXIS2_PLACEMENT_3D('',#8791,#7249,#7250);
#6087=AXIS2_PLACEMENT_3D('',#8793,#7251,#7252);
#6088=AXIS2_PLACEMENT_3D('',#8795,#7253,#7254);
#6089=AXIS2_PLACEMENT_3D('',#8796,#7255,#7256);
#6090=AXIS2_PLACEMENT_3D('',#8798,#7257,#7258);
#6091=AXIS2_PLACEMENT_3D('',#8800,#7259,#7260);
#6092=AXIS2_PLACEMENT_3D('',#8801,#7261,#7262);
#6093=AXIS2_PLACEMENT_3D('',#8803,#7263,#7264);
#6094=AXIS2_PLACEMENT_3D('',#8805,#7265,#7266);
#6095=AXIS2_PLACEMENT_3D('',#8806,#7267,#7268);
#6096=AXIS2_PLACEMENT_3D('',#8808,#7269,#7270);
#6097=AXIS2_PLACEMENT_3D('',#8810,#7271,#7272);
#6098=AXIS2_PLACEMENT_3D('',#8811,#7273,#7274);
#6099=AXIS2_PLACEMENT_3D('',#8813,#7275,#7276);
#6100=AXIS2_PLACEMENT_3D('',#8815,#7277,#7278);
#6101=AXIS2_PLACEMENT_3D('',#8816,#7279,#7280);
#6102=AXIS2_PLACEMENT_3D('',#8818,#7281,#7282);
#6103=AXIS2_PLACEMENT_3D('',#8820,#7283,#7284);
#6104=AXIS2_PLACEMENT_3D('',#8821,#7285,#7286);
#6105=AXIS2_PLACEMENT_3D('',#8823,#7287,#7288);
#6106=AXIS2_PLACEMENT_3D('',#8825,#7289,#7290);
#6107=AXIS2_PLACEMENT_3D('',#8826,#7291,#7292);
#6108=AXIS2_PLACEMENT_3D('',#8828,#7293,#7294);
#6109=AXIS2_PLACEMENT_3D('',#8830,#7295,#7296);
#6110=AXIS2_PLACEMENT_3D('',#8831,#7297,#7298);
#6111=AXIS2_PLACEMENT_3D('',#8833,#7299,#7300);
#6112=AXIS2_PLACEMENT_3D('',#8835,#7301,#7302);
#6113=AXIS2_PLACEMENT_3D('',#8836,#7303,#7304);
#6114=AXIS2_PLACEMENT_3D('',#8838,#7305,#7306);
#6115=AXIS2_PLACEMENT_3D('',#8840,#7307,#7308);
#6116=AXIS2_PLACEMENT_3D('',#8841,#7309,#7310);
#6117=AXIS2_PLACEMENT_3D('',#8843,#7311,#7312);
#6118=AXIS2_PLACEMENT_3D('',#8845,#7313,#7314);
#6119=AXIS2_PLACEMENT_3D('',#8846,#7315,#7316);
#6120=AXIS2_PLACEMENT_3D('',#8848,#7317,#7318);
#6121=AXIS2_PLACEMENT_3D('',#8850,#7319,#7320);
#6122=AXIS2_PLACEMENT_3D('',#8851,#7321,#7322);
#6123=AXIS2_PLACEMENT_3D('',#8853,#7323,#7324);
#6124=AXIS2_PLACEMENT_3D('',#8855,#7325,#7326);
#6125=AXIS2_PLACEMENT_3D('',#8856,#7327,#7328);
#6126=AXIS2_PLACEMENT_3D('',#8858,#7329,#7330);
#6127=AXIS2_PLACEMENT_3D('',#8860,#7331,#7332);
#6128=AXIS2_PLACEMENT_3D('',#8861,#7333,#7334);
#6129=AXIS2_PLACEMENT_3D('',#8863,#7335,#7336);
#6130=AXIS2_PLACEMENT_3D('',#8865,#7337,#7338);
#6131=AXIS2_PLACEMENT_3D('',#8866,#7339,#7340);
#6132=AXIS2_PLACEMENT_3D('',#8868,#7341,#7342);
#6133=AXIS2_PLACEMENT_3D('',#8870,#7343,#7344);
#6134=AXIS2_PLACEMENT_3D('',#8871,#7345,#7346);
#6135=AXIS2_PLACEMENT_3D('',#8873,#7347,#7348);
#6136=AXIS2_PLACEMENT_3D('',#8875,#7349,#7350);
#6137=AXIS2_PLACEMENT_3D('',#8876,#7351,#7352);
#6138=AXIS2_PLACEMENT_3D('',#8878,#7353,#7354);
#6139=AXIS2_PLACEMENT_3D('',#8880,#7355,#7356);
#6140=AXIS2_PLACEMENT_3D('',#8881,#7357,#7358);
#6141=AXIS2_PLACEMENT_3D('',#8883,#7359,#7360);
#6142=AXIS2_PLACEMENT_3D('',#8885,#7361,#7362);
#6143=AXIS2_PLACEMENT_3D('',#8886,#7363,#7364);
#6144=AXIS2_PLACEMENT_3D('',#8888,#7365,#7366);
#6145=AXIS2_PLACEMENT_3D('',#8890,#7367,#7368);
#6146=AXIS2_PLACEMENT_3D('',#8891,#7369,#7370);
#6147=AXIS2_PLACEMENT_3D('',#8893,#7371,#7372);
#6148=AXIS2_PLACEMENT_3D('',#8895,#7373,#7374);
#6149=AXIS2_PLACEMENT_3D('',#8896,#7375,#7376);
#6150=AXIS2_PLACEMENT_3D('',#8898,#7377,#7378);
#6151=AXIS2_PLACEMENT_3D('',#8900,#7379,#7380);
#6152=AXIS2_PLACEMENT_3D('',#8901,#7381,#7382);
#6153=AXIS2_PLACEMENT_3D('',#8903,#7383,#7384);
#6154=AXIS2_PLACEMENT_3D('',#8905,#7385,#7386);
#6155=AXIS2_PLACEMENT_3D('',#8906,#7387,#7388);
#6156=AXIS2_PLACEMENT_3D('',#8908,#7389,#7390);
#6157=AXIS2_PLACEMENT_3D('',#8910,#7391,#7392);
#6158=AXIS2_PLACEMENT_3D('',#8911,#7393,#7394);
#6159=AXIS2_PLACEMENT_3D('',#8913,#7395,#7396);
#6160=AXIS2_PLACEMENT_3D('',#8915,#7397,#7398);
#6161=AXIS2_PLACEMENT_3D('',#8916,#7399,#7400);
#6162=AXIS2_PLACEMENT_3D('',#8918,#7401,#7402);
#6163=AXIS2_PLACEMENT_3D('',#8920,#7403,#7404);
#6164=AXIS2_PLACEMENT_3D('',#8921,#7405,#7406);
#6165=AXIS2_PLACEMENT_3D('',#8923,#7407,#7408);
#6166=AXIS2_PLACEMENT_3D('',#8925,#7409,#7410);
#6167=AXIS2_PLACEMENT_3D('',#8926,#7411,#7412);
#6168=AXIS2_PLACEMENT_3D('',#8928,#7413,#7414);
#6169=AXIS2_PLACEMENT_3D('',#8930,#7415,#7416);
#6170=AXIS2_PLACEMENT_3D('',#8931,#7417,#7418);
#6171=AXIS2_PLACEMENT_3D('',#8933,#7419,#7420);
#6172=AXIS2_PLACEMENT_3D('',#8935,#7421,#7422);
#6173=AXIS2_PLACEMENT_3D('',#8936,#7423,#7424);
#6174=AXIS2_PLACEMENT_3D('',#8938,#7425,#7426);
#6175=AXIS2_PLACEMENT_3D('',#8940,#7427,#7428);
#6176=AXIS2_PLACEMENT_3D('',#8941,#7429,#7430);
#6177=AXIS2_PLACEMENT_3D('',#8943,#7431,#7432);
#6178=AXIS2_PLACEMENT_3D('',#8945,#7433,#7434);
#6179=AXIS2_PLACEMENT_3D('',#8946,#7435,#7436);
#6180=AXIS2_PLACEMENT_3D('',#8948,#7437,#7438);
#6181=AXIS2_PLACEMENT_3D('',#8950,#7439,#7440);
#6182=AXIS2_PLACEMENT_3D('',#8951,#7441,#7442);
#6183=AXIS2_PLACEMENT_3D('',#8953,#7443,#7444);
#6184=AXIS2_PLACEMENT_3D('',#8955,#7445,#7446);
#6185=AXIS2_PLACEMENT_3D('',#8956,#7447,#7448);
#6186=AXIS2_PLACEMENT_3D('',#8958,#7449,#7450);
#6187=AXIS2_PLACEMENT_3D('',#8960,#7451,#7452);
#6188=AXIS2_PLACEMENT_3D('',#8961,#7453,#7454);
#6189=AXIS2_PLACEMENT_3D('',#8963,#7455,#7456);
#6190=AXIS2_PLACEMENT_3D('',#8965,#7457,#7458);
#6191=AXIS2_PLACEMENT_3D('',#8966,#7459,#7460);
#6192=AXIS2_PLACEMENT_3D('',#8968,#7461,#7462);
#6193=AXIS2_PLACEMENT_3D('',#8970,#7463,#7464);
#6194=AXIS2_PLACEMENT_3D('',#8971,#7465,#7466);
#6195=AXIS2_PLACEMENT_3D('',#8973,#7467,#7468);
#6196=AXIS2_PLACEMENT_3D('',#8975,#7469,#7470);
#6197=AXIS2_PLACEMENT_3D('',#8984,#7475,#7476);
#6198=AXIS2_PLACEMENT_3D('',#8990,#7480,#7481);
#6199=AXIS2_PLACEMENT_3D('',#8996,#7485,#7486);
#6200=AXIS2_PLACEMENT_3D('',#9002,#7490,#7491);
#6201=AXIS2_PLACEMENT_3D('',#9003,#7492,#7493);
#6202=AXIS2_PLACEMENT_3D('',#9007,#7495,#7496);
#6203=AXIS2_PLACEMENT_3D('',#9008,#7497,#7498);
#6204=AXIS2_PLACEMENT_3D('',#9014,#7502,#7503);
#6205=AXIS2_PLACEMENT_3D('',#9020,#7507,#7508);
#6206=AXIS2_PLACEMENT_3D('',#9026,#7512,#7513);
#6207=AXIS2_PLACEMENT_3D('',#9027,#7514,#7515);
#6208=AXIS2_PLACEMENT_3D('',#9031,#7517,#7518);
#6209=AXIS2_PLACEMENT_3D('',#9032,#7519,#7520);
#6210=AXIS2_PLACEMENT_3D('',#9038,#7524,#7525);
#6211=AXIS2_PLACEMENT_3D('',#9039,#7526,#7527);
#6212=AXIS2_PLACEMENT_3D('',#9043,#7529,#7530);
#6213=AXIS2_PLACEMENT_3D('',#9044,#7531,#7532);
#6214=AXIS2_PLACEMENT_3D('',#9050,#7536,#7537);
#6215=AXIS2_PLACEMENT_3D('',#9051,#7538,#7539);
#6216=AXIS2_PLACEMENT_3D('',#9055,#7541,#7542);
#6217=AXIS2_PLACEMENT_3D('',#9056,#7543,#7544);
#6218=AXIS2_PLACEMENT_3D('',#9062,#7548,#7549);
#6219=AXIS2_PLACEMENT_3D('',#9063,#7550,#7551);
#6220=AXIS2_PLACEMENT_3D('',#9067,#7553,#7554);
#6221=AXIS2_PLACEMENT_3D('',#9068,#7555,#7556);
#6222=AXIS2_PLACEMENT_3D('',#9074,#7560,#7561);
#6223=AXIS2_PLACEMENT_3D('',#9080,#7565,#7566);
#6224=AXIS2_PLACEMENT_3D('',#9086,#7570,#7571);
#6225=AXIS2_PLACEMENT_3D('',#9087,#7572,#7573);
#6226=AXIS2_PLACEMENT_3D('',#9091,#7575,#7576);
#6227=AXIS2_PLACEMENT_3D('',#9092,#7577,#7578);
#6228=AXIS2_PLACEMENT_3D('',#9098,#7582,#7583);
#6229=AXIS2_PLACEMENT_3D('',#9104,#7587,#7588);
#6230=AXIS2_PLACEMENT_3D('',#9110,#7592,#7593);
#6231=AXIS2_PLACEMENT_3D('',#9116,#7597,#7598);
#6232=AXIS2_PLACEMENT_3D('',#9119,#7601,#7602);
#6233=AXIS2_PLACEMENT_3D('',#9128,#7607,#7608);
#6234=AXIS2_PLACEMENT_3D('',#9134,#7612,#7613);
#6235=AXIS2_PLACEMENT_3D('',#9140,#7617,#7618);
#6236=AXIS2_PLACEMENT_3D('',#9143,#7621,#7622);
#6237=AXIS2_PLACEMENT_3D('',#9152,#7627,#7628);
#6238=AXIS2_PLACEMENT_3D('',#9158,#7632,#7633);
#6239=AXIS2_PLACEMENT_3D('',#9164,#7637,#7638);
#6240=AXIS2_PLACEMENT_3D('',#9167,#7641,#7642);
#6241=AXIS2_PLACEMENT_3D('',#9176,#7647,#7648);
#6242=AXIS2_PLACEMENT_3D('',#9182,#7652,#7653);
#6243=AXIS2_PLACEMENT_3D('',#9188,#7657,#7658);
#6244=AXIS2_PLACEMENT_3D('',#9191,#7661,#7662);
#6245=AXIS2_PLACEMENT_3D('',#9200,#7667,#7668);
#6246=AXIS2_PLACEMENT_3D('',#9206,#7672,#7673);
#6247=AXIS2_PLACEMENT_3D('',#9212,#7677,#7678);
#6248=AXIS2_PLACEMENT_3D('',#9215,#7681,#7682);
#6249=AXIS2_PLACEMENT_3D('',#9224,#7687,#7688);
#6250=AXIS2_PLACEMENT_3D('',#9230,#7692,#7693);
#6251=AXIS2_PLACEMENT_3D('',#9236,#7697,#7698);
#6252=AXIS2_PLACEMENT_3D('',#9239,#7701,#7702);
#6253=AXIS2_PLACEMENT_3D('',#9248,#7707,#7708);
#6254=AXIS2_PLACEMENT_3D('',#9254,#7712,#7713);
#6255=AXIS2_PLACEMENT_3D('',#9260,#7717,#7718);
#6256=AXIS2_PLACEMENT_3D('',#9263,#7721,#7722);
#6257=AXIS2_PLACEMENT_3D('',#9272,#7727,#7728);
#6258=AXIS2_PLACEMENT_3D('',#9278,#7732,#7733);
#6259=AXIS2_PLACEMENT_3D('',#9284,#7737,#7738);
#6260=AXIS2_PLACEMENT_3D('',#9287,#7741,#7742);
#6261=AXIS2_PLACEMENT_3D('',#9296,#7747,#7748);
#6262=AXIS2_PLACEMENT_3D('',#9302,#7752,#7753);
#6263=AXIS2_PLACEMENT_3D('',#9308,#7757,#7758);
#6264=AXIS2_PLACEMENT_3D('',#9311,#7761,#7762);
#6265=AXIS2_PLACEMENT_3D('',#9317,#7766,#7767);
#6266=AXIS2_PLACEMENT_3D('',#9323,#7771,#7772);
#6267=AXIS2_PLACEMENT_3D('',#9325,#7774,#7775);
#6268=AXIS2_PLACEMENT_3D('',#9327,#7777,#7778);
#6269=DIRECTION('',(0.,0.,1.));
#6270=DIRECTION('',(1.,0.,0.));
#6271=DIRECTION('',(0.,0.,-1.));
#6272=DIRECTION('',(-1.,0.,0.));
#6273=DIRECTION('',(0.,0.,1.));
#6274=DIRECTION('',(1.,0.,0.));
#6275=DIRECTION('',(0.,0.,-1.));
#6276=DIRECTION('',(0.,0.,1.));
#6277=DIRECTION('',(1.,0.,0.));
#6278=DIRECTION('',(0.,0.,-1.));
#6279=DIRECTION('',(1.,0.,0.));
#6280=DIRECTION('',(0.,0.,-1.));
#6281=DIRECTION('',(0.,-1.,0.));
#6282=DIRECTION('',(0.,-1.,0.));
#6283=DIRECTION('',(0.,0.,-1.));
#6284=DIRECTION('',(0.,-1.,0.));
#6285=DIRECTION('',(0.,0.,-1.));
#6286=DIRECTION('',(-1.,0.,0.));
#6287=DIRECTION('',(0.,0.,-1.));
#6288=DIRECTION('',(-1.,0.,0.));
#6289=DIRECTION('',(1.,0.,0.));
#6290=DIRECTION('',(0.,0.,-1.));
#6291=DIRECTION('',(0.,-1.,0.));
#6292=DIRECTION('',(0.,0.,-1.));
#6293=DIRECTION('',(0.,-1.,0.));
#6294=DIRECTION('',(0.,0.,1.));
#6295=DIRECTION('',(1.,0.,0.));
#6296=DIRECTION('',(0.,0.,1.));
#6297=DIRECTION('',(1.,0.,0.));
#6298=DIRECTION('',(0.,0.,1.));
#6299=DIRECTION('',(1.,0.,0.));
#6300=DIRECTION('',(0.,0.,-1.));
#6301=DIRECTION('',(0.,-1.,0.));
#6302=DIRECTION('',(0.,0.,-1.));
#6303=DIRECTION('',(-1.,0.,0.));
#6304=DIRECTION('',(-1.,0.,0.));
#6305=DIRECTION('',(0.,0.,-1.));
#6306=DIRECTION('',(1.,0.,0.));
#6307=DIRECTION('',(0.,0.,-1.));
#6308=DIRECTION('',(0.,-1.,0.));
#6309=DIRECTION('',(0.,0.,-1.));
#6310=DIRECTION('',(0.,-1.,0.));
#6311=DIRECTION('',(0.,1.,0.));
#6312=DIRECTION('',(0.,0.,1.));
#6313=DIRECTION('',(1.,0.,0.));
#6314=DIRECTION('',(0.,0.,-1.));
#6315=DIRECTION('',(1.,0.,0.));
#6316=DIRECTION('',(0.,0.,-1.));
#6317=DIRECTION('',(-1.,0.,0.));
#6318=DIRECTION('',(0.,0.,1.));
#6319=DIRECTION('',(1.,0.,0.));
#6320=DIRECTION('',(0.,0.,1.));
#6321=DIRECTION('',(1.,0.,0.));
#6322=DIRECTION('',(0.,0.,-1.));
#6323=DIRECTION('',(-1.,0.,0.));
#6324=DIRECTION('',(0.,0.,1.));
#6325=DIRECTION('',(0.,1.,0.));
#6326=DIRECTION('',(0.,1.,0.));
#6327=DIRECTION('',(0.,0.,-1.));
#6328=DIRECTION('',(0.,-1.,0.));
#6329=DIRECTION('',(0.,0.,-1.));
#6330=DIRECTION('',(-1.,0.,0.));
#6331=DIRECTION('',(0.,0.,-1.));
#6332=DIRECTION('',(-1.,0.,0.));
#6333=DIRECTION('',(-1.,0.,0.));
#6334=DIRECTION('',(0.,0.,1.));
#6335=DIRECTION('',(0.,1.,0.));
#6336=DIRECTION('',(0.,0.,-1.));
#6337=DIRECTION('',(0.,1.,0.));
#6338=DIRECTION('',(0.,0.,1.));
#6339=DIRECTION('',(1.,0.,0.));
#6340=DIRECTION('',(0.,0.,1.));
#6341=DIRECTION('',(1.,0.,0.));
#6342=DIRECTION('',(0.,0.,1.));
#6343=DIRECTION('',(1.,0.,0.));
#6344=DIRECTION('',(0.,0.,-1.));
#6345=DIRECTION('',(0.,0.,-1.));
#6346=DIRECTION('',(-1.,0.,0.));
#6347=DIRECTION('',(0.,0.,1.));
#6348=DIRECTION('',(1.,0.,0.));
#6349=DIRECTION('',(0.,0.,1.));
#6350=DIRECTION('',(1.,0.,0.));
#6351=DIRECTION('',(0.,0.,-1.));
#6352=DIRECTION('',(-1.,0.,0.));
#6353=DIRECTION('',(0.,0.,1.));
#6354=DIRECTION('',(1.,0.,0.));
#6355=DIRECTION('',(0.,0.,1.));
#6356=DIRECTION('',(1.,0.,0.));
#6357=DIRECTION('',(0.,-1.,0.));
#6358=DIRECTION('',(0.,0.,-1.));
#6359=DIRECTION('',(-1.,0.,0.));
#6360=DIRECTION('',(0.,0.,-1.));
#6361=DIRECTION('',(-1.,0.,0.));
#6362=DIRECTION('',(0.,0.,-1.));
#6363=DIRECTION('',(1.,0.,0.));
#6364=DIRECTION('',(0.,0.,-1.));
#6365=DIRECTION('',(0.,-1.,0.));
#6366=DIRECTION('',(0.,0.,-1.));
#6367=DIRECTION('',(0.,-1.,0.));
#6368=DIRECTION('',(0.,-1.,0.));
#6369=DIRECTION('',(0.,0.,-1.));
#6370=DIRECTION('',(-1.,0.,0.));
#6371=DIRECTION('',(0.,0.,-1.));
#6372=DIRECTION('',(-1.,0.,0.));
#6373=DIRECTION('',(1.,0.,0.));
#6374=DIRECTION('',(0.,0.,-1.));
#6375=DIRECTION('',(0.,-1.,0.));
#6376=DIRECTION('',(0.,-1.,0.));
#6377=DIRECTION('',(0.,-1.,0.));
#6378=DIRECTION('',(0.,0.,-1.));
#6379=DIRECTION('',(-1.,0.,0.));
#6380=DIRECTION('',(0.,0.,-1.));
#6381=DIRECTION('',(-1.,0.,0.));
#6382=DIRECTION('',(0.,0.,-1.));
#6383=DIRECTION('',(1.,0.,0.));
#6384=DIRECTION('',(0.,0.,-1.));
#6385=DIRECTION('',(0.,-1.,0.));
#6386=DIRECTION('',(0.,0.,-1.));
#6387=DIRECTION('',(0.,-1.,0.));
#6388=DIRECTION('',(0.,-1.,0.));
#6389=DIRECTION('',(0.,0.,-1.));
#6390=DIRECTION('',(-1.,0.,0.));
#6391=DIRECTION('',(0.,0.,-1.));
#6392=DIRECTION('',(-1.,0.,0.));
#6393=DIRECTION('',(1.,0.,0.));
#6394=DIRECTION('',(0.,0.,-1.));
#6395=DIRECTION('',(0.,-1.,0.));
#6396=DIRECTION('',(0.,-1.,0.));
#6397=DIRECTION('',(-1.,0.,0.));
#6398=DIRECTION('',(0.,0.,1.));
#6399=DIRECTION('',(0.,1.,0.));
#6400=DIRECTION('',(0.,0.,-1.));
#6401=DIRECTION('',(0.,1.,0.));
#6402=DIRECTION('',(0.,0.,-1.));
#6403=DIRECTION('',(0.,-1.,0.));
#6404=DIRECTION('',(0.,0.,-1.));
#6405=DIRECTION('',(-1.,0.,0.));
#6406=DIRECTION('',(0.,0.,-1.));
#6407=DIRECTION('',(-1.,0.,0.));
#6408=DIRECTION('',(-1.,0.,0.));
#6409=DIRECTION('',(0.,0.,1.));
#6410=DIRECTION('',(0.,1.,0.));
#6411=DIRECTION('',(0.,0.,-1.));
#6412=DIRECTION('',(0.,1.,0.));
#6413=DIRECTION('',(0.,-1.,0.));
#6414=DIRECTION('',(0.,0.,-1.));
#6415=DIRECTION('',(-1.,0.,0.));
#6416=DIRECTION('',(-1.,0.,0.));
#6417=DIRECTION('',(1.,0.,0.));
#6418=DIRECTION('',(0.,0.,-1.));
#6419=DIRECTION('',(0.,-1.,0.));
#6420=DIRECTION('',(0.,0.,-1.));
#6421=DIRECTION('',(0.,-1.,0.));
#6422=DIRECTION('',(0.,0.,-1.));
#6423=DIRECTION('',(0.,-1.,0.));
#6424=DIRECTION('',(0.,0.,-1.));
#6425=DIRECTION('',(-1.,0.,0.));
#6426=DIRECTION('',(0.,0.,-1.));
#6427=DIRECTION('',(-1.,0.,0.));
#6428=DIRECTION('',(1.,0.,0.));
#6429=DIRECTION('',(0.,0.,-1.));
#6430=DIRECTION('',(0.,-1.,0.));
#6431=DIRECTION('',(0.,0.,-1.));
#6432=DIRECTION('',(0.,-1.,0.));
#6433=DIRECTION('',(0.,-1.,0.));
#6434=DIRECTION('',(0.,0.,-1.));
#6435=DIRECTION('',(-1.,0.,0.));
#6436=DIRECTION('',(-1.,0.,0.));
#6437=DIRECTION('',(0.,-1.,0.));
#6438=DIRECTION('',(0.,0.,-1.));
#6439=DIRECTION('',(-1.,0.,0.));
#6440=DIRECTION('',(0.,0.,-1.));
#6441=DIRECTION('',(-1.,0.,0.));
#6442=DIRECTION('',(0.,0.,-1.));
#6443=DIRECTION('',(1.,0.,0.));
#6444=DIRECTION('',(0.,0.,-1.));
#6445=DIRECTION('',(0.,-1.,0.));
#6446=DIRECTION('',(0.,0.,-1.));
#6447=DIRECTION('',(0.,-1.,0.));
#6448=DIRECTION('',(0.,-1.,0.));
#6449=DIRECTION('',(0.,0.,-1.));
#6450=DIRECTION('',(-1.,0.,0.));
#6451=DIRECTION('',(0.,0.,-1.));
#6452=DIRECTION('',(-1.,0.,0.));
#6453=DIRECTION('',(1.,0.,0.));
#6454=DIRECTION('',(0.,0.,-1.));
#6455=DIRECTION('',(0.,-1.,0.));
#6456=DIRECTION('',(0.,-1.,0.));
#6457=DIRECTION('',(0.,-1.,0.));
#6458=DIRECTION('',(0.,0.,-1.));
#6459=DIRECTION('',(-1.,0.,0.));
#6460=DIRECTION('',(0.,0.,-1.));
#6461=DIRECTION('',(-1.,0.,0.));
#6462=DIRECTION('',(0.,0.,-1.));
#6463=DIRECTION('',(1.,0.,0.));
#6464=DIRECTION('',(0.,0.,-1.));
#6465=DIRECTION('',(0.,-1.,0.));
#6466=DIRECTION('',(0.,0.,-1.));
#6467=DIRECTION('',(0.,-1.,0.));
#6468=DIRECTION('',(0.,-1.,0.));
#6469=DIRECTION('',(0.,0.,-1.));
#6470=DIRECTION('',(-1.,0.,0.));
#6471=DIRECTION('',(0.,0.,-1.));
#6472=DIRECTION('',(-1.,0.,0.));
#6473=DIRECTION('',(1.,0.,0.));
#6474=DIRECTION('',(0.,0.,-1.));
#6475=DIRECTION('',(0.,-1.,0.));
#6476=DIRECTION('',(0.,-1.,0.));
#6477=DIRECTION('',(0.,-1.,0.));
#6478=DIRECTION('',(0.,0.,-1.));
#6479=DIRECTION('',(-1.,0.,0.));
#6480=DIRECTION('',(0.,0.,-1.));
#6481=DIRECTION('',(-1.,0.,0.));
#6482=DIRECTION('',(0.,0.,-1.));
#6483=DIRECTION('',(1.,0.,0.));
#6484=DIRECTION('',(0.,0.,-1.));
#6485=DIRECTION('',(0.,-1.,0.));
#6486=DIRECTION('',(0.,0.,-1.));
#6487=DIRECTION('',(0.,-1.,0.));
#6488=DIRECTION('',(0.,-1.,0.));
#6489=DIRECTION('',(0.,0.,-1.));
#6490=DIRECTION('',(-1.,0.,0.));
#6491=DIRECTION('',(0.,0.,-1.));
#6492=DIRECTION('',(-1.,0.,0.));
#6493=DIRECTION('',(1.,0.,0.));
#6494=DIRECTION('',(0.,0.,-1.));
#6495=DIRECTION('',(0.,-1.,0.));
#6496=DIRECTION('',(0.,-1.,0.));
#6497=DIRECTION('',(0.,-1.,0.));
#6498=DIRECTION('',(0.,0.,-1.));
#6499=DIRECTION('',(-1.,0.,0.));
#6500=DIRECTION('',(0.,0.,-1.));
#6501=DIRECTION('',(-1.,0.,0.));
#6502=DIRECTION('',(0.,0.,-1.));
#6503=DIRECTION('',(1.,0.,0.));
#6504=DIRECTION('',(0.,0.,-1.));
#6505=DIRECTION('',(0.,-1.,0.));
#6506=DIRECTION('',(0.,0.,-1.));
#6507=DIRECTION('',(0.,-1.,0.));
#6508=DIRECTION('',(0.,-1.,0.));
#6509=DIRECTION('',(0.,0.,-1.));
#6510=DIRECTION('',(-1.,0.,0.));
#6511=DIRECTION('',(0.,0.,-1.));
#6512=DIRECTION('',(-1.,0.,0.));
#6513=DIRECTION('',(1.,0.,0.));
#6514=DIRECTION('',(0.,0.,-1.));
#6515=DIRECTION('',(0.,-1.,0.));
#6516=DIRECTION('',(0.,-1.,0.));
#6517=DIRECTION('',(0.,-1.,0.));
#6518=DIRECTION('',(0.,0.,-1.));
#6519=DIRECTION('',(-1.,0.,0.));
#6520=DIRECTION('',(0.,0.,-1.));
#6521=DIRECTION('',(-1.,0.,0.));
#6522=DIRECTION('',(0.,0.,-1.));
#6523=DIRECTION('',(1.,0.,0.));
#6524=DIRECTION('',(0.,0.,-1.));
#6525=DIRECTION('',(0.,-1.,0.));
#6526=DIRECTION('',(0.,0.,-1.));
#6527=DIRECTION('',(0.,-1.,0.));
#6528=DIRECTION('',(0.,-1.,0.));
#6529=DIRECTION('',(0.,0.,-1.));
#6530=DIRECTION('',(-1.,0.,0.));
#6531=DIRECTION('',(0.,0.,-1.));
#6532=DIRECTION('',(-1.,0.,0.));
#6533=DIRECTION('',(1.,0.,0.));
#6534=DIRECTION('',(0.,0.,-1.));
#6535=DIRECTION('',(0.,-1.,0.));
#6536=DIRECTION('',(0.,-1.,0.));
#6537=DIRECTION('',(0.,-1.,0.));
#6538=DIRECTION('',(0.,0.,-1.));
#6539=DIRECTION('',(-1.,0.,0.));
#6540=DIRECTION('',(0.,0.,-1.));
#6541=DIRECTION('',(-1.,0.,0.));
#6542=DIRECTION('',(0.,0.,-1.));
#6543=DIRECTION('',(1.,0.,0.));
#6544=DIRECTION('',(0.,0.,-1.));
#6545=DIRECTION('',(0.,-1.,0.));
#6546=DIRECTION('',(0.,0.,-1.));
#6547=DIRECTION('',(0.,-1.,0.));
#6548=DIRECTION('',(0.,-1.,0.));
#6549=DIRECTION('',(0.,0.,-1.));
#6550=DIRECTION('',(-1.,0.,0.));
#6551=DIRECTION('',(0.,0.,-1.));
#6552=DIRECTION('',(-1.,0.,0.));
#6553=DIRECTION('',(1.,0.,0.));
#6554=DIRECTION('',(0.,0.,-1.));
#6555=DIRECTION('',(0.,-1.,0.));
#6556=DIRECTION('',(0.,-1.,0.));
#6557=DIRECTION('',(0.,-1.,0.));
#6558=DIRECTION('',(0.,0.,-1.));
#6559=DIRECTION('',(-1.,0.,0.));
#6560=DIRECTION('',(0.,0.,-1.));
#6561=DIRECTION('',(-1.,0.,0.));
#6562=DIRECTION('',(0.,0.,-1.));
#6563=DIRECTION('',(1.,0.,0.));
#6564=DIRECTION('',(0.,0.,-1.));
#6565=DIRECTION('',(0.,-1.,0.));
#6566=DIRECTION('',(0.,0.,-1.));
#6567=DIRECTION('',(0.,-1.,0.));
#6568=DIRECTION('',(0.,-1.,0.));
#6569=DIRECTION('',(0.,0.,-1.));
#6570=DIRECTION('',(-1.,0.,0.));
#6571=DIRECTION('',(0.,0.,-1.));
#6572=DIRECTION('',(-1.,0.,0.));
#6573=DIRECTION('',(1.,0.,0.));
#6574=DIRECTION('',(0.,0.,-1.));
#6575=DIRECTION('',(0.,-1.,0.));
#6576=DIRECTION('',(0.,-1.,0.));
#6577=DIRECTION('',(0.,-1.,0.));
#6578=DIRECTION('',(0.,0.,-1.));
#6579=DIRECTION('',(-1.,0.,0.));
#6580=DIRECTION('',(0.,0.,-1.));
#6581=DIRECTION('',(-1.,0.,0.));
#6582=DIRECTION('',(0.,0.,-1.));
#6583=DIRECTION('',(1.,0.,0.));
#6584=DIRECTION('',(0.,0.,-1.));
#6585=DIRECTION('',(0.,-1.,0.));
#6586=DIRECTION('',(0.,0.,-1.));
#6587=DIRECTION('',(0.,-1.,0.));
#6588=DIRECTION('',(0.,-1.,0.));
#6589=DIRECTION('',(0.,0.,-1.));
#6590=DIRECTION('',(-1.,0.,0.));
#6591=DIRECTION('',(0.,0.,-1.));
#6592=DIRECTION('',(-1.,0.,0.));
#6593=DIRECTION('',(1.,0.,0.));
#6594=DIRECTION('',(0.,0.,-1.));
#6595=DIRECTION('',(0.,-1.,0.));
#6596=DIRECTION('',(0.,-1.,0.));
#6597=DIRECTION('',(0.,-1.,0.));
#6598=DIRECTION('',(0.,0.,-1.));
#6599=DIRECTION('',(-1.,0.,0.));
#6600=DIRECTION('',(0.,0.,-1.));
#6601=DIRECTION('',(-1.,0.,0.));
#6602=DIRECTION('',(0.,0.,-1.));
#6603=DIRECTION('',(1.,0.,0.));
#6604=DIRECTION('',(0.,0.,-1.));
#6605=DIRECTION('',(0.,-1.,0.));
#6606=DIRECTION('',(0.,0.,-1.));
#6607=DIRECTION('',(0.,-1.,0.));
#6608=DIRECTION('',(0.,-1.,0.));
#6609=DIRECTION('',(0.,0.,-1.));
#6610=DIRECTION('',(-1.,0.,0.));
#6611=DIRECTION('',(0.,0.,-1.));
#6612=DIRECTION('',(-1.,0.,0.));
#6613=DIRECTION('',(1.,0.,0.));
#6614=DIRECTION('',(0.,0.,-1.));
#6615=DIRECTION('',(0.,-1.,0.));
#6616=DIRECTION('',(0.,-1.,0.));
#6617=DIRECTION('',(0.,-1.,0.));
#6618=DIRECTION('',(0.,0.,-1.));
#6619=DIRECTION('',(-1.,0.,0.));
#6620=DIRECTION('',(0.,0.,-1.));
#6621=DIRECTION('',(-1.,0.,0.));
#6622=DIRECTION('',(0.,0.,-1.));
#6623=DIRECTION('',(1.,0.,0.));
#6624=DIRECTION('',(0.,0.,-1.));
#6625=DIRECTION('',(0.,-1.,0.));
#6626=DIRECTION('',(0.,0.,-1.));
#6627=DIRECTION('',(0.,-1.,0.));
#6628=DIRECTION('',(0.,-1.,0.));
#6629=DIRECTION('',(0.,0.,-1.));
#6630=DIRECTION('',(-1.,0.,0.));
#6631=DIRECTION('',(0.,0.,-1.));
#6632=DIRECTION('',(-1.,0.,0.));
#6633=DIRECTION('',(1.,0.,0.));
#6634=DIRECTION('',(0.,0.,-1.));
#6635=DIRECTION('',(0.,-1.,0.));
#6636=DIRECTION('',(0.,-1.,0.));
#6637=DIRECTION('',(0.,-1.,0.));
#6638=DIRECTION('',(0.,0.,-1.));
#6639=DIRECTION('',(-1.,0.,0.));
#6640=DIRECTION('',(0.,0.,-1.));
#6641=DIRECTION('',(-1.,0.,0.));
#6642=DIRECTION('',(0.,0.,-1.));
#6643=DIRECTION('',(1.,0.,0.));
#6644=DIRECTION('',(0.,0.,-1.));
#6645=DIRECTION('',(0.,-1.,0.));
#6646=DIRECTION('',(0.,0.,-1.));
#6647=DIRECTION('',(0.,-1.,0.));
#6648=DIRECTION('',(0.,-1.,0.));
#6649=DIRECTION('',(0.,0.,-1.));
#6650=DIRECTION('',(-1.,0.,0.));
#6651=DIRECTION('',(0.,0.,-1.));
#6652=DIRECTION('',(-1.,0.,0.));
#6653=DIRECTION('',(1.,0.,0.));
#6654=DIRECTION('',(0.,0.,-1.));
#6655=DIRECTION('',(0.,-1.,0.));
#6656=DIRECTION('',(0.,-1.,0.));
#6657=DIRECTION('',(1.,0.,0.));
#6658=DIRECTION('',(0.,0.,-1.));
#6659=DIRECTION('',(0.,-1.,0.));
#6660=DIRECTION('',(0.,0.,-1.));
#6661=DIRECTION('',(0.,-1.,0.));
#6662=DIRECTION('',(0.,0.,-1.));
#6663=DIRECTION('',(0.,-1.,0.));
#6664=DIRECTION('',(0.,0.,-1.));
#6665=DIRECTION('',(-1.,0.,0.));
#6666=DIRECTION('',(0.,0.,-1.));
#6667=DIRECTION('',(-1.,0.,0.));
#6668=DIRECTION('',(1.,0.,0.));
#6669=DIRECTION('',(0.,0.,-1.));
#6670=DIRECTION('',(0.,-1.,0.));
#6671=DIRECTION('',(0.,0.,-1.));
#6672=DIRECTION('',(0.,-1.,0.));
#6673=DIRECTION('',(0.,-1.,0.));
#6674=DIRECTION('',(0.,0.,-1.));
#6675=DIRECTION('',(-1.,0.,0.));
#6676=DIRECTION('',(-1.,0.,0.));
#6677=DIRECTION('',(0.,1.,0.));
#6678=DIRECTION('',(0.,0.,1.));
#6679=DIRECTION('',(1.,0.,0.));
#6680=DIRECTION('',(0.,0.,-1.));
#6681=DIRECTION('',(1.,0.,0.));
#6682=DIRECTION('',(0.,0.,-1.));
#6683=DIRECTION('',(-1.,0.,0.));
#6684=DIRECTION('',(0.,0.,1.));
#6685=DIRECTION('',(0.,1.,0.));
#6686=DIRECTION('',(0.,0.,-1.));
#6687=DIRECTION('',(0.,1.,0.));
#6688=DIRECTION('',(0.,1.,0.));
#6689=DIRECTION('',(0.,0.,1.));
#6690=DIRECTION('',(1.,0.,0.));
#6691=DIRECTION('',(0.,0.,-1.));
#6692=DIRECTION('',(1.,0.,0.));
#6693=DIRECTION('',(1.,0.,0.));
#6694=DIRECTION('',(0.,0.,-1.));
#6695=DIRECTION('',(0.,-1.,0.));
#6696=DIRECTION('',(0.,0.,-1.));
#6697=DIRECTION('',(0.,-1.,0.));
#6698=DIRECTION('',(0.,0.,-1.));
#6699=DIRECTION('',(-1.,0.,0.));
#6700=DIRECTION('',(0.,0.,-1.));
#6701=DIRECTION('',(-1.,0.,0.));
#6702=DIRECTION('',(0.,0.,-1.));
#6703=DIRECTION('',(0.,0.,-1.));
#6704=DIRECTION('',(-1.,0.,0.));
#6705=DIRECTION('',(1.,0.,0.));
#6706=DIRECTION('',(0.,0.,-1.));
#6707=DIRECTION('',(0.,-1.,0.));
#6708=DIRECTION('',(0.,0.,-1.));
#6709=DIRECTION('',(0.,-1.,0.));
#6710=DIRECTION('',(0.,1.,0.));
#6711=DIRECTION('',(0.,0.,1.));
#6712=DIRECTION('',(1.,0.,0.));
#6713=DIRECTION('',(0.,0.,-1.));
#6714=DIRECTION('',(1.,0.,0.));
#6715=DIRECTION('',(-1.,0.,0.));
#6716=DIRECTION('',(0.,0.,1.));
#6717=DIRECTION('',(0.,1.,0.));
#6718=DIRECTION('',(0.,0.,-1.));
#6719=DIRECTION('',(0.,1.,0.));
#6720=DIRECTION('',(0.,0.,-1.));
#6721=DIRECTION('',(-1.,0.,0.));
#6722=DIRECTION('',(0.,0.,-1.));
#6723=DIRECTION('',(-1.,0.,0.));
#6724=DIRECTION('',(0.,0.,-1.));
#6725=DIRECTION('',(0.,0.,-1.));
#6726=DIRECTION('',(-1.,0.,0.));
#6727=DIRECTION('',(-1.,0.,0.));
#6728=DIRECTION('',(0.,0.,1.));
#6729=DIRECTION('',(0.,1.,0.));
#6730=DIRECTION('',(0.,0.,-1.));
#6731=DIRECTION('',(0.,1.,0.));
#6732=DIRECTION('',(0.,0.,-1.));
#6733=DIRECTION('',(-1.,0.,0.));
#6734=DIRECTION('',(0.,0.,-1.));
#6735=DIRECTION('',(-1.,0.,0.));
#6736=DIRECTION('',(0.,0.,-1.));
#6737=DIRECTION('',(0.,0.,-1.));
#6738=DIRECTION('',(-1.,0.,0.));
#6739=DIRECTION('',(-1.,0.,0.));
#6740=DIRECTION('',(0.,0.,1.));
#6741=DIRECTION('',(0.,1.,0.));
#6742=DIRECTION('',(0.,0.,-1.));
#6743=DIRECTION('',(0.,1.,0.));
#6744=DIRECTION('',(0.,1.,0.));
#6745=DIRECTION('',(0.,0.,1.));
#6746=DIRECTION('',(1.,0.,0.));
#6747=DIRECTION('',(0.,0.,-1.));
#6748=DIRECTION('',(1.,0.,0.));
#6749=DIRECTION('',(1.,0.,0.));
#6750=DIRECTION('',(0.,0.,-1.));
#6751=DIRECTION('',(0.,-1.,0.));
#6752=DIRECTION('',(0.,0.,-1.));
#6753=DIRECTION('',(0.,-1.,0.));
#6754=DIRECTION('',(0.,0.,-1.));
#6755=DIRECTION('',(-1.,0.,0.));
#6756=DIRECTION('',(0.,0.,-1.));
#6757=DIRECTION('',(-1.,0.,0.));
#6758=DIRECTION('',(0.,0.,-1.));
#6759=DIRECTION('',(0.,0.,-1.));
#6760=DIRECTION('',(-1.,0.,0.));
#6761=DIRECTION('',(1.,0.,0.));
#6762=DIRECTION('',(0.,0.,-1.));
#6763=DIRECTION('',(0.,-1.,0.));
#6764=DIRECTION('',(0.,0.,-1.));
#6765=DIRECTION('',(0.,-1.,0.));
#6766=DIRECTION('',(0.,1.,0.));
#6767=DIRECTION('',(0.,0.,1.));
#6768=DIRECTION('',(1.,0.,0.));
#6769=DIRECTION('',(0.,0.,-1.));
#6770=DIRECTION('',(1.,0.,0.));
#6771=DIRECTION('',(-1.,0.,0.));
#6772=DIRECTION('',(0.,0.,1.));
#6773=DIRECTION('',(0.,1.,0.));
#6774=DIRECTION('',(0.,0.,-1.));
#6775=DIRECTION('',(0.,1.,0.));
#6776=DIRECTION('',(0.,1.,0.));
#6777=DIRECTION('',(0.,0.,1.));
#6778=DIRECTION('',(1.,0.,0.));
#6779=DIRECTION('',(0.,0.,-1.));
#6780=DIRECTION('',(1.,0.,0.));
#6781=DIRECTION('',(1.,0.,0.));
#6782=DIRECTION('',(0.,0.,-1.));
#6783=DIRECTION('',(0.,-1.,0.));
#6784=DIRECTION('',(0.,-1.,0.));
#6785=DIRECTION('',(0.,1.,0.));
#6786=DIRECTION('',(0.,0.,1.));
#6787=DIRECTION('',(1.,0.,0.));
#6788=DIRECTION('',(0.,0.,-1.));
#6789=DIRECTION('',(1.,0.,0.));
#6790=DIRECTION('',(0.,0.,-1.));
#6791=DIRECTION('',(-1.,0.,0.));
#6792=DIRECTION('',(0.,0.,1.));
#6793=DIRECTION('',(0.,1.,0.));
#6794=DIRECTION('',(0.,0.,-1.));
#6795=DIRECTION('',(0.,1.,0.));
#6796=DIRECTION('',(0.,1.,0.));
#6797=DIRECTION('',(0.,0.,1.));
#6798=DIRECTION('',(1.,0.,0.));
#6799=DIRECTION('',(0.,0.,-1.));
#6800=DIRECTION('',(1.,0.,0.));
#6801=DIRECTION('',(1.,0.,0.));
#6802=DIRECTION('',(0.,0.,-1.));
#6803=DIRECTION('',(0.,-1.,0.));
#6804=DIRECTION('',(0.,0.,-1.));
#6805=DIRECTION('',(0.,-1.,0.));
#6806=DIRECTION('',(0.,0.,-1.));
#6807=DIRECTION('',(-1.,0.,0.));
#6808=DIRECTION('',(0.,0.,-1.));
#6809=DIRECTION('',(-1.,0.,0.));
#6810=DIRECTION('',(0.,0.,-1.));
#6811=DIRECTION('',(0.,0.,-1.));
#6812=DIRECTION('',(-1.,0.,0.));
#6813=DIRECTION('',(1.,0.,0.));
#6814=DIRECTION('',(0.,0.,-1.));
#6815=DIRECTION('',(0.,-1.,0.));
#6816=DIRECTION('',(0.,0.,-1.));
#6817=DIRECTION('',(0.,-1.,0.));
#6818=DIRECTION('',(0.,1.,0.));
#6819=DIRECTION('',(0.,0.,1.));
#6820=DIRECTION('',(1.,0.,0.));
#6821=DIRECTION('',(0.,0.,-1.));
#6822=DIRECTION('',(1.,0.,0.));
#6823=DIRECTION('',(-1.,0.,0.));
#6824=DIRECTION('',(0.,0.,1.));
#6825=DIRECTION('',(0.,1.,0.));
#6826=DIRECTION('',(0.,0.,-1.));
#6827=DIRECTION('',(0.,1.,0.));
#6828=DIRECTION('',(0.,0.,-1.));
#6829=DIRECTION('',(-1.,0.,0.));
#6830=DIRECTION('',(0.,0.,-1.));
#6831=DIRECTION('',(-1.,0.,0.));
#6832=DIRECTION('',(0.,0.,-1.));
#6833=DIRECTION('',(0.,0.,-1.));
#6834=DIRECTION('',(-1.,0.,0.));
#6835=DIRECTION('',(-1.,0.,0.));
#6836=DIRECTION('',(0.,0.,1.));
#6837=DIRECTION('',(0.,1.,0.));
#6838=DIRECTION('',(0.,0.,-1.));
#6839=DIRECTION('',(0.,1.,0.));
#6840=DIRECTION('',(0.,0.,-1.));
#6841=DIRECTION('',(-1.,0.,0.));
#6842=DIRECTION('',(0.,0.,-1.));
#6843=DIRECTION('',(-1.,0.,0.));
#6844=DIRECTION('',(0.,0.,-1.));
#6845=DIRECTION('',(0.,0.,-1.));
#6846=DIRECTION('',(-1.,0.,0.));
#6847=DIRECTION('',(-1.,0.,0.));
#6848=DIRECTION('',(0.,0.,1.));
#6849=DIRECTION('',(0.,1.,0.));
#6850=DIRECTION('',(0.,0.,-1.));
#6851=DIRECTION('',(0.,1.,0.));
#6852=DIRECTION('',(0.,1.,0.));
#6853=DIRECTION('',(0.,0.,1.));
#6854=DIRECTION('',(1.,0.,0.));
#6855=DIRECTION('',(0.,0.,-1.));
#6856=DIRECTION('',(1.,0.,0.));
#6857=DIRECTION('',(1.,0.,0.));
#6858=DIRECTION('',(0.,0.,-1.));
#6859=DIRECTION('',(0.,-1.,0.));
#6860=DIRECTION('',(0.,0.,-1.));
#6861=DIRECTION('',(0.,-1.,0.));
#6862=DIRECTION('',(0.,0.,-1.));
#6863=DIRECTION('',(-1.,0.,0.));
#6864=DIRECTION('',(0.,0.,-1.));
#6865=DIRECTION('',(-1.,0.,0.));
#6866=DIRECTION('',(0.,0.,-1.));
#6867=DIRECTION('',(0.,0.,-1.));
#6868=DIRECTION('',(-1.,0.,0.));
#6869=DIRECTION('',(1.,0.,0.));
#6870=DIRECTION('',(0.,0.,-1.));
#6871=DIRECTION('',(0.,-1.,0.));
#6872=DIRECTION('',(0.,0.,-1.));
#6873=DIRECTION('',(0.,-1.,0.));
#6874=DIRECTION('',(0.,1.,0.));
#6875=DIRECTION('',(0.,0.,1.));
#6876=DIRECTION('',(1.,0.,0.));
#6877=DIRECTION('',(0.,0.,-1.));
#6878=DIRECTION('',(1.,0.,0.));
#6879=DIRECTION('',(-1.,0.,0.));
#6880=DIRECTION('',(0.,0.,1.));
#6881=DIRECTION('',(0.,1.,0.));
#6882=DIRECTION('',(0.,0.,-1.));
#6883=DIRECTION('',(0.,1.,0.));
#6884=DIRECTION('',(0.,1.,0.));
#6885=DIRECTION('',(0.,0.,1.));
#6886=DIRECTION('',(1.,0.,0.));
#6887=DIRECTION('',(0.,0.,-1.));
#6888=DIRECTION('',(1.,0.,0.));
#6889=DIRECTION('',(1.,0.,0.));
#6890=DIRECTION('',(0.,0.,-1.));
#6891=DIRECTION('',(0.,-1.,0.));
#6892=DIRECTION('',(0.,-1.,0.));
#6893=DIRECTION('',(0.,0.,-1.));
#6894=DIRECTION('',(-1.,0.,0.));
#6895=DIRECTION('',(0.,0.,-1.));
#6896=DIRECTION('',(-1.,0.,0.));
#6897=DIRECTION('',(0.,0.,-1.));
#6898=DIRECTION('',(-1.,0.,0.));
#6899=DIRECTION('',(0.,0.,-1.));
#6900=DIRECTION('',(-1.,0.,0.));
#6901=DIRECTION('',(0.,0.,-1.));
#6902=DIRECTION('',(-1.,0.,0.));
#6903=DIRECTION('',(0.,0.,-1.));
#6904=DIRECTION('',(-1.,0.,0.));
#6905=DIRECTION('',(0.,0.,-1.));
#6906=DIRECTION('',(-1.,0.,0.));
#6907=DIRECTION('',(0.,0.,-1.));
#6908=DIRECTION('',(-1.,0.,0.));
#6909=DIRECTION('',(0.,0.,-1.));
#6910=DIRECTION('',(-1.,0.,0.));
#6911=DIRECTION('',(0.,0.,-1.));
#6912=DIRECTION('',(-1.,0.,0.));
#6913=DIRECTION('',(0.,0.,-1.));
#6914=DIRECTION('',(-1.,0.,0.));
#6915=DIRECTION('',(0.,0.,-1.));
#6916=DIRECTION('',(-1.,0.,0.));
#6917=DIRECTION('',(0.,0.,-1.));
#6918=DIRECTION('',(-1.,0.,0.));
#6919=DIRECTION('',(0.,0.,-1.));
#6920=DIRECTION('',(-1.,0.,0.));
#6921=DIRECTION('',(0.,0.,-1.));
#6922=DIRECTION('',(-1.,0.,0.));
#6923=DIRECTION('',(0.,0.,-1.));
#6924=DIRECTION('',(-1.,0.,0.));
#6925=DIRECTION('',(0.,0.,-1.));
#6926=DIRECTION('',(-1.,0.,0.));
#6927=DIRECTION('',(0.,0.,-1.));
#6928=DIRECTION('',(-1.,0.,0.));
#6929=DIRECTION('',(0.,0.,-1.));
#6930=DIRECTION('',(-1.,0.,0.));
#6931=DIRECTION('',(0.,0.,-1.));
#6932=DIRECTION('',(-1.,0.,0.));
#6933=DIRECTION('',(0.,0.,-1.));
#6934=DIRECTION('',(-1.,0.,0.));
#6935=DIRECTION('',(0.,0.,-1.));
#6936=DIRECTION('',(-1.,0.,0.));
#6937=DIRECTION('',(0.,0.,-1.));
#6938=DIRECTION('',(-1.,0.,0.));
#6939=DIRECTION('',(0.,0.,-1.));
#6940=DIRECTION('',(-1.,0.,0.));
#6941=DIRECTION('',(0.,0.,-1.));
#6942=DIRECTION('',(-1.,0.,0.));
#6943=DIRECTION('',(0.,0.,-1.));
#6944=DIRECTION('',(-1.,0.,0.));
#6945=DIRECTION('',(0.,0.,-1.));
#6946=DIRECTION('',(-1.,0.,0.));
#6947=DIRECTION('',(0.,0.,-1.));
#6948=DIRECTION('',(-1.,0.,0.));
#6949=DIRECTION('',(0.,0.,-1.));
#6950=DIRECTION('',(-1.,0.,0.));
#6951=DIRECTION('',(0.,0.,-1.));
#6952=DIRECTION('',(-1.,0.,0.));
#6953=DIRECTION('',(0.,0.,-1.));
#6954=DIRECTION('',(-1.,0.,0.));
#6955=DIRECTION('',(0.,0.,-1.));
#6956=DIRECTION('',(-1.,0.,0.));
#6957=DIRECTION('',(0.,0.,-1.));
#6958=DIRECTION('',(-1.,0.,0.));
#6959=DIRECTION('',(0.,0.,-1.));
#6960=DIRECTION('',(-1.,0.,0.));
#6961=DIRECTION('',(0.,0.,-1.));
#6962=DIRECTION('',(-1.,0.,0.));
#6963=DIRECTION('',(0.,0.,-1.));
#6964=DIRECTION('',(-1.,0.,0.));
#6965=DIRECTION('',(0.,0.,-1.));
#6966=DIRECTION('',(-1.,0.,0.));
#6967=DIRECTION('',(0.,0.,-1.));
#6968=DIRECTION('',(-1.,0.,0.));
#6969=DIRECTION('',(0.,0.,-1.));
#6970=DIRECTION('',(-1.,0.,0.));
#6971=DIRECTION('',(0.,0.,-1.));
#6972=DIRECTION('',(-1.,0.,0.));
#6973=DIRECTION('',(0.,0.,-1.));
#6974=DIRECTION('',(-1.,0.,0.));
#6975=DIRECTION('',(0.,0.,-1.));
#6976=DIRECTION('',(-1.,0.,0.));
#6977=DIRECTION('',(0.,0.,-1.));
#6978=DIRECTION('',(-1.,0.,0.));
#6979=DIRECTION('',(0.,0.,-1.));
#6980=DIRECTION('',(-1.,0.,0.));
#6981=DIRECTION('',(0.,0.,-1.));
#6982=DIRECTION('',(-1.,0.,0.));
#6983=DIRECTION('',(0.,0.,-1.));
#6984=DIRECTION('',(-1.,0.,0.));
#6985=DIRECTION('',(0.,0.,-1.));
#6986=DIRECTION('',(-1.,0.,0.));
#6987=DIRECTION('',(0.,0.,-1.));
#6988=DIRECTION('',(-1.,0.,0.));
#6989=DIRECTION('',(0.,0.,-1.));
#6990=DIRECTION('',(-1.,0.,0.));
#6991=DIRECTION('',(0.,0.,-1.));
#6992=DIRECTION('',(-1.,0.,0.));
#6993=DIRECTION('',(0.,0.,-1.));
#6994=DIRECTION('',(-1.,0.,0.));
#6995=DIRECTION('',(0.,0.,-1.));
#6996=DIRECTION('',(-1.,0.,0.));
#6997=DIRECTION('',(0.,0.,-1.));
#6998=DIRECTION('',(-1.,0.,0.));
#6999=DIRECTION('',(0.,0.,-1.));
#7000=DIRECTION('',(-1.,0.,0.));
#7001=DIRECTION('',(0.,0.,-1.));
#7002=DIRECTION('',(-1.,0.,0.));
#7003=DIRECTION('',(0.,0.,-1.));
#7004=DIRECTION('',(-1.,0.,0.));
#7005=DIRECTION('',(0.,0.,-1.));
#7006=DIRECTION('',(-1.,0.,0.));
#7007=DIRECTION('',(0.,0.,-1.));
#7008=DIRECTION('',(-1.,0.,0.));
#7009=DIRECTION('',(0.,0.,-1.));
#7010=DIRECTION('',(-1.,0.,0.));
#7011=DIRECTION('',(0.,0.,-1.));
#7012=DIRECTION('',(-1.,0.,0.));
#7013=DIRECTION('',(0.,0.,-1.));
#7014=DIRECTION('',(-1.,0.,0.));
#7015=DIRECTION('',(0.,0.,-1.));
#7016=DIRECTION('',(-1.,0.,0.));
#7017=DIRECTION('',(0.,0.,-1.));
#7018=DIRECTION('',(-1.,0.,0.));
#7019=DIRECTION('',(0.,0.,-1.));
#7020=DIRECTION('',(-1.,0.,0.));
#7021=DIRECTION('',(0.,0.,-1.));
#7022=DIRECTION('',(-1.,0.,0.));
#7023=DIRECTION('',(0.,0.,-1.));
#7024=DIRECTION('',(-1.,0.,0.));
#7025=DIRECTION('',(0.,0.,-1.));
#7026=DIRECTION('',(-1.,0.,0.));
#7027=DIRECTION('',(0.,0.,-1.));
#7028=DIRECTION('',(-1.,0.,0.));
#7029=DIRECTION('',(0.,0.,-1.));
#7030=DIRECTION('',(-1.,0.,0.));
#7031=DIRECTION('',(0.,0.,-1.));
#7032=DIRECTION('',(-1.,0.,0.));
#7033=DIRECTION('',(0.,0.,-1.));
#7034=DIRECTION('',(-1.,0.,0.));
#7035=DIRECTION('',(0.,0.,-1.));
#7036=DIRECTION('',(-1.,0.,0.));
#7037=DIRECTION('',(0.,0.,-1.));
#7038=DIRECTION('',(-1.,0.,0.));
#7039=DIRECTION('',(0.,0.,-1.));
#7040=DIRECTION('',(-1.,0.,0.));
#7041=DIRECTION('',(0.,0.,-1.));
#7042=DIRECTION('',(-1.,0.,0.));
#7043=DIRECTION('',(0.,0.,-1.));
#7044=DIRECTION('',(-1.,0.,0.));
#7045=DIRECTION('',(0.,0.,-1.));
#7046=DIRECTION('',(-1.,0.,0.));
#7047=DIRECTION('',(0.,0.,-1.));
#7048=DIRECTION('',(-1.,0.,0.));
#7049=DIRECTION('',(0.,0.,-1.));
#7050=DIRECTION('',(-1.,0.,0.));
#7051=DIRECTION('',(0.,0.,-1.));
#7052=DIRECTION('',(-1.,0.,0.));
#7053=DIRECTION('',(0.,0.,-1.));
#7054=DIRECTION('',(-1.,0.,0.));
#7055=DIRECTION('',(0.,0.,-1.));
#7056=DIRECTION('',(-1.,0.,0.));
#7057=DIRECTION('',(0.,0.,-1.));
#7058=DIRECTION('',(-1.,0.,0.));
#7059=DIRECTION('',(0.,0.,-1.));
#7060=DIRECTION('',(-1.,0.,0.));
#7061=DIRECTION('',(0.,0.,-1.));
#7062=DIRECTION('',(-1.,0.,0.));
#7063=DIRECTION('',(0.,0.,-1.));
#7064=DIRECTION('',(-1.,0.,0.));
#7065=DIRECTION('',(0.,0.,-1.));
#7066=DIRECTION('',(-1.,0.,0.));
#7067=DIRECTION('',(0.,0.,-1.));
#7068=DIRECTION('',(-1.,0.,0.));
#7069=DIRECTION('',(0.,0.,-1.));
#7070=DIRECTION('',(-1.,0.,0.));
#7071=DIRECTION('',(0.,0.,-1.));
#7072=DIRECTION('',(-1.,0.,0.));
#7073=DIRECTION('',(0.,0.,-1.));
#7074=DIRECTION('',(-1.,0.,0.));
#7075=DIRECTION('',(0.,0.,-1.));
#7076=DIRECTION('',(-1.,0.,0.));
#7077=DIRECTION('',(0.,0.,-1.));
#7078=DIRECTION('',(-1.,0.,0.));
#7079=DIRECTION('',(0.,0.,-1.));
#7080=DIRECTION('',(-1.,0.,0.));
#7081=DIRECTION('',(0.,0.,-1.));
#7082=DIRECTION('',(-1.,0.,0.));
#7083=DIRECTION('',(0.,0.,-1.));
#7084=DIRECTION('',(-1.,0.,0.));
#7085=DIRECTION('',(0.,0.,-1.));
#7086=DIRECTION('',(-1.,0.,0.));
#7087=DIRECTION('',(0.,0.,-1.));
#7088=DIRECTION('',(-1.,0.,0.));
#7089=DIRECTION('',(0.,0.,-1.));
#7090=DIRECTION('',(-1.,0.,0.));
#7091=DIRECTION('',(0.,0.,-1.));
#7092=DIRECTION('',(-1.,0.,0.));
#7093=DIRECTION('',(0.,0.,-1.));
#7094=DIRECTION('',(-1.,0.,0.));
#7095=DIRECTION('',(0.,0.,-1.));
#7096=DIRECTION('',(-1.,0.,0.));
#7097=DIRECTION('',(0.,0.,-1.));
#7098=DIRECTION('',(-1.,0.,0.));
#7099=DIRECTION('',(0.,0.,-1.));
#7100=DIRECTION('',(-1.,0.,0.));
#7101=DIRECTION('',(0.,0.,-1.));
#7102=DIRECTION('',(-1.,0.,0.));
#7103=DIRECTION('',(0.,0.,-1.));
#7104=DIRECTION('',(-1.,0.,0.));
#7105=DIRECTION('',(0.,0.,-1.));
#7106=DIRECTION('',(-1.,0.,0.));
#7107=DIRECTION('',(0.,0.,-1.));
#7108=DIRECTION('',(-1.,0.,0.));
#7109=DIRECTION('',(0.,0.,-1.));
#7110=DIRECTION('',(-1.,0.,0.));
#7111=DIRECTION('',(0.,0.,-1.));
#7112=DIRECTION('',(-1.,0.,0.));
#7113=DIRECTION('',(0.,0.,-1.));
#7114=DIRECTION('',(-1.,0.,0.));
#7115=DIRECTION('',(0.,0.,-1.));
#7116=DIRECTION('',(-1.,0.,0.));
#7117=DIRECTION('',(0.,0.,-1.));
#7118=DIRECTION('',(-1.,0.,0.));
#7119=DIRECTION('',(0.,0.,-1.));
#7120=DIRECTION('',(-1.,0.,0.));
#7121=DIRECTION('',(0.,0.,-1.));
#7122=DIRECTION('',(-1.,0.,0.));
#7123=DIRECTION('',(0.,0.,-1.));
#7124=DIRECTION('',(-1.,0.,0.));
#7125=DIRECTION('',(0.,0.,-1.));
#7126=DIRECTION('',(-1.,0.,0.));
#7127=DIRECTION('',(0.,0.,-1.));
#7128=DIRECTION('',(-1.,0.,0.));
#7129=DIRECTION('',(0.,0.,-1.));
#7130=DIRECTION('',(-1.,0.,0.));
#7131=DIRECTION('',(0.,0.,-1.));
#7132=DIRECTION('',(-1.,0.,0.));
#7133=DIRECTION('',(0.,0.,-1.));
#7134=DIRECTION('',(-1.,0.,0.));
#7135=DIRECTION('',(0.,0.,-1.));
#7136=DIRECTION('',(-1.,0.,0.));
#7137=DIRECTION('',(0.,0.,-1.));
#7138=DIRECTION('',(-1.,0.,0.));
#7139=DIRECTION('',(0.,0.,-1.));
#7140=DIRECTION('',(-1.,0.,0.));
#7141=DIRECTION('',(0.,0.,-1.));
#7142=DIRECTION('',(-1.,0.,0.));
#7143=DIRECTION('',(0.,0.,-1.));
#7144=DIRECTION('',(-1.,0.,0.));
#7145=DIRECTION('',(0.,0.,-1.));
#7146=DIRECTION('',(-1.,0.,0.));
#7147=DIRECTION('',(0.,0.,-1.));
#7148=DIRECTION('',(-1.,0.,0.));
#7149=DIRECTION('',(0.,0.,-1.));
#7150=DIRECTION('',(-1.,0.,0.));
#7151=DIRECTION('',(0.,0.,-1.));
#7152=DIRECTION('',(-1.,0.,0.));
#7153=DIRECTION('',(0.,0.,-1.));
#7154=DIRECTION('',(-1.,0.,0.));
#7155=DIRECTION('',(0.,0.,-1.));
#7156=DIRECTION('',(-1.,0.,0.));
#7157=DIRECTION('',(0.,0.,-1.));
#7158=DIRECTION('',(-1.,0.,0.));
#7159=DIRECTION('',(0.,0.,-1.));
#7160=DIRECTION('',(-1.,0.,0.));
#7161=DIRECTION('',(0.,0.,-1.));
#7162=DIRECTION('',(-1.,0.,0.));
#7163=DIRECTION('',(0.,0.,-1.));
#7164=DIRECTION('',(-1.,0.,0.));
#7165=DIRECTION('',(0.,0.,-1.));
#7166=DIRECTION('',(-1.,0.,0.));
#7167=DIRECTION('',(0.,0.,-1.));
#7168=DIRECTION('',(-1.,0.,0.));
#7169=DIRECTION('',(0.,0.,-1.));
#7170=DIRECTION('',(-1.,0.,0.));
#7171=DIRECTION('',(0.,0.,-1.));
#7172=DIRECTION('',(-1.,0.,0.));
#7173=DIRECTION('',(0.,0.,-1.));
#7174=DIRECTION('',(-1.,0.,0.));
#7175=DIRECTION('',(0.,0.,-1.));
#7176=DIRECTION('',(-1.,0.,0.));
#7177=DIRECTION('',(0.,0.,-1.));
#7178=DIRECTION('',(-1.,0.,0.));
#7179=DIRECTION('',(0.,0.,-1.));
#7180=DIRECTION('',(-1.,0.,0.));
#7181=DIRECTION('',(0.,0.,-1.));
#7182=DIRECTION('',(-1.,0.,0.));
#7183=DIRECTION('',(0.,0.,-1.));
#7184=DIRECTION('',(-1.,0.,0.));
#7185=DIRECTION('',(0.,0.,-1.));
#7186=DIRECTION('',(-1.,0.,0.));
#7187=DIRECTION('',(0.,0.,-1.));
#7188=DIRECTION('',(-1.,0.,0.));
#7189=DIRECTION('',(0.,0.,-1.));
#7190=DIRECTION('',(-1.,0.,0.));
#7191=DIRECTION('',(0.,0.,-1.));
#7192=DIRECTION('',(-1.,0.,0.));
#7193=DIRECTION('',(0.,0.,-1.));
#7194=DIRECTION('',(-1.,0.,0.));
#7195=DIRECTION('',(0.,0.,-1.));
#7196=DIRECTION('',(-1.,0.,0.));
#7197=DIRECTION('',(0.,0.,-1.));
#7198=DIRECTION('',(-1.,0.,0.));
#7199=DIRECTION('',(0.,0.,-1.));
#7200=DIRECTION('',(-1.,0.,0.));
#7201=DIRECTION('',(0.,0.,-1.));
#7202=DIRECTION('',(-1.,0.,0.));
#7203=DIRECTION('',(0.,0.,-1.));
#7204=DIRECTION('',(-1.,0.,0.));
#7205=DIRECTION('',(0.,0.,-1.));
#7206=DIRECTION('',(-1.,0.,0.));
#7207=DIRECTION('',(0.,0.,-1.));
#7208=DIRECTION('',(-1.,0.,0.));
#7209=DIRECTION('',(0.,0.,-1.));
#7210=DIRECTION('',(-1.,0.,0.));
#7211=DIRECTION('',(0.,0.,-1.));
#7212=DIRECTION('',(-1.,0.,0.));
#7213=DIRECTION('',(0.,0.,-1.));
#7214=DIRECTION('',(-1.,0.,0.));
#7215=DIRECTION('',(0.,0.,-1.));
#7216=DIRECTION('',(-1.,0.,0.));
#7217=DIRECTION('',(0.,0.,-1.));
#7218=DIRECTION('',(-1.,0.,0.));
#7219=DIRECTION('',(0.,0.,-1.));
#7220=DIRECTION('',(-1.,0.,0.));
#7221=DIRECTION('',(0.,0.,-1.));
#7222=DIRECTION('',(-1.,0.,0.));
#7223=DIRECTION('',(0.,0.,-1.));
#7224=DIRECTION('',(-1.,0.,0.));
#7225=DIRECTION('',(0.,0.,-1.));
#7226=DIRECTION('',(-1.,0.,0.));
#7227=DIRECTION('',(0.,0.,-1.));
#7228=DIRECTION('',(-1.,0.,0.));
#7229=DIRECTION('',(0.,0.,-1.));
#7230=DIRECTION('',(-1.,0.,0.));
#7231=DIRECTION('',(0.,0.,-1.));
#7232=DIRECTION('',(-1.,0.,0.));
#7233=DIRECTION('',(0.,0.,-1.));
#7234=DIRECTION('',(-1.,0.,0.));
#7235=DIRECTION('',(0.,0.,-1.));
#7236=DIRECTION('',(-1.,0.,0.));
#7237=DIRECTION('',(0.,0.,-1.));
#7238=DIRECTION('',(-1.,0.,0.));
#7239=DIRECTION('',(0.,0.,-1.));
#7240=DIRECTION('',(-1.,0.,0.));
#7241=DIRECTION('',(0.,0.,-1.));
#7242=DIRECTION('',(-1.,0.,0.));
#7243=DIRECTION('',(0.,0.,-1.));
#7244=DIRECTION('',(-1.,0.,0.));
#7245=DIRECTION('',(0.,0.,-1.));
#7246=DIRECTION('',(-1.,0.,0.));
#7247=DIRECTION('',(0.,0.,-1.));
#7248=DIRECTION('',(-1.,0.,0.));
#7249=DIRECTION('',(0.,0.,-1.));
#7250=DIRECTION('',(-1.,0.,0.));
#7251=DIRECTION('',(0.,0.,-1.));
#7252=DIRECTION('',(-1.,0.,0.));
#7253=DIRECTION('',(0.,0.,-1.));
#7254=DIRECTION('',(-1.,0.,0.));
#7255=DIRECTION('',(0.,0.,-1.));
#7256=DIRECTION('',(-1.,0.,0.));
#7257=DIRECTION('',(0.,0.,-1.));
#7258=DIRECTION('',(-1.,0.,0.));
#7259=DIRECTION('',(0.,0.,-1.));
#7260=DIRECTION('',(-1.,0.,0.));
#7261=DIRECTION('',(0.,0.,-1.));
#7262=DIRECTION('',(-1.,0.,0.));
#7263=DIRECTION('',(0.,0.,-1.));
#7264=DIRECTION('',(-1.,0.,0.));
#7265=DIRECTION('',(0.,0.,-1.));
#7266=DIRECTION('',(-1.,0.,0.));
#7267=DIRECTION('',(0.,0.,-1.));
#7268=DIRECTION('',(-1.,0.,0.));
#7269=DIRECTION('',(0.,0.,-1.));
#7270=DIRECTION('',(-1.,0.,0.));
#7271=DIRECTION('',(0.,0.,-1.));
#7272=DIRECTION('',(-1.,0.,0.));
#7273=DIRECTION('',(0.,0.,-1.));
#7274=DIRECTION('',(-1.,0.,0.));
#7275=DIRECTION('',(0.,0.,-1.));
#7276=DIRECTION('',(-1.,0.,0.));
#7277=DIRECTION('',(0.,0.,-1.));
#7278=DIRECTION('',(-1.,0.,0.));
#7279=DIRECTION('',(0.,0.,-1.));
#7280=DIRECTION('',(-1.,0.,0.));
#7281=DIRECTION('',(0.,0.,-1.));
#7282=DIRECTION('',(-1.,0.,0.));
#7283=DIRECTION('',(0.,0.,-1.));
#7284=DIRECTION('',(-1.,0.,0.));
#7285=DIRECTION('',(0.,0.,-1.));
#7286=DIRECTION('',(-1.,0.,0.));
#7287=DIRECTION('',(0.,0.,-1.));
#7288=DIRECTION('',(-1.,0.,0.));
#7289=DIRECTION('',(0.,0.,-1.));
#7290=DIRECTION('',(-1.,0.,0.));
#7291=DIRECTION('',(0.,0.,-1.));
#7292=DIRECTION('',(-1.,0.,0.));
#7293=DIRECTION('',(0.,0.,-1.));
#7294=DIRECTION('',(-1.,0.,0.));
#7295=DIRECTION('',(0.,0.,-1.));
#7296=DIRECTION('',(-1.,0.,0.));
#7297=DIRECTION('',(0.,0.,-1.));
#7298=DIRECTION('',(-1.,0.,0.));
#7299=DIRECTION('',(0.,0.,-1.));
#7300=DIRECTION('',(-1.,0.,0.));
#7301=DIRECTION('',(0.,0.,-1.));
#7302=DIRECTION('',(-1.,0.,0.));
#7303=DIRECTION('',(0.,0.,-1.));
#7304=DIRECTION('',(-1.,0.,0.));
#7305=DIRECTION('',(0.,0.,-1.));
#7306=DIRECTION('',(-1.,0.,0.));
#7307=DIRECTION('',(0.,0.,-1.));
#7308=DIRECTION('',(-1.,0.,0.));
#7309=DIRECTION('',(0.,0.,-1.));
#7310=DIRECTION('',(-1.,0.,0.));
#7311=DIRECTION('',(0.,0.,-1.));
#7312=DIRECTION('',(-1.,0.,0.));
#7313=DIRECTION('',(0.,0.,-1.));
#7314=DIRECTION('',(-1.,0.,0.));
#7315=DIRECTION('',(0.,0.,-1.));
#7316=DIRECTION('',(-1.,0.,0.));
#7317=DIRECTION('',(0.,0.,-1.));
#7318=DIRECTION('',(-1.,0.,0.));
#7319=DIRECTION('',(0.,0.,-1.));
#7320=DIRECTION('',(-1.,0.,0.));
#7321=DIRECTION('',(0.,0.,-1.));
#7322=DIRECTION('',(-1.,0.,0.));
#7323=DIRECTION('',(0.,0.,-1.));
#7324=DIRECTION('',(-1.,0.,0.));
#7325=DIRECTION('',(0.,0.,-1.));
#7326=DIRECTION('',(-1.,0.,0.));
#7327=DIRECTION('',(0.,0.,-1.));
#7328=DIRECTION('',(-1.,0.,0.));
#7329=DIRECTION('',(0.,0.,-1.));
#7330=DIRECTION('',(-1.,0.,0.));
#7331=DIRECTION('',(0.,0.,-1.));
#7332=DIRECTION('',(-1.,0.,0.));
#7333=DIRECTION('',(0.,0.,-1.));
#7334=DIRECTION('',(-1.,0.,0.));
#7335=DIRECTION('',(0.,0.,-1.));
#7336=DIRECTION('',(-1.,0.,0.));
#7337=DIRECTION('',(0.,0.,-1.));
#7338=DIRECTION('',(-1.,0.,0.));
#7339=DIRECTION('',(0.,0.,-1.));
#7340=DIRECTION('',(-1.,0.,0.));
#7341=DIRECTION('',(0.,0.,-1.));
#7342=DIRECTION('',(-1.,0.,0.));
#7343=DIRECTION('',(0.,0.,-1.));
#7344=DIRECTION('',(-1.,0.,0.));
#7345=DIRECTION('',(0.,0.,-1.));
#7346=DIRECTION('',(-1.,0.,0.));
#7347=DIRECTION('',(0.,0.,-1.));
#7348=DIRECTION('',(-1.,0.,0.));
#7349=DIRECTION('',(0.,0.,-1.));
#7350=DIRECTION('',(-1.,0.,0.));
#7351=DIRECTION('',(0.,0.,-1.));
#7352=DIRECTION('',(-1.,0.,0.));
#7353=DIRECTION('',(0.,0.,-1.));
#7354=DIRECTION('',(-1.,0.,0.));
#7355=DIRECTION('',(0.,0.,-1.));
#7356=DIRECTION('',(-1.,0.,0.));
#7357=DIRECTION('',(0.,0.,-1.));
#7358=DIRECTION('',(-1.,0.,0.));
#7359=DIRECTION('',(0.,0.,-1.));
#7360=DIRECTION('',(-1.,0.,0.));
#7361=DIRECTION('',(0.,0.,-1.));
#7362=DIRECTION('',(-1.,0.,0.));
#7363=DIRECTION('',(0.,0.,-1.));
#7364=DIRECTION('',(-1.,0.,0.));
#7365=DIRECTION('',(0.,0.,-1.));
#7366=DIRECTION('',(-1.,0.,0.));
#7367=DIRECTION('',(0.,0.,-1.));
#7368=DIRECTION('',(-1.,0.,0.));
#7369=DIRECTION('',(0.,0.,-1.));
#7370=DIRECTION('',(-1.,0.,0.));
#7371=DIRECTION('',(0.,0.,-1.));
#7372=DIRECTION('',(-1.,0.,0.));
#7373=DIRECTION('',(0.,0.,-1.));
#7374=DIRECTION('',(-1.,0.,0.));
#7375=DIRECTION('',(0.,0.,-1.));
#7376=DIRECTION('',(-1.,0.,0.));
#7377=DIRECTION('',(0.,0.,-1.));
#7378=DIRECTION('',(-1.,0.,0.));
#7379=DIRECTION('',(0.,0.,-1.));
#7380=DIRECTION('',(-1.,0.,0.));
#7381=DIRECTION('',(0.,0.,-1.));
#7382=DIRECTION('',(-1.,0.,0.));
#7383=DIRECTION('',(0.,0.,-1.));
#7384=DIRECTION('',(-1.,0.,0.));
#7385=DIRECTION('',(0.,0.,-1.));
#7386=DIRECTION('',(-1.,0.,0.));
#7387=DIRECTION('',(0.,0.,-1.));
#7388=DIRECTION('',(-1.,0.,0.));
#7389=DIRECTION('',(0.,0.,-1.));
#7390=DIRECTION('',(-1.,0.,0.));
#7391=DIRECTION('',(0.,0.,-1.));
#7392=DIRECTION('',(-1.,0.,0.));
#7393=DIRECTION('',(0.,0.,-1.));
#7394=DIRECTION('',(-1.,0.,0.));
#7395=DIRECTION('',(0.,0.,-1.));
#7396=DIRECTION('',(-1.,0.,0.));
#7397=DIRECTION('',(0.,0.,-1.));
#7398=DIRECTION('',(-1.,0.,0.));
#7399=DIRECTION('',(0.,0.,-1.));
#7400=DIRECTION('',(-1.,0.,0.));
#7401=DIRECTION('',(0.,0.,-1.));
#7402=DIRECTION('',(-1.,0.,0.));
#7403=DIRECTION('',(0.,0.,-1.));
#7404=DIRECTION('',(-1.,0.,0.));
#7405=DIRECTION('',(0.,0.,-1.));
#7406=DIRECTION('',(-1.,0.,0.));
#7407=DIRECTION('',(0.,0.,-1.));
#7408=DIRECTION('',(-1.,0.,0.));
#7409=DIRECTION('',(0.,0.,-1.));
#7410=DIRECTION('',(-1.,0.,0.));
#7411=DIRECTION('',(0.,0.,-1.));
#7412=DIRECTION('',(-1.,0.,0.));
#7413=DIRECTION('',(0.,0.,-1.));
#7414=DIRECTION('',(-1.,0.,0.));
#7415=DIRECTION('',(0.,0.,-1.));
#7416=DIRECTION('',(-1.,0.,0.));
#7417=DIRECTION('',(0.,0.,-1.));
#7418=DIRECTION('',(-1.,0.,0.));
#7419=DIRECTION('',(0.,0.,-1.));
#7420=DIRECTION('',(-1.,0.,0.));
#7421=DIRECTION('',(0.,0.,-1.));
#7422=DIRECTION('',(-1.,0.,0.));
#7423=DIRECTION('',(0.,0.,-1.));
#7424=DIRECTION('',(-1.,0.,0.));
#7425=DIRECTION('',(0.,0.,-1.));
#7426=DIRECTION('',(-1.,0.,0.));
#7427=DIRECTION('',(0.,0.,-1.));
#7428=DIRECTION('',(-1.,0.,0.));
#7429=DIRECTION('',(0.,0.,-1.));
#7430=DIRECTION('',(-1.,0.,0.));
#7431=DIRECTION('',(0.,0.,-1.));
#7432=DIRECTION('',(-1.,0.,0.));
#7433=DIRECTION('',(0.,0.,-1.));
#7434=DIRECTION('',(-1.,0.,0.));
#7435=DIRECTION('',(0.,0.,-1.));
#7436=DIRECTION('',(-1.,0.,0.));
#7437=DIRECTION('',(0.,0.,-1.));
#7438=DIRECTION('',(-1.,0.,0.));
#7439=DIRECTION('',(0.,0.,-1.));
#7440=DIRECTION('',(-1.,0.,0.));
#7441=DIRECTION('',(0.,0.,-1.));
#7442=DIRECTION('',(-1.,0.,0.));
#7443=DIRECTION('',(0.,0.,-1.));
#7444=DIRECTION('',(-1.,0.,0.));
#7445=DIRECTION('',(0.,0.,-1.));
#7446=DIRECTION('',(-1.,0.,0.));
#7447=DIRECTION('',(0.,0.,-1.));
#7448=DIRECTION('',(-1.,0.,0.));
#7449=DIRECTION('',(0.,0.,-1.));
#7450=DIRECTION('',(-1.,0.,0.));
#7451=DIRECTION('',(0.,0.,-1.));
#7452=DIRECTION('',(-1.,0.,0.));
#7453=DIRECTION('',(0.,0.,-1.));
#7454=DIRECTION('',(-1.,0.,0.));
#7455=DIRECTION('',(0.,0.,-1.));
#7456=DIRECTION('',(-1.,0.,0.));
#7457=DIRECTION('',(0.,0.,-1.));
#7458=DIRECTION('',(-1.,0.,0.));
#7459=DIRECTION('',(0.,0.,-1.));
#7460=DIRECTION('',(-1.,0.,0.));
#7461=DIRECTION('',(0.,0.,-1.));
#7462=DIRECTION('',(-1.,0.,0.));
#7463=DIRECTION('',(0.,0.,-1.));
#7464=DIRECTION('',(-1.,0.,0.));
#7465=DIRECTION('',(0.,0.,-1.));
#7466=DIRECTION('',(-1.,0.,0.));
#7467=DIRECTION('',(0.,0.,-1.));
#7468=DIRECTION('',(-1.,0.,0.));
#7469=DIRECTION('',(1.,0.,0.));
#7470=DIRECTION('',(0.,0.,-1.));
#7471=DIRECTION('',(0.,-1.,0.));
#7472=DIRECTION('',(0.,0.,-1.));
#7473=DIRECTION('',(0.,-1.,0.));
#7474=DIRECTION('',(0.,0.,-1.));
#7475=DIRECTION('',(0.,1.,0.));
#7476=DIRECTION('',(0.,0.,1.));
#7477=DIRECTION('',(1.,0.,0.));
#7478=DIRECTION('',(0.,0.,-1.));
#7479=DIRECTION('',(1.,0.,0.));
#7480=DIRECTION('',(1.,0.,0.));
#7481=DIRECTION('',(0.,0.,-1.));
#7482=DIRECTION('',(0.,-1.,0.));
#7483=DIRECTION('',(0.,0.,-1.));
#7484=DIRECTION('',(0.,-1.,0.));
#7485=DIRECTION('',(0.,-1.,0.));
#7486=DIRECTION('',(0.,0.,-1.));
#7487=DIRECTION('',(-1.,0.,0.));
#7488=DIRECTION('',(0.,0.,-1.));
#7489=DIRECTION('',(-1.,0.,0.));
#7490=DIRECTION('',(0.,0.,-1.));
#7491=DIRECTION('',(-1.,0.,0.));
#7492=DIRECTION('',(0.,0.,-1.));
#7493=DIRECTION('',(-1.,0.,0.));
#7494=DIRECTION('',(0.,0.,-1.));
#7495=DIRECTION('',(0.,0.,-1.));
#7496=DIRECTION('',(-1.,0.,0.));
#7497=DIRECTION('',(0.,-1.,0.));
#7498=DIRECTION('',(0.,0.,-1.));
#7499=DIRECTION('',(-1.,0.,0.));
#7500=DIRECTION('',(0.,0.,-1.));
#7501=DIRECTION('',(-1.,0.,0.));
#7502=DIRECTION('',(1.,0.,0.));
#7503=DIRECTION('',(0.,0.,-1.));
#7504=DIRECTION('',(0.,-1.,0.));
#7505=DIRECTION('',(0.,0.,-1.));
#7506=DIRECTION('',(0.,-1.,0.));
#7507=DIRECTION('',(0.,1.,0.));
#7508=DIRECTION('',(0.,0.,1.));
#7509=DIRECTION('',(1.,0.,0.));
#7510=DIRECTION('',(0.,0.,-1.));
#7511=DIRECTION('',(1.,0.,0.));
#7512=DIRECTION('',(0.,0.,-1.));
#7513=DIRECTION('',(-1.,0.,0.));
#7514=DIRECTION('',(0.,0.,-1.));
#7515=DIRECTION('',(-1.,0.,0.));
#7516=DIRECTION('',(0.,0.,-1.));
#7517=DIRECTION('',(0.,0.,-1.));
#7518=DIRECTION('',(-1.,0.,0.));
#7519=DIRECTION('',(0.,1.,0.));
#7520=DIRECTION('',(0.,0.,1.));
#7521=DIRECTION('',(1.,0.,0.));
#7522=DIRECTION('',(0.,0.,-1.));
#7523=DIRECTION('',(1.,0.,0.));
#7524=DIRECTION('',(0.,0.,-1.));
#7525=DIRECTION('',(-1.,0.,0.));
#7526=DIRECTION('',(0.,0.,-1.));
#7527=DIRECTION('',(-1.,0.,0.));
#7528=DIRECTION('',(0.,0.,-1.));
#7529=DIRECTION('',(0.,0.,-1.));
#7530=DIRECTION('',(-1.,0.,0.));
#7531=DIRECTION('',(0.,1.,0.));
#7532=DIRECTION('',(0.,0.,1.));
#7533=DIRECTION('',(1.,0.,0.));
#7534=DIRECTION('',(0.,0.,-1.));
#7535=DIRECTION('',(1.,0.,0.));
#7536=DIRECTION('',(0.,0.,-1.));
#7537=DIRECTION('',(-1.,0.,0.));
#7538=DIRECTION('',(0.,0.,-1.));
#7539=DIRECTION('',(-1.,0.,0.));
#7540=DIRECTION('',(0.,0.,-1.));
#7541=DIRECTION('',(0.,0.,-1.));
#7542=DIRECTION('',(-1.,0.,0.));
#7543=DIRECTION('',(0.,1.,0.));
#7544=DIRECTION('',(0.,0.,1.));
#7545=DIRECTION('',(1.,0.,0.));
#7546=DIRECTION('',(0.,0.,-1.));
#7547=DIRECTION('',(1.,0.,0.));
#7548=DIRECTION('',(0.,0.,-1.));
#7549=DIRECTION('',(-1.,0.,0.));
#7550=DIRECTION('',(0.,0.,-1.));
#7551=DIRECTION('',(-1.,0.,0.));
#7552=DIRECTION('',(0.,0.,-1.));
#7553=DIRECTION('',(0.,0.,-1.));
#7554=DIRECTION('',(-1.,0.,0.));
#7555=DIRECTION('',(0.,1.,0.));
#7556=DIRECTION('',(0.,0.,1.));
#7557=DIRECTION('',(1.,0.,0.));
#7558=DIRECTION('',(0.,0.,-1.));
#7559=DIRECTION('',(1.,0.,0.));
#7560=DIRECTION('',(1.,0.,0.));
#7561=DIRECTION('',(0.,0.,-1.));
#7562=DIRECTION('',(0.,-1.,0.));
#7563=DIRECTION('',(0.,0.,-1.));
#7564=DIRECTION('',(0.,-1.,0.));
#7565=DIRECTION('',(0.,-1.,0.));
#7566=DIRECTION('',(0.,0.,-1.));
#7567=DIRECTION('',(-1.,0.,0.));
#7568=DIRECTION('',(0.,0.,-1.));
#7569=DIRECTION('',(-1.,0.,0.));
#7570=DIRECTION('',(0.,0.,-1.));
#7571=DIRECTION('',(-1.,0.,0.));
#7572=DIRECTION('',(0.,0.,-1.));
#7573=DIRECTION('',(-1.,0.,0.));
#7574=DIRECTION('',(0.,0.,-1.));
#7575=DIRECTION('',(0.,0.,-1.));
#7576=DIRECTION('',(-1.,0.,0.));
#7577=DIRECTION('',(0.,-1.,0.));
#7578=DIRECTION('',(0.,0.,-1.));
#7579=DIRECTION('',(-1.,0.,0.));
#7580=DIRECTION('',(0.,0.,-1.));
#7581=DIRECTION('',(-1.,0.,0.));
#7582=DIRECTION('',(1.,0.,0.));
#7583=DIRECTION('',(0.,0.,-1.));
#7584=DIRECTION('',(0.,-1.,0.));
#7585=DIRECTION('',(0.,0.,-1.));
#7586=DIRECTION('',(0.,-1.,0.));
#7587=DIRECTION('',(0.,1.,0.));
#7588=DIRECTION('',(0.,0.,1.));
#7589=DIRECTION('',(1.,0.,0.));
#7590=DIRECTION('',(0.,0.,-1.));
#7591=DIRECTION('',(1.,0.,0.));
#7592=DIRECTION('',(1.,0.,0.));
#7593=DIRECTION('',(0.,0.,-1.));
#7594=DIRECTION('',(0.,-1.,0.));
#7595=DIRECTION('',(0.,0.,-1.));
#7596=DIRECTION('',(0.,-1.,0.));
#7597=DIRECTION('',(0.,-1.,0.));
#7598=DIRECTION('',(0.,0.,-1.));
#7599=DIRECTION('',(-1.,0.,0.));
#7600=DIRECTION('',(-1.,0.,0.));
#7601=DIRECTION('',(1.,0.,0.));
#7602=DIRECTION('',(0.,0.,-1.));
#7603=DIRECTION('',(0.,-1.,0.));
#7604=DIRECTION('',(0.,0.,-1.));
#7605=DIRECTION('',(0.,-1.,0.));
#7606=DIRECTION('',(0.,0.,-1.));
#7607=DIRECTION('',(0.,-1.,0.));
#7608=DIRECTION('',(0.,0.,-1.));
#7609=DIRECTION('',(-1.,0.,0.));
#7610=DIRECTION('',(0.,0.,-1.));
#7611=DIRECTION('',(-1.,0.,0.));
#7612=DIRECTION('',(1.,0.,0.));
#7613=DIRECTION('',(0.,0.,-1.));
#7614=DIRECTION('',(0.,-1.,0.));
#7615=DIRECTION('',(0.,0.,-1.));
#7616=DIRECTION('',(0.,-1.,0.));
#7617=DIRECTION('',(0.,-1.,0.));
#7618=DIRECTION('',(0.,0.,-1.));
#7619=DIRECTION('',(-1.,0.,0.));
#7620=DIRECTION('',(-1.,0.,0.));
#7621=DIRECTION('',(0.,-1.,0.));
#7622=DIRECTION('',(0.,0.,-1.));
#7623=DIRECTION('',(-1.,0.,0.));
#7624=DIRECTION('',(0.,0.,-1.));
#7625=DIRECTION('',(-1.,0.,0.));
#7626=DIRECTION('',(0.,0.,-1.));
#7627=DIRECTION('',(1.,0.,0.));
#7628=DIRECTION('',(0.,0.,-1.));
#7629=DIRECTION('',(0.,-1.,0.));
#7630=DIRECTION('',(0.,0.,-1.));
#7631=DIRECTION('',(0.,-1.,0.));
#7632=DIRECTION('',(0.,-1.,0.));
#7633=DIRECTION('',(0.,0.,-1.));
#7634=DIRECTION('',(-1.,0.,0.));
#7635=DIRECTION('',(0.,0.,-1.));
#7636=DIRECTION('',(-1.,0.,0.));
#7637=DIRECTION('',(1.,0.,0.));
#7638=DIRECTION('',(0.,0.,-1.));
#7639=DIRECTION('',(0.,-1.,0.));
#7640=DIRECTION('',(0.,-1.,0.));
#7641=DIRECTION('',(0.,-1.,0.));
#7642=DIRECTION('',(0.,0.,-1.));
#7643=DIRECTION('',(-1.,0.,0.));
#7644=DIRECTION('',(0.,0.,-1.));
#7645=DIRECTION('',(-1.,0.,0.));
#7646=DIRECTION('',(0.,0.,-1.));
#7647=DIRECTION('',(1.,0.,0.));
#7648=DIRECTION('',(0.,0.,-1.));
#7649=DIRECTION('',(0.,-1.,0.));
#7650=DIRECTION('',(0.,0.,-1.));
#7651=DIRECTION('',(0.,-1.,0.));
#7652=DIRECTION('',(0.,-1.,0.));
#7653=DIRECTION('',(0.,0.,-1.));
#7654=DIRECTION('',(-1.,0.,0.));
#7655=DIRECTION('',(0.,0.,-1.));
#7656=DIRECTION('',(-1.,0.,0.));
#7657=DIRECTION('',(1.,0.,0.));
#7658=DIRECTION('',(0.,0.,-1.));
#7659=DIRECTION('',(0.,-1.,0.));
#7660=DIRECTION('',(0.,-1.,0.));
#7661=DIRECTION('',(1.,0.,0.));
#7662=DIRECTION('',(0.,0.,-1.));
#7663=DIRECTION('',(0.,-1.,0.));
#7664=DIRECTION('',(0.,0.,-1.));
#7665=DIRECTION('',(0.,-1.,0.));
#7666=DIRECTION('',(0.,0.,-1.));
#7667=DIRECTION('',(0.,-1.,0.));
#7668=DIRECTION('',(0.,0.,-1.));
#7669=DIRECTION('',(-1.,0.,0.));
#7670=DIRECTION('',(0.,0.,-1.));
#7671=DIRECTION('',(-1.,0.,0.));
#7672=DIRECTION('',(1.,0.,0.));
#7673=DIRECTION('',(0.,0.,-1.));
#7674=DIRECTION('',(0.,-1.,0.));
#7675=DIRECTION('',(0.,0.,-1.));
#7676=DIRECTION('',(0.,-1.,0.));
#7677=DIRECTION('',(0.,-1.,0.));
#7678=DIRECTION('',(0.,0.,-1.));
#7679=DIRECTION('',(-1.,0.,0.));
#7680=DIRECTION('',(-1.,0.,0.));
#7681=DIRECTION('',(0.,-1.,0.));
#7682=DIRECTION('',(0.,0.,-1.));
#7683=DIRECTION('',(-1.,0.,0.));
#7684=DIRECTION('',(0.,0.,-1.));
#7685=DIRECTION('',(-1.,0.,0.));
#7686=DIRECTION('',(0.,0.,-1.));
#7687=DIRECTION('',(1.,0.,0.));
#7688=DIRECTION('',(0.,0.,-1.));
#7689=DIRECTION('',(0.,-1.,0.));
#7690=DIRECTION('',(0.,0.,-1.));
#7691=DIRECTION('',(0.,-1.,0.));
#7692=DIRECTION('',(0.,-1.,0.));
#7693=DIRECTION('',(0.,0.,-1.));
#7694=DIRECTION('',(-1.,0.,0.));
#7695=DIRECTION('',(0.,0.,-1.));
#7696=DIRECTION('',(-1.,0.,0.));
#7697=DIRECTION('',(1.,0.,0.));
#7698=DIRECTION('',(0.,0.,-1.));
#7699=DIRECTION('',(0.,-1.,0.));
#7700=DIRECTION('',(0.,-1.,0.));
#7701=DIRECTION('',(0.,-1.,0.));
#7702=DIRECTION('',(0.,0.,-1.));
#7703=DIRECTION('',(-1.,0.,0.));
#7704=DIRECTION('',(0.,0.,-1.));
#7705=DIRECTION('',(-1.,0.,0.));
#7706=DIRECTION('',(0.,0.,-1.));
#7707=DIRECTION('',(1.,0.,0.));
#7708=DIRECTION('',(0.,0.,-1.));
#7709=DIRECTION('',(0.,-1.,0.));
#7710=DIRECTION('',(0.,0.,-1.));
#7711=DIRECTION('',(0.,-1.,0.));
#7712=DIRECTION('',(0.,-1.,0.));
#7713=DIRECTION('',(0.,0.,-1.));
#7714=DIRECTION('',(-1.,0.,0.));
#7715=DIRECTION('',(0.,0.,-1.));
#7716=DIRECTION('',(-1.,0.,0.));
#7717=DIRECTION('',(1.,0.,0.));
#7718=DIRECTION('',(0.,0.,-1.));
#7719=DIRECTION('',(0.,-1.,0.));
#7720=DIRECTION('',(0.,-1.,0.));
#7721=DIRECTION('',(-1.,0.,0.));
#7722=DIRECTION('',(0.,0.,1.));
#7723=DIRECTION('',(0.,1.,0.));
#7724=DIRECTION('',(0.,0.,-1.));
#7725=DIRECTION('',(0.,1.,0.));
#7726=DIRECTION('',(0.,0.,-1.));
#7727=DIRECTION('',(0.,-1.,0.));
#7728=DIRECTION('',(0.,0.,-1.));
#7729=DIRECTION('',(-1.,0.,0.));
#7730=DIRECTION('',(0.,0.,-1.));
#7731=DIRECTION('',(-1.,0.,0.));
#7732=DIRECTION('',(-1.,0.,0.));
#7733=DIRECTION('',(0.,0.,1.));
#7734=DIRECTION('',(0.,1.,0.));
#7735=DIRECTION('',(0.,0.,-1.));
#7736=DIRECTION('',(0.,1.,0.));
#7737=DIRECTION('',(0.,-1.,0.));
#7738=DIRECTION('',(0.,0.,-1.));
#7739=DIRECTION('',(-1.,0.,0.));
#7740=DIRECTION('',(-1.,0.,0.));
#7741=DIRECTION('',(0.,1.,0.));
#7742=DIRECTION('',(0.,0.,1.));
#7743=DIRECTION('',(-1.,0.,0.));
#7744=DIRECTION('',(0.,0.,1.));
#7745=DIRECTION('',(-1.,0.,0.));
#7746=DIRECTION('',(0.,0.,1.));
#7747=DIRECTION('',(-1.,0.,0.));
#7748=DIRECTION('',(0.,0.,1.));
#7749=DIRECTION('',(0.,-1.,0.));
#7750=DIRECTION('',(0.,-1.,0.));
#7751=DIRECTION('',(0.,0.,1.));
#7752=DIRECTION('',(0.,1.,0.));
#7753=DIRECTION('',(0.,0.,1.));
#7754=DIRECTION('',(-1.,0.,0.));
#7755=DIRECTION('',(-1.,0.,0.));
#7756=DIRECTION('',(0.,0.,1.));
#7757=DIRECTION('',(-1.,0.,0.));
#7758=DIRECTION('',(0.,0.,1.));
#7759=DIRECTION('',(0.,-1.,0.));
#7760=DIRECTION('',(0.,-1.,0.));
#7761=DIRECTION('',(0.,0.,1.));
#7762=DIRECTION('',(1.,0.,0.));
#7763=DIRECTION('',(1.22464679914735E-16,-1.,0.));
#7764=DIRECTION('',(-1.,0.,0.));
#7765=DIRECTION('',(1.,0.,0.));
#7766=DIRECTION('',(0.,0.,1.));
#7767=DIRECTION('',(1.,0.,0.));
#7768=DIRECTION('',(-1.,0.,0.));
#7769=DIRECTION('',(-1.22464679914735E-16,1.,0.));
#7770=DIRECTION('',(1.,0.,0.));
#7771=DIRECTION('',(0.,-1.,0.));
#7772=DIRECTION('',(0.,0.,-1.));
#7773=DIRECTION('',(0.,0.,1.));
#7774=DIRECTION('',(0.,1.,0.));
#7775=DIRECTION('',(0.,0.,1.));
#7776=DIRECTION('',(0.,0.,1.));
#7777=DIRECTION('',(1.,1.22464679914735E-16,0.));
#7778=DIRECTION('',(-1.22464679914735E-16,1.,0.));
#7779=CARTESIAN_POINT('',(0.,0.,0.));
#7780=CARTESIAN_POINT('',(0.43015,-0.159,0.00651));
#7781=CARTESIAN_POINT('',(0.43015,-0.159,0.00651));
#7782=CARTESIAN_POINT('',(0.43015,-0.157,0.00651));
#7783=CARTESIAN_POINT('',(0.43215,-0.159,0.00651));
#7784=CARTESIAN_POINT('',(0.43015,-0.157,0.00651));
#7785=CARTESIAN_POINT('',(0.43015,-0.157,0.00501));
#7786=CARTESIAN_POINT('',(0.43015,-0.159,0.00501));
#7787=CARTESIAN_POINT('',(0.43215,-0.159,0.00501));
#7788=CARTESIAN_POINT('',(0.43215,-0.159,0.00651));
#7789=CARTESIAN_POINT('',(0.43215,-0.16,0.00651));
#7790=CARTESIAN_POINT('',(0.43215,-0.16,0.00651));
#7791=CARTESIAN_POINT('',(0.43215,-0.163,0.00651));
#7792=CARTESIAN_POINT('',(0.43215,-0.16,0.00501));
#7793=CARTESIAN_POINT('',(0.43215,-0.163,0.00501));
#7794=CARTESIAN_POINT('',(0.43215,-0.163,0.00651));
#7795=CARTESIAN_POINT('',(0.43815,-0.163,0.00651));
#7796=CARTESIAN_POINT('',(0.43815,-0.163,0.00501));
#7797=CARTESIAN_POINT('',(0.44415,-0.163,0.00501));
#7798=CARTESIAN_POINT('',(0.44415,-0.163,0.00651));
#7799=CARTESIAN_POINT('',(0.44415,-0.163,0.00651));
#7800=CARTESIAN_POINT('',(0.43815,-0.163,0.00651));
#7801=CARTESIAN_POINT('',(0.44415,-0.16,0.00651));
#7802=CARTESIAN_POINT('',(0.44415,-0.16,0.00501));
#7803=CARTESIAN_POINT('',(0.44415,-0.159,0.00501));
#7804=CARTESIAN_POINT('',(0.44415,-0.159,0.00651));
#7805=CARTESIAN_POINT('',(0.44415,-0.159,0.00651));
#7806=CARTESIAN_POINT('',(0.44415,-0.16,0.00651));
#7807=CARTESIAN_POINT('',(0.44615,-0.159,0.00651));
#7808=CARTESIAN_POINT('',(0.44615,-0.159,0.00651));
#7809=CARTESIAN_POINT('',(0.44615,-0.157,0.00651));
#7810=CARTESIAN_POINT('',(0.44615,-0.159,0.00501));
#7811=CARTESIAN_POINT('',(0.44615,-0.157,0.00501));
#7812=CARTESIAN_POINT('',(0.44615,-0.157,0.00501));
#7813=CARTESIAN_POINT('',(0.462,-0.157,0.00651));
#7814=CARTESIAN_POINT('',(0.462,-0.157,0.00651));
#7815=CARTESIAN_POINT('',(0.462,-0.157,0.00651));
#7816=CARTESIAN_POINT('',(0.462,-0.157,0.00501));
#7817=CARTESIAN_POINT('',(0.462,-0.157,0.00501));
#7818=CARTESIAN_POINT('',(0.462,-0.157,0.00651));
#7819=CARTESIAN_POINT('',(0.462,-0.023,0.00651));
#7820=CARTESIAN_POINT('',(0.462,-0.023,0.00501));
#7821=CARTESIAN_POINT('',(0.462,-0.023,0.00501));
#7822=CARTESIAN_POINT('',(0.462,-0.023,0.00651));
#7823=CARTESIAN_POINT('',(0.462,-0.023,0.00651));
#7824=CARTESIAN_POINT('',(0.462,-0.023,0.00651));
#7825=CARTESIAN_POINT('',(0.023,-0.023,0.00651));
#7826=CARTESIAN_POINT('',(0.023,-0.023,0.00501));
#7827=CARTESIAN_POINT('',(0.4271,-0.023,0.00501));
#7828=CARTESIAN_POINT('',(0.4271,-0.023,0.00651));
#7829=CARTESIAN_POINT('',(0.4271,-0.023,0.00651));
#7830=CARTESIAN_POINT('',(0.023,-0.023,0.00651));
#7831=CARTESIAN_POINT('',(0.4271,-0.021,0.00651));
#7832=CARTESIAN_POINT('',(0.4271,-0.021,0.00651));
#7833=CARTESIAN_POINT('',(0.4251,-0.021,0.00651));
#7834=CARTESIAN_POINT('',(0.4271,-0.021,0.00501));
#7835=CARTESIAN_POINT('',(0.4251,-0.021,0.00501));
#7836=CARTESIAN_POINT('',(0.4251,-0.021,0.00651));
#7837=CARTESIAN_POINT('',(0.4251,-0.02,0.00651));
#7838=CARTESIAN_POINT('',(0.4251,-0.02,0.00651));
#7839=CARTESIAN_POINT('',(0.4251,-0.017,0.00651));
#7840=CARTESIAN_POINT('',(0.4251,-0.02,0.00501));
#7841=CARTESIAN_POINT('',(0.4251,-0.017,0.00501));
#7842=CARTESIAN_POINT('',(0.4251,-0.017,0.00651));
#7843=CARTESIAN_POINT('',(0.4191,-0.017,0.00651));
#7844=CARTESIAN_POINT('',(0.4191,-0.017,0.00501));
#7845=CARTESIAN_POINT('',(0.4131,-0.017,0.00501));
#7846=CARTESIAN_POINT('',(0.4131,-0.017,0.00651));
#7847=CARTESIAN_POINT('',(0.4131,-0.017,0.00651));
#7848=CARTESIAN_POINT('',(0.4191,-0.017,0.00651));
#7849=CARTESIAN_POINT('',(0.4131,-0.02,0.00651));
#7850=CARTESIAN_POINT('',(0.4131,-0.02,0.00501));
#7851=CARTESIAN_POINT('',(0.4131,-0.021,0.00501));
#7852=CARTESIAN_POINT('',(0.4131,-0.021,0.00651));
#7853=CARTESIAN_POINT('',(0.4131,-0.021,0.00651));
#7854=CARTESIAN_POINT('',(0.4131,-0.02,0.00651));
#7855=CARTESIAN_POINT('',(0.4111,-0.021,0.00651));
#7856=CARTESIAN_POINT('',(0.4111,-0.021,0.00651));
#7857=CARTESIAN_POINT('',(0.4111,-0.023,0.00651));
#7858=CARTESIAN_POINT('',(0.4111,-0.021,0.00501));
#7859=CARTESIAN_POINT('',(0.4111,-0.023,0.00501));
#7860=CARTESIAN_POINT('',(0.4111,-0.023,0.00501));
#7861=CARTESIAN_POINT('',(0.4191,-0.02,0.00651));
#7862=CARTESIAN_POINT('',(0.4191,-0.02,0.00651));
#7863=CARTESIAN_POINT('',(0.4202,-0.02,0.00651));
#7864=CARTESIAN_POINT('',(0.4191,-0.02,0.00501));
#7865=CARTESIAN_POINT('',(0.4202,-0.02,0.00501));
#7866=CARTESIAN_POINT('',(0.43815,-0.16,0.00651));
#7867=CARTESIAN_POINT('',(0.43815,-0.16,0.00651));
#7868=CARTESIAN_POINT('',(0.43925,-0.16,0.00651));
#7869=CARTESIAN_POINT('',(0.43815,-0.16,0.00501));
#7870=CARTESIAN_POINT('',(0.43925,-0.16,0.00501));
#7871=CARTESIAN_POINT('',(0.3476625,-0.0311,0.00651));
#7872=CARTESIAN_POINT('',(0.3476625,-0.0311,0.00501));
#7873=CARTESIAN_POINT('',(0.3546625,-0.0311,0.00501));
#7874=CARTESIAN_POINT('',(0.3406625,-0.0311,0.00501));
#7875=CARTESIAN_POINT('',(0.3546625,-0.0311,0.00651));
#7876=CARTESIAN_POINT('',(0.3546625,-0.0311,0.00651));
#7877=CARTESIAN_POINT('',(0.3476625,-0.0311,0.00651));
#7878=CARTESIAN_POINT('',(0.3406625,-0.0311,0.00651));
#7879=CARTESIAN_POINT('',(0.3406625,-0.0311,0.00651));
#7880=CARTESIAN_POINT('',(0.3546625,-0.0381,0.00651));
#7881=CARTESIAN_POINT('',(0.3546625,-0.0381,0.00501));
#7882=CARTESIAN_POINT('',(0.3546625,-0.0451,0.00501));
#7883=CARTESIAN_POINT('',(0.3546625,-0.0451,0.00651));
#7884=CARTESIAN_POINT('',(0.3546625,-0.0451,0.00651));
#7885=CARTESIAN_POINT('',(0.3546625,-0.0381,0.00651));
#7886=CARTESIAN_POINT('',(0.3476625,-0.0451,0.00651));
#7887=CARTESIAN_POINT('',(0.3476625,-0.0451,0.00501));
#7888=CARTESIAN_POINT('',(0.3406625,-0.0451,0.00501));
#7889=CARTESIAN_POINT('',(0.3406625,-0.0451,0.00651));
#7890=CARTESIAN_POINT('',(0.3406625,-0.0451,0.00651));
#7891=CARTESIAN_POINT('',(0.3476625,-0.0451,0.00651));
#7892=CARTESIAN_POINT('',(0.3406625,-0.0381,0.00651));
#7893=CARTESIAN_POINT('',(0.3406625,-0.0381,0.00501));
#7894=CARTESIAN_POINT('',(0.3406625,-0.0381,0.00651));
#7895=CARTESIAN_POINT('',(0.3667125,-0.0311,0.00651));
#7896=CARTESIAN_POINT('',(0.3667125,-0.0311,0.00501));
#7897=CARTESIAN_POINT('',(0.3737125,-0.0311,0.00501));
#7898=CARTESIAN_POINT('',(0.3597125,-0.0311,0.00501));
#7899=CARTESIAN_POINT('',(0.3737125,-0.0311,0.00651));
#7900=CARTESIAN_POINT('',(0.3737125,-0.0311,0.00651));
#7901=CARTESIAN_POINT('',(0.3667125,-0.0311,0.00651));
#7902=CARTESIAN_POINT('',(0.3597125,-0.0311,0.00651));
#7903=CARTESIAN_POINT('',(0.3597125,-0.0311,0.00651));
#7904=CARTESIAN_POINT('',(0.3737125,-0.0381,0.00651));
#7905=CARTESIAN_POINT('',(0.3737125,-0.0381,0.00501));
#7906=CARTESIAN_POINT('',(0.3737125,-0.0451,0.00501));
#7907=CARTESIAN_POINT('',(0.3737125,-0.0451,0.00651));
#7908=CARTESIAN_POINT('',(0.3737125,-0.0451,0.00651));
#7909=CARTESIAN_POINT('',(0.3737125,-0.0381,0.00651));
#7910=CARTESIAN_POINT('',(0.3667125,-0.0451,0.00651));
#7911=CARTESIAN_POINT('',(0.3667125,-0.0451,0.00501));
#7912=CARTESIAN_POINT('',(0.3597125,-0.0451,0.00501));
#7913=CARTESIAN_POINT('',(0.3597125,-0.0451,0.00651));
#7914=CARTESIAN_POINT('',(0.3597125,-0.0451,0.00651));
#7915=CARTESIAN_POINT('',(0.3667125,-0.0451,0.00651));
#7916=CARTESIAN_POINT('',(0.3597125,-0.0381,0.00651));
#7917=CARTESIAN_POINT('',(0.3597125,-0.0381,0.00501));
#7918=CARTESIAN_POINT('',(0.3597125,-0.0381,0.00651));
#7919=CARTESIAN_POINT('',(0.3597125,-0.066675,0.00651));
#7920=CARTESIAN_POINT('',(0.3597125,-0.066675,0.00501));
#7921=CARTESIAN_POINT('',(0.3597125,-0.073675,0.00501));
#7922=CARTESIAN_POINT('',(0.3597125,-0.059675,0.00501));
#7923=CARTESIAN_POINT('',(0.3597125,-0.059675,0.00651));
#7924=CARTESIAN_POINT('',(0.3597125,-0.059675,0.00651));
#7925=CARTESIAN_POINT('',(0.3597125,-0.066675,0.00651));
#7926=CARTESIAN_POINT('',(0.3597125,-0.073675,0.00651));
#7927=CARTESIAN_POINT('',(0.3597125,-0.073675,0.00651));
#7928=CARTESIAN_POINT('',(0.3667125,-0.059675,0.00651));
#7929=CARTESIAN_POINT('',(0.3667125,-0.059675,0.00501));
#7930=CARTESIAN_POINT('',(0.3737125,-0.059675,0.00501));
#7931=CARTESIAN_POINT('',(0.3737125,-0.059675,0.00651));
#7932=CARTESIAN_POINT('',(0.3737125,-0.059675,0.00651));
#7933=CARTESIAN_POINT('',(0.3667125,-0.059675,0.00651));
#7934=CARTESIAN_POINT('',(0.3737125,-0.066675,0.00651));
#7935=CARTESIAN_POINT('',(0.3737125,-0.066675,0.00501));
#7936=CARTESIAN_POINT('',(0.3737125,-0.073675,0.00501));
#7937=CARTESIAN_POINT('',(0.3737125,-0.073675,0.00651));
#7938=CARTESIAN_POINT('',(0.3737125,-0.073675,0.00651));
#7939=CARTESIAN_POINT('',(0.3737125,-0.066675,0.00651));
#7940=CARTESIAN_POINT('',(0.3667125,-0.073675,0.00651));
#7941=CARTESIAN_POINT('',(0.3667125,-0.073675,0.00501));
#7942=CARTESIAN_POINT('',(0.3667125,-0.073675,0.00651));
#7943=CARTESIAN_POINT('',(0.397525,-0.066675,0.00651));
#7944=CARTESIAN_POINT('',(0.397525,-0.066675,0.00501));
#7945=CARTESIAN_POINT('',(0.397525,-0.059675,0.00501));
#7946=CARTESIAN_POINT('',(0.397525,-0.073675,0.00501));
#7947=CARTESIAN_POINT('',(0.397525,-0.073675,0.00651));
#7948=CARTESIAN_POINT('',(0.397525,-0.073675,0.00651));
#7949=CARTESIAN_POINT('',(0.397525,-0.066675,0.00651));
#7950=CARTESIAN_POINT('',(0.397525,-0.059675,0.00651));
#7951=CARTESIAN_POINT('',(0.397525,-0.059675,0.00651));
#7952=CARTESIAN_POINT('',(0.390525,-0.073675,0.00651));
#7953=CARTESIAN_POINT('',(0.390525,-0.073675,0.00501));
#7954=CARTESIAN_POINT('',(0.383525,-0.073675,0.00501));
#7955=CARTESIAN_POINT('',(0.383525,-0.073675,0.00651));
#7956=CARTESIAN_POINT('',(0.383525,-0.073675,0.00651));
#7957=CARTESIAN_POINT('',(0.390525,-0.073675,0.00651));
#7958=CARTESIAN_POINT('',(0.383525,-0.066675,0.00651));
#7959=CARTESIAN_POINT('',(0.383525,-0.066675,0.00501));
#7960=CARTESIAN_POINT('',(0.383525,-0.059675,0.00501));
#7961=CARTESIAN_POINT('',(0.383525,-0.059675,0.00651));
#7962=CARTESIAN_POINT('',(0.383525,-0.059675,0.00651));
#7963=CARTESIAN_POINT('',(0.383525,-0.066675,0.00651));
#7964=CARTESIAN_POINT('',(0.390525,-0.059675,0.00651));
#7965=CARTESIAN_POINT('',(0.390525,-0.059675,0.00501));
#7966=CARTESIAN_POINT('',(0.390525,-0.059675,0.00651));
#7967=CARTESIAN_POINT('',(0.390525,-0.078725,0.00651));
#7968=CARTESIAN_POINT('',(0.390525,-0.078725,0.00501));
#7969=CARTESIAN_POINT('',(0.397525,-0.078725,0.00501));
#7970=CARTESIAN_POINT('',(0.383525,-0.078725,0.00501));
#7971=CARTESIAN_POINT('',(0.397525,-0.078725,0.00651));
#7972=CARTESIAN_POINT('',(0.397525,-0.078725,0.00651));
#7973=CARTESIAN_POINT('',(0.390525,-0.078725,0.00651));
#7974=CARTESIAN_POINT('',(0.383525,-0.078725,0.00651));
#7975=CARTESIAN_POINT('',(0.383525,-0.078725,0.00651));
#7976=CARTESIAN_POINT('',(0.397525,-0.085725,0.00651));
#7977=CARTESIAN_POINT('',(0.397525,-0.085725,0.00501));
#7978=CARTESIAN_POINT('',(0.397525,-0.092725,0.00501));
#7979=CARTESIAN_POINT('',(0.397525,-0.092725,0.00651));
#7980=CARTESIAN_POINT('',(0.397525,-0.092725,0.00651));
#7981=CARTESIAN_POINT('',(0.397525,-0.085725,0.00651));
#7982=CARTESIAN_POINT('',(0.390525,-0.092725,0.00651));
#7983=CARTESIAN_POINT('',(0.390525,-0.092725,0.00501));
#7984=CARTESIAN_POINT('',(0.383525,-0.092725,0.00501));
#7985=CARTESIAN_POINT('',(0.383525,-0.092725,0.00651));
#7986=CARTESIAN_POINT('',(0.383525,-0.092725,0.00651));
#7987=CARTESIAN_POINT('',(0.390525,-0.092725,0.00651));
#7988=CARTESIAN_POINT('',(0.383525,-0.085725,0.00651));
#7989=CARTESIAN_POINT('',(0.383525,-0.085725,0.00501));
#7990=CARTESIAN_POINT('',(0.383525,-0.085725,0.00651));
#7991=CARTESIAN_POINT('',(0.390525,-0.097775,0.00651));
#7992=CARTESIAN_POINT('',(0.390525,-0.097775,0.00501));
#7993=CARTESIAN_POINT('',(0.397525,-0.097775,0.00501));
#7994=CARTESIAN_POINT('',(0.383525,-0.097775,0.00501));
#7995=CARTESIAN_POINT('',(0.397525,-0.097775,0.00651));
#7996=CARTESIAN_POINT('',(0.397525,-0.097775,0.00651));
#7997=CARTESIAN_POINT('',(0.390525,-0.097775,0.00651));
#7998=CARTESIAN_POINT('',(0.383525,-0.097775,0.00651));
#7999=CARTESIAN_POINT('',(0.383525,-0.097775,0.00651));
#8000=CARTESIAN_POINT('',(0.397525,-0.104775,0.00651));
#8001=CARTESIAN_POINT('',(0.397525,-0.104775,0.00501));
#8002=CARTESIAN_POINT('',(0.397525,-0.111775,0.00501));
#8003=CARTESIAN_POINT('',(0.397525,-0.111775,0.00651));
#8004=CARTESIAN_POINT('',(0.397525,-0.111775,0.00651));
#8005=CARTESIAN_POINT('',(0.397525,-0.104775,0.00651));
#8006=CARTESIAN_POINT('',(0.390525,-0.111775,0.00651));
#8007=CARTESIAN_POINT('',(0.390525,-0.111775,0.00501));
#8008=CARTESIAN_POINT('',(0.383525,-0.111775,0.00501));
#8009=CARTESIAN_POINT('',(0.383525,-0.111775,0.00651));
#8010=CARTESIAN_POINT('',(0.383525,-0.111775,0.00651));
#8011=CARTESIAN_POINT('',(0.390525,-0.111775,0.00651));
#8012=CARTESIAN_POINT('',(0.383525,-0.104775,0.00651));
#8013=CARTESIAN_POINT('',(0.383525,-0.104775,0.00501));
#8014=CARTESIAN_POINT('',(0.383525,-0.104775,0.00651));
#8015=CARTESIAN_POINT('',(0.390525,-0.116825,0.00651));
#8016=CARTESIAN_POINT('',(0.390525,-0.116825,0.00501));
#8017=CARTESIAN_POINT('',(0.397525,-0.116825,0.00501));
#8018=CARTESIAN_POINT('',(0.383525,-0.116825,0.00501));
#8019=CARTESIAN_POINT('',(0.397525,-0.116825,0.00651));
#8020=CARTESIAN_POINT('',(0.397525,-0.116825,0.00651));
#8021=CARTESIAN_POINT('',(0.390525,-0.116825,0.00651));
#8022=CARTESIAN_POINT('',(0.383525,-0.116825,0.00651));
#8023=CARTESIAN_POINT('',(0.383525,-0.116825,0.00651));
#8024=CARTESIAN_POINT('',(0.397525,-0.123825,0.00651));
#8025=CARTESIAN_POINT('',(0.397525,-0.123825,0.00501));
#8026=CARTESIAN_POINT('',(0.397525,-0.130825,0.00501));
#8027=CARTESIAN_POINT('',(0.397525,-0.130825,0.00651));
#8028=CARTESIAN_POINT('',(0.397525,-0.130825,0.00651));
#8029=CARTESIAN_POINT('',(0.397525,-0.123825,0.00651));
#8030=CARTESIAN_POINT('',(0.390525,-0.130825,0.00651));
#8031=CARTESIAN_POINT('',(0.390525,-0.130825,0.00501));
#8032=CARTESIAN_POINT('',(0.383525,-0.130825,0.00501));
#8033=CARTESIAN_POINT('',(0.383525,-0.130825,0.00651));
#8034=CARTESIAN_POINT('',(0.383525,-0.130825,0.00651));
#8035=CARTESIAN_POINT('',(0.390525,-0.130825,0.00651));
#8036=CARTESIAN_POINT('',(0.383525,-0.123825,0.00651));
#8037=CARTESIAN_POINT('',(0.383525,-0.123825,0.00501));
#8038=CARTESIAN_POINT('',(0.383525,-0.123825,0.00651));
#8039=CARTESIAN_POINT('',(0.409575,-0.059675,0.00651));
#8040=CARTESIAN_POINT('',(0.409575,-0.059675,0.00501));
#8041=CARTESIAN_POINT('',(0.416575,-0.059675,0.00501));
#8042=CARTESIAN_POINT('',(0.402575,-0.059675,0.00501));
#8043=CARTESIAN_POINT('',(0.416575,-0.059675,0.00651));
#8044=CARTESIAN_POINT('',(0.416575,-0.059675,0.00651));
#8045=CARTESIAN_POINT('',(0.409575,-0.059675,0.00651));
#8046=CARTESIAN_POINT('',(0.402575,-0.059675,0.00651));
#8047=CARTESIAN_POINT('',(0.402575,-0.059675,0.00651));
#8048=CARTESIAN_POINT('',(0.416575,-0.066675,0.00651));
#8049=CARTESIAN_POINT('',(0.416575,-0.066675,0.00501));
#8050=CARTESIAN_POINT('',(0.416575,-0.073675,0.00501));
#8051=CARTESIAN_POINT('',(0.416575,-0.073675,0.00651));
#8052=CARTESIAN_POINT('',(0.416575,-0.073675,0.00651));
#8053=CARTESIAN_POINT('',(0.416575,-0.066675,0.00651));
#8054=CARTESIAN_POINT('',(0.409575,-0.073675,0.00651));
#8055=CARTESIAN_POINT('',(0.409575,-0.073675,0.00501));
#8056=CARTESIAN_POINT('',(0.402575,-0.073675,0.00501));
#8057=CARTESIAN_POINT('',(0.402575,-0.073675,0.00651));
#8058=CARTESIAN_POINT('',(0.402575,-0.073675,0.00651));
#8059=CARTESIAN_POINT('',(0.409575,-0.073675,0.00651));
#8060=CARTESIAN_POINT('',(0.402575,-0.066675,0.00651));
#8061=CARTESIAN_POINT('',(0.402575,-0.066675,0.00501));
#8062=CARTESIAN_POINT('',(0.402575,-0.066675,0.00651));
#8063=CARTESIAN_POINT('',(0.409575,-0.078725,0.00651));
#8064=CARTESIAN_POINT('',(0.409575,-0.078725,0.00501));
#8065=CARTESIAN_POINT('',(0.416575,-0.078725,0.00501));
#8066=CARTESIAN_POINT('',(0.402575,-0.078725,0.00501));
#8067=CARTESIAN_POINT('',(0.416575,-0.078725,0.00651));
#8068=CARTESIAN_POINT('',(0.416575,-0.078725,0.00651));
#8069=CARTESIAN_POINT('',(0.409575,-0.078725,0.00651));
#8070=CARTESIAN_POINT('',(0.402575,-0.078725,0.00651));
#8071=CARTESIAN_POINT('',(0.402575,-0.078725,0.00651));
#8072=CARTESIAN_POINT('',(0.416575,-0.085725,0.00651));
#8073=CARTESIAN_POINT('',(0.416575,-0.085725,0.00501));
#8074=CARTESIAN_POINT('',(0.416575,-0.092725,0.00501));
#8075=CARTESIAN_POINT('',(0.416575,-0.092725,0.00651));
#8076=CARTESIAN_POINT('',(0.416575,-0.092725,0.00651));
#8077=CARTESIAN_POINT('',(0.416575,-0.085725,0.00651));
#8078=CARTESIAN_POINT('',(0.409575,-0.092725,0.00651));
#8079=CARTESIAN_POINT('',(0.409575,-0.092725,0.00501));
#8080=CARTESIAN_POINT('',(0.402575,-0.092725,0.00501));
#8081=CARTESIAN_POINT('',(0.402575,-0.092725,0.00651));
#8082=CARTESIAN_POINT('',(0.402575,-0.092725,0.00651));
#8083=CARTESIAN_POINT('',(0.409575,-0.092725,0.00651));
#8084=CARTESIAN_POINT('',(0.402575,-0.085725,0.00651));
#8085=CARTESIAN_POINT('',(0.402575,-0.085725,0.00501));
#8086=CARTESIAN_POINT('',(0.402575,-0.085725,0.00651));
#8087=CARTESIAN_POINT('',(0.409575,-0.097775,0.00651));
#8088=CARTESIAN_POINT('',(0.409575,-0.097775,0.00501));
#8089=CARTESIAN_POINT('',(0.416575,-0.097775,0.00501));
#8090=CARTESIAN_POINT('',(0.402575,-0.097775,0.00501));
#8091=CARTESIAN_POINT('',(0.416575,-0.097775,0.00651));
#8092=CARTESIAN_POINT('',(0.416575,-0.097775,0.00651));
#8093=CARTESIAN_POINT('',(0.409575,-0.097775,0.00651));
#8094=CARTESIAN_POINT('',(0.402575,-0.097775,0.00651));
#8095=CARTESIAN_POINT('',(0.402575,-0.097775,0.00651));
#8096=CARTESIAN_POINT('',(0.416575,-0.104775,0.00651));
#8097=CARTESIAN_POINT('',(0.416575,-0.104775,0.00501));
#8098=CARTESIAN_POINT('',(0.416575,-0.111775,0.00501));
#8099=CARTESIAN_POINT('',(0.416575,-0.111775,0.00651));
#8100=CARTESIAN_POINT('',(0.416575,-0.111775,0.00651));
#8101=CARTESIAN_POINT('',(0.416575,-0.104775,0.00651));
#8102=CARTESIAN_POINT('',(0.409575,-0.111775,0.00651));
#8103=CARTESIAN_POINT('',(0.409575,-0.111775,0.00501));
#8104=CARTESIAN_POINT('',(0.402575,-0.111775,0.00501));
#8105=CARTESIAN_POINT('',(0.402575,-0.111775,0.00651));
#8106=CARTESIAN_POINT('',(0.402575,-0.111775,0.00651));
#8107=CARTESIAN_POINT('',(0.409575,-0.111775,0.00651));
#8108=CARTESIAN_POINT('',(0.402575,-0.104775,0.00651));
#8109=CARTESIAN_POINT('',(0.402575,-0.104775,0.00501));
#8110=CARTESIAN_POINT('',(0.402575,-0.104775,0.00651));
#8111=CARTESIAN_POINT('',(0.409575,-0.116825,0.00651));
#8112=CARTESIAN_POINT('',(0.409575,-0.116825,0.00501));
#8113=CARTESIAN_POINT('',(0.416575,-0.116825,0.00501));
#8114=CARTESIAN_POINT('',(0.402575,-0.116825,0.00501));
#8115=CARTESIAN_POINT('',(0.416575,-0.116825,0.00651));
#8116=CARTESIAN_POINT('',(0.416575,-0.116825,0.00651));
#8117=CARTESIAN_POINT('',(0.409575,-0.116825,0.00651));
#8118=CARTESIAN_POINT('',(0.402575,-0.116825,0.00651));
#8119=CARTESIAN_POINT('',(0.402575,-0.116825,0.00651));
#8120=CARTESIAN_POINT('',(0.416575,-0.123825,0.00651));
#8121=CARTESIAN_POINT('',(0.416575,-0.123825,0.00501));
#8122=CARTESIAN_POINT('',(0.416575,-0.130825,0.00501));
#8123=CARTESIAN_POINT('',(0.416575,-0.130825,0.00651));
#8124=CARTESIAN_POINT('',(0.416575,-0.130825,0.00651));
#8125=CARTESIAN_POINT('',(0.416575,-0.123825,0.00651));
#8126=CARTESIAN_POINT('',(0.409575,-0.130825,0.00651));
#8127=CARTESIAN_POINT('',(0.409575,-0.130825,0.00501));
#8128=CARTESIAN_POINT('',(0.402575,-0.130825,0.00501));
#8129=CARTESIAN_POINT('',(0.402575,-0.130825,0.00651));
#8130=CARTESIAN_POINT('',(0.402575,-0.130825,0.00651));
#8131=CARTESIAN_POINT('',(0.409575,-0.130825,0.00651));
#8132=CARTESIAN_POINT('',(0.402575,-0.123825,0.00651));
#8133=CARTESIAN_POINT('',(0.402575,-0.123825,0.00501));
#8134=CARTESIAN_POINT('',(0.402575,-0.123825,0.00651));
#8135=CARTESIAN_POINT('',(0.428625,-0.059675,0.00651));
#8136=CARTESIAN_POINT('',(0.428625,-0.059675,0.00501));
#8137=CARTESIAN_POINT('',(0.435625,-0.059675,0.00501));
#8138=CARTESIAN_POINT('',(0.421625,-0.059675,0.00501));
#8139=CARTESIAN_POINT('',(0.435625,-0.059675,0.00651));
#8140=CARTESIAN_POINT('',(0.435625,-0.059675,0.00651));
#8141=CARTESIAN_POINT('',(0.428625,-0.059675,0.00651));
#8142=CARTESIAN_POINT('',(0.421625,-0.059675,0.00651));
#8143=CARTESIAN_POINT('',(0.421625,-0.059675,0.00651));
#8144=CARTESIAN_POINT('',(0.435625,-0.066675,0.00651));
#8145=CARTESIAN_POINT('',(0.435625,-0.066675,0.00501));
#8146=CARTESIAN_POINT('',(0.435625,-0.073675,0.00501));
#8147=CARTESIAN_POINT('',(0.435625,-0.073675,0.00651));
#8148=CARTESIAN_POINT('',(0.435625,-0.073675,0.00651));
#8149=CARTESIAN_POINT('',(0.435625,-0.066675,0.00651));
#8150=CARTESIAN_POINT('',(0.428625,-0.073675,0.00651));
#8151=CARTESIAN_POINT('',(0.428625,-0.073675,0.00501));
#8152=CARTESIAN_POINT('',(0.421625,-0.073675,0.00501));
#8153=CARTESIAN_POINT('',(0.421625,-0.073675,0.00651));
#8154=CARTESIAN_POINT('',(0.421625,-0.073675,0.00651));
#8155=CARTESIAN_POINT('',(0.428625,-0.073675,0.00651));
#8156=CARTESIAN_POINT('',(0.421625,-0.066675,0.00651));
#8157=CARTESIAN_POINT('',(0.421625,-0.066675,0.00501));
#8158=CARTESIAN_POINT('',(0.421625,-0.066675,0.00651));
#8159=CARTESIAN_POINT('',(0.428625,-0.078725,0.00651));
#8160=CARTESIAN_POINT('',(0.428625,-0.078725,0.00501));
#8161=CARTESIAN_POINT('',(0.435625,-0.078725,0.00501));
#8162=CARTESIAN_POINT('',(0.421625,-0.078725,0.00501));
#8163=CARTESIAN_POINT('',(0.435625,-0.078725,0.00651));
#8164=CARTESIAN_POINT('',(0.435625,-0.078725,0.00651));
#8165=CARTESIAN_POINT('',(0.428625,-0.078725,0.00651));
#8166=CARTESIAN_POINT('',(0.421625,-0.078725,0.00651));
#8167=CARTESIAN_POINT('',(0.421625,-0.078725,0.00651));
#8168=CARTESIAN_POINT('',(0.435625,-0.085725,0.00651));
#8169=CARTESIAN_POINT('',(0.435625,-0.085725,0.00501));
#8170=CARTESIAN_POINT('',(0.435625,-0.092725,0.00501));
#8171=CARTESIAN_POINT('',(0.435625,-0.092725,0.00651));
#8172=CARTESIAN_POINT('',(0.435625,-0.092725,0.00651));
#8173=CARTESIAN_POINT('',(0.435625,-0.085725,0.00651));
#8174=CARTESIAN_POINT('',(0.428625,-0.092725,0.00651));
#8175=CARTESIAN_POINT('',(0.428625,-0.092725,0.00501));
#8176=CARTESIAN_POINT('',(0.421625,-0.092725,0.00501));
#8177=CARTESIAN_POINT('',(0.421625,-0.092725,0.00651));
#8178=CARTESIAN_POINT('',(0.421625,-0.092725,0.00651));
#8179=CARTESIAN_POINT('',(0.428625,-0.092725,0.00651));
#8180=CARTESIAN_POINT('',(0.421625,-0.085725,0.00651));
#8181=CARTESIAN_POINT('',(0.421625,-0.085725,0.00501));
#8182=CARTESIAN_POINT('',(0.421625,-0.085725,0.00651));
#8183=CARTESIAN_POINT('',(0.428625,-0.097775,0.00651));
#8184=CARTESIAN_POINT('',(0.428625,-0.097775,0.00501));
#8185=CARTESIAN_POINT('',(0.435625,-0.097775,0.00501));
#8186=CARTESIAN_POINT('',(0.421625,-0.097775,0.00501));
#8187=CARTESIAN_POINT('',(0.435625,-0.097775,0.00651));
#8188=CARTESIAN_POINT('',(0.435625,-0.097775,0.00651));
#8189=CARTESIAN_POINT('',(0.428625,-0.097775,0.00651));
#8190=CARTESIAN_POINT('',(0.421625,-0.097775,0.00651));
#8191=CARTESIAN_POINT('',(0.421625,-0.097775,0.00651));
#8192=CARTESIAN_POINT('',(0.435625,-0.104775,0.00651));
#8193=CARTESIAN_POINT('',(0.435625,-0.104775,0.00501));
#8194=CARTESIAN_POINT('',(0.435625,-0.111775,0.00501));
#8195=CARTESIAN_POINT('',(0.435625,-0.111775,0.00651));
#8196=CARTESIAN_POINT('',(0.435625,-0.111775,0.00651));
#8197=CARTESIAN_POINT('',(0.435625,-0.104775,0.00651));
#8198=CARTESIAN_POINT('',(0.428625,-0.111775,0.00651));
#8199=CARTESIAN_POINT('',(0.428625,-0.111775,0.00501));
#8200=CARTESIAN_POINT('',(0.421625,-0.111775,0.00501));
#8201=CARTESIAN_POINT('',(0.421625,-0.111775,0.00651));
#8202=CARTESIAN_POINT('',(0.421625,-0.111775,0.00651));
#8203=CARTESIAN_POINT('',(0.428625,-0.111775,0.00651));
#8204=CARTESIAN_POINT('',(0.421625,-0.104775,0.00651));
#8205=CARTESIAN_POINT('',(0.421625,-0.104775,0.00501));
#8206=CARTESIAN_POINT('',(0.421625,-0.104775,0.00651));
#8207=CARTESIAN_POINT('',(0.428625,-0.116825,0.00651));
#8208=CARTESIAN_POINT('',(0.428625,-0.116825,0.00501));
#8209=CARTESIAN_POINT('',(0.435625,-0.116825,0.00501));
#8210=CARTESIAN_POINT('',(0.421625,-0.116825,0.00501));
#8211=CARTESIAN_POINT('',(0.435625,-0.116825,0.00651));
#8212=CARTESIAN_POINT('',(0.435625,-0.116825,0.00651));
#8213=CARTESIAN_POINT('',(0.428625,-0.116825,0.00651));
#8214=CARTESIAN_POINT('',(0.421625,-0.116825,0.00651));
#8215=CARTESIAN_POINT('',(0.421625,-0.116825,0.00651));
#8216=CARTESIAN_POINT('',(0.435625,-0.123825,0.00651));
#8217=CARTESIAN_POINT('',(0.435625,-0.123825,0.00501));
#8218=CARTESIAN_POINT('',(0.435625,-0.130825,0.00501));
#8219=CARTESIAN_POINT('',(0.435625,-0.130825,0.00651));
#8220=CARTESIAN_POINT('',(0.435625,-0.130825,0.00651));
#8221=CARTESIAN_POINT('',(0.435625,-0.123825,0.00651));
#8222=CARTESIAN_POINT('',(0.428625,-0.130825,0.00651));
#8223=CARTESIAN_POINT('',(0.428625,-0.130825,0.00501));
#8224=CARTESIAN_POINT('',(0.421625,-0.130825,0.00501));
#8225=CARTESIAN_POINT('',(0.421625,-0.130825,0.00651));
#8226=CARTESIAN_POINT('',(0.421625,-0.130825,0.00651));
#8227=CARTESIAN_POINT('',(0.428625,-0.130825,0.00651));
#8228=CARTESIAN_POINT('',(0.421625,-0.123825,0.00651));
#8229=CARTESIAN_POINT('',(0.421625,-0.123825,0.00501));
#8230=CARTESIAN_POINT('',(0.421625,-0.123825,0.00651));
#8231=CARTESIAN_POINT('',(0.435625,-0.142875,0.00651));
#8232=CARTESIAN_POINT('',(0.435625,-0.142875,0.00501));
#8233=CARTESIAN_POINT('',(0.435625,-0.135875,0.00501));
#8234=CARTESIAN_POINT('',(0.435625,-0.149875,0.00501));
#8235=CARTESIAN_POINT('',(0.435625,-0.149875,0.00651));
#8236=CARTESIAN_POINT('',(0.435625,-0.149875,0.00651));
#8237=CARTESIAN_POINT('',(0.435625,-0.142875,0.00651));
#8238=CARTESIAN_POINT('',(0.435625,-0.135875,0.00651));
#8239=CARTESIAN_POINT('',(0.435625,-0.135875,0.00651));
#8240=CARTESIAN_POINT('',(0.428625,-0.149875,0.00651));
#8241=CARTESIAN_POINT('',(0.428625,-0.149875,0.00501));
#8242=CARTESIAN_POINT('',(0.421625,-0.149875,0.00501));
#8243=CARTESIAN_POINT('',(0.421625,-0.149875,0.00651));
#8244=CARTESIAN_POINT('',(0.421625,-0.149875,0.00651));
#8245=CARTESIAN_POINT('',(0.428625,-0.149875,0.00651));
#8246=CARTESIAN_POINT('',(0.421625,-0.142875,0.00651));
#8247=CARTESIAN_POINT('',(0.421625,-0.142875,0.00501));
#8248=CARTESIAN_POINT('',(0.421625,-0.135875,0.00501));
#8249=CARTESIAN_POINT('',(0.421625,-0.135875,0.00651));
#8250=CARTESIAN_POINT('',(0.421625,-0.135875,0.00651));
#8251=CARTESIAN_POINT('',(0.421625,-0.142875,0.00651));
#8252=CARTESIAN_POINT('',(0.428625,-0.135875,0.00651));
#8253=CARTESIAN_POINT('',(0.428625,-0.135875,0.00501));
#8254=CARTESIAN_POINT('',(0.428625,-0.135875,0.00651));
#8255=CARTESIAN_POINT('',(0.4458,-0.08825,0.00651));
#8256=CARTESIAN_POINT('',(0.4458,-0.08825,0.00501));
#8257=CARTESIAN_POINT('',(0.440675,-0.08825,0.00501));
#8258=CARTESIAN_POINT('',(0.450925,-0.08825,0.00501));
#8259=CARTESIAN_POINT('',(0.450925,-0.08825,0.00651));
#8260=CARTESIAN_POINT('',(0.450925,-0.08825,0.00651));
#8261=CARTESIAN_POINT('',(0.4458,-0.08825,0.00651));
#8262=CARTESIAN_POINT('',(0.440675,-0.08825,0.00651));
#8263=CARTESIAN_POINT('',(0.440675,-0.08825,0.00651));
#8264=CARTESIAN_POINT('',(0.450925,-0.087496875,0.00651));
#8265=CARTESIAN_POINT('',(0.450925,-0.087496875,0.00501));
#8266=CARTESIAN_POINT('',(0.450925,-0.08674375,0.00501));
#8267=CARTESIAN_POINT('',(0.450925,-0.08674375,0.00651));
#8268=CARTESIAN_POINT('',(0.450925,-0.08674375,0.00651));
#8269=CARTESIAN_POINT('',(0.450925,-0.087496875,0.00651));
#8270=CARTESIAN_POINT('',(0.4458,-0.08674375,0.00651));
#8271=CARTESIAN_POINT('',(0.4458,-0.08674375,0.00501));
#8272=CARTESIAN_POINT('',(0.440675,-0.08674375,0.00501));
#8273=CARTESIAN_POINT('',(0.440675,-0.08674375,0.00651));
#8274=CARTESIAN_POINT('',(0.440675,-0.08674375,0.00651));
#8275=CARTESIAN_POINT('',(0.4458,-0.08674375,0.00651));
#8276=CARTESIAN_POINT('',(0.440675,-0.08334375,0.00651));
#8277=CARTESIAN_POINT('',(0.440675,-0.08334375,0.00501));
#8278=CARTESIAN_POINT('',(0.440675,-0.0848676761793145,0.00501));
#8279=CARTESIAN_POINT('',(0.440675,-0.0848676761793145,0.00651));
#8280=CARTESIAN_POINT('',(0.440675,-0.0848676761793145,0.00651));
#8281=CARTESIAN_POINT('',(0.440675,-0.08334375,0.00651));
#8282=CARTESIAN_POINT('',(0.44069,-0.08334375,0.00651));
#8283=CARTESIAN_POINT('',(0.44069,-0.08334375,0.00501));
#8284=CARTESIAN_POINT('',(0.440675,-0.0818198238206855,0.00501));
#8285=CARTESIAN_POINT('',(0.440675,-0.0818198238206855,0.00651));
#8286=CARTESIAN_POINT('',(0.440675,-0.0818198238206855,0.00651));
#8287=CARTESIAN_POINT('',(0.44069,-0.08334375,0.00651));
#8288=CARTESIAN_POINT('',(0.440675,-0.08334375,0.00651));
#8289=CARTESIAN_POINT('',(0.440675,-0.08334375,0.00501));
#8290=CARTESIAN_POINT('',(0.440675,-0.07994375,0.00501));
#8291=CARTESIAN_POINT('',(0.440675,-0.07994375,0.00651));
#8292=CARTESIAN_POINT('',(0.440675,-0.07994375,0.00651));
#8293=CARTESIAN_POINT('',(0.440675,-0.08334375,0.00651));
#8294=CARTESIAN_POINT('',(0.4458,-0.07994375,0.00651));
#8295=CARTESIAN_POINT('',(0.4458,-0.07994375,0.00501));
#8296=CARTESIAN_POINT('',(0.455925,-0.07994375,0.00501));
#8297=CARTESIAN_POINT('',(0.455925,-0.07994375,0.00651));
#8298=CARTESIAN_POINT('',(0.455925,-0.07994375,0.00651));
#8299=CARTESIAN_POINT('',(0.4458,-0.07994375,0.00651));
#8300=CARTESIAN_POINT('',(0.455925,-0.09525,0.00651));
#8301=CARTESIAN_POINT('',(0.455925,-0.09525,0.00501));
#8302=CARTESIAN_POINT('',(0.455925,-0.0813498562691307,0.00501));
#8303=CARTESIAN_POINT('',(0.455925,-0.0813498562691307,0.00651));
#8304=CARTESIAN_POINT('',(0.455925,-0.0813498562691307,0.00651));
#8305=CARTESIAN_POINT('',(0.455925,-0.09525,0.00651));
#8306=CARTESIAN_POINT('',(0.45593,-0.08334375,0.00651));
#8307=CARTESIAN_POINT('',(0.45593,-0.08334375,0.00501));
#8308=CARTESIAN_POINT('',(0.455925,-0.0853376437308693,0.00501));
#8309=CARTESIAN_POINT('',(0.455925,-0.0853376437308693,0.00651));
#8310=CARTESIAN_POINT('',(0.455925,-0.0853376437308693,0.00651));
#8311=CARTESIAN_POINT('',(0.45593,-0.08334375,0.00651));
#8312=CARTESIAN_POINT('',(0.455925,-0.09525,0.00651));
#8313=CARTESIAN_POINT('',(0.455925,-0.09525,0.00501));
#8314=CARTESIAN_POINT('',(0.455925,-0.105162356269131,0.00501));
#8315=CARTESIAN_POINT('',(0.455925,-0.105162356269131,0.00651));
#8316=CARTESIAN_POINT('',(0.455925,-0.105162356269131,0.00651));
#8317=CARTESIAN_POINT('',(0.455925,-0.09525,0.00651));
#8318=CARTESIAN_POINT('',(0.45593,-0.10715625,0.00651));
#8319=CARTESIAN_POINT('',(0.45593,-0.10715625,0.00501));
#8320=CARTESIAN_POINT('',(0.455925,-0.109150143730869,0.00501));
#8321=CARTESIAN_POINT('',(0.455925,-0.109150143730869,0.00651));
#8322=CARTESIAN_POINT('',(0.455925,-0.109150143730869,0.00651));
#8323=CARTESIAN_POINT('',(0.45593,-0.10715625,0.00651));
#8324=CARTESIAN_POINT('',(0.455925,-0.09525,0.00651));
#8325=CARTESIAN_POINT('',(0.455925,-0.09525,0.00501));
#8326=CARTESIAN_POINT('',(0.455925,-0.11055625,0.00501));
#8327=CARTESIAN_POINT('',(0.455925,-0.11055625,0.00651));
#8328=CARTESIAN_POINT('',(0.455925,-0.11055625,0.00651));
#8329=CARTESIAN_POINT('',(0.455925,-0.09525,0.00651));
#8330=CARTESIAN_POINT('',(0.4553,-0.11055625,0.00651));
#8331=CARTESIAN_POINT('',(0.4553,-0.11055625,0.00501));
#8332=CARTESIAN_POINT('',(0.440675,-0.11055625,0.00501));
#8333=CARTESIAN_POINT('',(0.440675,-0.11055625,0.00651));
#8334=CARTESIAN_POINT('',(0.440675,-0.11055625,0.00651));
#8335=CARTESIAN_POINT('',(0.4553,-0.11055625,0.00651));
#8336=CARTESIAN_POINT('',(0.440675,-0.10715625,0.00651));
#8337=CARTESIAN_POINT('',(0.440675,-0.10715625,0.00501));
#8338=CARTESIAN_POINT('',(0.440675,-0.108680176179314,0.00501));
#8339=CARTESIAN_POINT('',(0.440675,-0.108680176179314,0.00651));
#8340=CARTESIAN_POINT('',(0.440675,-0.108680176179314,0.00651));
#8341=CARTESIAN_POINT('',(0.440675,-0.10715625,0.00651));
#8342=CARTESIAN_POINT('',(0.44069,-0.10715625,0.00651));
#8343=CARTESIAN_POINT('',(0.44069,-0.10715625,0.00501));
#8344=CARTESIAN_POINT('',(0.440675,-0.105632323820685,0.00501));
#8345=CARTESIAN_POINT('',(0.440675,-0.105632323820685,0.00651));
#8346=CARTESIAN_POINT('',(0.440675,-0.105632323820685,0.00651));
#8347=CARTESIAN_POINT('',(0.44069,-0.10715625,0.00651));
#8348=CARTESIAN_POINT('',(0.440675,-0.10715625,0.00651));
#8349=CARTESIAN_POINT('',(0.440675,-0.10715625,0.00501));
#8350=CARTESIAN_POINT('',(0.440675,-0.10375625,0.00501));
#8351=CARTESIAN_POINT('',(0.440675,-0.10375625,0.00651));
#8352=CARTESIAN_POINT('',(0.440675,-0.10375625,0.00651));
#8353=CARTESIAN_POINT('',(0.440675,-0.10715625,0.00651));
#8354=CARTESIAN_POINT('',(0.4458,-0.10375625,0.00651));
#8355=CARTESIAN_POINT('',(0.4458,-0.10375625,0.00501));
#8356=CARTESIAN_POINT('',(0.450925,-0.10375625,0.00501));
#8357=CARTESIAN_POINT('',(0.450925,-0.10375625,0.00651));
#8358=CARTESIAN_POINT('',(0.450925,-0.10375625,0.00651));
#8359=CARTESIAN_POINT('',(0.4458,-0.10375625,0.00651));
#8360=CARTESIAN_POINT('',(0.450925,-0.103003125,0.00651));
#8361=CARTESIAN_POINT('',(0.450925,-0.103003125,0.00501));
#8362=CARTESIAN_POINT('',(0.450925,-0.10225,0.00501));
#8363=CARTESIAN_POINT('',(0.450925,-0.10225,0.00651));
#8364=CARTESIAN_POINT('',(0.450925,-0.10225,0.00651));
#8365=CARTESIAN_POINT('',(0.450925,-0.103003125,0.00651));
#8366=CARTESIAN_POINT('',(0.4458,-0.10225,0.00651));
#8367=CARTESIAN_POINT('',(0.4458,-0.10225,0.00501));
#8368=CARTESIAN_POINT('',(0.440675,-0.10225,0.00501));
#8369=CARTESIAN_POINT('',(0.440675,-0.10225,0.00651));
#8370=CARTESIAN_POINT('',(0.440675,-0.10225,0.00651));
#8371=CARTESIAN_POINT('',(0.4458,-0.10225,0.00651));
#8372=CARTESIAN_POINT('',(0.440675,-0.09525,0.00651));
#8373=CARTESIAN_POINT('',(0.440675,-0.09525,0.00501));
#8374=CARTESIAN_POINT('',(0.440675,-0.09525,0.00651));
#8375=CARTESIAN_POINT('',(0.4458,-0.12635,0.00651));
#8376=CARTESIAN_POINT('',(0.4458,-0.12635,0.00501));
#8377=CARTESIAN_POINT('',(0.440675,-0.12635,0.00501));
#8378=CARTESIAN_POINT('',(0.450925,-0.12635,0.00501));
#8379=CARTESIAN_POINT('',(0.450925,-0.12635,0.00651));
#8380=CARTESIAN_POINT('',(0.450925,-0.12635,0.00651));
#8381=CARTESIAN_POINT('',(0.4458,-0.12635,0.00651));
#8382=CARTESIAN_POINT('',(0.440675,-0.12635,0.00651));
#8383=CARTESIAN_POINT('',(0.440675,-0.12635,0.00651));
#8384=CARTESIAN_POINT('',(0.450925,-0.125596875,0.00651));
#8385=CARTESIAN_POINT('',(0.450925,-0.125596875,0.00501));
#8386=CARTESIAN_POINT('',(0.450925,-0.12484375,0.00501));
#8387=CARTESIAN_POINT('',(0.450925,-0.12484375,0.00651));
#8388=CARTESIAN_POINT('',(0.450925,-0.12484375,0.00651));
#8389=CARTESIAN_POINT('',(0.450925,-0.125596875,0.00651));
#8390=CARTESIAN_POINT('',(0.4458,-0.12484375,0.00651));
#8391=CARTESIAN_POINT('',(0.4458,-0.12484375,0.00501));
#8392=CARTESIAN_POINT('',(0.440675,-0.12484375,0.00501));
#8393=CARTESIAN_POINT('',(0.440675,-0.12484375,0.00651));
#8394=CARTESIAN_POINT('',(0.440675,-0.12484375,0.00651));
#8395=CARTESIAN_POINT('',(0.4458,-0.12484375,0.00651));
#8396=CARTESIAN_POINT('',(0.440675,-0.12144375,0.00651));
#8397=CARTESIAN_POINT('',(0.440675,-0.12144375,0.00501));
#8398=CARTESIAN_POINT('',(0.440675,-0.122967676179314,0.00501));
#8399=CARTESIAN_POINT('',(0.440675,-0.122967676179314,0.00651));
#8400=CARTESIAN_POINT('',(0.440675,-0.122967676179314,0.00651));
#8401=CARTESIAN_POINT('',(0.440675,-0.12144375,0.00651));
#8402=CARTESIAN_POINT('',(0.44069,-0.12144375,0.00651));
#8403=CARTESIAN_POINT('',(0.44069,-0.12144375,0.00501));
#8404=CARTESIAN_POINT('',(0.440675,-0.119919823820685,0.00501));
#8405=CARTESIAN_POINT('',(0.440675,-0.119919823820685,0.00651));
#8406=CARTESIAN_POINT('',(0.440675,-0.119919823820685,0.00651));
#8407=CARTESIAN_POINT('',(0.44069,-0.12144375,0.00651));
#8408=CARTESIAN_POINT('',(0.440675,-0.12144375,0.00651));
#8409=CARTESIAN_POINT('',(0.440675,-0.12144375,0.00501));
#8410=CARTESIAN_POINT('',(0.440675,-0.11804375,0.00501));
#8411=CARTESIAN_POINT('',(0.440675,-0.11804375,0.00651));
#8412=CARTESIAN_POINT('',(0.440675,-0.11804375,0.00651));
#8413=CARTESIAN_POINT('',(0.440675,-0.12144375,0.00651));
#8414=CARTESIAN_POINT('',(0.4458,-0.11804375,0.00651));
#8415=CARTESIAN_POINT('',(0.4458,-0.11804375,0.00501));
#8416=CARTESIAN_POINT('',(0.455925,-0.11804375,0.00501));
#8417=CARTESIAN_POINT('',(0.455925,-0.11804375,0.00651));
#8418=CARTESIAN_POINT('',(0.455925,-0.11804375,0.00651));
#8419=CARTESIAN_POINT('',(0.4458,-0.11804375,0.00651));
#8420=CARTESIAN_POINT('',(0.455925,-0.13335,0.00651));
#8421=CARTESIAN_POINT('',(0.455925,-0.13335,0.00501));
#8422=CARTESIAN_POINT('',(0.455925,-0.119449856269131,0.00501));
#8423=CARTESIAN_POINT('',(0.455925,-0.119449856269131,0.00651));
#8424=CARTESIAN_POINT('',(0.455925,-0.119449856269131,0.00651));
#8425=CARTESIAN_POINT('',(0.455925,-0.13335,0.00651));
#8426=CARTESIAN_POINT('',(0.45593,-0.12144375,0.00651));
#8427=CARTESIAN_POINT('',(0.45593,-0.12144375,0.00501));
#8428=CARTESIAN_POINT('',(0.455925,-0.123437643730869,0.00501));
#8429=CARTESIAN_POINT('',(0.455925,-0.123437643730869,0.00651));
#8430=CARTESIAN_POINT('',(0.455925,-0.123437643730869,0.00651));
#8431=CARTESIAN_POINT('',(0.45593,-0.12144375,0.00651));
#8432=CARTESIAN_POINT('',(0.455925,-0.13335,0.00651));
#8433=CARTESIAN_POINT('',(0.455925,-0.13335,0.00501));
#8434=CARTESIAN_POINT('',(0.455925,-0.143262356269131,0.00501));
#8435=CARTESIAN_POINT('',(0.455925,-0.143262356269131,0.00651));
#8436=CARTESIAN_POINT('',(0.455925,-0.143262356269131,0.00651));
#8437=CARTESIAN_POINT('',(0.455925,-0.13335,0.00651));
#8438=CARTESIAN_POINT('',(0.45593,-0.14525625,0.00651));
#8439=CARTESIAN_POINT('',(0.45593,-0.14525625,0.00501));
#8440=CARTESIAN_POINT('',(0.455925,-0.147250143730869,0.00501));
#8441=CARTESIAN_POINT('',(0.455925,-0.147250143730869,0.00651));
#8442=CARTESIAN_POINT('',(0.455925,-0.147250143730869,0.00651));
#8443=CARTESIAN_POINT('',(0.45593,-0.14525625,0.00651));
#8444=CARTESIAN_POINT('',(0.455925,-0.13335,0.00651));
#8445=CARTESIAN_POINT('',(0.455925,-0.13335,0.00501));
#8446=CARTESIAN_POINT('',(0.455925,-0.14865625,0.00501));
#8447=CARTESIAN_POINT('',(0.455925,-0.14865625,0.00651));
#8448=CARTESIAN_POINT('',(0.455925,-0.14865625,0.00651));
#8449=CARTESIAN_POINT('',(0.455925,-0.13335,0.00651));
#8450=CARTESIAN_POINT('',(0.4553,-0.14865625,0.00651));
#8451=CARTESIAN_POINT('',(0.4553,-0.14865625,0.00501));
#8452=CARTESIAN_POINT('',(0.440675,-0.14865625,0.00501));
#8453=CARTESIAN_POINT('',(0.440675,-0.14865625,0.00651));
#8454=CARTESIAN_POINT('',(0.440675,-0.14865625,0.00651));
#8455=CARTESIAN_POINT('',(0.4553,-0.14865625,0.00651));
#8456=CARTESIAN_POINT('',(0.440675,-0.14525625,0.00651));
#8457=CARTESIAN_POINT('',(0.440675,-0.14525625,0.00501));
#8458=CARTESIAN_POINT('',(0.440675,-0.146780176179314,0.00501));
#8459=CARTESIAN_POINT('',(0.440675,-0.146780176179314,0.00651));
#8460=CARTESIAN_POINT('',(0.440675,-0.146780176179314,0.00651));
#8461=CARTESIAN_POINT('',(0.440675,-0.14525625,0.00651));
#8462=CARTESIAN_POINT('',(0.44069,-0.14525625,0.00651));
#8463=CARTESIAN_POINT('',(0.44069,-0.14525625,0.00501));
#8464=CARTESIAN_POINT('',(0.440675,-0.143732323820686,0.00501));
#8465=CARTESIAN_POINT('',(0.440675,-0.143732323820686,0.00651));
#8466=CARTESIAN_POINT('',(0.440675,-0.143732323820686,0.00651));
#8467=CARTESIAN_POINT('',(0.44069,-0.14525625,0.00651));
#8468=CARTESIAN_POINT('',(0.440675,-0.14525625,0.00651));
#8469=CARTESIAN_POINT('',(0.440675,-0.14525625,0.00501));
#8470=CARTESIAN_POINT('',(0.440675,-0.14185625,0.00501));
#8471=CARTESIAN_POINT('',(0.440675,-0.14185625,0.00651));
#8472=CARTESIAN_POINT('',(0.440675,-0.14185625,0.00651));
#8473=CARTESIAN_POINT('',(0.440675,-0.14525625,0.00651));
#8474=CARTESIAN_POINT('',(0.4458,-0.14185625,0.00651));
#8475=CARTESIAN_POINT('',(0.4458,-0.14185625,0.00501));
#8476=CARTESIAN_POINT('',(0.450925,-0.14185625,0.00501));
#8477=CARTESIAN_POINT('',(0.450925,-0.14185625,0.00651));
#8478=CARTESIAN_POINT('',(0.450925,-0.14185625,0.00651));
#8479=CARTESIAN_POINT('',(0.4458,-0.14185625,0.00651));
#8480=CARTESIAN_POINT('',(0.450925,-0.141103125,0.00651));
#8481=CARTESIAN_POINT('',(0.450925,-0.141103125,0.00501));
#8482=CARTESIAN_POINT('',(0.450925,-0.14035,0.00501));
#8483=CARTESIAN_POINT('',(0.450925,-0.14035,0.00651));
#8484=CARTESIAN_POINT('',(0.450925,-0.14035,0.00651));
#8485=CARTESIAN_POINT('',(0.450925,-0.141103125,0.00651));
#8486=CARTESIAN_POINT('',(0.4458,-0.14035,0.00651));
#8487=CARTESIAN_POINT('',(0.4458,-0.14035,0.00501));
#8488=CARTESIAN_POINT('',(0.440675,-0.14035,0.00501));
#8489=CARTESIAN_POINT('',(0.440675,-0.14035,0.00651));
#8490=CARTESIAN_POINT('',(0.440675,-0.14035,0.00651));
#8491=CARTESIAN_POINT('',(0.4458,-0.14035,0.00651));
#8492=CARTESIAN_POINT('',(0.440675,-0.13335,0.00651));
#8493=CARTESIAN_POINT('',(0.440675,-0.13335,0.00501));
#8494=CARTESIAN_POINT('',(0.440675,-0.13335,0.00651));
#8495=CARTESIAN_POINT('',(0.3425,-0.1515,0.00651));
#8496=CARTESIAN_POINT('',(0.3425,-0.1515,0.00651));
#8497=CARTESIAN_POINT('',(0.3421,-0.1515,0.00651));
#8498=CARTESIAN_POINT('',(0.3425,-0.1515,0.00501));
#8499=CARTESIAN_POINT('',(0.3421,-0.1515,0.00501));
#8500=CARTESIAN_POINT('',(0.35012,-0.1515,0.00651));
#8501=CARTESIAN_POINT('',(0.35012,-0.1515,0.00651));
#8502=CARTESIAN_POINT('',(0.34972,-0.1515,0.00651));
#8503=CARTESIAN_POINT('',(0.35012,-0.1515,0.00501));
#8504=CARTESIAN_POINT('',(0.34972,-0.1515,0.00501));
#8505=CARTESIAN_POINT('',(0.34275,-0.1325,0.00651));
#8506=CARTESIAN_POINT('',(0.34275,-0.1325,0.00651));
#8507=CARTESIAN_POINT('',(0.34235,-0.1325,0.00651));
#8508=CARTESIAN_POINT('',(0.34275,-0.1325,0.00501));
#8509=CARTESIAN_POINT('',(0.34235,-0.1325,0.00501));
#8510=CARTESIAN_POINT('',(0.35037,-0.1325,0.00651));
#8511=CARTESIAN_POINT('',(0.35037,-0.1325,0.00651));
#8512=CARTESIAN_POINT('',(0.34997,-0.1325,0.00651));
#8513=CARTESIAN_POINT('',(0.35037,-0.1325,0.00501));
#8514=CARTESIAN_POINT('',(0.34997,-0.1325,0.00501));
#8515=CARTESIAN_POINT('',(0.36175,-0.1515,0.00651));
#8516=CARTESIAN_POINT('',(0.36175,-0.1515,0.00651));
#8517=CARTESIAN_POINT('',(0.36135,-0.1515,0.00651));
#8518=CARTESIAN_POINT('',(0.36175,-0.1515,0.00501));
#8519=CARTESIAN_POINT('',(0.36135,-0.1515,0.00501));
#8520=CARTESIAN_POINT('',(0.36937,-0.1515,0.00651));
#8521=CARTESIAN_POINT('',(0.36937,-0.1515,0.00651));
#8522=CARTESIAN_POINT('',(0.36897,-0.1515,0.00651));
#8523=CARTESIAN_POINT('',(0.36937,-0.1515,0.00501));
#8524=CARTESIAN_POINT('',(0.36897,-0.1515,0.00501));
#8525=CARTESIAN_POINT('',(0.42375,-0.1515,0.00651));
#8526=CARTESIAN_POINT('',(0.42375,-0.1515,0.00651));
#8527=CARTESIAN_POINT('',(0.42335,-0.1515,0.00651));
#8528=CARTESIAN_POINT('',(0.42375,-0.1515,0.00501));
#8529=CARTESIAN_POINT('',(0.42335,-0.1515,0.00501));
#8530=CARTESIAN_POINT('',(0.43137,-0.1515,0.00651));
#8531=CARTESIAN_POINT('',(0.43137,-0.1515,0.00651));
#8532=CARTESIAN_POINT('',(0.43097,-0.1515,0.00651));
#8533=CARTESIAN_POINT('',(0.43137,-0.1515,0.00501));
#8534=CARTESIAN_POINT('',(0.43097,-0.1515,0.00501));
#8535=CARTESIAN_POINT('',(0.3855,-0.1323,0.00651));
#8536=CARTESIAN_POINT('',(0.3855,-0.1323,0.00651));
#8537=CARTESIAN_POINT('',(0.3851,-0.1323,0.00651));
#8538=CARTESIAN_POINT('',(0.3855,-0.1323,0.00501));
#8539=CARTESIAN_POINT('',(0.3851,-0.1323,0.00501));
#8540=CARTESIAN_POINT('',(0.39312,-0.1323,0.00651));
#8541=CARTESIAN_POINT('',(0.39312,-0.1323,0.00651));
#8542=CARTESIAN_POINT('',(0.39272,-0.1323,0.00651));
#8543=CARTESIAN_POINT('',(0.39312,-0.1323,0.00501));
#8544=CARTESIAN_POINT('',(0.39272,-0.1323,0.00501));
#8545=CARTESIAN_POINT('',(0.4045,-0.1325,0.00651));
#8546=CARTESIAN_POINT('',(0.4045,-0.1325,0.00651));
#8547=CARTESIAN_POINT('',(0.4041,-0.1325,0.00651));
#8548=CARTESIAN_POINT('',(0.4045,-0.1325,0.00501));
#8549=CARTESIAN_POINT('',(0.4041,-0.1325,0.00501));
#8550=CARTESIAN_POINT('',(0.41212,-0.1325,0.00651));
#8551=CARTESIAN_POINT('',(0.41212,-0.1325,0.00651));
#8552=CARTESIAN_POINT('',(0.41172,-0.1325,0.00651));
#8553=CARTESIAN_POINT('',(0.41212,-0.1325,0.00501));
#8554=CARTESIAN_POINT('',(0.41172,-0.1325,0.00501));
#8555=CARTESIAN_POINT('',(0.4235,-0.1325,0.00651));
#8556=CARTESIAN_POINT('',(0.4235,-0.1325,0.00651));
#8557=CARTESIAN_POINT('',(0.4231,-0.1325,0.00651));
#8558=CARTESIAN_POINT('',(0.4235,-0.1325,0.00501));
#8559=CARTESIAN_POINT('',(0.4231,-0.1325,0.00501));
#8560=CARTESIAN_POINT('',(0.43112,-0.1325,0.00651));
#8561=CARTESIAN_POINT('',(0.43112,-0.1325,0.00651));
#8562=CARTESIAN_POINT('',(0.43072,-0.1325,0.00651));
#8563=CARTESIAN_POINT('',(0.43112,-0.1325,0.00501));
#8564=CARTESIAN_POINT('',(0.43072,-0.1325,0.00501));
#8565=CARTESIAN_POINT('',(0.45675,-0.136,0.00651));
#8566=CARTESIAN_POINT('',(0.45675,-0.136,0.00651));
#8567=CARTESIAN_POINT('',(0.45635,-0.136,0.00651));
#8568=CARTESIAN_POINT('',(0.45675,-0.136,0.00501));
#8569=CARTESIAN_POINT('',(0.45635,-0.136,0.00501));
#8570=CARTESIAN_POINT('',(0.45675,-0.12838,0.00651));
#8571=CARTESIAN_POINT('',(0.45675,-0.12838,0.00651));
#8572=CARTESIAN_POINT('',(0.45635,-0.12838,0.00651));
#8573=CARTESIAN_POINT('',(0.45675,-0.12838,0.00501));
#8574=CARTESIAN_POINT('',(0.45635,-0.12838,0.00501));
#8575=CARTESIAN_POINT('',(0.35325,-0.09675,0.00651));
#8576=CARTESIAN_POINT('',(0.35325,-0.09675,0.00651));
#8577=CARTESIAN_POINT('',(0.35285,-0.09675,0.00651));
#8578=CARTESIAN_POINT('',(0.35325,-0.09675,0.00501));
#8579=CARTESIAN_POINT('',(0.35285,-0.09675,0.00501));
#8580=CARTESIAN_POINT('',(0.34275,-0.09425,0.00651));
#8581=CARTESIAN_POINT('',(0.34275,-0.09425,0.00651));
#8582=CARTESIAN_POINT('',(0.34235,-0.09425,0.00651));
#8583=CARTESIAN_POINT('',(0.34275,-0.09425,0.00501));
#8584=CARTESIAN_POINT('',(0.34235,-0.09425,0.00501));
#8585=CARTESIAN_POINT('',(0.35037,-0.09425,0.00651));
#8586=CARTESIAN_POINT('',(0.35037,-0.09425,0.00651));
#8587=CARTESIAN_POINT('',(0.34997,-0.09425,0.00651));
#8588=CARTESIAN_POINT('',(0.35037,-0.09425,0.00501));
#8589=CARTESIAN_POINT('',(0.34997,-0.09425,0.00501));
#8590=CARTESIAN_POINT('',(0.3855,-0.11325,0.00651));
#8591=CARTESIAN_POINT('',(0.3855,-0.11325,0.00651));
#8592=CARTESIAN_POINT('',(0.3851,-0.11325,0.00651));
#8593=CARTESIAN_POINT('',(0.3855,-0.11325,0.00501));
#8594=CARTESIAN_POINT('',(0.3851,-0.11325,0.00501));
#8595=CARTESIAN_POINT('',(0.39312,-0.11325,0.00651));
#8596=CARTESIAN_POINT('',(0.39312,-0.11325,0.00651));
#8597=CARTESIAN_POINT('',(0.39272,-0.11325,0.00651));
#8598=CARTESIAN_POINT('',(0.39312,-0.11325,0.00501));
#8599=CARTESIAN_POINT('',(0.39272,-0.11325,0.00501));
#8600=CARTESIAN_POINT('',(0.4045,-0.11325,0.00651));
#8601=CARTESIAN_POINT('',(0.4045,-0.11325,0.00651));
#8602=CARTESIAN_POINT('',(0.4041,-0.11325,0.00651));
#8603=CARTESIAN_POINT('',(0.4045,-0.11325,0.00501));
#8604=CARTESIAN_POINT('',(0.4041,-0.11325,0.00501));
#8605=CARTESIAN_POINT('',(0.41212,-0.11325,0.00651));
#8606=CARTESIAN_POINT('',(0.41212,-0.11325,0.00651));
#8607=CARTESIAN_POINT('',(0.41172,-0.11325,0.00651));
#8608=CARTESIAN_POINT('',(0.41212,-0.11325,0.00501));
#8609=CARTESIAN_POINT('',(0.41172,-0.11325,0.00501));
#8610=CARTESIAN_POINT('',(0.42375,-0.11325,0.00651));
#8611=CARTESIAN_POINT('',(0.42375,-0.11325,0.00651));
#8612=CARTESIAN_POINT('',(0.42335,-0.11325,0.00651));
#8613=CARTESIAN_POINT('',(0.42375,-0.11325,0.00501));
#8614=CARTESIAN_POINT('',(0.42335,-0.11325,0.00501));
#8615=CARTESIAN_POINT('',(0.43137,-0.11325,0.00651));
#8616=CARTESIAN_POINT('',(0.43137,-0.11325,0.00651));
#8617=CARTESIAN_POINT('',(0.43097,-0.11325,0.00651));
#8618=CARTESIAN_POINT('',(0.43137,-0.11325,0.00501));
#8619=CARTESIAN_POINT('',(0.43097,-0.11325,0.00501));
#8620=CARTESIAN_POINT('',(0.35575,-0.09675,0.00651));
#8621=CARTESIAN_POINT('',(0.35575,-0.09675,0.00651));
#8622=CARTESIAN_POINT('',(0.35535,-0.09675,0.00651));
#8623=CARTESIAN_POINT('',(0.35575,-0.09675,0.00501));
#8624=CARTESIAN_POINT('',(0.35535,-0.09675,0.00501));
#8625=CARTESIAN_POINT('',(0.36175,-0.09425,0.00651));
#8626=CARTESIAN_POINT('',(0.36175,-0.09425,0.00651));
#8627=CARTESIAN_POINT('',(0.36135,-0.09425,0.00651));
#8628=CARTESIAN_POINT('',(0.36175,-0.09425,0.00501));
#8629=CARTESIAN_POINT('',(0.36135,-0.09425,0.00501));
#8630=CARTESIAN_POINT('',(0.36937,-0.09425,0.00651));
#8631=CARTESIAN_POINT('',(0.36937,-0.09425,0.00651));
#8632=CARTESIAN_POINT('',(0.36897,-0.09425,0.00651));
#8633=CARTESIAN_POINT('',(0.36937,-0.09425,0.00501));
#8634=CARTESIAN_POINT('',(0.36897,-0.09425,0.00501));
#8635=CARTESIAN_POINT('',(0.3855,-0.09425,0.00651));
#8636=CARTESIAN_POINT('',(0.3855,-0.09425,0.00651));
#8637=CARTESIAN_POINT('',(0.3851,-0.09425,0.00651));
#8638=CARTESIAN_POINT('',(0.3855,-0.09425,0.00501));
#8639=CARTESIAN_POINT('',(0.3851,-0.09425,0.00501));
#8640=CARTESIAN_POINT('',(0.39312,-0.09425,0.00651));
#8641=CARTESIAN_POINT('',(0.39312,-0.09425,0.00651));
#8642=CARTESIAN_POINT('',(0.39272,-0.09425,0.00651));
#8643=CARTESIAN_POINT('',(0.39312,-0.09425,0.00501));
#8644=CARTESIAN_POINT('',(0.39272,-0.09425,0.00501));
#8645=CARTESIAN_POINT('',(0.4045,-0.09425,0.00651));
#8646=CARTESIAN_POINT('',(0.4045,-0.09425,0.00651));
#8647=CARTESIAN_POINT('',(0.4041,-0.09425,0.00651));
#8648=CARTESIAN_POINT('',(0.4045,-0.09425,0.00501));
#8649=CARTESIAN_POINT('',(0.4041,-0.09425,0.00501));
#8650=CARTESIAN_POINT('',(0.41212,-0.09425,0.00651));
#8651=CARTESIAN_POINT('',(0.41212,-0.09425,0.00651));
#8652=CARTESIAN_POINT('',(0.41172,-0.09425,0.00651));
#8653=CARTESIAN_POINT('',(0.41212,-0.09425,0.00501));
#8654=CARTESIAN_POINT('',(0.41172,-0.09425,0.00501));
#8655=CARTESIAN_POINT('',(0.4235,-0.09425,0.00651));
#8656=CARTESIAN_POINT('',(0.4235,-0.09425,0.00651));
#8657=CARTESIAN_POINT('',(0.4231,-0.09425,0.00651));
#8658=CARTESIAN_POINT('',(0.4235,-0.09425,0.00501));
#8659=CARTESIAN_POINT('',(0.4231,-0.09425,0.00501));
#8660=CARTESIAN_POINT('',(0.43112,-0.09425,0.00651));
#8661=CARTESIAN_POINT('',(0.43112,-0.09425,0.00651));
#8662=CARTESIAN_POINT('',(0.43072,-0.09425,0.00651));
#8663=CARTESIAN_POINT('',(0.43112,-0.09425,0.00501));
#8664=CARTESIAN_POINT('',(0.43072,-0.09425,0.00501));
#8665=CARTESIAN_POINT('',(0.45675,-0.09775,0.00651));
#8666=CARTESIAN_POINT('',(0.45675,-0.09775,0.00651));
#8667=CARTESIAN_POINT('',(0.45635,-0.09775,0.00651));
#8668=CARTESIAN_POINT('',(0.45675,-0.09775,0.00501));
#8669=CARTESIAN_POINT('',(0.45635,-0.09775,0.00501));
#8670=CARTESIAN_POINT('',(0.34275,-0.07525,0.00651));
#8671=CARTESIAN_POINT('',(0.34275,-0.07525,0.00651));
#8672=CARTESIAN_POINT('',(0.34235,-0.07525,0.00651));
#8673=CARTESIAN_POINT('',(0.34275,-0.07525,0.00501));
#8674=CARTESIAN_POINT('',(0.34235,-0.07525,0.00501));
#8675=CARTESIAN_POINT('',(0.35037,-0.07525,0.00651));
#8676=CARTESIAN_POINT('',(0.35037,-0.07525,0.00651));
#8677=CARTESIAN_POINT('',(0.34997,-0.07525,0.00651));
#8678=CARTESIAN_POINT('',(0.35037,-0.07525,0.00501));
#8679=CARTESIAN_POINT('',(0.34997,-0.07525,0.00501));
#8680=CARTESIAN_POINT('',(0.45675,-0.09013,0.00651));
#8681=CARTESIAN_POINT('',(0.45675,-0.09013,0.00651));
#8682=CARTESIAN_POINT('',(0.45635,-0.09013,0.00651));
#8683=CARTESIAN_POINT('',(0.45675,-0.09013,0.00501));
#8684=CARTESIAN_POINT('',(0.45635,-0.09013,0.00501));
#8685=CARTESIAN_POINT('',(0.362,-0.07525,0.00651));
#8686=CARTESIAN_POINT('',(0.362,-0.07525,0.00651));
#8687=CARTESIAN_POINT('',(0.3616,-0.07525,0.00651));
#8688=CARTESIAN_POINT('',(0.362,-0.07525,0.00501));
#8689=CARTESIAN_POINT('',(0.3616,-0.07525,0.00501));
#8690=CARTESIAN_POINT('',(0.36962,-0.07525,0.00651));
#8691=CARTESIAN_POINT('',(0.36962,-0.07525,0.00651));
#8692=CARTESIAN_POINT('',(0.36922,-0.07525,0.00651));
#8693=CARTESIAN_POINT('',(0.36962,-0.07525,0.00501));
#8694=CARTESIAN_POINT('',(0.36922,-0.07525,0.00501));
#8695=CARTESIAN_POINT('',(0.3855,-0.07525,0.00651));
#8696=CARTESIAN_POINT('',(0.3855,-0.07525,0.00651));
#8697=CARTESIAN_POINT('',(0.3851,-0.07525,0.00651));
#8698=CARTESIAN_POINT('',(0.3855,-0.07525,0.00501));
#8699=CARTESIAN_POINT('',(0.3851,-0.07525,0.00501));
#8700=CARTESIAN_POINT('',(0.39312,-0.07525,0.00651));
#8701=CARTESIAN_POINT('',(0.39312,-0.07525,0.00651));
#8702=CARTESIAN_POINT('',(0.39272,-0.07525,0.00651));
#8703=CARTESIAN_POINT('',(0.39312,-0.07525,0.00501));
#8704=CARTESIAN_POINT('',(0.39272,-0.07525,0.00501));
#8705=CARTESIAN_POINT('',(0.4045,-0.07525,0.00651));
#8706=CARTESIAN_POINT('',(0.4045,-0.07525,0.00651));
#8707=CARTESIAN_POINT('',(0.4041,-0.07525,0.00651));
#8708=CARTESIAN_POINT('',(0.4045,-0.07525,0.00501));
#8709=CARTESIAN_POINT('',(0.4041,-0.07525,0.00501));
#8710=CARTESIAN_POINT('',(0.41212,-0.07525,0.00651));
#8711=CARTESIAN_POINT('',(0.41212,-0.07525,0.00651));
#8712=CARTESIAN_POINT('',(0.41172,-0.07525,0.00651));
#8713=CARTESIAN_POINT('',(0.41212,-0.07525,0.00501));
#8714=CARTESIAN_POINT('',(0.41172,-0.07525,0.00501));
#8715=CARTESIAN_POINT('',(0.4235,-0.07525,0.00651));
#8716=CARTESIAN_POINT('',(0.4235,-0.07525,0.00651));
#8717=CARTESIAN_POINT('',(0.4231,-0.07525,0.00651));
#8718=CARTESIAN_POINT('',(0.4235,-0.07525,0.00501));
#8719=CARTESIAN_POINT('',(0.4231,-0.07525,0.00501));
#8720=CARTESIAN_POINT('',(0.43112,-0.07525,0.00651));
#8721=CARTESIAN_POINT('',(0.43112,-0.07525,0.00651));
#8722=CARTESIAN_POINT('',(0.43072,-0.07525,0.00651));
#8723=CARTESIAN_POINT('',(0.43112,-0.07525,0.00501));
#8724=CARTESIAN_POINT('',(0.43072,-0.07525,0.00501));
#8725=CARTESIAN_POINT('',(0.44275,-0.07525,0.00651));
#8726=CARTESIAN_POINT('',(0.44275,-0.07525,0.00651));
#8727=CARTESIAN_POINT('',(0.44235,-0.07525,0.00651));
#8728=CARTESIAN_POINT('',(0.44275,-0.07525,0.00501));
#8729=CARTESIAN_POINT('',(0.44235,-0.07525,0.00501));
#8730=CARTESIAN_POINT('',(0.45037,-0.07525,0.00651));
#8731=CARTESIAN_POINT('',(0.45037,-0.07525,0.00651));
#8732=CARTESIAN_POINT('',(0.44997,-0.07525,0.00651));
#8733=CARTESIAN_POINT('',(0.45037,-0.07525,0.00501));
#8734=CARTESIAN_POINT('',(0.44997,-0.07525,0.00501));
#8735=CARTESIAN_POINT('',(0.34275,-0.04675,0.00651));
#8736=CARTESIAN_POINT('',(0.34275,-0.04675,0.00651));
#8737=CARTESIAN_POINT('',(0.34235,-0.04675,0.00651));
#8738=CARTESIAN_POINT('',(0.34275,-0.04675,0.00501));
#8739=CARTESIAN_POINT('',(0.34235,-0.04675,0.00501));
#8740=CARTESIAN_POINT('',(0.35037,-0.04675,0.00651));
#8741=CARTESIAN_POINT('',(0.35037,-0.04675,0.00651));
#8742=CARTESIAN_POINT('',(0.34997,-0.04675,0.00651));
#8743=CARTESIAN_POINT('',(0.35037,-0.04675,0.00501));
#8744=CARTESIAN_POINT('',(0.34997,-0.04675,0.00501));
#8745=CARTESIAN_POINT('',(0.36175,-0.04675,0.00651));
#8746=CARTESIAN_POINT('',(0.36175,-0.04675,0.00651));
#8747=CARTESIAN_POINT('',(0.36135,-0.04675,0.00651));
#8748=CARTESIAN_POINT('',(0.36175,-0.04675,0.00501));
#8749=CARTESIAN_POINT('',(0.36135,-0.04675,0.00501));
#8750=CARTESIAN_POINT('',(0.36937,-0.04675,0.00651));
#8751=CARTESIAN_POINT('',(0.36937,-0.04675,0.00651));
#8752=CARTESIAN_POINT('',(0.36897,-0.04675,0.00651));
#8753=CARTESIAN_POINT('',(0.36937,-0.04675,0.00501));
#8754=CARTESIAN_POINT('',(0.36897,-0.04675,0.00501));
#8755=CARTESIAN_POINT('',(0.41212625,-0.04699,0.00651));
#8756=CARTESIAN_POINT('',(0.41212625,-0.04699,0.00651));
#8757=CARTESIAN_POINT('',(0.41162625,-0.04699,0.00651));
#8758=CARTESIAN_POINT('',(0.41212625,-0.04699,0.00501));
#8759=CARTESIAN_POINT('',(0.41162625,-0.04699,0.00501));
#8760=CARTESIAN_POINT('',(0.41466625,-0.04699,0.00651));
#8761=CARTESIAN_POINT('',(0.41466625,-0.04699,0.00651));
#8762=CARTESIAN_POINT('',(0.41416625,-0.04699,0.00651));
#8763=CARTESIAN_POINT('',(0.41466625,-0.04699,0.00501));
#8764=CARTESIAN_POINT('',(0.41416625,-0.04699,0.00501));
#8765=CARTESIAN_POINT('',(0.41720625,-0.04699,0.00651));
#8766=CARTESIAN_POINT('',(0.41720625,-0.04699,0.00651));
#8767=CARTESIAN_POINT('',(0.41670625,-0.04699,0.00651));
#8768=CARTESIAN_POINT('',(0.41720625,-0.04699,0.00501));
#8769=CARTESIAN_POINT('',(0.41670625,-0.04699,0.00501));
#8770=CARTESIAN_POINT('',(0.41974625,-0.04699,0.00651));
#8771=CARTESIAN_POINT('',(0.41974625,-0.04699,0.00651));
#8772=CARTESIAN_POINT('',(0.41924625,-0.04699,0.00651));
#8773=CARTESIAN_POINT('',(0.41974625,-0.04699,0.00501));
#8774=CARTESIAN_POINT('',(0.41924625,-0.04699,0.00501));
#8775=CARTESIAN_POINT('',(0.42228625,-0.04699,0.00651));
#8776=CARTESIAN_POINT('',(0.42228625,-0.04699,0.00651));
#8777=CARTESIAN_POINT('',(0.42178625,-0.04699,0.00651));
#8778=CARTESIAN_POINT('',(0.42228625,-0.04699,0.00501));
#8779=CARTESIAN_POINT('',(0.42178625,-0.04699,0.00501));
#8780=CARTESIAN_POINT('',(0.42482625,-0.04699,0.00651));
#8781=CARTESIAN_POINT('',(0.42482625,-0.04699,0.00651));
#8782=CARTESIAN_POINT('',(0.42432625,-0.04699,0.00651));
#8783=CARTESIAN_POINT('',(0.42482625,-0.04699,0.00501));
#8784=CARTESIAN_POINT('',(0.42432625,-0.04699,0.00501));
#8785=CARTESIAN_POINT('',(0.42736625,-0.04699,0.00651));
#8786=CARTESIAN_POINT('',(0.42736625,-0.04699,0.00651));
#8787=CARTESIAN_POINT('',(0.42686625,-0.04699,0.00651));
#8788=CARTESIAN_POINT('',(0.42736625,-0.04699,0.00501));
#8789=CARTESIAN_POINT('',(0.42686625,-0.04699,0.00501));
#8790=CARTESIAN_POINT('',(0.42990625,-0.04699,0.00651));
#8791=CARTESIAN_POINT('',(0.42990625,-0.04699,0.00651));
#8792=CARTESIAN_POINT('',(0.42940625,-0.04699,0.00651));
#8793=CARTESIAN_POINT('',(0.42990625,-0.04699,0.00501));
#8794=CARTESIAN_POINT('',(0.42940625,-0.04699,0.00501));
#8795=CARTESIAN_POINT('',(0.43244625,-0.04699,0.00651));
#8796=CARTESIAN_POINT('',(0.43244625,-0.04699,0.00651));
#8797=CARTESIAN_POINT('',(0.43194625,-0.04699,0.00651));
#8798=CARTESIAN_POINT('',(0.43244625,-0.04699,0.00501));
#8799=CARTESIAN_POINT('',(0.43194625,-0.04699,0.00501));
#8800=CARTESIAN_POINT('',(0.43498625,-0.04699,0.00651));
#8801=CARTESIAN_POINT('',(0.43498625,-0.04699,0.00651));
#8802=CARTESIAN_POINT('',(0.43448625,-0.04699,0.00651));
#8803=CARTESIAN_POINT('',(0.43498625,-0.04699,0.00501));
#8804=CARTESIAN_POINT('',(0.43448625,-0.04699,0.00501));
#8805=CARTESIAN_POINT('',(0.43752625,-0.04699,0.00651));
#8806=CARTESIAN_POINT('',(0.43752625,-0.04699,0.00651));
#8807=CARTESIAN_POINT('',(0.43702625,-0.04699,0.00651));
#8808=CARTESIAN_POINT('',(0.43752625,-0.04699,0.00501));
#8809=CARTESIAN_POINT('',(0.43702625,-0.04699,0.00501));
#8810=CARTESIAN_POINT('',(0.44006625,-0.04699,0.00651));
#8811=CARTESIAN_POINT('',(0.44006625,-0.04699,0.00651));
#8812=CARTESIAN_POINT('',(0.43956625,-0.04699,0.00651));
#8813=CARTESIAN_POINT('',(0.44006625,-0.04699,0.00501));
#8814=CARTESIAN_POINT('',(0.43956625,-0.04699,0.00501));
#8815=CARTESIAN_POINT('',(0.44260625,-0.04699,0.00651));
#8816=CARTESIAN_POINT('',(0.44260625,-0.04699,0.00651));
#8817=CARTESIAN_POINT('',(0.44210625,-0.04699,0.00651));
#8818=CARTESIAN_POINT('',(0.44260625,-0.04699,0.00501));
#8819=CARTESIAN_POINT('',(0.44210625,-0.04699,0.00501));
#8820=CARTESIAN_POINT('',(0.44514625,-0.04699,0.00651));
#8821=CARTESIAN_POINT('',(0.44514625,-0.04699,0.00651));
#8822=CARTESIAN_POINT('',(0.44464625,-0.04699,0.00651));
#8823=CARTESIAN_POINT('',(0.44514625,-0.04699,0.00501));
#8824=CARTESIAN_POINT('',(0.44464625,-0.04699,0.00501));
#8825=CARTESIAN_POINT('',(0.44768625,-0.04699,0.00651));
#8826=CARTESIAN_POINT('',(0.44768625,-0.04699,0.00651));
#8827=CARTESIAN_POINT('',(0.44718625,-0.04699,0.00651));
#8828=CARTESIAN_POINT('',(0.44768625,-0.04699,0.00501));
#8829=CARTESIAN_POINT('',(0.44718625,-0.04699,0.00501));
#8830=CARTESIAN_POINT('',(0.45022625,-0.04699,0.00651));
#8831=CARTESIAN_POINT('',(0.45022625,-0.04699,0.00651));
#8832=CARTESIAN_POINT('',(0.44972625,-0.04699,0.00651));
#8833=CARTESIAN_POINT('',(0.45022625,-0.04699,0.00501));
#8834=CARTESIAN_POINT('',(0.44972625,-0.04699,0.00501));
#8835=CARTESIAN_POINT('',(0.45276625,-0.04699,0.00651));
#8836=CARTESIAN_POINT('',(0.45276625,-0.04699,0.00651));
#8837=CARTESIAN_POINT('',(0.45226625,-0.04699,0.00651));
#8838=CARTESIAN_POINT('',(0.45276625,-0.04699,0.00501));
#8839=CARTESIAN_POINT('',(0.45226625,-0.04699,0.00501));
#8840=CARTESIAN_POINT('',(0.45530625,-0.04699,0.00651));
#8841=CARTESIAN_POINT('',(0.45530625,-0.04699,0.00651));
#8842=CARTESIAN_POINT('',(0.45480625,-0.04699,0.00651));
#8843=CARTESIAN_POINT('',(0.45530625,-0.04699,0.00501));
#8844=CARTESIAN_POINT('',(0.45480625,-0.04699,0.00501));
#8845=CARTESIAN_POINT('',(0.45784625,-0.04699,0.00651));
#8846=CARTESIAN_POINT('',(0.45784625,-0.04699,0.00651));
#8847=CARTESIAN_POINT('',(0.45734625,-0.04699,0.00651));
#8848=CARTESIAN_POINT('',(0.45784625,-0.04699,0.00501));
#8849=CARTESIAN_POINT('',(0.45734625,-0.04699,0.00501));
#8850=CARTESIAN_POINT('',(0.46038625,-0.04699,0.00651));
#8851=CARTESIAN_POINT('',(0.46038625,-0.04699,0.00651));
#8852=CARTESIAN_POINT('',(0.45988625,-0.04699,0.00651));
#8853=CARTESIAN_POINT('',(0.46038625,-0.04699,0.00501));
#8854=CARTESIAN_POINT('',(0.45988625,-0.04699,0.00501));
#8855=CARTESIAN_POINT('',(0.45722625,-0.040525,0.00651));
#8856=CARTESIAN_POINT('',(0.45722625,-0.040525,0.00651));
#8857=CARTESIAN_POINT('',(0.45630125,-0.040525,0.00651));
#8858=CARTESIAN_POINT('',(0.45722625,-0.040525,0.00501));
#8859=CARTESIAN_POINT('',(0.45630125,-0.040525,0.00501));
#8860=CARTESIAN_POINT('',(0.46025625,-0.040825,0.00651));
#8861=CARTESIAN_POINT('',(0.46025625,-0.040825,0.00651));
#8862=CARTESIAN_POINT('',(0.45915625,-0.040825,0.00651));
#8863=CARTESIAN_POINT('',(0.46025625,-0.040825,0.00501));
#8864=CARTESIAN_POINT('',(0.45915625,-0.040825,0.00501));
#8865=CARTESIAN_POINT('',(0.41212625,-0.02921,0.00651));
#8866=CARTESIAN_POINT('',(0.41212625,-0.02921,0.00651));
#8867=CARTESIAN_POINT('',(0.41162625,-0.02921,0.00651));
#8868=CARTESIAN_POINT('',(0.41212625,-0.02921,0.00501));
#8869=CARTESIAN_POINT('',(0.41162625,-0.02921,0.00501));
#8870=CARTESIAN_POINT('',(0.41466625,-0.02921,0.00651));
#8871=CARTESIAN_POINT('',(0.41466625,-0.02921,0.00651));
#8872=CARTESIAN_POINT('',(0.41416625,-0.02921,0.00651));
#8873=CARTESIAN_POINT('',(0.41466625,-0.02921,0.00501));
#8874=CARTESIAN_POINT('',(0.41416625,-0.02921,0.00501));
#8875=CARTESIAN_POINT('',(0.41720625,-0.02921,0.00651));
#8876=CARTESIAN_POINT('',(0.41720625,-0.02921,0.00651));
#8877=CARTESIAN_POINT('',(0.41670625,-0.02921,0.00651));
#8878=CARTESIAN_POINT('',(0.41720625,-0.02921,0.00501));
#8879=CARTESIAN_POINT('',(0.41670625,-0.02921,0.00501));
#8880=CARTESIAN_POINT('',(0.41974625,-0.02921,0.00651));
#8881=CARTESIAN_POINT('',(0.41974625,-0.02921,0.00651));
#8882=CARTESIAN_POINT('',(0.41924625,-0.02921,0.00651));
#8883=CARTESIAN_POINT('',(0.41974625,-0.02921,0.00501));
#8884=CARTESIAN_POINT('',(0.41924625,-0.02921,0.00501));
#8885=CARTESIAN_POINT('',(0.42228625,-0.02921,0.00651));
#8886=CARTESIAN_POINT('',(0.42228625,-0.02921,0.00651));
#8887=CARTESIAN_POINT('',(0.42178625,-0.02921,0.00651));
#8888=CARTESIAN_POINT('',(0.42228625,-0.02921,0.00501));
#8889=CARTESIAN_POINT('',(0.42178625,-0.02921,0.00501));
#8890=CARTESIAN_POINT('',(0.42482625,-0.02921,0.00651));
#8891=CARTESIAN_POINT('',(0.42482625,-0.02921,0.00651));
#8892=CARTESIAN_POINT('',(0.42432625,-0.02921,0.00651));
#8893=CARTESIAN_POINT('',(0.42482625,-0.02921,0.00501));
#8894=CARTESIAN_POINT('',(0.42432625,-0.02921,0.00501));
#8895=CARTESIAN_POINT('',(0.42736625,-0.02921,0.00651));
#8896=CARTESIAN_POINT('',(0.42736625,-0.02921,0.00651));
#8897=CARTESIAN_POINT('',(0.42686625,-0.02921,0.00651));
#8898=CARTESIAN_POINT('',(0.42736625,-0.02921,0.00501));
#8899=CARTESIAN_POINT('',(0.42686625,-0.02921,0.00501));
#8900=CARTESIAN_POINT('',(0.42990625,-0.02921,0.00651));
#8901=CARTESIAN_POINT('',(0.42990625,-0.02921,0.00651));
#8902=CARTESIAN_POINT('',(0.42940625,-0.02921,0.00651));
#8903=CARTESIAN_POINT('',(0.42990625,-0.02921,0.00501));
#8904=CARTESIAN_POINT('',(0.42940625,-0.02921,0.00501));
#8905=CARTESIAN_POINT('',(0.43244625,-0.02921,0.00651));
#8906=CARTESIAN_POINT('',(0.43244625,-0.02921,0.00651));
#8907=CARTESIAN_POINT('',(0.43194625,-0.02921,0.00651));
#8908=CARTESIAN_POINT('',(0.43244625,-0.02921,0.00501));
#8909=CARTESIAN_POINT('',(0.43194625,-0.02921,0.00501));
#8910=CARTESIAN_POINT('',(0.45722625,-0.035675,0.00651));
#8911=CARTESIAN_POINT('',(0.45722625,-0.035675,0.00651));
#8912=CARTESIAN_POINT('',(0.45630125,-0.035675,0.00651));
#8913=CARTESIAN_POINT('',(0.45722625,-0.035675,0.00501));
#8914=CARTESIAN_POINT('',(0.45630125,-0.035675,0.00501));
#8915=CARTESIAN_POINT('',(0.46025625,-0.035375,0.00651));
#8916=CARTESIAN_POINT('',(0.46025625,-0.035375,0.00651));
#8917=CARTESIAN_POINT('',(0.45915625,-0.035375,0.00651));
#8918=CARTESIAN_POINT('',(0.46025625,-0.035375,0.00501));
#8919=CARTESIAN_POINT('',(0.45915625,-0.035375,0.00501));
#8920=CARTESIAN_POINT('',(0.43498625,-0.02921,0.00651));
#8921=CARTESIAN_POINT('',(0.43498625,-0.02921,0.00651));
#8922=CARTESIAN_POINT('',(0.43448625,-0.02921,0.00651));
#8923=CARTESIAN_POINT('',(0.43498625,-0.02921,0.00501));
#8924=CARTESIAN_POINT('',(0.43448625,-0.02921,0.00501));
#8925=CARTESIAN_POINT('',(0.43752625,-0.02921,0.00651));
#8926=CARTESIAN_POINT('',(0.43752625,-0.02921,0.00651));
#8927=CARTESIAN_POINT('',(0.43702625,-0.02921,0.00651));
#8928=CARTESIAN_POINT('',(0.43752625,-0.02921,0.00501));
#8929=CARTESIAN_POINT('',(0.43702625,-0.02921,0.00501));
#8930=CARTESIAN_POINT('',(0.44006625,-0.02921,0.00651));
#8931=CARTESIAN_POINT('',(0.44006625,-0.02921,0.00651));
#8932=CARTESIAN_POINT('',(0.43956625,-0.02921,0.00651));
#8933=CARTESIAN_POINT('',(0.44006625,-0.02921,0.00501));
#8934=CARTESIAN_POINT('',(0.43956625,-0.02921,0.00501));
#8935=CARTESIAN_POINT('',(0.44260625,-0.02921,0.00651));
#8936=CARTESIAN_POINT('',(0.44260625,-0.02921,0.00651));
#8937=CARTESIAN_POINT('',(0.44210625,-0.02921,0.00651));
#8938=CARTESIAN_POINT('',(0.44260625,-0.02921,0.00501));
#8939=CARTESIAN_POINT('',(0.44210625,-0.02921,0.00501));
#8940=CARTESIAN_POINT('',(0.44514625,-0.02921,0.00651));
#8941=CARTESIAN_POINT('',(0.44514625,-0.02921,0.00651));
#8942=CARTESIAN_POINT('',(0.44464625,-0.02921,0.00651));
#8943=CARTESIAN_POINT('',(0.44514625,-0.02921,0.00501));
#8944=CARTESIAN_POINT('',(0.44464625,-0.02921,0.00501));
#8945=CARTESIAN_POINT('',(0.44768625,-0.02921,0.00651));
#8946=CARTESIAN_POINT('',(0.44768625,-0.02921,0.00651));
#8947=CARTESIAN_POINT('',(0.44718625,-0.02921,0.00651));
#8948=CARTESIAN_POINT('',(0.44768625,-0.02921,0.00501));
#8949=CARTESIAN_POINT('',(0.44718625,-0.02921,0.00501));
#8950=CARTESIAN_POINT('',(0.45022625,-0.02921,0.00651));
#8951=CARTESIAN_POINT('',(0.45022625,-0.02921,0.00651));
#8952=CARTESIAN_POINT('',(0.44972625,-0.02921,0.00651));
#8953=CARTESIAN_POINT('',(0.45022625,-0.02921,0.00501));
#8954=CARTESIAN_POINT('',(0.44972625,-0.02921,0.00501));
#8955=CARTESIAN_POINT('',(0.45276625,-0.02921,0.00651));
#8956=CARTESIAN_POINT('',(0.45276625,-0.02921,0.00651));
#8957=CARTESIAN_POINT('',(0.45226625,-0.02921,0.00651));
#8958=CARTESIAN_POINT('',(0.45276625,-0.02921,0.00501));
#8959=CARTESIAN_POINT('',(0.45226625,-0.02921,0.00501));
#8960=CARTESIAN_POINT('',(0.45530625,-0.02921,0.00651));
#8961=CARTESIAN_POINT('',(0.45530625,-0.02921,0.00651));
#8962=CARTESIAN_POINT('',(0.45480625,-0.02921,0.00651));
#8963=CARTESIAN_POINT('',(0.45530625,-0.02921,0.00501));
#8964=CARTESIAN_POINT('',(0.45480625,-0.02921,0.00501));
#8965=CARTESIAN_POINT('',(0.45784625,-0.02921,0.00651));
#8966=CARTESIAN_POINT('',(0.45784625,-0.02921,0.00651));
#8967=CARTESIAN_POINT('',(0.45734625,-0.02921,0.00651));
#8968=CARTESIAN_POINT('',(0.45784625,-0.02921,0.00501));
#8969=CARTESIAN_POINT('',(0.45734625,-0.02921,0.00501));
#8970=CARTESIAN_POINT('',(0.46038625,-0.02921,0.00651));
#8971=CARTESIAN_POINT('',(0.46038625,-0.02921,0.00651));
#8972=CARTESIAN_POINT('',(0.45988625,-0.02921,0.00651));
#8973=CARTESIAN_POINT('',(0.46038625,-0.02921,0.00501));
#8974=CARTESIAN_POINT('',(0.45988625,-0.02921,0.00501));
#8975=CARTESIAN_POINT('',(0.40705,-0.141,0.00651));
#8976=CARTESIAN_POINT('',(0.40705,-0.141,0.00501));
#8977=CARTESIAN_POINT('',(0.40705,-0.135875,0.00501));
#8978=CARTESIAN_POINT('',(0.40705,-0.146125,0.00501));
#8979=CARTESIAN_POINT('',(0.40705,-0.146125,0.00651));
#8980=CARTESIAN_POINT('',(0.40705,-0.146125,0.00651));
#8981=CARTESIAN_POINT('',(0.40705,-0.141,0.00651));
#8982=CARTESIAN_POINT('',(0.40705,-0.135875,0.00651));
#8983=CARTESIAN_POINT('',(0.40705,-0.135875,0.00651));
#8984=CARTESIAN_POINT('',(0.407803125,-0.146125,0.00651));
#8985=CARTESIAN_POINT('',(0.407803125,-0.146125,0.00501));
#8986=CARTESIAN_POINT('',(0.40855625,-0.146125,0.00501));
#8987=CARTESIAN_POINT('',(0.40855625,-0.146125,0.00651));
#8988=CARTESIAN_POINT('',(0.40855625,-0.146125,0.00651));
#8989=CARTESIAN_POINT('',(0.407803125,-0.146125,0.00651));
#8990=CARTESIAN_POINT('',(0.40855625,-0.141,0.00651));
#8991=CARTESIAN_POINT('',(0.40855625,-0.141,0.00501));
#8992=CARTESIAN_POINT('',(0.40855625,-0.135875,0.00501));
#8993=CARTESIAN_POINT('',(0.40855625,-0.135875,0.00651));
#8994=CARTESIAN_POINT('',(0.40855625,-0.135875,0.00651));
#8995=CARTESIAN_POINT('',(0.40855625,-0.141,0.00651));
#8996=CARTESIAN_POINT('',(0.41195625,-0.135875,0.00651));
#8997=CARTESIAN_POINT('',(0.41195625,-0.135875,0.00501));
#8998=CARTESIAN_POINT('',(0.410432323820686,-0.135875,0.00501));
#8999=CARTESIAN_POINT('',(0.410432323820686,-0.135875,0.00651));
#9000=CARTESIAN_POINT('',(0.410432323820686,-0.135875,0.00651));
#9001=CARTESIAN_POINT('',(0.41195625,-0.135875,0.00651));
#9002=CARTESIAN_POINT('',(0.41195625,-0.13589,0.00651));
#9003=CARTESIAN_POINT('',(0.41195625,-0.13589,0.00501));
#9004=CARTESIAN_POINT('',(0.413480176179314,-0.135875,0.00501));
#9005=CARTESIAN_POINT('',(0.413480176179314,-0.135875,0.00651));
#9006=CARTESIAN_POINT('',(0.413480176179314,-0.135875,0.00651));
#9007=CARTESIAN_POINT('',(0.41195625,-0.13589,0.00651));
#9008=CARTESIAN_POINT('',(0.41195625,-0.135875,0.00651));
#9009=CARTESIAN_POINT('',(0.41195625,-0.135875,0.00501));
#9010=CARTESIAN_POINT('',(0.41535625,-0.135875,0.00501));
#9011=CARTESIAN_POINT('',(0.41535625,-0.135875,0.00651));
#9012=CARTESIAN_POINT('',(0.41535625,-0.135875,0.00651));
#9013=CARTESIAN_POINT('',(0.41195625,-0.135875,0.00651));
#9014=CARTESIAN_POINT('',(0.41535625,-0.141,0.00651));
#9015=CARTESIAN_POINT('',(0.41535625,-0.141,0.00501));
#9016=CARTESIAN_POINT('',(0.41535625,-0.151125,0.00501));
#9017=CARTESIAN_POINT('',(0.41535625,-0.151125,0.00651));
#9018=CARTESIAN_POINT('',(0.41535625,-0.151125,0.00651));
#9019=CARTESIAN_POINT('',(0.41535625,-0.141,0.00651));
#9020=CARTESIAN_POINT('',(0.40005,-0.151125,0.00651));
#9021=CARTESIAN_POINT('',(0.40005,-0.151125,0.00501));
#9022=CARTESIAN_POINT('',(0.413950143730869,-0.151125,0.00501));
#9023=CARTESIAN_POINT('',(0.413950143730869,-0.151125,0.00651));
#9024=CARTESIAN_POINT('',(0.413950143730869,-0.151125,0.00651));
#9025=CARTESIAN_POINT('',(0.40005,-0.151125,0.00651));
#9026=CARTESIAN_POINT('',(0.41195625,-0.15113,0.00651));
#9027=CARTESIAN_POINT('',(0.41195625,-0.15113,0.00501));
#9028=CARTESIAN_POINT('',(0.409962356269131,-0.151125,0.00501));
#9029=CARTESIAN_POINT('',(0.409962356269131,-0.151125,0.00651));
#9030=CARTESIAN_POINT('',(0.409962356269131,-0.151125,0.00651));
#9031=CARTESIAN_POINT('',(0.41195625,-0.15113,0.00651));
#9032=CARTESIAN_POINT('',(0.40005,-0.151125,0.00651));
#9033=CARTESIAN_POINT('',(0.40005,-0.151125,0.00501));
#9034=CARTESIAN_POINT('',(0.402759194109071,-0.151125,0.00501));
#9035=CARTESIAN_POINT('',(0.402759194109071,-0.151125,0.00651));
#9036=CARTESIAN_POINT('',(0.402759194109071,-0.151125,0.00651));
#9037=CARTESIAN_POINT('',(0.40005,-0.151125,0.00651));
#9038=CARTESIAN_POINT('',(0.40262,-0.1515,0.00651));
#9039=CARTESIAN_POINT('',(0.40262,-0.1515,0.00501));
#9040=CARTESIAN_POINT('',(0.402480805890929,-0.151125,0.00501));
#9041=CARTESIAN_POINT('',(0.402480805890929,-0.151125,0.00651));
#9042=CARTESIAN_POINT('',(0.402480805890929,-0.151125,0.00651));
#9043=CARTESIAN_POINT('',(0.40262,-0.1515,0.00651));
#9044=CARTESIAN_POINT('',(0.40005,-0.151125,0.00651));
#9045=CARTESIAN_POINT('',(0.40005,-0.151125,0.00501));
#9046=CARTESIAN_POINT('',(0.395139194109071,-0.151125,0.00501));
#9047=CARTESIAN_POINT('',(0.395139194109071,-0.151125,0.00651));
#9048=CARTESIAN_POINT('',(0.395139194109071,-0.151125,0.00651));
#9049=CARTESIAN_POINT('',(0.40005,-0.151125,0.00651));
#9050=CARTESIAN_POINT('',(0.395,-0.1515,0.00651));
#9051=CARTESIAN_POINT('',(0.395,-0.1515,0.00501));
#9052=CARTESIAN_POINT('',(0.394860805890929,-0.151125,0.00501));
#9053=CARTESIAN_POINT('',(0.394860805890929,-0.151125,0.00651));
#9054=CARTESIAN_POINT('',(0.394860805890929,-0.151125,0.00651));
#9055=CARTESIAN_POINT('',(0.395,-0.1515,0.00651));
#9056=CARTESIAN_POINT('',(0.40005,-0.151125,0.00651));
#9057=CARTESIAN_POINT('',(0.40005,-0.151125,0.00501));
#9058=CARTESIAN_POINT('',(0.390137643730869,-0.151125,0.00501));
#9059=CARTESIAN_POINT('',(0.390137643730869,-0.151125,0.00651));
#9060=CARTESIAN_POINT('',(0.390137643730869,-0.151125,0.00651));
#9061=CARTESIAN_POINT('',(0.40005,-0.151125,0.00651));
#9062=CARTESIAN_POINT('',(0.38814375,-0.15113,0.00651));
#9063=CARTESIAN_POINT('',(0.38814375,-0.15113,0.00501));
#9064=CARTESIAN_POINT('',(0.386149856269131,-0.151125,0.00501));
#9065=CARTESIAN_POINT('',(0.386149856269131,-0.151125,0.00651));
#9066=CARTESIAN_POINT('',(0.386149856269131,-0.151125,0.00651));
#9067=CARTESIAN_POINT('',(0.38814375,-0.15113,0.00651));
#9068=CARTESIAN_POINT('',(0.40005,-0.151125,0.00651));
#9069=CARTESIAN_POINT('',(0.40005,-0.151125,0.00501));
#9070=CARTESIAN_POINT('',(0.38474375,-0.151125,0.00501));
#9071=CARTESIAN_POINT('',(0.38474375,-0.151125,0.00651));
#9072=CARTESIAN_POINT('',(0.38474375,-0.151125,0.00651));
#9073=CARTESIAN_POINT('',(0.40005,-0.151125,0.00651));
#9074=CARTESIAN_POINT('',(0.38474375,-0.1505,0.00651));
#9075=CARTESIAN_POINT('',(0.38474375,-0.1505,0.00501));
#9076=CARTESIAN_POINT('',(0.38474375,-0.135875,0.00501));
#9077=CARTESIAN_POINT('',(0.38474375,-0.135875,0.00651));
#9078=CARTESIAN_POINT('',(0.38474375,-0.135875,0.00651));
#9079=CARTESIAN_POINT('',(0.38474375,-0.1505,0.00651));
#9080=CARTESIAN_POINT('',(0.38814375,-0.135875,0.00651));
#9081=CARTESIAN_POINT('',(0.38814375,-0.135875,0.00501));
#9082=CARTESIAN_POINT('',(0.386619823820685,-0.135875,0.00501));
#9083=CARTESIAN_POINT('',(0.386619823820685,-0.135875,0.00651));
#9084=CARTESIAN_POINT('',(0.386619823820685,-0.135875,0.00651));
#9085=CARTESIAN_POINT('',(0.38814375,-0.135875,0.00651));
#9086=CARTESIAN_POINT('',(0.38814375,-0.13589,0.00651));
#9087=CARTESIAN_POINT('',(0.38814375,-0.13589,0.00501));
#9088=CARTESIAN_POINT('',(0.389667676179315,-0.135875,0.00501));
#9089=CARTESIAN_POINT('',(0.389667676179315,-0.135875,0.00651));
#9090=CARTESIAN_POINT('',(0.389667676179315,-0.135875,0.00651));
#9091=CARTESIAN_POINT('',(0.38814375,-0.13589,0.00651));
#9092=CARTESIAN_POINT('',(0.38814375,-0.135875,0.00651));
#9093=CARTESIAN_POINT('',(0.38814375,-0.135875,0.00501));
#9094=CARTESIAN_POINT('',(0.39154375,-0.135875,0.00501));
#9095=CARTESIAN_POINT('',(0.39154375,-0.135875,0.00651));
#9096=CARTESIAN_POINT('',(0.39154375,-0.135875,0.00651));
#9097=CARTESIAN_POINT('',(0.38814375,-0.135875,0.00651));
#9098=CARTESIAN_POINT('',(0.39154375,-0.141,0.00651));
#9099=CARTESIAN_POINT('',(0.39154375,-0.141,0.00501));
#9100=CARTESIAN_POINT('',(0.39154375,-0.146125,0.00501));
#9101=CARTESIAN_POINT('',(0.39154375,-0.146125,0.00651));
#9102=CARTESIAN_POINT('',(0.39154375,-0.146125,0.00651));
#9103=CARTESIAN_POINT('',(0.39154375,-0.141,0.00651));
#9104=CARTESIAN_POINT('',(0.392296875,-0.146125,0.00651));
#9105=CARTESIAN_POINT('',(0.392296875,-0.146125,0.00501));
#9106=CARTESIAN_POINT('',(0.39305,-0.146125,0.00501));
#9107=CARTESIAN_POINT('',(0.39305,-0.146125,0.00651));
#9108=CARTESIAN_POINT('',(0.39305,-0.146125,0.00651));
#9109=CARTESIAN_POINT('',(0.392296875,-0.146125,0.00651));
#9110=CARTESIAN_POINT('',(0.39305,-0.141,0.00651));
#9111=CARTESIAN_POINT('',(0.39305,-0.141,0.00501));
#9112=CARTESIAN_POINT('',(0.39305,-0.135875,0.00501));
#9113=CARTESIAN_POINT('',(0.39305,-0.135875,0.00651));
#9114=CARTESIAN_POINT('',(0.39305,-0.135875,0.00651));
#9115=CARTESIAN_POINT('',(0.39305,-0.141,0.00651));
#9116=CARTESIAN_POINT('',(0.40005,-0.135875,0.00651));
#9117=CARTESIAN_POINT('',(0.40005,-0.135875,0.00501));
#9118=CARTESIAN_POINT('',(0.40005,-0.135875,0.00651));
#9119=CARTESIAN_POINT('',(0.454675,-0.066675,0.00651));
#9120=CARTESIAN_POINT('',(0.454675,-0.066675,0.00501));
#9121=CARTESIAN_POINT('',(0.454675,-0.059675,0.00501));
#9122=CARTESIAN_POINT('',(0.454675,-0.073675,0.00501));
#9123=CARTESIAN_POINT('',(0.454675,-0.073675,0.00651));
#9124=CARTESIAN_POINT('',(0.454675,-0.073675,0.00651));
#9125=CARTESIAN_POINT('',(0.454675,-0.066675,0.00651));
#9126=CARTESIAN_POINT('',(0.454675,-0.059675,0.00651));
#9127=CARTESIAN_POINT('',(0.454675,-0.059675,0.00651));
#9128=CARTESIAN_POINT('',(0.447675,-0.073675,0.00651));
#9129=CARTESIAN_POINT('',(0.447675,-0.073675,0.00501));
#9130=CARTESIAN_POINT('',(0.440675,-0.073675,0.00501));
#9131=CARTESIAN_POINT('',(0.440675,-0.073675,0.00651));
#9132=CARTESIAN_POINT('',(0.440675,-0.073675,0.00651));
#9133=CARTESIAN_POINT('',(0.447675,-0.073675,0.00651));
#9134=CARTESIAN_POINT('',(0.440675,-0.066675,0.00651));
#9135=CARTESIAN_POINT('',(0.440675,-0.066675,0.00501));
#9136=CARTESIAN_POINT('',(0.440675,-0.059675,0.00501));
#9137=CARTESIAN_POINT('',(0.440675,-0.059675,0.00651));
#9138=CARTESIAN_POINT('',(0.440675,-0.059675,0.00651));
#9139=CARTESIAN_POINT('',(0.440675,-0.066675,0.00651));
#9140=CARTESIAN_POINT('',(0.447675,-0.059675,0.00651));
#9141=CARTESIAN_POINT('',(0.447675,-0.059675,0.00501));
#9142=CARTESIAN_POINT('',(0.447675,-0.059675,0.00651));
#9143=CARTESIAN_POINT('',(0.3667125,-0.135875,0.00651));
#9144=CARTESIAN_POINT('',(0.3667125,-0.135875,0.00501));
#9145=CARTESIAN_POINT('',(0.3737125,-0.135875,0.00501));
#9146=CARTESIAN_POINT('',(0.3597125,-0.135875,0.00501));
#9147=CARTESIAN_POINT('',(0.3737125,-0.135875,0.00651));
#9148=CARTESIAN_POINT('',(0.3737125,-0.135875,0.00651));
#9149=CARTESIAN_POINT('',(0.3667125,-0.135875,0.00651));
#9150=CARTESIAN_POINT('',(0.3597125,-0.135875,0.00651));
#9151=CARTESIAN_POINT('',(0.3597125,-0.135875,0.00651));
#9152=CARTESIAN_POINT('',(0.3737125,-0.142875,0.00651));
#9153=CARTESIAN_POINT('',(0.3737125,-0.142875,0.00501));
#9154=CARTESIAN_POINT('',(0.3737125,-0.149875,0.00501));
#9155=CARTESIAN_POINT('',(0.3737125,-0.149875,0.00651));
#9156=CARTESIAN_POINT('',(0.3737125,-0.149875,0.00651));
#9157=CARTESIAN_POINT('',(0.3737125,-0.142875,0.00651));
#9158=CARTESIAN_POINT('',(0.3667125,-0.149875,0.00651));
#9159=CARTESIAN_POINT('',(0.3667125,-0.149875,0.00501));
#9160=CARTESIAN_POINT('',(0.3597125,-0.149875,0.00501));
#9161=CARTESIAN_POINT('',(0.3597125,-0.149875,0.00651));
#9162=CARTESIAN_POINT('',(0.3597125,-0.149875,0.00651));
#9163=CARTESIAN_POINT('',(0.3667125,-0.149875,0.00651));
#9164=CARTESIAN_POINT('',(0.3597125,-0.142875,0.00651));
#9165=CARTESIAN_POINT('',(0.3597125,-0.142875,0.00501));
#9166=CARTESIAN_POINT('',(0.3597125,-0.142875,0.00651));
#9167=CARTESIAN_POINT('',(0.3476625,-0.135875,0.00651));
#9168=CARTESIAN_POINT('',(0.3476625,-0.135875,0.00501));
#9169=CARTESIAN_POINT('',(0.3546625,-0.135875,0.00501));
#9170=CARTESIAN_POINT('',(0.3406625,-0.135875,0.00501));
#9171=CARTESIAN_POINT('',(0.3546625,-0.135875,0.00651));
#9172=CARTESIAN_POINT('',(0.3546625,-0.135875,0.00651));
#9173=CARTESIAN_POINT('',(0.3476625,-0.135875,0.00651));
#9174=CARTESIAN_POINT('',(0.3406625,-0.135875,0.00651));
#9175=CARTESIAN_POINT('',(0.3406625,-0.135875,0.00651));
#9176=CARTESIAN_POINT('',(0.3546625,-0.142875,0.00651));
#9177=CARTESIAN_POINT('',(0.3546625,-0.142875,0.00501));
#9178=CARTESIAN_POINT('',(0.3546625,-0.149875,0.00501));
#9179=CARTESIAN_POINT('',(0.3546625,-0.149875,0.00651));
#9180=CARTESIAN_POINT('',(0.3546625,-0.149875,0.00651));
#9181=CARTESIAN_POINT('',(0.3546625,-0.142875,0.00651));
#9182=CARTESIAN_POINT('',(0.3476625,-0.149875,0.00651));
#9183=CARTESIAN_POINT('',(0.3476625,-0.149875,0.00501));
#9184=CARTESIAN_POINT('',(0.3406625,-0.149875,0.00501));
#9185=CARTESIAN_POINT('',(0.3406625,-0.149875,0.00651));
#9186=CARTESIAN_POINT('',(0.3406625,-0.149875,0.00651));
#9187=CARTESIAN_POINT('',(0.3476625,-0.149875,0.00651));
#9188=CARTESIAN_POINT('',(0.3406625,-0.142875,0.00651));
#9189=CARTESIAN_POINT('',(0.3406625,-0.142875,0.00501));
#9190=CARTESIAN_POINT('',(0.3406625,-0.142875,0.00651));
#9191=CARTESIAN_POINT('',(0.3546625,-0.123825,0.00651));
#9192=CARTESIAN_POINT('',(0.3546625,-0.123825,0.00501));
#9193=CARTESIAN_POINT('',(0.3546625,-0.116825,0.00501));
#9194=CARTESIAN_POINT('',(0.3546625,-0.130825,0.00501));
#9195=CARTESIAN_POINT('',(0.3546625,-0.130825,0.00651));
#9196=CARTESIAN_POINT('',(0.3546625,-0.130825,0.00651));
#9197=CARTESIAN_POINT('',(0.3546625,-0.123825,0.00651));
#9198=CARTESIAN_POINT('',(0.3546625,-0.116825,0.00651));
#9199=CARTESIAN_POINT('',(0.3546625,-0.116825,0.00651));
#9200=CARTESIAN_POINT('',(0.3476625,-0.130825,0.00651));
#9201=CARTESIAN_POINT('',(0.3476625,-0.130825,0.00501));
#9202=CARTESIAN_POINT('',(0.3406625,-0.130825,0.00501));
#9203=CARTESIAN_POINT('',(0.3406625,-0.130825,0.00651));
#9204=CARTESIAN_POINT('',(0.3406625,-0.130825,0.00651));
#9205=CARTESIAN_POINT('',(0.3476625,-0.130825,0.00651));
#9206=CARTESIAN_POINT('',(0.3406625,-0.123825,0.00651));
#9207=CARTESIAN_POINT('',(0.3406625,-0.123825,0.00501));
#9208=CARTESIAN_POINT('',(0.3406625,-0.116825,0.00501));
#9209=CARTESIAN_POINT('',(0.3406625,-0.116825,0.00651));
#9210=CARTESIAN_POINT('',(0.3406625,-0.116825,0.00651));
#9211=CARTESIAN_POINT('',(0.3406625,-0.123825,0.00651));
#9212=CARTESIAN_POINT('',(0.3476625,-0.116825,0.00651));
#9213=CARTESIAN_POINT('',(0.3476625,-0.116825,0.00501));
#9214=CARTESIAN_POINT('',(0.3476625,-0.116825,0.00651));
#9215=CARTESIAN_POINT('',(0.3667125,-0.078725,0.00651));
#9216=CARTESIAN_POINT('',(0.3667125,-0.078725,0.00501));
#9217=CARTESIAN_POINT('',(0.3737125,-0.078725,0.00501));
#9218=CARTESIAN_POINT('',(0.3597125,-0.078725,0.00501));
#9219=CARTESIAN_POINT('',(0.3737125,-0.078725,0.00651));
#9220=CARTESIAN_POINT('',(0.3737125,-0.078725,0.00651));
#9221=CARTESIAN_POINT('',(0.3667125,-0.078725,0.00651));
#9222=CARTESIAN_POINT('',(0.3597125,-0.078725,0.00651));
#9223=CARTESIAN_POINT('',(0.3597125,-0.078725,0.00651));
#9224=CARTESIAN_POINT('',(0.3737125,-0.085725,0.00651));
#9225=CARTESIAN_POINT('',(0.3737125,-0.085725,0.00501));
#9226=CARTESIAN_POINT('',(0.3737125,-0.092725,0.00501));
#9227=CARTESIAN_POINT('',(0.3737125,-0.092725,0.00651));
#9228=CARTESIAN_POINT('',(0.3737125,-0.092725,0.00651));
#9229=CARTESIAN_POINT('',(0.3737125,-0.085725,0.00651));
#9230=CARTESIAN_POINT('',(0.3667125,-0.092725,0.00651));
#9231=CARTESIAN_POINT('',(0.3667125,-0.092725,0.00501));
#9232=CARTESIAN_POINT('',(0.3597125,-0.092725,0.00501));
#9233=CARTESIAN_POINT('',(0.3597125,-0.092725,0.00651));
#9234=CARTESIAN_POINT('',(0.3597125,-0.092725,0.00651));
#9235=CARTESIAN_POINT('',(0.3667125,-0.092725,0.00651));
#9236=CARTESIAN_POINT('',(0.3597125,-0.085725,0.00651));
#9237=CARTESIAN_POINT('',(0.3597125,-0.085725,0.00501));
#9238=CARTESIAN_POINT('',(0.3597125,-0.085725,0.00651));
#9239=CARTESIAN_POINT('',(0.3476625,-0.078725,0.00651));
#9240=CARTESIAN_POINT('',(0.3476625,-0.078725,0.00501));
#9241=CARTESIAN_POINT('',(0.3546625,-0.078725,0.00501));
#9242=CARTESIAN_POINT('',(0.3406625,-0.078725,0.00501));
#9243=CARTESIAN_POINT('',(0.3546625,-0.078725,0.00651));
#9244=CARTESIAN_POINT('',(0.3546625,-0.078725,0.00651));
#9245=CARTESIAN_POINT('',(0.3476625,-0.078725,0.00651));
#9246=CARTESIAN_POINT('',(0.3406625,-0.078725,0.00651));
#9247=CARTESIAN_POINT('',(0.3406625,-0.078725,0.00651));
#9248=CARTESIAN_POINT('',(0.3546625,-0.085725,0.00651));
#9249=CARTESIAN_POINT('',(0.3546625,-0.085725,0.00501));
#9250=CARTESIAN_POINT('',(0.3546625,-0.092725,0.00501));
#9251=CARTESIAN_POINT('',(0.3546625,-0.092725,0.00651));
#9252=CARTESIAN_POINT('',(0.3546625,-0.092725,0.00651));
#9253=CARTESIAN_POINT('',(0.3546625,-0.085725,0.00651));
#9254=CARTESIAN_POINT('',(0.3476625,-0.092725,0.00651));
#9255=CARTESIAN_POINT('',(0.3476625,-0.092725,0.00501));
#9256=CARTESIAN_POINT('',(0.3406625,-0.092725,0.00501));
#9257=CARTESIAN_POINT('',(0.3406625,-0.092725,0.00651));
#9258=CARTESIAN_POINT('',(0.3406625,-0.092725,0.00651));
#9259=CARTESIAN_POINT('',(0.3476625,-0.092725,0.00651));
#9260=CARTESIAN_POINT('',(0.3406625,-0.085725,0.00651));
#9261=CARTESIAN_POINT('',(0.3406625,-0.085725,0.00501));
#9262=CARTESIAN_POINT('',(0.3406625,-0.085725,0.00651));
#9263=CARTESIAN_POINT('',(0.3406625,-0.066675,0.00651));
#9264=CARTESIAN_POINT('',(0.3406625,-0.066675,0.00501));
#9265=CARTESIAN_POINT('',(0.3406625,-0.073675,0.00501));
#9266=CARTESIAN_POINT('',(0.3406625,-0.059675,0.00501));
#9267=CARTESIAN_POINT('',(0.3406625,-0.059675,0.00651));
#9268=CARTESIAN_POINT('',(0.3406625,-0.059675,0.00651));
#9269=CARTESIAN_POINT('',(0.3406625,-0.066675,0.00651));
#9270=CARTESIAN_POINT('',(0.3406625,-0.073675,0.00651));
#9271=CARTESIAN_POINT('',(0.3406625,-0.073675,0.00651));
#9272=CARTESIAN_POINT('',(0.3476625,-0.059675,0.00651));
#9273=CARTESIAN_POINT('',(0.3476625,-0.059675,0.00501));
#9274=CARTESIAN_POINT('',(0.3546625,-0.059675,0.00501));
#9275=CARTESIAN_POINT('',(0.3546625,-0.059675,0.00651));
#9276=CARTESIAN_POINT('',(0.3546625,-0.059675,0.00651));
#9277=CARTESIAN_POINT('',(0.3476625,-0.059675,0.00651));
#9278=CARTESIAN_POINT('',(0.3546625,-0.066675,0.00651));
#9279=CARTESIAN_POINT('',(0.3546625,-0.066675,0.00501));
#9280=CARTESIAN_POINT('',(0.3546625,-0.073675,0.00501));
#9281=CARTESIAN_POINT('',(0.3546625,-0.073675,0.00651));
#9282=CARTESIAN_POINT('',(0.3546625,-0.073675,0.00651));
#9283=CARTESIAN_POINT('',(0.3546625,-0.066675,0.00651));
#9284=CARTESIAN_POINT('',(0.3476625,-0.073675,0.00651));
#9285=CARTESIAN_POINT('',(0.3476625,-0.073675,0.00501));
#9286=CARTESIAN_POINT('',(0.3476625,-0.073675,0.00651));
#9287=CARTESIAN_POINT('',(0.3925,-0.04625,0.00501));
#9288=CARTESIAN_POINT('',(0.3925,-0.04625,0.00651));
#9289=CARTESIAN_POINT('',(0.3995,-0.04625,0.00651));
#9290=CARTESIAN_POINT('',(0.3855,-0.04625,0.00651));
#9291=CARTESIAN_POINT('',(0.3995,-0.04625,0.00501));
#9292=CARTESIAN_POINT('',(0.3995,-0.04625,0.00501));
#9293=CARTESIAN_POINT('',(0.3925,-0.04625,0.00501));
#9294=CARTESIAN_POINT('',(0.3855,-0.04625,0.00501));
#9295=CARTESIAN_POINT('',(0.3855,-0.04625,0.00501));
#9296=CARTESIAN_POINT('',(0.3855,-0.03925,0.00501));
#9297=CARTESIAN_POINT('',(0.3855,-0.03925,0.00651));
#9298=CARTESIAN_POINT('',(0.3855,-0.03225,0.00651));
#9299=CARTESIAN_POINT('',(0.3855,-0.03925,0.00501));
#9300=CARTESIAN_POINT('',(0.3855,-0.03225,0.00501));
#9301=CARTESIAN_POINT('',(0.3855,-0.03225,0.00501));
#9302=CARTESIAN_POINT('',(0.3925,-0.03225,0.00501));
#9303=CARTESIAN_POINT('',(0.3925,-0.03225,0.00651));
#9304=CARTESIAN_POINT('',(0.3995,-0.03225,0.00651));
#9305=CARTESIAN_POINT('',(0.3925,-0.03225,0.00501));
#9306=CARTESIAN_POINT('',(0.3995,-0.03225,0.00501));
#9307=CARTESIAN_POINT('',(0.3995,-0.03225,0.00501));
#9308=CARTESIAN_POINT('',(0.3995,-0.03925,0.00501));
#9309=CARTESIAN_POINT('',(0.3995,-0.03925,0.00651));
#9310=CARTESIAN_POINT('',(0.3995,-0.03925,0.00501));
#9311=CARTESIAN_POINT('',(0.2425,-0.09,0.00651));
#9312=CARTESIAN_POINT('',(0.3381375,-0.09,0.00651));
#9313=CARTESIAN_POINT('',(0.3381375,-0.157,0.00651));
#9314=CARTESIAN_POINT('',(0.3381375,-0.023,0.00651));
#9315=CARTESIAN_POINT('',(0.462,-0.157,0.00651));
#9316=CARTESIAN_POINT('',(0.023,-0.023,0.00651));
#9317=CARTESIAN_POINT('',(0.2425,-0.09,0.00501));
#9318=CARTESIAN_POINT('',(0.462,-0.157,0.00501));
#9319=CARTESIAN_POINT('',(0.3381375,-0.157,0.0050099999999999));
#9320=CARTESIAN_POINT('',(0.3381375,-0.09,0.00501));
#9321=CARTESIAN_POINT('',(0.3381375,-0.023,0.00501));
#9322=CARTESIAN_POINT('',(0.023,-0.023,0.00501));
#9323=CARTESIAN_POINT('',(0.462,-0.157,0.00651));
#9324=CARTESIAN_POINT('',(0.3381375,-0.157,-0.473844554191488));
#9325=CARTESIAN_POINT('',(0.023,-0.023,0.00651));
#9326=CARTESIAN_POINT('',(0.3381375,-0.023,-0.473844554191488));
#9327=CARTESIAN_POINT('',(0.3381375,-0.09,-0.473844554191488));
#9328=MECHANICAL_DESIGN_GEOMETRIC_PRESENTATION_REPRESENTATION('',(#5749),
#9329);
#9329=(
GEOMETRIC_REPRESENTATION_CONTEXT(3)
GLOBAL_UNCERTAINTY_ASSIGNED_CONTEXT((#9330))
GLOBAL_UNIT_ASSIGNED_CONTEXT((#9333,#9332,#9331))
REPRESENTATION_CONTEXT('PlateRight','TOP_LEVEL_ASSEMBLY_PART')
);
#9330=UNCERTAINTY_MEASURE_WITH_UNIT(LENGTH_MEASURE(1.E-8),#9333,
'DISTANCE_ACCURACY_VALUE','Maximum Tolerance applied to model');
#9331=(
NAMED_UNIT(*)
SI_UNIT($,.STERADIAN.)
SOLID_ANGLE_UNIT()
);
#9332=(
NAMED_UNIT(*)
PLANE_ANGLE_UNIT()
SI_UNIT($,.RADIAN.)
);
#9333=(
LENGTH_UNIT()
NAMED_UNIT(*)
SI_UNIT($,.METRE.)
);
#9334=PRODUCT_DEFINITION_SHAPE('','',#9335);
#9335=PRODUCT_DEFINITION('','',#9337,#9336);
#9336=PRODUCT_DEFINITION_CONTEXT('',#9343,'design');
#9337=PRODUCT_DEFINITION_FORMATION_WITH_SPECIFIED_SOURCE('','',#9339,
 .NOT_KNOWN.);
#9338=PRODUCT_RELATED_PRODUCT_CATEGORY('','',(#9339));
#9339=PRODUCT('PlateRight','PlateRight','PlateRight',(#9341));
#9340=PRODUCT_CATEGORY('','');
#9341=PRODUCT_CONTEXT('',#9343,'mechanical');
#9342=APPLICATION_PROTOCOL_DEFINITION('international standard',
'ap242_managed_model_based_3d_engineering',2020,#9343);
#9343=APPLICATION_CONTEXT('managed model based 3d engineering');
ENDSEC;
END-ISO-10303-21;
